FLOOR_RECEIPT_TREE_SHA=9434b39cd1e888ac5f3300a9f6708b303516da2d
cargo build --quiet -p renderer-replay
warning: this lint expectation is unfulfilled
  --> vendor/wgpu-core-30.0.0/src/lock/ranked.rs:83:34
   |
83 |     #[cfg_attr(not(miri), expect(unused))] // but `Drop` has important side effects
   |                                  ^^^^^^
   |
   = note: `#[warn(unfulfilled_lint_expectations)]` on by default

warning: fields `width` and `height` are never read
   --> crates/nuxie-renderer/src/lib.rs:347:5
    |
346 | struct FrameAttachments {
    |        ---------------- fields in this struct
347 |     width: u32,
    |     ^^^^^
348 |     height: u32,
    |     ^^^^^^
    |
    = note: `#[warn(dead_code)]` (part of `#[warn(unused)]`) on by default

cargo run --quiet -p pixel-compare --bin corpus-r -- --replay "/Users/levi/dev/worktrees/nuxie-fl-c/target/debug/renderer-replay" --backend rust-wgpu --jobs "1" --replay-timeout-seconds "60"
adapter=Apple M5 Max
backend=rust-wgpu frame=0 size=64x64 output=target/renderer-corpus/first-light-rectangle-msaa.png
exact first-light-rectangle-msaa: byte-exact=true different-pixels=0 max-channel-delta=0
adapter=Apple M5 Max
backend=rust-wgpu frame=0 size=64x64 output=target/renderer-corpus/first-light-triangle-clockwise-atomic.png
exact first-light-triangle-clockwise-atomic: byte-exact=true different-pixels=0 max-channel-delta=0
adapter=Apple M5 Max
backend=rust-wgpu frame=0 size=128x128 output=target/renderer-corpus/first-light-direct-feather-stroke-clockwise-atomic.png
exact first-light-direct-feather-stroke-clockwise-atomic: byte-exact=false different-pixels=0 max-channel-delta=1
adapter=Apple M5 Max
backend=rust-wgpu frame=0 size=64x64 output=target/renderer-corpus/first-light-atlas-feather-stroke-clockwise-atomic.png
exact first-light-atlas-feather-stroke-clockwise-atomic: byte-exact=false different-pixels=0 max-channel-delta=1
adapter=Apple M5 Max
backend=rust-wgpu frame=0 size=640x640 output=target/renderer-corpus/first-light-nested-clip-probe-clockwise-atomic.png
exact first-light-nested-clip-probe-clockwise-atomic: byte-exact=true different-pixels=0 max-channel-delta=0
adapter=Apple M5 Max
backend=rust-wgpu frame=0 size=500x500 output=target/renderer-corpus/artboardclipping-frame-0-msaa.png
exact artboardclipping-frame-0-msaa: byte-exact=true different-pixels=0 max-channel-delta=0
adapter=Apple M5 Max
backend=rust-wgpu frame=0 size=384x384 output=target/renderer-corpus/gm-CubicStroke-clockwise-atomic.png
exact gm-CubicStroke-clockwise-atomic: byte-exact=false different-pixels=0 max-channel-delta=1
adapter=Apple M5 Max
backend=rust-wgpu frame=0 size=384x384 output=target/renderer-corpus/gm-CubicStroke-msaa.png
exact gm-CubicStroke-msaa: byte-exact=true different-pixels=0 max-channel-delta=0
adapter=Apple M5 Max
backend=rust-wgpu frame=0 size=500x500 output=target/renderer-corpus/gm-OverStroke-clockwise-atomic.png
exact gm-OverStroke-clockwise-atomic: byte-exact=false different-pixels=0 max-channel-delta=2
adapter=Apple M5 Max
backend=rust-wgpu frame=0 size=500x500 output=target/renderer-corpus/gm-OverStroke-msaa.png
exact gm-OverStroke-msaa: byte-exact=true different-pixels=0 max-channel-delta=0
adapter=Apple M5 Max
backend=rust-wgpu frame=0 size=512x512 output=target/renderer-corpus/gm-batchedconvexpaths-clockwise-atomic.png
exact gm-batchedconvexpaths-clockwise-atomic: byte-exact=false different-pixels=0 max-channel-delta=1
adapter=Apple M5 Max
backend=rust-wgpu frame=0 size=512x512 output=target/renderer-corpus/gm-batchedconvexpaths-msaa.png
exact gm-batchedconvexpaths-msaa: byte-exact=true different-pixels=0 max-channel-delta=0
adapter=Apple M5 Max
backend=rust-wgpu frame=0 size=1600x1600 output=target/renderer-corpus/gm-batchedtriangulations-clockwise-atomic.png
exact gm-batchedtriangulations-clockwise-atomic: byte-exact=false different-pixels=18 max-channel-delta=10
adapter=Apple M5 Max
backend=rust-wgpu frame=0 size=1600x1600 output=target/renderer-corpus/gm-batchedtriangulations-msaa.png
exact gm-batchedtriangulations-msaa: byte-exact=true different-pixels=0 max-channel-delta=0
adapter=Apple M5 Max
backend=rust-wgpu frame=0 size=300x300 output=target/renderer-corpus/gm-bevel180strokes-clockwise-atomic.png
exact gm-bevel180strokes-clockwise-atomic: byte-exact=false different-pixels=1 max-channel-delta=3
adapter=Apple M5 Max
backend=rust-wgpu frame=0 size=300x300 output=target/renderer-corpus/gm-bevel180strokes-msaa.png
exact gm-bevel180strokes-msaa: byte-exact=true different-pixels=0 max-channel-delta=0
adapter=Apple M5 Max
backend=rust-wgpu frame=0 size=400x800 output=target/renderer-corpus/gm-beziers-clockwise-atomic.png
exact gm-beziers-clockwise-atomic: byte-exact=false different-pixels=7 max-channel-delta=4
adapter=Apple M5 Max
backend=rust-wgpu frame=0 size=400x800 output=target/renderer-corpus/gm-beziers-msaa.png
exact gm-beziers-msaa: byte-exact=true different-pixels=0 max-channel-delta=0
adapter=Apple M5 Max
backend=rust-wgpu frame=0 size=640x480 output=target/renderer-corpus/gm-bug339297-clockwise-atomic.png
exact gm-bug339297-clockwise-atomic: byte-exact=true different-pixels=0 max-channel-delta=0
adapter=Apple M5 Max
backend=rust-wgpu frame=0 size=640x480 output=target/renderer-corpus/gm-bug339297-msaa.png
exact gm-bug339297-msaa: byte-exact=true different-pixels=0 max-channel-delta=0
adapter=Apple M5 Max
backend=rust-wgpu frame=0 size=640x480 output=target/renderer-corpus/gm-bug339297_as_clip-clockwise-atomic.png
exact gm-bug339297_as_clip-clockwise-atomic: byte-exact=true different-pixels=0 max-channel-delta=0
adapter=Apple M5 Max
backend=rust-wgpu frame=0 size=640x480 output=target/renderer-corpus/gm-bug339297_as_clip-msaa.png
exact gm-bug339297_as_clip-msaa: byte-exact=true different-pixels=0 max-channel-delta=0
adapter=Apple M5 Max
backend=rust-wgpu frame=0 size=50x50 output=target/renderer-corpus/gm-bug5099-clockwise-atomic.png
exact gm-bug5099-clockwise-atomic: byte-exact=false different-pixels=0 max-channel-delta=1
adapter=Apple M5 Max
backend=rust-wgpu frame=0 size=50x50 output=target/renderer-corpus/gm-bug5099-msaa.png
exact gm-bug5099-msaa: byte-exact=true different-pixels=0 max-channel-delta=0
adapter=Apple M5 Max
backend=rust-wgpu frame=0 size=100x50 output=target/renderer-corpus/gm-bug6083-clockwise-atomic.png
exact gm-bug6083-clockwise-atomic: byte-exact=false different-pixels=0 max-channel-delta=1
adapter=Apple M5 Max
backend=rust-wgpu frame=0 size=100x50 output=target/renderer-corpus/gm-bug6083-msaa.png
exact gm-bug6083-msaa: byte-exact=true different-pixels=0 max-channel-delta=0
adapter=Apple M5 Max
backend=rust-wgpu frame=0 size=250x250 output=target/renderer-corpus/gm-bug615686-clockwise-atomic.png
exact gm-bug615686-clockwise-atomic: byte-exact=false different-pixels=0 max-channel-delta=1
adapter=Apple M5 Max
backend=rust-wgpu frame=0 size=250x250 output=target/renderer-corpus/gm-bug615686-msaa.png
exact gm-bug615686-msaa: byte-exact=true different-pixels=0 max-channel-delta=0
adapter=Apple M5 Max
backend=rust-wgpu frame=0 size=75x75 output=target/renderer-corpus/gm-bug6987-clockwise-atomic.png
exact gm-bug6987-clockwise-atomic: byte-exact=true different-pixels=0 max-channel-delta=0
adapter=Apple M5 Max
backend=rust-wgpu frame=0 size=75x75 output=target/renderer-corpus/gm-bug6987-msaa.png
exact gm-bug6987-msaa: byte-exact=true different-pixels=0 max-channel-delta=0
adapter=Apple M5 Max
backend=rust-wgpu frame=0 size=800x800 output=target/renderer-corpus/gm-bug7792-clockwise-atomic.png
exact gm-bug7792-clockwise-atomic: byte-exact=false different-pixels=0 max-channel-delta=1
adapter=Apple M5 Max
backend=rust-wgpu frame=0 size=800x800 output=target/renderer-corpus/gm-bug7792-msaa.png
exact gm-bug7792-msaa: byte-exact=true different-pixels=0 max-channel-delta=0
adapter=Apple M5 Max
backend=rust-wgpu frame=0 size=600x500 output=target/renderer-corpus/gm-clippedcubic-clockwise-atomic.png
exact gm-clippedcubic-clockwise-atomic: byte-exact=true different-pixels=0 max-channel-delta=0
adapter=Apple M5 Max
backend=rust-wgpu frame=0 size=600x500 output=target/renderer-corpus/gm-clippedcubic-msaa.png
exact gm-clippedcubic-msaa: byte-exact=true different-pixels=0 max-channel-delta=0
adapter=Apple M5 Max
backend=rust-wgpu frame=0 size=725x325 output=target/renderer-corpus/gm-clippedcubic2-clockwise-atomic.png
exact gm-clippedcubic2-clockwise-atomic: byte-exact=true different-pixels=0 max-channel-delta=0
adapter=Apple M5 Max
backend=rust-wgpu frame=0 size=725x325 output=target/renderer-corpus/gm-clippedcubic2-msaa.png
exact gm-clippedcubic2-msaa: byte-exact=true different-pixels=0 max-channel-delta=0
adapter=Apple M5 Max
backend=rust-wgpu frame=0 size=510x685 output=target/renderer-corpus/gm-cliprectintersections-clockwise-atomic.png
exact gm-cliprectintersections-clockwise-atomic: byte-exact=false different-pixels=931 max-channel-delta=15
adapter=Apple M5 Max
backend=rust-wgpu frame=0 size=510x685 output=target/renderer-corpus/gm-cliprectintersections-msaa.png
exact gm-cliprectintersections-msaa: byte-exact=true different-pixels=0 max-channel-delta=0
adapter=Apple M5 Max
backend=rust-wgpu frame=0 size=600x600 output=target/renderer-corpus/gm-cliprects-clockwise-atomic.png
exact gm-cliprects-clockwise-atomic: byte-exact=false different-pixels=1524 max-channel-delta=20
adapter=Apple M5 Max
backend=rust-wgpu frame=0 size=600x600 output=target/renderer-corpus/gm-cliprects-msaa.png
exact gm-cliprects-msaa: byte-exact=true different-pixels=0 max-channel-delta=0
adapter=Apple M5 Max
backend=rust-wgpu frame=0 size=500x600 output=target/renderer-corpus/gm-concavepaths-clockwise-atomic.png
exact gm-concavepaths-clockwise-atomic: byte-exact=false different-pixels=9 max-channel-delta=13
adapter=Apple M5 Max
backend=rust-wgpu frame=0 size=500x600 output=target/renderer-corpus/gm-concavepaths-msaa.png
exact gm-concavepaths-msaa: byte-exact=true different-pixels=0 max-channel-delta=0
adapter=Apple M5 Max
backend=rust-wgpu frame=0 size=540x680 output=target/renderer-corpus/gm-convex_lineonly_ths-clockwise-atomic.png
exact gm-convex_lineonly_ths-clockwise-atomic: byte-exact=false different-pixels=14 max-channel-delta=74
adapter=Apple M5 Max
backend=rust-wgpu frame=0 size=540x680 output=target/renderer-corpus/gm-convex_lineonly_ths-msaa.png
exact gm-convex_lineonly_ths-msaa: byte-exact=true different-pixels=0 max-channel-delta=0
adapter=Apple M5 Max
backend=rust-wgpu frame=0 size=1200x1100 output=target/renderer-corpus/gm-convexpaths-clockwise-atomic.png
exact gm-convexpaths-clockwise-atomic: byte-exact=false different-pixels=1 max-channel-delta=103
adapter=Apple M5 Max
backend=rust-wgpu frame=0 size=1200x1100 output=target/renderer-corpus/gm-convexpaths-msaa.png
exact gm-convexpaths-msaa: byte-exact=true different-pixels=0 max-channel-delta=0
adapter=Apple M5 Max
backend=rust-wgpu frame=0 size=300x300 output=target/renderer-corpus/gm-crbug_996140-clockwise-atomic.png
exact gm-crbug_996140-clockwise-atomic: byte-exact=false different-pixels=13 max-channel-delta=32
adapter=Apple M5 Max
backend=rust-wgpu frame=0 size=300x300 output=target/renderer-corpus/gm-crbug_996140-msaa.png
exact gm-crbug_996140-msaa: byte-exact=true different-pixels=0 max-channel-delta=0
adapter=Apple M5 Max
backend=rust-wgpu frame=0 size=825x175 output=target/renderer-corpus/gm-cubicclosepath-clockwise-atomic.png
exact gm-cubicclosepath-clockwise-atomic: byte-exact=false different-pixels=0 max-channel-delta=1
adapter=Apple M5 Max
backend=rust-wgpu frame=0 size=825x175 output=target/renderer-corpus/gm-cubicclosepath-msaa.png
exact gm-cubicclosepath-msaa: byte-exact=true different-pixels=0 max-channel-delta=0
adapter=Apple M5 Max
backend=rust-wgpu frame=0 size=825x175 output=target/renderer-corpus/gm-cubicpath-clockwise-atomic.png
exact gm-cubicpath-clockwise-atomic: byte-exact=false different-pixels=0 max-channel-delta=1
adapter=Apple M5 Max
backend=rust-wgpu frame=0 size=825x175 output=target/renderer-corpus/gm-cubicpath-msaa.png
exact gm-cubicpath-msaa: byte-exact=true different-pixels=0 max-channel-delta=0
adapter=Apple M5 Max
backend=rust-wgpu frame=0 size=850x650 output=target/renderer-corpus/gm-degengrad-clockwise-atomic.png
exact gm-degengrad-clockwise-atomic: byte-exact=false different-pixels=0 max-channel-delta=1
adapter=Apple M5 Max
backend=rust-wgpu frame=0 size=850x650 output=target/renderer-corpus/gm-degengrad-msaa.png
exact gm-degengrad-msaa: byte-exact=true different-pixels=0 max-channel-delta=0
adapter=Apple M5 Max
backend=rust-wgpu frame=0 size=530x690 output=target/renderer-corpus/gm-dstreadshuffle-clockwise-atomic.png
exact gm-dstreadshuffle-clockwise-atomic: byte-exact=true different-pixels=0 max-channel-delta=0
adapter=Apple M5 Max
backend=rust-wgpu frame=0 size=530x690 output=target/renderer-corpus/gm-dstreadshuffle-msaa.png
exact gm-dstreadshuffle-msaa: byte-exact=true different-pixels=0 max-channel-delta=0
adapter=Apple M5 Max
backend=rust-wgpu frame=0 size=64x64 output=target/renderer-corpus/gm-emptyclear-clockwise-atomic.png
exact gm-emptyclear-clockwise-atomic: byte-exact=true different-pixels=0 max-channel-delta=0
adapter=Apple M5 Max
backend=rust-wgpu frame=0 size=64x64 output=target/renderer-corpus/gm-emptyclear-msaa.png
exact gm-emptyclear-msaa: byte-exact=true different-pixels=0 max-channel-delta=0
adapter=Apple M5 Max
backend=rust-wgpu frame=0 size=180x540 output=target/renderer-corpus/gm-emptyfeather-clockwise-atomic.png
exact gm-emptyfeather-clockwise-atomic: byte-exact=true different-pixels=0 max-channel-delta=0
adapter=Apple M5 Max
backend=rust-wgpu frame=0 size=180x540 output=target/renderer-corpus/gm-emptyfeather-msaa.png
exact gm-emptyfeather-msaa: byte-exact=true different-pixels=0 max-channel-delta=0
adapter=Apple M5 Max
backend=rust-wgpu frame=0 size=180x540 output=target/renderer-corpus/gm-emptystroke-clockwise-atomic.png
exact gm-emptystroke-clockwise-atomic: byte-exact=false different-pixels=929 max-channel-delta=255
adapter=Apple M5 Max
backend=rust-wgpu frame=0 size=180x540 output=target/renderer-corpus/gm-emptystroke-msaa.png
exact gm-emptystroke-msaa: byte-exact=true different-pixels=0 max-channel-delta=0
adapter=Apple M5 Max
backend=rust-wgpu frame=0 size=180x540 output=target/renderer-corpus/gm-emptystrokefeather-clockwise-atomic.png
exact gm-emptystrokefeather-clockwise-atomic: byte-exact=true different-pixels=0 max-channel-delta=0
adapter=Apple M5 Max
backend=rust-wgpu frame=0 size=180x540 output=target/renderer-corpus/gm-emptystrokefeather-msaa.png
exact gm-emptystrokefeather-msaa: byte-exact=false different-pixels=0 max-channel-delta=1
adapter=Apple M5 Max
backend=rust-wgpu frame=0 size=320x320 output=target/renderer-corpus/gm-emptytransparentclear-clockwise-atomic.png
exact gm-emptytransparentclear-clockwise-atomic: byte-exact=true different-pixels=0 max-channel-delta=0
adapter=Apple M5 Max
backend=rust-wgpu frame=0 size=320x320 output=target/renderer-corpus/gm-emptytransparentclear-msaa.png
exact gm-emptytransparentclear-msaa: byte-exact=true different-pixels=0 max-channel-delta=0
adapter=Apple M5 Max
backend=rust-wgpu frame=0 size=1756x2048 output=target/renderer-corpus/gm-feather_corner-clockwise-atomic.png
exact gm-feather_corner-clockwise-atomic: byte-exact=false different-pixels=3367 max-channel-delta=12
adapter=Apple M5 Max
backend=rust-wgpu frame=0 size=1756x2048 output=target/renderer-corpus/gm-feather_corner-msaa.png
exact gm-feather_corner-msaa: byte-exact=false different-pixels=0 max-channel-delta=1
adapter=Apple M5 Max
backend=rust-wgpu frame=0 size=1756x2048 output=target/renderer-corpus/gm-feather_cusp-clockwise-atomic.png
exact gm-feather_cusp-clockwise-atomic: byte-exact=false different-pixels=8456 max-channel-delta=10
adapter=Apple M5 Max
backend=rust-wgpu frame=0 size=1756x2048 output=target/renderer-corpus/gm-feather_cusp-msaa.png
exact gm-feather_cusp-msaa: byte-exact=false different-pixels=0 max-channel-delta=1
adapter=Apple M5 Max
backend=rust-wgpu frame=0 size=1756x2048 output=target/renderer-corpus/gm-feather_ellipse-clockwise-atomic.png
exact gm-feather_ellipse-clockwise-atomic: byte-exact=false different-pixels=6504 max-channel-delta=9
adapter=Apple M5 Max
backend=rust-wgpu frame=0 size=1756x2048 output=target/renderer-corpus/gm-feather_ellipse-msaa.png
exact gm-feather_ellipse-msaa: byte-exact=false different-pixels=0 max-channel-delta=2
adapter=Apple M5 Max
backend=rust-wgpu frame=0 size=1756x2048 output=target/renderer-corpus/gm-feather_polyshapes-clockwise-atomic.png
exact gm-feather_polyshapes-clockwise-atomic: byte-exact=false different-pixels=11677 max-channel-delta=11
adapter=Apple M5 Max
backend=rust-wgpu frame=0 size=1756x2048 output=target/renderer-corpus/gm-feather_polyshapes-msaa.png
exact gm-feather_polyshapes-msaa: byte-exact=false different-pixels=0 max-channel-delta=1
adapter=Apple M5 Max
backend=rust-wgpu frame=0 size=1756x2048 output=target/renderer-corpus/gm-feather_roundcorner-clockwise-atomic.png
exact gm-feather_roundcorner-clockwise-atomic: byte-exact=false different-pixels=4493 max-channel-delta=11
adapter=Apple M5 Max
backend=rust-wgpu frame=0 size=1756x2048 output=target/renderer-corpus/gm-feather_roundcorner-msaa.png
exact gm-feather_roundcorner-msaa: byte-exact=false different-pixels=0 max-channel-delta=1
adapter=Apple M5 Max
backend=rust-wgpu frame=0 size=1756x2048 output=target/renderer-corpus/gm-feather_shapes-clockwise-atomic.png
exact gm-feather_shapes-clockwise-atomic: byte-exact=false different-pixels=11657 max-channel-delta=11
adapter=Apple M5 Max
backend=rust-wgpu frame=0 size=1756x2048 output=target/renderer-corpus/gm-feather_shapes-msaa.png
exact gm-feather_shapes-msaa: byte-exact=false different-pixels=7 max-channel-delta=3
adapter=Apple M5 Max
backend=rust-wgpu frame=0 size=1756x2048 output=target/renderer-corpus/gm-feather_strokes-clockwise-atomic.png
exact gm-feather_strokes-clockwise-atomic: byte-exact=false different-pixels=9502 max-channel-delta=12
adapter=Apple M5 Max
backend=rust-wgpu frame=0 size=1756x2048 output=target/renderer-corpus/gm-feather_strokes-msaa.png
exact gm-feather_strokes-msaa: byte-exact=false different-pixels=0 max-channel-delta=1
adapter=Apple M5 Max
backend=rust-wgpu frame=0 size=1600x1840 output=target/renderer-corpus/gm-feathertext_montserrat-clockwise-atomic.png
exact gm-feathertext_montserrat-clockwise-atomic: byte-exact=false different-pixels=0 max-channel-delta=2
adapter=Apple M5 Max
backend=rust-wgpu frame=0 size=1600x1840 output=target/renderer-corpus/gm-feathertext_montserrat-msaa.png
exact gm-feathertext_montserrat-msaa: byte-exact=false different-pixels=0 max-channel-delta=1
adapter=Apple M5 Max
backend=rust-wgpu frame=0 size=1600x1840 output=target/renderer-corpus/gm-feathertext_montserrat_mirrored-clockwise-atomic.png
exact gm-feathertext_montserrat_mirrored-clockwise-atomic: byte-exact=false different-pixels=0 max-channel-delta=2
adapter=Apple M5 Max
backend=rust-wgpu frame=0 size=1600x1840 output=target/renderer-corpus/gm-feathertext_montserrat_mirrored-msaa.png
exact gm-feathertext_montserrat_mirrored-msaa: byte-exact=false different-pixels=0 max-channel-delta=1
adapter=Apple M5 Max
backend=rust-wgpu frame=0 size=1600x1840 output=target/renderer-corpus/gm-feathertext_roboto-clockwise-atomic.png
exact gm-feathertext_roboto-clockwise-atomic: byte-exact=false different-pixels=0 max-channel-delta=2
adapter=Apple M5 Max
backend=rust-wgpu frame=0 size=1600x1840 output=target/renderer-corpus/gm-feathertext_roboto-msaa.png
exact gm-feathertext_roboto-msaa: byte-exact=false different-pixels=0 max-channel-delta=1
adapter=Apple M5 Max
backend=rust-wgpu frame=0 size=1600x1840 output=target/renderer-corpus/gm-feathertext_roboto_mirrored-clockwise-atomic.png
exact gm-feathertext_roboto_mirrored-clockwise-atomic: byte-exact=false different-pixels=0 max-channel-delta=2
adapter=Apple M5 Max
backend=rust-wgpu frame=0 size=1600x1840 output=target/renderer-corpus/gm-feathertext_roboto_mirrored-msaa.png
exact gm-feathertext_roboto_mirrored-msaa: byte-exact=false different-pixels=0 max-channel-delta=1
adapter=Apple M5 Max
backend=rust-wgpu frame=0 size=500x500 output=target/renderer-corpus/gm-gamma_correction_clip-clockwise-atomic.png
exact gm-gamma_correction_clip-clockwise-atomic: byte-exact=false different-pixels=6 max-channel-delta=4
adapter=Apple M5 Max
backend=rust-wgpu frame=0 size=500x500 output=target/renderer-corpus/gm-gamma_correction_clip-msaa.png
exact gm-gamma_correction_clip-msaa: byte-exact=true different-pixels=0 max-channel-delta=0
adapter=Apple M5 Max
backend=rust-wgpu frame=0 size=320x460 output=target/renderer-corpus/gm-hittest_evenOdd-clockwise-atomic.png
exact gm-hittest_evenOdd-clockwise-atomic: byte-exact=false different-pixels=357 max-channel-delta=6
adapter=Apple M5 Max
backend=rust-wgpu frame=0 size=320x460 output=target/renderer-corpus/gm-hittest_evenOdd-msaa.png
exact gm-hittest_evenOdd-msaa: byte-exact=false different-pixels=0 max-channel-delta=1
adapter=Apple M5 Max
backend=rust-wgpu frame=0 size=320x460 output=target/renderer-corpus/gm-hittest_nonZero-clockwise-atomic.png
exact gm-hittest_nonZero-clockwise-atomic: byte-exact=false different-pixels=357 max-channel-delta=6
adapter=Apple M5 Max
backend=rust-wgpu frame=0 size=320x460 output=target/renderer-corpus/gm-hittest_nonZero-msaa.png
exact gm-hittest_nonZero-msaa: byte-exact=false different-pixels=0 max-channel-delta=1
adapter=Apple M5 Max
backend=rust-wgpu frame=0 size=530x310 output=target/renderer-corpus/gm-image-clockwise-atomic.png
exact gm-image-clockwise-atomic: byte-exact=false different-pixels=1 max-channel-delta=3
adapter=Apple M5 Max
backend=rust-wgpu frame=0 size=530x310 output=target/renderer-corpus/gm-image-msaa.png
exact gm-image-msaa: byte-exact=false different-pixels=0 max-channel-delta=1
adapter=Apple M5 Max
backend=rust-wgpu frame=0 size=500x500 output=target/renderer-corpus/gm-image_aa_border-clockwise-atomic.png
exact gm-image_aa_border-clockwise-atomic: byte-exact=false different-pixels=3 max-channel-delta=3
adapter=Apple M5 Max
backend=rust-wgpu frame=0 size=500x500 output=target/renderer-corpus/gm-image_aa_border-msaa.png
exact gm-image_aa_border-msaa: byte-exact=false different-pixels=0 max-channel-delta=1
adapter=Apple M5 Max
backend=rust-wgpu frame=0 size=1020x1020 output=target/renderer-corpus/gm-image_filter_options-clockwise-atomic.png
exact gm-image_filter_options-clockwise-atomic: byte-exact=false different-pixels=0 max-channel-delta=2
adapter=Apple M5 Max
backend=rust-wgpu frame=0 size=1020x1020 output=target/renderer-corpus/gm-image_filter_options-msaa.png
exact gm-image_filter_options-msaa: byte-exact=true different-pixels=0 max-channel-delta=0
adapter=Apple M5 Max
backend=rust-wgpu frame=0 size=978x919 output=target/renderer-corpus/gm-image_lod-clockwise-atomic.png
exact gm-image_lod-clockwise-atomic: byte-exact=false different-pixels=7 max-channel-delta=3
adapter=Apple M5 Max
backend=rust-wgpu frame=0 size=978x919 output=target/renderer-corpus/gm-image_lod-msaa.png
exact gm-image_lod-msaa: byte-exact=true different-pixels=0 max-channel-delta=0
adapter=Apple M5 Max
backend=rust-wgpu frame=0 size=1000x700 output=target/renderer-corpus/gm-inner_join_geometry-clockwise-atomic.png
exact gm-inner_join_geometry-clockwise-atomic: byte-exact=false different-pixels=0 max-channel-delta=1
adapter=Apple M5 Max
backend=rust-wgpu frame=0 size=1000x700 output=target/renderer-corpus/gm-inner_join_geometry-msaa.png
exact gm-inner_join_geometry-msaa: byte-exact=true different-pixels=0 max-channel-delta=0
adapter=Apple M5 Max
backend=rust-wgpu frame=0 size=1000x1000 output=target/renderer-corpus/gm-interleavedfeather-clockwise-atomic.png
exact gm-interleavedfeather-clockwise-atomic: byte-exact=false different-pixels=4 max-channel-delta=26
adapter=Apple M5 Max
backend=rust-wgpu frame=0 size=1000x1000 output=target/renderer-corpus/gm-interleavedfeather-msaa.png
exact gm-interleavedfeather-msaa: byte-exact=false different-pixels=16 max-channel-delta=5
adapter=Apple M5 Max
backend=rust-wgpu frame=0 size=1700x1700 output=target/renderer-corpus/gm-interleavedfillrule-clockwise-atomic.png
exact gm-interleavedfillrule-clockwise-atomic: byte-exact=false different-pixels=0 max-channel-delta=2
adapter=Apple M5 Max
backend=rust-wgpu frame=0 size=1700x1700 output=target/renderer-corpus/gm-interleavedfillrule-msaa.png
exact gm-interleavedfillrule-msaa: byte-exact=true different-pixels=0 max-channel-delta=0
adapter=Apple M5 Max
backend=rust-wgpu frame=0 size=500x420 output=target/renderer-corpus/gm-labyrinth_butt-clockwise-atomic.png
exact gm-labyrinth_butt-clockwise-atomic: byte-exact=false different-pixels=0 max-channel-delta=1
adapter=Apple M5 Max
backend=rust-wgpu frame=0 size=500x420 output=target/renderer-corpus/gm-labyrinth_butt-msaa.png
exact gm-labyrinth_butt-msaa: byte-exact=true different-pixels=0 max-channel-delta=0
adapter=Apple M5 Max
backend=rust-wgpu frame=0 size=500x420 output=target/renderer-corpus/gm-labyrinth_round-clockwise-atomic.png
exact gm-labyrinth_round-clockwise-atomic: byte-exact=false different-pixels=0 max-channel-delta=1
adapter=Apple M5 Max
backend=rust-wgpu frame=0 size=500x420 output=target/renderer-corpus/gm-labyrinth_round-msaa.png
exact gm-labyrinth_round-msaa: byte-exact=true different-pixels=0 max-channel-delta=0
adapter=Apple M5 Max
backend=rust-wgpu frame=0 size=500x420 output=target/renderer-corpus/gm-labyrinth_square-clockwise-atomic.png
exact gm-labyrinth_square-clockwise-atomic: byte-exact=false different-pixels=0 max-channel-delta=1
adapter=Apple M5 Max
backend=rust-wgpu frame=0 size=500x420 output=target/renderer-corpus/gm-labyrinth_square-msaa.png
exact gm-labyrinth_square-msaa: byte-exact=true different-pixels=0 max-channel-delta=0
adapter=Apple M5 Max
backend=rust-wgpu frame=0 size=1000x1000 output=target/renderer-corpus/gm-largeclippedpath_clockwise-clockwise-atomic.png
exact gm-largeclippedpath_clockwise-clockwise-atomic: byte-exact=false different-pixels=0 max-channel-delta=1
adapter=Apple M5 Max
backend=rust-wgpu frame=0 size=1000x1000 output=target/renderer-corpus/gm-largeclippedpath_clockwise-msaa.png
exact gm-largeclippedpath_clockwise-msaa: byte-exact=true different-pixels=0 max-channel-delta=0
adapter=Apple M5 Max
backend=rust-wgpu frame=0 size=1000x1000 output=target/renderer-corpus/gm-largeclippedpath_clockwise_nested-clockwise-atomic.png
exact gm-largeclippedpath_clockwise_nested-clockwise-atomic: byte-exact=false different-pixels=0 max-channel-delta=1
adapter=Apple M5 Max
backend=rust-wgpu frame=0 size=1000x1000 output=target/renderer-corpus/gm-largeclippedpath_clockwise_nested-msaa.png
exact gm-largeclippedpath_clockwise_nested-msaa: byte-exact=true different-pixels=0 max-channel-delta=0
adapter=Apple M5 Max
backend=rust-wgpu frame=0 size=1000x1000 output=target/renderer-corpus/gm-largeclippedpath_evenodd-clockwise-atomic.png
exact gm-largeclippedpath_evenodd-clockwise-atomic: byte-exact=false different-pixels=0 max-channel-delta=1
adapter=Apple M5 Max
backend=rust-wgpu frame=0 size=1000x1000 output=target/renderer-corpus/gm-largeclippedpath_evenodd-msaa.png
exact gm-largeclippedpath_evenodd-msaa: byte-exact=true different-pixels=0 max-channel-delta=0
adapter=Apple M5 Max
backend=rust-wgpu frame=0 size=1000x1000 output=target/renderer-corpus/gm-largeclippedpath_evenodd_nested-clockwise-atomic.png
exact gm-largeclippedpath_evenodd_nested-clockwise-atomic: byte-exact=false different-pixels=0 max-channel-delta=1
adapter=Apple M5 Max
backend=rust-wgpu frame=0 size=1000x1000 output=target/renderer-corpus/gm-largeclippedpath_evenodd_nested-msaa.png
exact gm-largeclippedpath_evenodd_nested-msaa: byte-exact=true different-pixels=0 max-channel-delta=0
adapter=Apple M5 Max
backend=rust-wgpu frame=0 size=1000x1000 output=target/renderer-corpus/gm-largeclippedpath_winding-clockwise-atomic.png
exact gm-largeclippedpath_winding-clockwise-atomic: byte-exact=false different-pixels=0 max-channel-delta=1
adapter=Apple M5 Max
backend=rust-wgpu frame=0 size=1000x1000 output=target/renderer-corpus/gm-largeclippedpath_winding-msaa.png
exact gm-largeclippedpath_winding-msaa: byte-exact=true different-pixels=0 max-channel-delta=0
adapter=Apple M5 Max
backend=rust-wgpu frame=0 size=1000x1000 output=target/renderer-corpus/gm-largeclippedpath_winding_nested-clockwise-atomic.png
exact gm-largeclippedpath_winding_nested-clockwise-atomic: byte-exact=false different-pixels=0 max-channel-delta=1
adapter=Apple M5 Max
backend=rust-wgpu frame=0 size=1000x1000 output=target/renderer-corpus/gm-largeclippedpath_winding_nested-msaa.png
exact gm-largeclippedpath_winding_nested-msaa: byte-exact=true different-pixels=0 max-channel-delta=0
adapter=Apple M5 Max
backend=rust-wgpu frame=0 size=1024x1024 output=target/renderer-corpus/gm-lots_of_tess_spans_stroke-clockwise-atomic.png
exact gm-lots_of_tess_spans_stroke-clockwise-atomic: byte-exact=false different-pixels=10 max-channel-delta=4
adapter=Apple M5 Max
backend=rust-wgpu frame=0 size=1024x1024 output=target/renderer-corpus/gm-lots_of_tess_spans_stroke-msaa.png
exact gm-lots_of_tess_spans_stroke-msaa: byte-exact=true different-pixels=0 max-channel-delta=0
adapter=Apple M5 Max
backend=rust-wgpu frame=0 size=560x475 output=target/renderer-corpus/gm-mandoline-clockwise-atomic.png
exact gm-mandoline-clockwise-atomic: byte-exact=false different-pixels=3 max-channel-delta=4
adapter=Apple M5 Max
backend=rust-wgpu frame=0 size=560x475 output=target/renderer-corpus/gm-mandoline-msaa.png
exact gm-mandoline-msaa: byte-exact=true different-pixels=0 max-channel-delta=0
adapter=Apple M5 Max
backend=rust-wgpu frame=0 size=800x600 output=target/renderer-corpus/gm-mesh-clockwise-atomic.png
exact gm-mesh-clockwise-atomic: byte-exact=false different-pixels=15 max-channel-delta=9
adapter=Apple M5 Max
backend=rust-wgpu frame=0 size=800x600 output=target/renderer-corpus/gm-mesh-msaa.png
exact gm-mesh-msaa: byte-exact=false different-pixels=0 max-channel-delta=2
adapter=Apple M5 Max
backend=rust-wgpu frame=0 size=60x60 output=target/renderer-corpus/gm-mesh_ht_1-clockwise-atomic.png
exact gm-mesh_ht_1-clockwise-atomic: byte-exact=true different-pixels=0 max-channel-delta=0
adapter=Apple M5 Max
backend=rust-wgpu frame=0 size=60x60 output=target/renderer-corpus/gm-mesh_ht_1-msaa.png
exact gm-mesh_ht_1-msaa: byte-exact=true different-pixels=0 max-channel-delta=0
adapter=Apple M5 Max
backend=rust-wgpu frame=0 size=60x60 output=target/renderer-corpus/gm-mesh_ht_7-clockwise-atomic.png
exact gm-mesh_ht_7-clockwise-atomic: byte-exact=true different-pixels=0 max-channel-delta=0
adapter=Apple M5 Max
backend=rust-wgpu frame=0 size=60x60 output=target/renderer-corpus/gm-mesh_ht_7-msaa.png
exact gm-mesh_ht_7-msaa: byte-exact=true different-pixels=0 max-channel-delta=0
adapter=Apple M5 Max
backend=rust-wgpu frame=0 size=600x300 output=target/renderer-corpus/gm-mutating_fill_rule-clockwise-atomic.png
exact gm-mutating_fill_rule-clockwise-atomic: byte-exact=true different-pixels=0 max-channel-delta=0
adapter=Apple M5 Max
backend=rust-wgpu frame=0 size=600x300 output=target/renderer-corpus/gm-mutating_fill_rule-msaa.png
exact gm-mutating_fill_rule-msaa: byte-exact=true different-pixels=0 max-channel-delta=0
adapter=Apple M5 Max
backend=rust-wgpu frame=0 size=1600x1600 output=target/renderer-corpus/gm-negative_interior_triangles-clockwise-atomic.png
exact gm-negative_interior_triangles-clockwise-atomic: byte-exact=false different-pixels=11 max-channel-delta=5
adapter=Apple M5 Max
backend=rust-wgpu frame=0 size=1600x1600 output=target/renderer-corpus/gm-negative_interior_triangles-msaa.png
exact gm-negative_interior_triangles-msaa: byte-exact=true different-pixels=0 max-channel-delta=0
adapter=Apple M5 Max
backend=rust-wgpu frame=0 size=1600x1600 output=target/renderer-corpus/gm-negative_interior_triangles_as_clip-clockwise-atomic.png
exact gm-negative_interior_triangles_as_clip-clockwise-atomic: byte-exact=false different-pixels=21 max-channel-delta=5
adapter=Apple M5 Max
backend=rust-wgpu frame=0 size=1600x1600 output=target/renderer-corpus/gm-negative_interior_triangles_as_clip-msaa.png
exact gm-negative_interior_triangles_as_clip-msaa: byte-exact=true different-pixels=0 max-channel-delta=0
adapter=Apple M5 Max
backend=rust-wgpu frame=0 size=410x410 output=target/renderer-corpus/gm-oval-clockwise-atomic.png
exact gm-oval-clockwise-atomic: byte-exact=true different-pixels=0 max-channel-delta=0
adapter=Apple M5 Max
backend=rust-wgpu frame=0 size=410x410 output=target/renderer-corpus/gm-oval-msaa.png
exact gm-oval-msaa: byte-exact=true different-pixels=0 max-channel-delta=0
adapter=Apple M5 Max
backend=rust-wgpu frame=0 size=200x200 output=target/renderer-corpus/gm-overfill_blendmodes-clockwise-atomic.png
exact gm-overfill_blendmodes-clockwise-atomic: byte-exact=false different-pixels=0 max-channel-delta=2
adapter=Apple M5 Max
backend=rust-wgpu frame=0 size=200x200 output=target/renderer-corpus/gm-overfill_blendmodes-msaa.png
exact gm-overfill_blendmodes-msaa: byte-exact=true different-pixels=0 max-channel-delta=0
adapter=Apple M5 Max
backend=rust-wgpu frame=0 size=200x200 output=target/renderer-corpus/gm-overfill_opaque-clockwise-atomic.png
exact gm-overfill_opaque-clockwise-atomic: byte-exact=false different-pixels=40 max-channel-delta=16
adapter=Apple M5 Max
backend=rust-wgpu frame=0 size=200x200 output=target/renderer-corpus/gm-overfill_opaque-msaa.png
exact gm-overfill_opaque-msaa: byte-exact=true different-pixels=0 max-channel-delta=0
adapter=Apple M5 Max
backend=rust-wgpu frame=0 size=200x200 output=target/renderer-corpus/gm-overfill_transparent-clockwise-atomic.png
exact gm-overfill_transparent-clockwise-atomic: byte-exact=false different-pixels=26 max-channel-delta=6
adapter=Apple M5 Max
backend=rust-wgpu frame=0 size=200x200 output=target/renderer-corpus/gm-overfill_transparent-msaa.png
exact gm-overfill_transparent-msaa: byte-exact=true different-pixels=0 max-channel-delta=0
adapter=Apple M5 Max
backend=rust-wgpu frame=0 size=200x200 output=target/renderer-corpus/gm-overstroke_blendmodes-clockwise-atomic.png
exact gm-overstroke_blendmodes-clockwise-atomic: byte-exact=false different-pixels=0 max-channel-delta=2
adapter=Apple M5 Max
backend=rust-wgpu frame=0 size=200x200 output=target/renderer-corpus/gm-overstroke_blendmodes-msaa.png
exact gm-overstroke_blendmodes-msaa: byte-exact=true different-pixels=0 max-channel-delta=0
adapter=Apple M5 Max
backend=rust-wgpu frame=0 size=200x200 output=target/renderer-corpus/gm-overstroke_opaque-clockwise-atomic.png
exact gm-overstroke_opaque-clockwise-atomic: byte-exact=false different-pixels=0 max-channel-delta=1
adapter=Apple M5 Max
backend=rust-wgpu frame=0 size=200x200 output=target/renderer-corpus/gm-overstroke_opaque-msaa.png
exact gm-overstroke_opaque-msaa: byte-exact=true different-pixels=0 max-channel-delta=0
adapter=Apple M5 Max
backend=rust-wgpu frame=0 size=200x200 output=target/renderer-corpus/gm-overstroke_transparent-clockwise-atomic.png
exact gm-overstroke_transparent-clockwise-atomic: byte-exact=false different-pixels=2 max-channel-delta=3
adapter=Apple M5 Max
backend=rust-wgpu frame=0 size=200x200 output=target/renderer-corpus/gm-overstroke_transparent-msaa.png
exact gm-overstroke_transparent-msaa: byte-exact=true different-pixels=0 max-channel-delta=0
adapter=Apple M5 Max
backend=rust-wgpu frame=0 size=850x850 output=target/renderer-corpus/gm-parallelclips-clockwise-atomic.png
exact gm-parallelclips-clockwise-atomic: byte-exact=false different-pixels=0 max-channel-delta=21
adapter=Apple M5 Max
backend=rust-wgpu frame=0 size=850x850 output=target/renderer-corpus/gm-parallelclips-msaa.png
exact gm-parallelclips-msaa: byte-exact=true different-pixels=0 max-channel-delta=0
adapter=Apple M5 Max
backend=rust-wgpu frame=0 size=512x512 output=target/renderer-corpus/gm-path_skbug_11859-clockwise-atomic.png
exact gm-path_skbug_11859-clockwise-atomic: byte-exact=false different-pixels=0 max-channel-delta=1
adapter=Apple M5 Max
backend=rust-wgpu frame=0 size=512x512 output=target/renderer-corpus/gm-path_skbug_11859-msaa.png
exact gm-path_skbug_11859-msaa: byte-exact=true different-pixels=0 max-channel-delta=0
adapter=Apple M5 Max
backend=rust-wgpu frame=0 size=128x256 output=target/renderer-corpus/gm-path_skbug_11886-clockwise-atomic.png
exact gm-path_skbug_11886-clockwise-atomic: byte-exact=false different-pixels=0 max-channel-delta=1
adapter=Apple M5 Max
backend=rust-wgpu frame=0 size=128x256 output=target/renderer-corpus/gm-path_skbug_11886-msaa.png
exact gm-path_skbug_11886-msaa: byte-exact=true different-pixels=0 max-channel-delta=0
adapter=Apple M5 Max
backend=rust-wgpu frame=0 size=30x25 output=target/renderer-corpus/gm-path_stroke_clip_crbug1070835-clockwise-atomic.png
exact gm-path_stroke_clip_crbug1070835-clockwise-atomic: byte-exact=false different-pixels=0 max-channel-delta=1
adapter=Apple M5 Max
backend=rust-wgpu frame=0 size=30x25 output=target/renderer-corpus/gm-path_stroke_clip_crbug1070835-msaa.png
exact gm-path_stroke_clip_crbug1070835-msaa: byte-exact=true different-pixels=0 max-channel-delta=0
adapter=Apple M5 Max
backend=rust-wgpu frame=0 size=365x425 output=target/renderer-corpus/gm-pathfill-clockwise-atomic.png
exact gm-pathfill-clockwise-atomic: byte-exact=false different-pixels=25 max-channel-delta=62
adapter=Apple M5 Max
backend=rust-wgpu frame=0 size=365x425 output=target/renderer-corpus/gm-pathfill-msaa.png
exact gm-pathfill-msaa: byte-exact=true different-pixels=0 max-channel-delta=0
adapter=Apple M5 Max
backend=rust-wgpu frame=0 size=480x480 output=target/renderer-corpus/gm-poly_clockwise-clockwise-atomic.png
exact gm-poly_clockwise-clockwise-atomic: byte-exact=false different-pixels=0 max-channel-delta=1
adapter=Apple M5 Max
backend=rust-wgpu frame=0 size=480x480 output=target/renderer-corpus/gm-poly_clockwise-msaa.png
exact gm-poly_clockwise-msaa: byte-exact=true different-pixels=0 max-channel-delta=0
adapter=Apple M5 Max
backend=rust-wgpu frame=0 size=480x480 output=target/renderer-corpus/gm-poly_evenOdd-clockwise-atomic.png
exact gm-poly_evenOdd-clockwise-atomic: byte-exact=false different-pixels=2 max-channel-delta=17
adapter=Apple M5 Max
backend=rust-wgpu frame=0 size=480x480 output=target/renderer-corpus/gm-poly_evenOdd-msaa.png
exact gm-poly_evenOdd-msaa: byte-exact=true different-pixels=0 max-channel-delta=0
adapter=Apple M5 Max
backend=rust-wgpu frame=0 size=480x480 output=target/renderer-corpus/gm-poly_nonZero-clockwise-atomic.png
exact gm-poly_nonZero-clockwise-atomic: byte-exact=false different-pixels=2 max-channel-delta=17
adapter=Apple M5 Max
backend=rust-wgpu frame=0 size=480x480 output=target/renderer-corpus/gm-poly_nonZero-msaa.png
exact gm-poly_nonZero-msaa: byte-exact=true different-pixels=0 max-channel-delta=0
adapter=Apple M5 Max
backend=rust-wgpu frame=0 size=70x30 output=target/renderer-corpus/gm-quadcap-clockwise-atomic.png
exact gm-quadcap-clockwise-atomic: byte-exact=false different-pixels=0 max-channel-delta=1
adapter=Apple M5 Max
backend=rust-wgpu frame=0 size=70x30 output=target/renderer-corpus/gm-quadcap-msaa.png
exact gm-quadcap-msaa: byte-exact=true different-pixels=0 max-channel-delta=0
adapter=Apple M5 Max
backend=rust-wgpu frame=0 size=400x335 output=target/renderer-corpus/gm-rawtext-clockwise-atomic.png
exact gm-rawtext-clockwise-atomic: byte-exact=true different-pixels=0 max-channel-delta=0
adapter=Apple M5 Max
backend=rust-wgpu frame=0 size=400x335 output=target/renderer-corpus/gm-rawtext-msaa.png
exact gm-rawtext-msaa: byte-exact=true different-pixels=0 max-channel-delta=0
adapter=Apple M5 Max
backend=rust-wgpu frame=0 size=240x240 output=target/renderer-corpus/gm-rect-clockwise-atomic.png
exact gm-rect-clockwise-atomic: byte-exact=false different-pixels=0 max-channel-delta=1
adapter=Apple M5 Max
backend=rust-wgpu frame=0 size=240x240 output=target/renderer-corpus/gm-rect-msaa.png
exact gm-rect-msaa: byte-exact=true different-pixels=0 max-channel-delta=0
adapter=Apple M5 Max
backend=rust-wgpu frame=0 size=220x220 output=target/renderer-corpus/gm-rect_grad-clockwise-atomic.png
exact gm-rect_grad-clockwise-atomic: byte-exact=false different-pixels=0 max-channel-delta=2
adapter=Apple M5 Max
backend=rust-wgpu frame=0 size=220x220 output=target/renderer-corpus/gm-rect_grad-msaa.png
exact gm-rect_grad-msaa: byte-exact=true different-pixels=0 max-channel-delta=0
adapter=Apple M5 Max
backend=rust-wgpu frame=0 size=100x100 output=target/renderer-corpus/gm-rotatedcubicpath-clockwise-atomic.png
exact gm-rotatedcubicpath-clockwise-atomic: byte-exact=false different-pixels=2 max-channel-delta=91
adapter=Apple M5 Max
backend=rust-wgpu frame=0 size=100x100 output=target/renderer-corpus/gm-rotatedcubicpath-msaa.png
exact gm-rotatedcubicpath-msaa: byte-exact=true different-pixels=0 max-channel-delta=0
adapter=Apple M5 Max
backend=rust-wgpu frame=0 size=800x600 output=target/renderer-corpus/gm-roundjoinstrokes-clockwise-atomic.png
exact gm-roundjoinstrokes-clockwise-atomic: byte-exact=false different-pixels=0 max-channel-delta=2
adapter=Apple M5 Max
backend=rust-wgpu frame=0 size=800x600 output=target/renderer-corpus/gm-roundjoinstrokes-msaa.png
exact gm-roundjoinstrokes-msaa: byte-exact=true different-pixels=0 max-channel-delta=0
adapter=Apple M5 Max
backend=rust-wgpu frame=0 size=150x150 output=target/renderer-corpus/gm-skbug12244-clockwise-atomic.png
exact gm-skbug12244-clockwise-atomic: byte-exact=false different-pixels=2 max-channel-delta=20
adapter=Apple M5 Max
backend=rust-wgpu frame=0 size=150x150 output=target/renderer-corpus/gm-skbug12244-msaa.png
exact gm-skbug12244-msaa: byte-exact=true different-pixels=0 max-channel-delta=0
adapter=Apple M5 Max
backend=rust-wgpu frame=0 size=270x450 output=target/renderer-corpus/gm-strokedlines-clockwise-atomic.png
exact gm-strokedlines-clockwise-atomic: byte-exact=false different-pixels=0 max-channel-delta=2
adapter=Apple M5 Max
backend=rust-wgpu frame=0 size=270x450 output=target/renderer-corpus/gm-strokedlines-msaa.png
exact gm-strokedlines-msaa: byte-exact=true different-pixels=0 max-channel-delta=0
adapter=Apple M5 Max
backend=rust-wgpu frame=0 size=640x480 output=target/renderer-corpus/gm-strokefill-clockwise-atomic.png
exact gm-strokefill-clockwise-atomic: byte-exact=true different-pixels=0 max-channel-delta=0
adapter=Apple M5 Max
backend=rust-wgpu frame=0 size=640x480 output=target/renderer-corpus/gm-strokefill-msaa.png
exact gm-strokefill-msaa: byte-exact=true different-pixels=0 max-channel-delta=0
adapter=Apple M5 Max
backend=rust-wgpu frame=0 size=1500x1500 output=target/renderer-corpus/gm-strokes3-clockwise-atomic.png
exact gm-strokes3-clockwise-atomic: byte-exact=false different-pixels=0 max-channel-delta=2
adapter=Apple M5 Max
backend=rust-wgpu frame=0 size=1500x1500 output=target/renderer-corpus/gm-strokes3-msaa.png
exact gm-strokes3-msaa: byte-exact=true different-pixels=0 max-channel-delta=0
adapter=Apple M5 Max
backend=rust-wgpu frame=0 size=400x400 output=target/renderer-corpus/gm-strokes_poly-clockwise-atomic.png
exact gm-strokes_poly-clockwise-atomic: byte-exact=false different-pixels=18 max-channel-delta=4
adapter=Apple M5 Max
backend=rust-wgpu frame=0 size=400x400 output=target/renderer-corpus/gm-strokes_poly-msaa.png
exact gm-strokes_poly-msaa: byte-exact=false different-pixels=11 max-channel-delta=46
adapter=Apple M5 Max
backend=rust-wgpu frame=0 size=400x400 output=target/renderer-corpus/gm-strokes_round-clockwise-atomic.png
exact gm-strokes_round-clockwise-atomic: byte-exact=false different-pixels=26 max-channel-delta=3
adapter=Apple M5 Max
backend=rust-wgpu frame=0 size=400x400 output=target/renderer-corpus/gm-strokes_round-msaa.png
exact gm-strokes_round-msaa: byte-exact=true different-pixels=0 max-channel-delta=0
adapter=Apple M5 Max
backend=rust-wgpu frame=0 size=400x100 output=target/renderer-corpus/gm-strokes_zoomed-clockwise-atomic.png
exact gm-strokes_zoomed-clockwise-atomic: byte-exact=false different-pixels=0 max-channel-delta=1
adapter=Apple M5 Max
backend=rust-wgpu frame=0 size=400x100 output=target/renderer-corpus/gm-strokes_zoomed-msaa.png
exact gm-strokes_zoomed-msaa: byte-exact=true different-pixels=0 max-channel-delta=0
adapter=Apple M5 Max
backend=rust-wgpu frame=0 size=400x200 output=target/renderer-corpus/gm-teenyStrokes-clockwise-atomic.png
exact gm-teenyStrokes-clockwise-atomic: byte-exact=false different-pixels=0 max-channel-delta=1
adapter=Apple M5 Max
backend=rust-wgpu frame=0 size=400x200 output=target/renderer-corpus/gm-teenyStrokes-msaa.png
exact gm-teenyStrokes-msaa: byte-exact=true different-pixels=0 max-channel-delta=0
adapter=Apple M5 Max
backend=rust-wgpu frame=0 size=64x64 output=target/renderer-corpus/gm-transparentclear-clockwise-atomic.png
exact gm-transparentclear-clockwise-atomic: byte-exact=false different-pixels=0 max-channel-delta=1
adapter=Apple M5 Max
backend=rust-wgpu frame=0 size=64x64 output=target/renderer-corpus/gm-transparentclear-msaa.png
exact gm-transparentclear-msaa: byte-exact=true different-pixels=0 max-channel-delta=0
adapter=Apple M5 Max
backend=rust-wgpu frame=0 size=64x64 output=target/renderer-corpus/gm-transparentclear_blendmode-clockwise-atomic.png
exact gm-transparentclear_blendmode-clockwise-atomic: byte-exact=true different-pixels=0 max-channel-delta=0
adapter=Apple M5 Max
backend=rust-wgpu frame=0 size=64x64 output=target/renderer-corpus/gm-transparentclear_blendmode-msaa.png
exact gm-transparentclear_blendmode-msaa: byte-exact=true different-pixels=0 max-channel-delta=0
adapter=Apple M5 Max
backend=rust-wgpu frame=0 size=1000x1000 output=target/renderer-corpus/gm-trickycubicstrokes-clockwise-atomic.png
exact gm-trickycubicstrokes-clockwise-atomic: byte-exact=false different-pixels=2 max-channel-delta=43
adapter=Apple M5 Max
backend=rust-wgpu frame=0 size=1000x1000 output=target/renderer-corpus/gm-trickycubicstrokes-msaa.png
exact gm-trickycubicstrokes-msaa: byte-exact=true different-pixels=0 max-channel-delta=0
adapter=Apple M5 Max
backend=rust-wgpu frame=0 size=1000x1000 output=target/renderer-corpus/gm-trickycubicstrokes_feather-clockwise-atomic.png
exact gm-trickycubicstrokes_feather-clockwise-atomic: byte-exact=false different-pixels=3 max-channel-delta=4
adapter=Apple M5 Max
backend=rust-wgpu frame=0 size=1000x1000 output=target/renderer-corpus/gm-trickycubicstrokes_feather-msaa.png
exact gm-trickycubicstrokes_feather-msaa: byte-exact=false different-pixels=0 max-channel-delta=1
adapter=Apple M5 Max
backend=rust-wgpu frame=0 size=1000x1000 output=target/renderer-corpus/gm-trickycubicstrokes_roundcaps-clockwise-atomic.png
exact gm-trickycubicstrokes_roundcaps-clockwise-atomic: byte-exact=false different-pixels=0 max-channel-delta=2
adapter=Apple M5 Max
backend=rust-wgpu frame=0 size=1000x1000 output=target/renderer-corpus/gm-trickycubicstrokes_roundcaps-msaa.png
exact gm-trickycubicstrokes_roundcaps-msaa: byte-exact=true different-pixels=0 max-channel-delta=0
adapter=Apple M5 Max
backend=rust-wgpu frame=0 size=1000x400 output=target/renderer-corpus/gm-verycomplexgrad-clockwise-atomic.png
exact gm-verycomplexgrad-clockwise-atomic: byte-exact=false different-pixels=0 max-channel-delta=2
adapter=Apple M5 Max
backend=rust-wgpu frame=0 size=1000x400 output=target/renderer-corpus/gm-verycomplexgrad-msaa.png
exact gm-verycomplexgrad-msaa: byte-exact=true different-pixels=0 max-channel-delta=0
adapter=Apple M5 Max
backend=rust-wgpu frame=0 size=480x500 output=target/renderer-corpus/gm-widebuttcaps-clockwise-atomic.png
exact gm-widebuttcaps-clockwise-atomic: byte-exact=false different-pixels=0 max-channel-delta=1
adapter=Apple M5 Max
backend=rust-wgpu frame=0 size=480x500 output=target/renderer-corpus/gm-widebuttcaps-msaa.png
exact gm-widebuttcaps-msaa: byte-exact=true different-pixels=0 max-channel-delta=0
adapter=Apple M5 Max
backend=rust-wgpu frame=0 size=455x475 output=target/renderer-corpus/gm-xfermodes2-clockwise-atomic.png
exact gm-xfermodes2-clockwise-atomic: byte-exact=false different-pixels=1 max-channel-delta=3
adapter=Apple M5 Max
backend=rust-wgpu frame=0 size=455x475 output=target/renderer-corpus/gm-xfermodes2-msaa.png
exact gm-xfermodes2-msaa: byte-exact=true different-pixels=0 max-channel-delta=0
adapter=Apple M5 Max
backend=rust-wgpu frame=0 size=171x300 output=target/renderer-corpus/gm-zeroPath-clockwise-atomic.png
exact gm-zeroPath-clockwise-atomic: byte-exact=true different-pixels=0 max-channel-delta=0
adapter=Apple M5 Max
backend=rust-wgpu frame=0 size=171x300 output=target/renderer-corpus/gm-zeroPath-msaa.png
exact gm-zeroPath-msaa: byte-exact=true different-pixels=0 max-channel-delta=0
adapter=Apple M5 Max
backend=rust-wgpu frame=0 size=400x400 output=target/renderer-corpus/gm-zero_control_stroke-clockwise-atomic.png
exact gm-zero_control_stroke-clockwise-atomic: byte-exact=false different-pixels=0 max-channel-delta=1
adapter=Apple M5 Max
backend=rust-wgpu frame=0 size=400x400 output=target/renderer-corpus/gm-zero_control_stroke-msaa.png
exact gm-zero_control_stroke-msaa: byte-exact=true different-pixels=0 max-channel-delta=0
adapter=Apple M5 Max
backend=rust-wgpu frame=0 size=90x120 output=target/renderer-corpus/gm-zerolinestroke-clockwise-atomic.png
exact gm-zerolinestroke-clockwise-atomic: byte-exact=false different-pixels=0 max-channel-delta=1
adapter=Apple M5 Max
backend=rust-wgpu frame=0 size=90x120 output=target/renderer-corpus/gm-zerolinestroke-msaa.png
exact gm-zerolinestroke-msaa: byte-exact=true different-pixels=0 max-channel-delta=0
adapter=Apple M5 Max
backend=rust-wgpu frame=0 size=500x500 output=target/renderer-corpus/riv-advance_blend_mode-frame-0-clockwise-atomic.png
exact riv-advance_blend_mode-frame-0-clockwise-atomic: byte-exact=false different-pixels=1 max-channel-delta=8
adapter=Apple M5 Max
backend=rust-wgpu frame=0 size=500x500 output=target/renderer-corpus/riv-advance_blend_mode-frame-0-msaa.png
exact riv-advance_blend_mode-frame-0-msaa: byte-exact=true different-pixels=0 max-channel-delta=0
adapter=Apple M5 Max
backend=rust-wgpu frame=1 size=500x500 output=target/renderer-corpus/riv-advance_blend_mode-frame-1-clockwise-atomic.png
exact riv-advance_blend_mode-frame-1-clockwise-atomic: byte-exact=false different-pixels=1 max-channel-delta=8
adapter=Apple M5 Max
backend=rust-wgpu frame=1 size=500x500 output=target/renderer-corpus/riv-advance_blend_mode-frame-1-msaa.png
exact riv-advance_blend_mode-frame-1-msaa: byte-exact=true different-pixels=0 max-channel-delta=0
adapter=Apple M5 Max
backend=rust-wgpu frame=0 size=550x550 output=target/renderer-corpus/riv-ai_assitant-frame-0-clockwise-atomic.png
exact riv-ai_assitant-frame-0-clockwise-atomic: byte-exact=false different-pixels=317 max-channel-delta=14
adapter=Apple M5 Max
backend=rust-wgpu frame=0 size=550x550 output=target/renderer-corpus/riv-ai_assitant-frame-0-msaa.png
exact riv-ai_assitant-frame-0-msaa: byte-exact=false different-pixels=0 max-channel-delta=1
adapter=Apple M5 Max
backend=rust-wgpu frame=0 size=2414x820 output=target/renderer-corpus/riv-align_target-frame-0-clockwise-atomic.png
exact riv-align_target-frame-0-clockwise-atomic: byte-exact=true different-pixels=0 max-channel-delta=0
adapter=Apple M5 Max
backend=rust-wgpu frame=0 size=2414x820 output=target/renderer-corpus/riv-align_target-frame-0-msaa.png
exact riv-align_target-frame-0-msaa: byte-exact=true different-pixels=0 max-channel-delta=0
adapter=Apple M5 Max
backend=rust-wgpu frame=0 size=500x500 output=target/renderer-corpus/riv-animated_clipping-frame-0-clockwise-atomic.png
exact riv-animated_clipping-frame-0-clockwise-atomic: byte-exact=false different-pixels=9 max-channel-delta=12
adapter=Apple M5 Max
backend=rust-wgpu frame=0 size=500x500 output=target/renderer-corpus/riv-animated_clipping-frame-0-msaa.png
exact riv-animated_clipping-frame-0-msaa: byte-exact=true different-pixels=0 max-channel-delta=0
adapter=Apple M5 Max
backend=rust-wgpu frame=0 size=500x500 output=target/renderer-corpus/riv-animation_reset_cases-frame-0-clockwise-atomic.png
exact riv-animation_reset_cases-frame-0-clockwise-atomic: byte-exact=false different-pixels=0 max-channel-delta=2
adapter=Apple M5 Max
backend=rust-wgpu frame=0 size=500x500 output=target/renderer-corpus/riv-animation_reset_cases-frame-0-msaa.png
exact riv-animation_reset_cases-frame-0-msaa: byte-exact=true different-pixels=0 max-channel-delta=0
adapter=Apple M5 Max
backend=rust-wgpu frame=1 size=500x500 output=target/renderer-corpus/riv-animation_reset_cases-frame-1-clockwise-atomic.png
exact riv-animation_reset_cases-frame-1-clockwise-atomic: byte-exact=false different-pixels=0 max-channel-delta=2
adapter=Apple M5 Max
backend=rust-wgpu frame=1 size=500x500 output=target/renderer-corpus/riv-animation_reset_cases-frame-1-msaa.png
exact riv-animation_reset_cases-frame-1-msaa: byte-exact=true different-pixels=0 max-channel-delta=0
adapter=Apple M5 Max
backend=rust-wgpu frame=2 size=500x500 output=target/renderer-corpus/riv-animation_reset_cases-frame-2-clockwise-atomic.png
exact riv-animation_reset_cases-frame-2-clockwise-atomic: byte-exact=false different-pixels=0 max-channel-delta=2
adapter=Apple M5 Max
backend=rust-wgpu frame=2 size=500x500 output=target/renderer-corpus/riv-animation_reset_cases-frame-2-msaa.png
exact riv-animation_reset_cases-frame-2-msaa: byte-exact=true different-pixels=0 max-channel-delta=0
adapter=Apple M5 Max
backend=rust-wgpu frame=3 size=500x500 output=target/renderer-corpus/riv-animation_reset_cases-frame-3-clockwise-atomic.png
exact riv-animation_reset_cases-frame-3-clockwise-atomic: byte-exact=false different-pixels=0 max-channel-delta=2
adapter=Apple M5 Max
backend=rust-wgpu frame=3 size=500x500 output=target/renderer-corpus/riv-animation_reset_cases-frame-3-msaa.png
exact riv-animation_reset_cases-frame-3-msaa: byte-exact=true different-pixels=0 max-channel-delta=0
adapter=Apple M5 Max
backend=rust-wgpu frame=4 size=500x500 output=target/renderer-corpus/riv-animation_reset_cases-frame-4-clockwise-atomic.png
exact riv-animation_reset_cases-frame-4-clockwise-atomic: byte-exact=false different-pixels=0 max-channel-delta=2
adapter=Apple M5 Max
backend=rust-wgpu frame=4 size=500x500 output=target/renderer-corpus/riv-animation_reset_cases-frame-4-msaa.png
exact riv-animation_reset_cases-frame-4-msaa: byte-exact=true different-pixels=0 max-channel-delta=0
adapter=Apple M5 Max
backend=rust-wgpu frame=0 size=500x500 output=target/renderer-corpus/riv-artboard_list_map_rules-frame-0-clockwise-atomic.png
exact riv-artboard_list_map_rules-frame-0-clockwise-atomic: byte-exact=false different-pixels=0 max-channel-delta=1
adapter=Apple M5 Max
backend=rust-wgpu frame=0 size=500x500 output=target/renderer-corpus/riv-artboard_list_map_rules-frame-0-msaa.png
exact riv-artboard_list_map_rules-frame-0-msaa: byte-exact=true different-pixels=0 max-channel-delta=0
adapter=Apple M5 Max
backend=rust-wgpu frame=0 size=500x500 output=target/renderer-corpus/riv-artboard_list_overrides-frame-0-clockwise-atomic.png
exact riv-artboard_list_overrides-frame-0-clockwise-atomic: byte-exact=false different-pixels=0 max-channel-delta=1
adapter=Apple M5 Max
backend=rust-wgpu frame=0 size=500x500 output=target/renderer-corpus/riv-artboard_list_overrides-frame-0-msaa.png
exact riv-artboard_list_overrides-frame-0-msaa: byte-exact=true different-pixels=0 max-channel-delta=0
adapter=Apple M5 Max
backend=rust-wgpu frame=0 size=663x500 output=target/renderer-corpus/riv-artboard_width_test-frame-0-clockwise-atomic.png
exact riv-artboard_width_test-frame-0-clockwise-atomic: byte-exact=false different-pixels=15 max-channel-delta=12
adapter=Apple M5 Max
backend=rust-wgpu frame=0 size=663x500 output=target/renderer-corpus/riv-artboard_width_test-frame-0-msaa.png
exact riv-artboard_width_test-frame-0-msaa: byte-exact=true different-pixels=0 max-channel-delta=0
adapter=Apple M5 Max
backend=rust-wgpu frame=0 size=500x500 output=target/renderer-corpus/riv-artboardclipping-frame-0-clockwise-atomic.png
exact riv-artboardclipping-frame-0-clockwise-atomic: byte-exact=true different-pixels=0 max-channel-delta=0
adapter=Apple M5 Max
backend=rust-wgpu frame=0 size=500x500 output=target/renderer-corpus/riv-artboardclipping-frame-0-msaa.png
exact riv-artboardclipping-frame-0-msaa: byte-exact=true different-pixels=0 max-channel-delta=0
adapter=Apple M5 Max
backend=rust-wgpu frame=0 size=500x500 output=target/renderer-corpus/riv-audio_script-frame-0-clockwise-atomic.png
exact riv-audio_script-frame-0-clockwise-atomic: byte-exact=true different-pixels=0 max-channel-delta=0
adapter=Apple M5 Max
backend=rust-wgpu frame=0 size=500x500 output=target/renderer-corpus/riv-audio_script-frame-0-msaa.png
exact riv-audio_script-frame-0-msaa: byte-exact=true different-pixels=0 max-channel-delta=0
adapter=Apple M5 Max
backend=rust-wgpu frame=0 size=200x30 output=target/renderer-corpus/riv-background_measure-frame-0-clockwise-atomic.png
exact riv-background_measure-frame-0-clockwise-atomic: byte-exact=true different-pixels=0 max-channel-delta=0
adapter=Apple M5 Max
backend=rust-wgpu frame=0 size=200x30 output=target/renderer-corpus/riv-background_measure-frame-0-msaa.png
exact riv-background_measure-frame-0-msaa: byte-exact=true different-pixels=0 max-channel-delta=0
adapter=Apple M5 Max
backend=rust-wgpu frame=0 size=999x720 output=target/renderer-corpus/riv-bad_skin-frame-0-clockwise-atomic.png
exact riv-bad_skin-frame-0-clockwise-atomic: byte-exact=false different-pixels=2479 max-channel-delta=21
adapter=Apple M5 Max
backend=rust-wgpu frame=0 size=999x720 output=target/renderer-corpus/riv-bad_skin-frame-0-msaa.png
exact riv-bad_skin-frame-0-msaa: byte-exact=true different-pixels=0 max-channel-delta=0
adapter=Apple M5 Max
backend=rust-wgpu frame=0 size=500x500 output=target/renderer-corpus/riv-ball_test-frame-0-clockwise-atomic.png
exact riv-ball_test-frame-0-clockwise-atomic: byte-exact=false different-pixels=11 max-channel-delta=8
adapter=Apple M5 Max
backend=rust-wgpu frame=0 size=500x500 output=target/renderer-corpus/riv-ball_test-frame-0-msaa.png
exact riv-ball_test-frame-0-msaa: byte-exact=true different-pixels=0 max-channel-delta=0
adapter=Apple M5 Max
backend=rust-wgpu frame=0 size=2370x1680 output=target/renderer-corpus/riv-bankcard-frame-0-clockwise-atomic.png
exact riv-bankcard-frame-0-clockwise-atomic: byte-exact=false different-pixels=26 max-channel-delta=17
adapter=Apple M5 Max
backend=rust-wgpu frame=0 size=2370x1680 output=target/renderer-corpus/riv-bankcard-frame-0-msaa.png
exact riv-bankcard-frame-0-msaa: byte-exact=false different-pixels=0 max-channel-delta=1
adapter=Apple M5 Max
backend=rust-wgpu frame=0 size=500x500 output=target/renderer-corpus/riv-bidirectional_precedence-frame-0-clockwise-atomic.png
exact riv-bidirectional_precedence-frame-0-clockwise-atomic: byte-exact=false different-pixels=0 max-channel-delta=1
adapter=Apple M5 Max
backend=rust-wgpu frame=0 size=500x500 output=target/renderer-corpus/riv-bidirectional_precedence-frame-0-msaa.png
exact riv-bidirectional_precedence-frame-0-msaa: byte-exact=true different-pixels=0 max-channel-delta=0
adapter=Apple M5 Max
backend=rust-wgpu frame=0 size=500x500 output=target/renderer-corpus/riv-bindable_artboard_child-frame-0-clockwise-atomic.png
exact riv-bindable_artboard_child-frame-0-clockwise-atomic: byte-exact=false different-pixels=0 max-channel-delta=1
adapter=Apple M5 Max
backend=rust-wgpu frame=0 size=500x500 output=target/renderer-corpus/riv-bindable_artboard_child-frame-0-msaa.png
exact riv-bindable_artboard_child-frame-0-msaa: byte-exact=true different-pixels=0 max-channel-delta=0
adapter=Apple M5 Max
backend=rust-wgpu frame=1 size=500x500 output=target/renderer-corpus/riv-bindable_artboard_child-frame-1-clockwise-atomic.png
exact riv-bindable_artboard_child-frame-1-clockwise-atomic: byte-exact=true different-pixels=0 max-channel-delta=0
adapter=Apple M5 Max
backend=rust-wgpu frame=1 size=500x500 output=target/renderer-corpus/riv-bindable_artboard_child-frame-1-msaa.png
exact riv-bindable_artboard_child-frame-1-msaa: byte-exact=true different-pixels=0 max-channel-delta=0
adapter=Apple M5 Max
backend=rust-wgpu frame=2 size=500x500 output=target/renderer-corpus/riv-bindable_artboard_child-frame-2-clockwise-atomic.png
exact riv-bindable_artboard_child-frame-2-clockwise-atomic: byte-exact=false different-pixels=0 max-channel-delta=1
adapter=Apple M5 Max
backend=rust-wgpu frame=2 size=500x500 output=target/renderer-corpus/riv-bindable_artboard_child-frame-2-msaa.png
exact riv-bindable_artboard_child-frame-2-msaa: byte-exact=true different-pixels=0 max-channel-delta=0
adapter=Apple M5 Max
backend=rust-wgpu frame=3 size=500x500 output=target/renderer-corpus/riv-bindable_artboard_child-frame-3-clockwise-atomic.png
exact riv-bindable_artboard_child-frame-3-clockwise-atomic: byte-exact=false different-pixels=0 max-channel-delta=1
adapter=Apple M5 Max
backend=rust-wgpu frame=3 size=500x500 output=target/renderer-corpus/riv-bindable_artboard_child-frame-3-msaa.png
exact riv-bindable_artboard_child-frame-3-msaa: byte-exact=true different-pixels=0 max-channel-delta=0
adapter=Apple M5 Max
backend=rust-wgpu frame=4 size=500x500 output=target/renderer-corpus/riv-bindable_artboard_child-frame-4-clockwise-atomic.png
exact riv-bindable_artboard_child-frame-4-clockwise-atomic: byte-exact=false different-pixels=0 max-channel-delta=1
adapter=Apple M5 Max
backend=rust-wgpu frame=4 size=500x500 output=target/renderer-corpus/riv-bindable_artboard_child-frame-4-msaa.png
exact riv-bindable_artboard_child-frame-4-msaa: byte-exact=true different-pixels=0 max-channel-delta=0
adapter=Apple M5 Max
backend=rust-wgpu frame=5 size=500x500 output=target/renderer-corpus/riv-bindable_artboard_child-frame-5-clockwise-atomic.png
exact riv-bindable_artboard_child-frame-5-clockwise-atomic: byte-exact=false different-pixels=0 max-channel-delta=1
adapter=Apple M5 Max
backend=rust-wgpu frame=5 size=500x500 output=target/renderer-corpus/riv-bindable_artboard_child-frame-5-msaa.png
exact riv-bindable_artboard_child-frame-5-msaa: byte-exact=true different-pixels=0 max-channel-delta=0
adapter=Apple M5 Max
backend=rust-wgpu frame=6 size=500x500 output=target/renderer-corpus/riv-bindable_artboard_child-frame-6-clockwise-atomic.png
exact riv-bindable_artboard_child-frame-6-clockwise-atomic: byte-exact=false different-pixels=0 max-channel-delta=1
adapter=Apple M5 Max
backend=rust-wgpu frame=6 size=500x500 output=target/renderer-corpus/riv-bindable_artboard_child-frame-6-msaa.png
exact riv-bindable_artboard_child-frame-6-msaa: byte-exact=true different-pixels=0 max-channel-delta=0
adapter=Apple M5 Max
backend=rust-wgpu frame=7 size=500x500 output=target/renderer-corpus/riv-bindable_artboard_child-frame-7-clockwise-atomic.png
exact riv-bindable_artboard_child-frame-7-clockwise-atomic: byte-exact=false different-pixels=0 max-channel-delta=1
adapter=Apple M5 Max
backend=rust-wgpu frame=7 size=500x500 output=target/renderer-corpus/riv-bindable_artboard_child-frame-7-msaa.png
exact riv-bindable_artboard_child-frame-7-msaa: byte-exact=true different-pixels=0 max-channel-delta=0
adapter=Apple M5 Max
backend=rust-wgpu frame=0 size=500x500 output=target/renderer-corpus/riv-bindable_artboard_nesty-frame-0-clockwise-atomic.png
exact riv-bindable_artboard_nesty-frame-0-clockwise-atomic: byte-exact=true different-pixels=0 max-channel-delta=0
adapter=Apple M5 Max
backend=rust-wgpu frame=0 size=500x500 output=target/renderer-corpus/riv-bindable_artboard_nesty-frame-0-msaa.png
exact riv-bindable_artboard_nesty-frame-0-msaa: byte-exact=true different-pixels=0 max-channel-delta=0
adapter=Apple M5 Max
backend=rust-wgpu frame=0 size=767x444 output=target/renderer-corpus/riv-blend_test-frame-0-clockwise-atomic.png
exact riv-blend_test-frame-0-clockwise-atomic: byte-exact=false different-pixels=1 max-channel-delta=8
adapter=Apple M5 Max
backend=rust-wgpu frame=0 size=767x444 output=target/renderer-corpus/riv-blend_test-frame-0-msaa.png
exact riv-blend_test-frame-0-msaa: byte-exact=true different-pixels=0 max-channel-delta=0
adapter=Apple M5 Max
backend=rust-wgpu frame=1 size=767x444 output=target/renderer-corpus/riv-blend_test-frame-1-clockwise-atomic.png
exact riv-blend_test-frame-1-clockwise-atomic: byte-exact=false different-pixels=1 max-channel-delta=8
adapter=Apple M5 Max
backend=rust-wgpu frame=1 size=767x444 output=target/renderer-corpus/riv-blend_test-frame-1-msaa.png
exact riv-blend_test-frame-1-msaa: byte-exact=true different-pixels=0 max-channel-delta=0
adapter=Apple M5 Max
backend=rust-wgpu frame=2 size=767x444 output=target/renderer-corpus/riv-blend_test-frame-2-clockwise-atomic.png
exact riv-blend_test-frame-2-clockwise-atomic: byte-exact=false different-pixels=1 max-channel-delta=8
adapter=Apple M5 Max
backend=rust-wgpu frame=2 size=767x444 output=target/renderer-corpus/riv-blend_test-frame-2-msaa.png
exact riv-blend_test-frame-2-msaa: byte-exact=true different-pixels=0 max-channel-delta=0
adapter=Apple M5 Max
backend=rust-wgpu frame=3 size=767x444 output=target/renderer-corpus/riv-blend_test-frame-3-clockwise-atomic.png
exact riv-blend_test-frame-3-clockwise-atomic: byte-exact=false different-pixels=1 max-channel-delta=8
adapter=Apple M5 Max
backend=rust-wgpu frame=3 size=767x444 output=target/renderer-corpus/riv-blend_test-frame-3-msaa.png
exact riv-blend_test-frame-3-msaa: byte-exact=true different-pixels=0 max-channel-delta=0
adapter=Apple M5 Max
backend=rust-wgpu frame=4 size=767x444 output=target/renderer-corpus/riv-blend_test-frame-4-clockwise-atomic.png
exact riv-blend_test-frame-4-clockwise-atomic: byte-exact=false different-pixels=1 max-channel-delta=8
adapter=Apple M5 Max
backend=rust-wgpu frame=4 size=767x444 output=target/renderer-corpus/riv-blend_test-frame-4-msaa.png
exact riv-blend_test-frame-4-msaa: byte-exact=true different-pixels=0 max-channel-delta=0
adapter=Apple M5 Max
backend=rust-wgpu frame=0 size=500x500 output=target/renderer-corpus/riv-bullet_man-frame-0-clockwise-atomic.png
exact riv-bullet_man-frame-0-clockwise-atomic: byte-exact=false different-pixels=0 max-channel-delta=2
adapter=Apple M5 Max
backend=rust-wgpu frame=0 size=500x500 output=target/renderer-corpus/riv-bullet_man-frame-0-msaa.png
exact riv-bullet_man-frame-0-msaa: byte-exact=false different-pixels=0 max-channel-delta=1
adapter=Apple M5 Max
backend=rust-wgpu frame=0 size=3558x1638 output=target/renderer-corpus/riv-car_widgets_v01-frame-0-clockwise-atomic.png
exact riv-car_widgets_v01-frame-0-clockwise-atomic: byte-exact=false different-pixels=13 max-channel-delta=3
adapter=Apple M5 Max
backend=rust-wgpu frame=0 size=3558x1638 output=target/renderer-corpus/riv-car_widgets_v01-frame-0-msaa.png
exact riv-car_widgets_v01-frame-0-msaa: byte-exact=false different-pixels=14 max-channel-delta=8
adapter=Apple M5 Max
backend=rust-wgpu frame=0 size=267x226 output=target/renderer-corpus/riv-circle_clips-frame-0-clockwise-atomic.png
exact riv-circle_clips-frame-0-clockwise-atomic: byte-exact=false different-pixels=0 max-channel-delta=1
adapter=Apple M5 Max
backend=rust-wgpu frame=0 size=267x226 output=target/renderer-corpus/riv-circle_clips-frame-0-msaa.png
exact riv-circle_clips-frame-0-msaa: byte-exact=true different-pixels=0 max-channel-delta=0
adapter=Apple M5 Max
backend=rust-wgpu frame=1 size=267x226 output=target/renderer-corpus/riv-circle_clips-frame-1-clockwise-atomic.png
exact riv-circle_clips-frame-1-clockwise-atomic: byte-exact=false different-pixels=0 max-channel-delta=1
adapter=Apple M5 Max
backend=rust-wgpu frame=1 size=267x226 output=target/renderer-corpus/riv-circle_clips-frame-1-msaa.png
exact riv-circle_clips-frame-1-msaa: byte-exact=true different-pixels=0 max-channel-delta=0
adapter=Apple M5 Max
backend=rust-wgpu frame=2 size=267x226 output=target/renderer-corpus/riv-circle_clips-frame-2-clockwise-atomic.png
exact riv-circle_clips-frame-2-clockwise-atomic: byte-exact=false different-pixels=0 max-channel-delta=1
adapter=Apple M5 Max
backend=rust-wgpu frame=2 size=267x226 output=target/renderer-corpus/riv-circle_clips-frame-2-msaa.png
exact riv-circle_clips-frame-2-msaa: byte-exact=true different-pixels=0 max-channel-delta=0
adapter=Apple M5 Max
backend=rust-wgpu frame=3 size=267x226 output=target/renderer-corpus/riv-circle_clips-frame-3-clockwise-atomic.png
exact riv-circle_clips-frame-3-clockwise-atomic: byte-exact=false different-pixels=0 max-channel-delta=1
adapter=Apple M5 Max
backend=rust-wgpu frame=3 size=267x226 output=target/renderer-corpus/riv-circle_clips-frame-3-msaa.png
exact riv-circle_clips-frame-3-msaa: byte-exact=true different-pixels=0 max-channel-delta=0
adapter=Apple M5 Max
backend=rust-wgpu frame=4 size=267x226 output=target/renderer-corpus/riv-circle_clips-frame-4-clockwise-atomic.png
exact riv-circle_clips-frame-4-clockwise-atomic: byte-exact=false different-pixels=0 max-channel-delta=1
adapter=Apple M5 Max
backend=rust-wgpu frame=4 size=267x226 output=target/renderer-corpus/riv-circle_clips-frame-4-msaa.png
exact riv-circle_clips-frame-4-msaa: byte-exact=true different-pixels=0 max-channel-delta=0
adapter=Apple M5 Max
backend=rust-wgpu frame=0 size=500x500 output=target/renderer-corpus/riv-clear_viewmodel_list-frame-0-clockwise-atomic.png
exact riv-clear_viewmodel_list-frame-0-clockwise-atomic: byte-exact=true different-pixels=0 max-channel-delta=0
adapter=Apple M5 Max
backend=rust-wgpu frame=0 size=500x500 output=target/renderer-corpus/riv-clear_viewmodel_list-frame-0-msaa.png
exact riv-clear_viewmodel_list-frame-0-msaa: byte-exact=true different-pixels=0 max-channel-delta=0
adapter=Apple M5 Max
backend=rust-wgpu frame=1 size=500x500 output=target/renderer-corpus/riv-clear_viewmodel_list-frame-1-clockwise-atomic.png
exact riv-clear_viewmodel_list-frame-1-clockwise-atomic: byte-exact=true different-pixels=0 max-channel-delta=0
adapter=Apple M5 Max
backend=rust-wgpu frame=1 size=500x500 output=target/renderer-corpus/riv-clear_viewmodel_list-frame-1-msaa.png
exact riv-clear_viewmodel_list-frame-1-msaa: byte-exact=true different-pixels=0 max-channel-delta=0
adapter=Apple M5 Max
backend=rust-wgpu frame=2 size=500x500 output=target/renderer-corpus/riv-clear_viewmodel_list-frame-2-clockwise-atomic.png
exact riv-clear_viewmodel_list-frame-2-clockwise-atomic: byte-exact=true different-pixels=0 max-channel-delta=0
adapter=Apple M5 Max
backend=rust-wgpu frame=2 size=500x500 output=target/renderer-corpus/riv-clear_viewmodel_list-frame-2-msaa.png
exact riv-clear_viewmodel_list-frame-2-msaa: byte-exact=true different-pixels=0 max-channel-delta=0
adapter=Apple M5 Max
backend=rust-wgpu frame=3 size=500x500 output=target/renderer-corpus/riv-clear_viewmodel_list-frame-3-clockwise-atomic.png
exact riv-clear_viewmodel_list-frame-3-clockwise-atomic: byte-exact=true different-pixels=0 max-channel-delta=0
adapter=Apple M5 Max
backend=rust-wgpu frame=3 size=500x500 output=target/renderer-corpus/riv-clear_viewmodel_list-frame-3-msaa.png
exact riv-clear_viewmodel_list-frame-3-msaa: byte-exact=true different-pixels=0 max-channel-delta=0
adapter=Apple M5 Max
backend=rust-wgpu frame=4 size=500x500 output=target/renderer-corpus/riv-clear_viewmodel_list-frame-4-clockwise-atomic.png
exact riv-clear_viewmodel_list-frame-4-clockwise-atomic: byte-exact=true different-pixels=0 max-channel-delta=0
adapter=Apple M5 Max
backend=rust-wgpu frame=4 size=500x500 output=target/renderer-corpus/riv-clear_viewmodel_list-frame-4-msaa.png
exact riv-clear_viewmodel_list-frame-4-msaa: byte-exact=true different-pixels=0 max-channel-delta=0
adapter=Apple M5 Max
backend=rust-wgpu frame=0 size=500x500 output=target/renderer-corpus/riv-click_event-frame-0-clockwise-atomic.png
exact riv-click_event-frame-0-clockwise-atomic: byte-exact=false different-pixels=0 max-channel-delta=2
adapter=Apple M5 Max
backend=rust-wgpu frame=0 size=500x500 output=target/renderer-corpus/riv-click_event-frame-0-msaa.png
exact riv-click_event-frame-0-msaa: byte-exact=true different-pixels=0 max-channel-delta=0
adapter=Apple M5 Max
backend=rust-wgpu frame=1 size=500x500 output=target/renderer-corpus/riv-click_event-frame-1-clockwise-atomic.png
exact riv-click_event-frame-1-clockwise-atomic: byte-exact=false different-pixels=0 max-channel-delta=2
adapter=Apple M5 Max
backend=rust-wgpu frame=1 size=500x500 output=target/renderer-corpus/riv-click_event-frame-1-msaa.png
exact riv-click_event-frame-1-msaa: byte-exact=true different-pixels=0 max-channel-delta=0
adapter=Apple M5 Max
backend=rust-wgpu frame=2 size=500x500 output=target/renderer-corpus/riv-click_event-frame-2-clockwise-atomic.png
exact riv-click_event-frame-2-clockwise-atomic: byte-exact=false different-pixels=0 max-channel-delta=2
adapter=Apple M5 Max
backend=rust-wgpu frame=2 size=500x500 output=target/renderer-corpus/riv-click_event-frame-2-msaa.png
exact riv-click_event-frame-2-msaa: byte-exact=true different-pixels=0 max-channel-delta=0
adapter=Apple M5 Max
backend=rust-wgpu frame=3 size=500x500 output=target/renderer-corpus/riv-click_event-frame-3-clockwise-atomic.png
exact riv-click_event-frame-3-clockwise-atomic: byte-exact=false different-pixels=0 max-channel-delta=2
adapter=Apple M5 Max
backend=rust-wgpu frame=3 size=500x500 output=target/renderer-corpus/riv-click_event-frame-3-msaa.png
exact riv-click_event-frame-3-msaa: byte-exact=true different-pixels=0 max-channel-delta=0
adapter=Apple M5 Max
backend=rust-wgpu frame=4 size=500x500 output=target/renderer-corpus/riv-click_event-frame-4-clockwise-atomic.png
exact riv-click_event-frame-4-clockwise-atomic: byte-exact=false different-pixels=0 max-channel-delta=2
adapter=Apple M5 Max
backend=rust-wgpu frame=4 size=500x500 output=target/renderer-corpus/riv-click_event-frame-4-msaa.png
exact riv-click_event-frame-4-msaa: byte-exact=true different-pixels=0 max-channel-delta=0
adapter=Apple M5 Max
backend=rust-wgpu frame=5 size=500x500 output=target/renderer-corpus/riv-click_event-frame-5-clockwise-atomic.png
exact riv-click_event-frame-5-clockwise-atomic: byte-exact=false different-pixels=0 max-channel-delta=2
adapter=Apple M5 Max
backend=rust-wgpu frame=5 size=500x500 output=target/renderer-corpus/riv-click_event-frame-5-msaa.png
exact riv-click_event-frame-5-msaa: byte-exact=true different-pixels=0 max-channel-delta=0
adapter=Apple M5 Max
backend=rust-wgpu frame=6 size=500x500 output=target/renderer-corpus/riv-click_event-frame-6-clockwise-atomic.png
exact riv-click_event-frame-6-clockwise-atomic: byte-exact=false different-pixels=0 max-channel-delta=2
adapter=Apple M5 Max
backend=rust-wgpu frame=6 size=500x500 output=target/renderer-corpus/riv-click_event-frame-6-msaa.png
exact riv-click_event-frame-6-msaa: byte-exact=true different-pixels=0 max-channel-delta=0
adapter=Apple M5 Max
backend=rust-wgpu frame=7 size=500x500 output=target/renderer-corpus/riv-click_event-frame-7-clockwise-atomic.png
exact riv-click_event-frame-7-clockwise-atomic: byte-exact=false different-pixels=0 max-channel-delta=2
adapter=Apple M5 Max
backend=rust-wgpu frame=7 size=500x500 output=target/renderer-corpus/riv-click_event-frame-7-msaa.png
exact riv-click_event-frame-7-msaa: byte-exact=true different-pixels=0 max-channel-delta=0
adapter=Apple M5 Max
backend=rust-wgpu frame=0 size=500x500 output=target/renderer-corpus/riv-clip_tests-frame-0-clockwise-atomic.png
exact riv-clip_tests-frame-0-clockwise-atomic: byte-exact=true different-pixels=0 max-channel-delta=0
adapter=Apple M5 Max
backend=rust-wgpu frame=0 size=500x500 output=target/renderer-corpus/riv-clip_tests-frame-0-msaa.png
exact riv-clip_tests-frame-0-msaa: byte-exact=true different-pixels=0 max-channel-delta=0
adapter=Apple M5 Max
backend=rust-wgpu frame=1 size=500x500 output=target/renderer-corpus/riv-clip_tests-frame-1-clockwise-atomic.png
exact riv-clip_tests-frame-1-clockwise-atomic: byte-exact=true different-pixels=0 max-channel-delta=0
adapter=Apple M5 Max
backend=rust-wgpu frame=1 size=500x500 output=target/renderer-corpus/riv-clip_tests-frame-1-msaa.png
exact riv-clip_tests-frame-1-msaa: byte-exact=true different-pixels=0 max-channel-delta=0
adapter=Apple M5 Max
backend=rust-wgpu frame=2 size=500x500 output=target/renderer-corpus/riv-clip_tests-frame-2-clockwise-atomic.png
exact riv-clip_tests-frame-2-clockwise-atomic: byte-exact=true different-pixels=0 max-channel-delta=0
adapter=Apple M5 Max
backend=rust-wgpu frame=2 size=500x500 output=target/renderer-corpus/riv-clip_tests-frame-2-msaa.png
exact riv-clip_tests-frame-2-msaa: byte-exact=true different-pixels=0 max-channel-delta=0
adapter=Apple M5 Max
backend=rust-wgpu frame=3 size=500x500 output=target/renderer-corpus/riv-clip_tests-frame-3-clockwise-atomic.png
exact riv-clip_tests-frame-3-clockwise-atomic: byte-exact=true different-pixels=0 max-channel-delta=0
adapter=Apple M5 Max
backend=rust-wgpu frame=3 size=500x500 output=target/renderer-corpus/riv-clip_tests-frame-3-msaa.png
exact riv-clip_tests-frame-3-msaa: byte-exact=true different-pixels=0 max-channel-delta=0
adapter=Apple M5 Max
backend=rust-wgpu frame=4 size=500x500 output=target/renderer-corpus/riv-clip_tests-frame-4-clockwise-atomic.png
exact riv-clip_tests-frame-4-clockwise-atomic: byte-exact=true different-pixels=0 max-channel-delta=0
adapter=Apple M5 Max
backend=rust-wgpu frame=4 size=500x500 output=target/renderer-corpus/riv-clip_tests-frame-4-msaa.png
exact riv-clip_tests-frame-4-msaa: byte-exact=true different-pixels=0 max-channel-delta=0
adapter=Apple M5 Max
backend=rust-wgpu frame=0 size=786x786 output=target/renderer-corpus/riv-clipping_and_draw_order-frame-0-clockwise-atomic.png
exact riv-clipping_and_draw_order-frame-0-clockwise-atomic: byte-exact=false different-pixels=18 max-channel-delta=10
adapter=Apple M5 Max
backend=rust-wgpu frame=0 size=786x786 output=target/renderer-corpus/riv-clipping_and_draw_order-frame-0-msaa.png
exact riv-clipping_and_draw_order-frame-0-msaa: byte-exact=true different-pixels=0 max-channel-delta=0
adapter=Apple M5 Max
backend=rust-wgpu frame=0 size=92x92 output=target/renderer-corpus/riv-coin-frame-0-clockwise-atomic.png
exact riv-coin-frame-0-clockwise-atomic: byte-exact=true different-pixels=0 max-channel-delta=0
adapter=Apple M5 Max
backend=rust-wgpu frame=0 size=92x92 output=target/renderer-corpus/riv-coin-frame-0-msaa.png
exact riv-coin-frame-0-msaa: byte-exact=true different-pixels=0 max-channel-delta=0
adapter=Apple M5 Max
backend=rust-wgpu frame=0 size=500x500 output=target/renderer-corpus/riv-collapsable_data_binding-frame-0-clockwise-atomic.png
exact riv-collapsable_data_binding-frame-0-clockwise-atomic: byte-exact=false different-pixels=0 max-channel-delta=1
adapter=Apple M5 Max
backend=rust-wgpu frame=0 size=500x500 output=target/renderer-corpus/riv-collapsable_data_binding-frame-0-msaa.png
exact riv-collapsable_data_binding-frame-0-msaa: byte-exact=true different-pixels=0 max-channel-delta=0
adapter=Apple M5 Max
backend=rust-wgpu frame=0 size=500x500 output=target/renderer-corpus/riv-collapse_data_binds-frame-0-clockwise-atomic.png
exact riv-collapse_data_binds-frame-0-clockwise-atomic: byte-exact=true different-pixels=0 max-channel-delta=0
adapter=Apple M5 Max
backend=rust-wgpu frame=0 size=500x500 output=target/renderer-corpus/riv-collapse_data_binds-frame-0-msaa.png
exact riv-collapse_data_binds-frame-0-msaa: byte-exact=true different-pixels=0 max-channel-delta=0
adapter=Apple M5 Max
backend=rust-wgpu frame=0 size=1500x1500 output=target/renderer-corpus/riv-collapsing_elements-frame-0-clockwise-atomic.png
exact riv-collapsing_elements-frame-0-clockwise-atomic: byte-exact=true different-pixels=0 max-channel-delta=0
adapter=Apple M5 Max
backend=rust-wgpu frame=0 size=1500x1500 output=target/renderer-corpus/riv-collapsing_elements-frame-0-msaa.png
exact riv-collapsing_elements-frame-0-msaa: byte-exact=true different-pixels=0 max-channel-delta=0
adapter=Apple M5 Max
backend=rust-wgpu frame=0 size=500x500 output=target/renderer-corpus/riv-complex_ik_dependency-frame-0-clockwise-atomic.png
exact riv-complex_ik_dependency-frame-0-clockwise-atomic: byte-exact=false different-pixels=0 max-channel-delta=1
adapter=Apple M5 Max
backend=rust-wgpu frame=0 size=500x500 output=target/renderer-corpus/riv-complex_ik_dependency-frame-0-msaa.png
exact riv-complex_ik_dependency-frame-0-msaa: byte-exact=true different-pixels=0 max-channel-delta=0
adapter=Apple M5 Max
backend=rust-wgpu frame=0 size=500x500 output=target/renderer-corpus/riv-component_based_conditions-frame-0-clockwise-atomic.png
exact riv-component_based_conditions-frame-0-clockwise-atomic: byte-exact=false different-pixels=1 max-channel-delta=19
adapter=Apple M5 Max
backend=rust-wgpu frame=0 size=500x500 output=target/renderer-corpus/riv-component_based_conditions-frame-0-msaa.png
exact riv-component_based_conditions-frame-0-msaa: byte-exact=true different-pixels=0 max-channel-delta=0
adapter=Apple M5 Max
backend=rust-wgpu frame=1 size=500x500 output=target/renderer-corpus/riv-component_based_conditions-frame-1-clockwise-atomic.png
exact riv-component_based_conditions-frame-1-clockwise-atomic: byte-exact=false different-pixels=1 max-channel-delta=19
adapter=Apple M5 Max
backend=rust-wgpu frame=1 size=500x500 output=target/renderer-corpus/riv-component_based_conditions-frame-1-msaa.png
exact riv-component_based_conditions-frame-1-msaa: byte-exact=true different-pixels=0 max-channel-delta=0
adapter=Apple M5 Max
backend=rust-wgpu frame=2 size=500x500 output=target/renderer-corpus/riv-component_based_conditions-frame-2-clockwise-atomic.png
exact riv-component_based_conditions-frame-2-clockwise-atomic: byte-exact=false different-pixels=1 max-channel-delta=19
adapter=Apple M5 Max
backend=rust-wgpu frame=2 size=500x500 output=target/renderer-corpus/riv-component_based_conditions-frame-2-msaa.png
exact riv-component_based_conditions-frame-2-msaa: byte-exact=true different-pixels=0 max-channel-delta=0
adapter=Apple M5 Max
backend=rust-wgpu frame=3 size=500x500 output=target/renderer-corpus/riv-component_based_conditions-frame-3-clockwise-atomic.png
exact riv-component_based_conditions-frame-3-clockwise-atomic: byte-exact=false different-pixels=1 max-channel-delta=19
adapter=Apple M5 Max
backend=rust-wgpu frame=3 size=500x500 output=target/renderer-corpus/riv-component_based_conditions-frame-3-msaa.png
exact riv-component_based_conditions-frame-3-msaa: byte-exact=true different-pixels=0 max-channel-delta=0
adapter=Apple M5 Max
backend=rust-wgpu frame=4 size=500x500 output=target/renderer-corpus/riv-component_based_conditions-frame-4-clockwise-atomic.png
exact riv-component_based_conditions-frame-4-clockwise-atomic: byte-exact=false different-pixels=1 max-channel-delta=19
adapter=Apple M5 Max
backend=rust-wgpu frame=4 size=500x500 output=target/renderer-corpus/riv-component_based_conditions-frame-4-msaa.png
exact riv-component_based_conditions-frame-4-msaa: byte-exact=true different-pixels=0 max-channel-delta=0
adapter=Apple M5 Max
backend=rust-wgpu frame=0 size=500x500 output=target/renderer-corpus/riv-component_list_1-frame-0-clockwise-atomic.png
exact riv-component_list_1-frame-0-clockwise-atomic: byte-exact=false different-pixels=0 max-channel-delta=1
adapter=Apple M5 Max
backend=rust-wgpu frame=0 size=500x500 output=target/renderer-corpus/riv-component_list_1-frame-0-msaa.png
exact riv-component_list_1-frame-0-msaa: byte-exact=true different-pixels=0 max-channel-delta=0
adapter=Apple M5 Max
backend=rust-wgpu frame=0 size=500x500 output=target/renderer-corpus/riv-component_list_2-frame-0-clockwise-atomic.png
exact riv-component_list_2-frame-0-clockwise-atomic: byte-exact=false different-pixels=0 max-channel-delta=1
adapter=Apple M5 Max
backend=rust-wgpu frame=0 size=500x500 output=target/renderer-corpus/riv-component_list_2-frame-0-msaa.png
exact riv-component_list_2-frame-0-msaa: byte-exact=true different-pixels=0 max-channel-delta=0
adapter=Apple M5 Max
backend=rust-wgpu frame=1 size=500x500 output=target/renderer-corpus/riv-component_list_2-frame-1-clockwise-atomic.png
exact riv-component_list_2-frame-1-clockwise-atomic: byte-exact=false different-pixels=0 max-channel-delta=1
adapter=Apple M5 Max
backend=rust-wgpu frame=1 size=500x500 output=target/renderer-corpus/riv-component_list_2-frame-1-msaa.png
exact riv-component_list_2-frame-1-msaa: byte-exact=true different-pixels=0 max-channel-delta=0
adapter=Apple M5 Max
backend=rust-wgpu frame=2 size=500x500 output=target/renderer-corpus/riv-component_list_2-frame-2-clockwise-atomic.png
exact riv-component_list_2-frame-2-clockwise-atomic: byte-exact=false different-pixels=0 max-channel-delta=1
adapter=Apple M5 Max
backend=rust-wgpu frame=2 size=500x500 output=target/renderer-corpus/riv-component_list_2-frame-2-msaa.png
exact riv-component_list_2-frame-2-msaa: byte-exact=true different-pixels=0 max-channel-delta=0
adapter=Apple M5 Max
backend=rust-wgpu frame=3 size=500x500 output=target/renderer-corpus/riv-component_list_2-frame-3-clockwise-atomic.png
exact riv-component_list_2-frame-3-clockwise-atomic: byte-exact=false different-pixels=0 max-channel-delta=1
adapter=Apple M5 Max
backend=rust-wgpu frame=3 size=500x500 output=target/renderer-corpus/riv-component_list_2-frame-3-msaa.png
exact riv-component_list_2-frame-3-msaa: byte-exact=true different-pixels=0 max-channel-delta=0
adapter=Apple M5 Max
backend=rust-wgpu frame=4 size=500x500 output=target/renderer-corpus/riv-component_list_2-frame-4-clockwise-atomic.png
exact riv-component_list_2-frame-4-clockwise-atomic: byte-exact=false different-pixels=0 max-channel-delta=1
adapter=Apple M5 Max
backend=rust-wgpu frame=4 size=500x500 output=target/renderer-corpus/riv-component_list_2-frame-4-msaa.png
exact riv-component_list_2-frame-4-msaa: byte-exact=true different-pixels=0 max-channel-delta=0
adapter=Apple M5 Max
backend=rust-wgpu frame=0 size=499x300 output=target/renderer-corpus/riv-component_list_child_origin-frame-0-clockwise-atomic.png
exact riv-component_list_child_origin-frame-0-clockwise-atomic: byte-exact=false different-pixels=0 max-channel-delta=1
adapter=Apple M5 Max
backend=rust-wgpu frame=0 size=499x300 output=target/renderer-corpus/riv-component_list_child_origin-frame-0-msaa.png
exact riv-component_list_child_origin-frame-0-msaa: byte-exact=true different-pixels=0 max-channel-delta=0
adapter=Apple M5 Max
backend=rust-wgpu frame=0 size=500x500 output=target/renderer-corpus/riv-component_list_follow_path-frame-0-clockwise-atomic.png
exact riv-component_list_follow_path-frame-0-clockwise-atomic: byte-exact=false different-pixels=0 max-channel-delta=2
adapter=Apple M5 Max
backend=rust-wgpu frame=0 size=500x500 output=target/renderer-corpus/riv-component_list_follow_path-frame-0-msaa.png
exact riv-component_list_follow_path-frame-0-msaa: byte-exact=true different-pixels=0 max-channel-delta=0
adapter=Apple M5 Max
backend=rust-wgpu frame=0 size=500x500 output=target/renderer-corpus/riv-component_list_follow_path_distance-frame-0-clockwise-atomic.png
exact riv-component_list_follow_path_distance-frame-0-clockwise-atomic: byte-exact=false different-pixels=0 max-channel-delta=1
adapter=Apple M5 Max
backend=rust-wgpu frame=0 size=500x500 output=target/renderer-corpus/riv-component_list_follow_path_distance-frame-0-msaa.png
exact riv-component_list_follow_path_distance-frame-0-msaa: byte-exact=true different-pixels=0 max-channel-delta=0
adapter=Apple M5 Max
backend=rust-wgpu frame=0 size=500x500 output=target/renderer-corpus/riv-component_list_grouped-frame-0-clockwise-atomic.png
exact riv-component_list_grouped-frame-0-clockwise-atomic: byte-exact=false different-pixels=16 max-channel-delta=44
adapter=Apple M5 Max
backend=rust-wgpu frame=0 size=500x500 output=target/renderer-corpus/riv-component_list_grouped-frame-0-msaa.png
exact riv-component_list_grouped-frame-0-msaa: byte-exact=true different-pixels=0 max-channel-delta=0
adapter=Apple M5 Max
backend=rust-wgpu frame=1 size=500x500 output=target/renderer-corpus/riv-component_list_grouped-frame-1-clockwise-atomic.png
exact riv-component_list_grouped-frame-1-clockwise-atomic: byte-exact=false different-pixels=16 max-channel-delta=44
adapter=Apple M5 Max
backend=rust-wgpu frame=1 size=500x500 output=target/renderer-corpus/riv-component_list_grouped-frame-1-msaa.png
exact riv-component_list_grouped-frame-1-msaa: byte-exact=true different-pixels=0 max-channel-delta=0
adapter=Apple M5 Max
backend=rust-wgpu frame=2 size=500x500 output=target/renderer-corpus/riv-component_list_grouped-frame-2-clockwise-atomic.png
exact riv-component_list_grouped-frame-2-clockwise-atomic: byte-exact=false different-pixels=16 max-channel-delta=44
adapter=Apple M5 Max
backend=rust-wgpu frame=2 size=500x500 output=target/renderer-corpus/riv-component_list_grouped-frame-2-msaa.png
exact riv-component_list_grouped-frame-2-msaa: byte-exact=true different-pixels=0 max-channel-delta=0
adapter=Apple M5 Max
backend=rust-wgpu frame=3 size=500x500 output=target/renderer-corpus/riv-component_list_grouped-frame-3-clockwise-atomic.png
exact riv-component_list_grouped-frame-3-clockwise-atomic: byte-exact=false different-pixels=16 max-channel-delta=44
adapter=Apple M5 Max
backend=rust-wgpu frame=3 size=500x500 output=target/renderer-corpus/riv-component_list_grouped-frame-3-msaa.png
exact riv-component_list_grouped-frame-3-msaa: byte-exact=true different-pixels=0 max-channel-delta=0
adapter=Apple M5 Max
backend=rust-wgpu frame=4 size=500x500 output=target/renderer-corpus/riv-component_list_grouped-frame-4-clockwise-atomic.png
exact riv-component_list_grouped-frame-4-clockwise-atomic: byte-exact=false different-pixels=16 max-channel-delta=44
adapter=Apple M5 Max
backend=rust-wgpu frame=4 size=500x500 output=target/renderer-corpus/riv-component_list_grouped-frame-4-msaa.png
exact riv-component_list_grouped-frame-4-msaa: byte-exact=true different-pixels=0 max-channel-delta=0
adapter=Apple M5 Max
backend=rust-wgpu frame=0 size=500x500 output=target/renderer-corpus/riv-component_list_hit_order-frame-0-clockwise-atomic.png
exact riv-component_list_hit_order-frame-0-clockwise-atomic: byte-exact=false different-pixels=0 max-channel-delta=1
adapter=Apple M5 Max
backend=rust-wgpu frame=0 size=500x500 output=target/renderer-corpus/riv-component_list_hit_order-frame-0-msaa.png
exact riv-component_list_hit_order-frame-0-msaa: byte-exact=true different-pixels=0 max-channel-delta=0
adapter=Apple M5 Max
backend=rust-wgpu frame=1 size=500x500 output=target/renderer-corpus/riv-component_list_hit_order-frame-1-clockwise-atomic.png
exact riv-component_list_hit_order-frame-1-clockwise-atomic: byte-exact=false different-pixels=0 max-channel-delta=1
adapter=Apple M5 Max
backend=rust-wgpu frame=1 size=500x500 output=target/renderer-corpus/riv-component_list_hit_order-frame-1-msaa.png
exact riv-component_list_hit_order-frame-1-msaa: byte-exact=true different-pixels=0 max-channel-delta=0
adapter=Apple M5 Max
backend=rust-wgpu frame=2 size=500x500 output=target/renderer-corpus/riv-component_list_hit_order-frame-2-clockwise-atomic.png
exact riv-component_list_hit_order-frame-2-clockwise-atomic: byte-exact=false different-pixels=0 max-channel-delta=1
adapter=Apple M5 Max
backend=rust-wgpu frame=2 size=500x500 output=target/renderer-corpus/riv-component_list_hit_order-frame-2-msaa.png
exact riv-component_list_hit_order-frame-2-msaa: byte-exact=true different-pixels=0 max-channel-delta=0
adapter=Apple M5 Max
backend=rust-wgpu frame=3 size=500x500 output=target/renderer-corpus/riv-component_list_hit_order-frame-3-clockwise-atomic.png
exact riv-component_list_hit_order-frame-3-clockwise-atomic: byte-exact=false different-pixels=0 max-channel-delta=1
adapter=Apple M5 Max
backend=rust-wgpu frame=3 size=500x500 output=target/renderer-corpus/riv-component_list_hit_order-frame-3-msaa.png
exact riv-component_list_hit_order-frame-3-msaa: byte-exact=true different-pixels=0 max-channel-delta=0
adapter=Apple M5 Max
backend=rust-wgpu frame=4 size=500x500 output=target/renderer-corpus/riv-component_list_hit_order-frame-4-clockwise-atomic.png
exact riv-component_list_hit_order-frame-4-clockwise-atomic: byte-exact=false different-pixels=0 max-channel-delta=1
adapter=Apple M5 Max
backend=rust-wgpu frame=4 size=500x500 output=target/renderer-corpus/riv-component_list_hit_order-frame-4-msaa.png
exact riv-component_list_hit_order-frame-4-msaa: byte-exact=true different-pixels=0 max-channel-delta=0
adapter=Apple M5 Max
backend=rust-wgpu frame=0 size=500x200 output=target/renderer-corpus/riv-component_list_virtualized-frame-0-clockwise-atomic.png
exact riv-component_list_virtualized-frame-0-clockwise-atomic: byte-exact=false different-pixels=0 max-channel-delta=1
adapter=Apple M5 Max
backend=rust-wgpu frame=0 size=500x200 output=target/renderer-corpus/riv-component_list_virtualized-frame-0-msaa.png
exact riv-component_list_virtualized-frame-0-msaa: byte-exact=true different-pixels=0 max-channel-delta=0
adapter=Apple M5 Max
backend=rust-wgpu frame=0 size=500x500 output=target/renderer-corpus/riv-component_stateful-frame-0-clockwise-atomic.png
exact riv-component_stateful-frame-0-clockwise-atomic: byte-exact=true different-pixels=0 max-channel-delta=0
adapter=Apple M5 Max
backend=rust-wgpu frame=0 size=500x500 output=target/renderer-corpus/riv-component_stateful-frame-0-msaa.png
exact riv-component_stateful-frame-0-msaa: byte-exact=true different-pixels=0 max-channel-delta=0
adapter=Apple M5 Max
backend=rust-wgpu frame=0 size=500x500 output=target/renderer-corpus/riv-component_stateful_vm_instance-frame-0-clockwise-atomic.png
exact riv-component_stateful_vm_instance-frame-0-clockwise-atomic: byte-exact=false different-pixels=8 max-channel-delta=107
adapter=Apple M5 Max
backend=rust-wgpu frame=0 size=500x500 output=target/renderer-corpus/riv-component_stateful_vm_instance-frame-0-msaa.png
exact riv-component_stateful_vm_instance-frame-0-msaa: byte-exact=true different-pixels=0 max-channel-delta=0
adapter=Apple M5 Max
backend=rust-wgpu frame=0 size=500x500 output=target/renderer-corpus/riv-component_stateful_vm_instance_2-frame-0-clockwise-atomic.png
exact riv-component_stateful_vm_instance_2-frame-0-clockwise-atomic: byte-exact=false different-pixels=0 max-channel-delta=1
adapter=Apple M5 Max
backend=rust-wgpu frame=0 size=500x500 output=target/renderer-corpus/riv-component_stateful_vm_instance_2-frame-0-msaa.png
exact riv-component_stateful_vm_instance_2-frame-0-msaa: byte-exact=true different-pixels=0 max-channel-delta=0
adapter=Apple M5 Max
backend=rust-wgpu frame=0 size=732x713 output=target/renderer-corpus/riv-computed_root_transform-frame-0-clockwise-atomic.png
exact riv-computed_root_transform-frame-0-clockwise-atomic: byte-exact=false different-pixels=1 max-channel-delta=13
adapter=Apple M5 Max
backend=rust-wgpu frame=0 size=732x713 output=target/renderer-corpus/riv-computed_root_transform-frame-0-msaa.png
exact riv-computed_root_transform-frame-0-msaa: byte-exact=true different-pixels=0 max-channel-delta=0
adapter=Apple M5 Max
backend=rust-wgpu frame=0 size=1000x500 output=target/renderer-corpus/riv-computed_values_test-frame-0-clockwise-atomic.png
exact riv-computed_values_test-frame-0-clockwise-atomic: byte-exact=true different-pixels=0 max-channel-delta=0
adapter=Apple M5 Max
backend=rust-wgpu frame=0 size=1000x500 output=target/renderer-corpus/riv-computed_values_test-frame-0-msaa.png
exact riv-computed_values_test-frame-0-msaa: byte-exact=true different-pixels=0 max-channel-delta=0
adapter=Apple M5 Max
backend=rust-wgpu frame=0 size=500x500 output=target/renderer-corpus/riv-cubic_value_test-frame-0-clockwise-atomic.png
exact riv-cubic_value_test-frame-0-clockwise-atomic: byte-exact=false different-pixels=4 max-channel-delta=44
adapter=Apple M5 Max
backend=rust-wgpu frame=0 size=500x500 output=target/renderer-corpus/riv-cubic_value_test-frame-0-msaa.png
exact riv-cubic_value_test-frame-0-msaa: byte-exact=true different-pixels=0 max-channel-delta=0
adapter=Apple M5 Max
backend=rust-wgpu frame=1 size=500x500 output=target/renderer-corpus/riv-cubic_value_test-frame-1-clockwise-atomic.png
exact riv-cubic_value_test-frame-1-clockwise-atomic: byte-exact=false different-pixels=4 max-channel-delta=44
adapter=Apple M5 Max
backend=rust-wgpu frame=1 size=500x500 output=target/renderer-corpus/riv-cubic_value_test-frame-1-msaa.png
exact riv-cubic_value_test-frame-1-msaa: byte-exact=true different-pixels=0 max-channel-delta=0
adapter=Apple M5 Max
backend=rust-wgpu frame=2 size=500x500 output=target/renderer-corpus/riv-cubic_value_test-frame-2-clockwise-atomic.png
exact riv-cubic_value_test-frame-2-clockwise-atomic: byte-exact=false different-pixels=4 max-channel-delta=44
adapter=Apple M5 Max
backend=rust-wgpu frame=2 size=500x500 output=target/renderer-corpus/riv-cubic_value_test-frame-2-msaa.png
exact riv-cubic_value_test-frame-2-msaa: byte-exact=true different-pixels=0 max-channel-delta=0
adapter=Apple M5 Max
backend=rust-wgpu frame=3 size=500x500 output=target/renderer-corpus/riv-cubic_value_test-frame-3-clockwise-atomic.png
exact riv-cubic_value_test-frame-3-clockwise-atomic: byte-exact=false different-pixels=4 max-channel-delta=44
adapter=Apple M5 Max
backend=rust-wgpu frame=3 size=500x500 output=target/renderer-corpus/riv-cubic_value_test-frame-3-msaa.png
exact riv-cubic_value_test-frame-3-msaa: byte-exact=true different-pixels=0 max-channel-delta=0
adapter=Apple M5 Max
backend=rust-wgpu frame=4 size=500x500 output=target/renderer-corpus/riv-cubic_value_test-frame-4-clockwise-atomic.png
exact riv-cubic_value_test-frame-4-clockwise-atomic: byte-exact=false different-pixels=4 max-channel-delta=44
adapter=Apple M5 Max
backend=rust-wgpu frame=4 size=500x500 output=target/renderer-corpus/riv-cubic_value_test-frame-4-msaa.png
exact riv-cubic_value_test-frame-4-msaa: byte-exact=true different-pixels=0 max-channel-delta=0
adapter=Apple M5 Max
backend=rust-wgpu frame=0 size=500x500 output=target/renderer-corpus/riv-custom_image_name-frame-0-clockwise-atomic.png
exact riv-custom_image_name-frame-0-clockwise-atomic: byte-exact=false different-pixels=0 max-channel-delta=1
adapter=Apple M5 Max
backend=rust-wgpu frame=0 size=500x500 output=target/renderer-corpus/riv-custom_image_name-frame-0-msaa.png
exact riv-custom_image_name-frame-0-msaa: byte-exact=true different-pixels=0 max-channel-delta=0
adapter=Apple M5 Max
backend=rust-wgpu frame=0 size=500x500 output=target/renderer-corpus/riv-custom_property_enum-frame-0-clockwise-atomic.png
exact riv-custom_property_enum-frame-0-clockwise-atomic: byte-exact=false different-pixels=0 max-channel-delta=1
adapter=Apple M5 Max
backend=rust-wgpu frame=0 size=500x500 output=target/renderer-corpus/riv-custom_property_enum-frame-0-msaa.png
exact riv-custom_property_enum-frame-0-msaa: byte-exact=true different-pixels=0 max-channel-delta=0
adapter=Apple M5 Max
backend=rust-wgpu frame=0 size=500x500 output=target/renderer-corpus/riv-custom_property_trigger-frame-0-clockwise-atomic.png
exact riv-custom_property_trigger-frame-0-clockwise-atomic: byte-exact=false different-pixels=7 max-channel-delta=6
adapter=Apple M5 Max
backend=rust-wgpu frame=0 size=500x500 output=target/renderer-corpus/riv-custom_property_trigger-frame-0-msaa.png
exact riv-custom_property_trigger-frame-0-msaa: byte-exact=true different-pixels=0 max-channel-delta=0
adapter=Apple M5 Max
backend=rust-wgpu frame=0 size=500x500 output=target/renderer-corpus/riv-data_bind_artboard_input-frame-0-clockwise-atomic.png
exact riv-data_bind_artboard_input-frame-0-clockwise-atomic: byte-exact=false different-pixels=0 max-channel-delta=1
adapter=Apple M5 Max
backend=rust-wgpu frame=0 size=500x500 output=target/renderer-corpus/riv-data_bind_artboard_input-frame-0-msaa.png
exact riv-data_bind_artboard_input-frame-0-msaa: byte-exact=true different-pixels=0 max-channel-delta=0
adapter=Apple M5 Max
backend=rust-wgpu frame=0 size=500x500 output=target/renderer-corpus/riv-data_bind_solo-frame-0-clockwise-atomic.png
exact riv-data_bind_solo-frame-0-clockwise-atomic: byte-exact=false different-pixels=0 max-channel-delta=1
adapter=Apple M5 Max
backend=rust-wgpu frame=0 size=500x500 output=target/renderer-corpus/riv-data_bind_solo-frame-0-msaa.png
exact riv-data_bind_solo-frame-0-msaa: byte-exact=true different-pixels=0 max-channel-delta=0
adapter=Apple M5 Max
backend=rust-wgpu frame=1 size=500x500 output=target/renderer-corpus/riv-data_bind_solo-frame-1-clockwise-atomic.png
exact riv-data_bind_solo-frame-1-clockwise-atomic: byte-exact=false different-pixels=0 max-channel-delta=1
adapter=Apple M5 Max
backend=rust-wgpu frame=1 size=500x500 output=target/renderer-corpus/riv-data_bind_solo-frame-1-msaa.png
exact riv-data_bind_solo-frame-1-msaa: byte-exact=true different-pixels=0 max-channel-delta=0
adapter=Apple M5 Max
backend=rust-wgpu frame=2 size=500x500 output=target/renderer-corpus/riv-data_bind_solo-frame-2-clockwise-atomic.png
exact riv-data_bind_solo-frame-2-clockwise-atomic: byte-exact=false different-pixels=0 max-channel-delta=1
adapter=Apple M5 Max
backend=rust-wgpu frame=2 size=500x500 output=target/renderer-corpus/riv-data_bind_solo-frame-2-msaa.png
exact riv-data_bind_solo-frame-2-msaa: byte-exact=true different-pixels=0 max-channel-delta=0
adapter=Apple M5 Max
backend=rust-wgpu frame=3 size=500x500 output=target/renderer-corpus/riv-data_bind_solo-frame-3-clockwise-atomic.png
exact riv-data_bind_solo-frame-3-clockwise-atomic: byte-exact=false different-pixels=0 max-channel-delta=1
adapter=Apple M5 Max
backend=rust-wgpu frame=3 size=500x500 output=target/renderer-corpus/riv-data_bind_solo-frame-3-msaa.png
exact riv-data_bind_solo-frame-3-msaa: byte-exact=true different-pixels=0 max-channel-delta=0
adapter=Apple M5 Max
backend=rust-wgpu frame=4 size=500x500 output=target/renderer-corpus/riv-data_bind_solo-frame-4-clockwise-atomic.png
exact riv-data_bind_solo-frame-4-clockwise-atomic: byte-exact=false different-pixels=0 max-channel-delta=1
adapter=Apple M5 Max
backend=rust-wgpu frame=4 size=500x500 output=target/renderer-corpus/riv-data_bind_solo-frame-4-msaa.png
exact riv-data_bind_solo-frame-4-msaa: byte-exact=true different-pixels=0 max-channel-delta=0
adapter=Apple M5 Max
backend=rust-wgpu frame=0 size=500x500 output=target/renderer-corpus/riv-data_bind_test_cmdq-frame-0-clockwise-atomic.png
exact riv-data_bind_test_cmdq-frame-0-clockwise-atomic: byte-exact=true different-pixels=0 max-channel-delta=0
adapter=Apple M5 Max
backend=rust-wgpu frame=0 size=500x500 output=target/renderer-corpus/riv-data_bind_test_cmdq-frame-0-msaa.png
exact riv-data_bind_test_cmdq-frame-0-msaa: byte-exact=true different-pixels=0 max-channel-delta=0
adapter=Apple M5 Max
backend=rust-wgpu frame=0 size=215x81 output=target/renderer-corpus/riv-data_binding_artboards_source_test-frame-0-clockwise-atomic.png
exact riv-data_binding_artboards_source_test-frame-0-clockwise-atomic: byte-exact=true different-pixels=0 max-channel-delta=0
adapter=Apple M5 Max
backend=rust-wgpu frame=0 size=215x81 output=target/renderer-corpus/riv-data_binding_artboards_source_test-frame-0-msaa.png
exact riv-data_binding_artboards_source_test-frame-0-msaa: byte-exact=true different-pixels=0 max-channel-delta=0
adapter=Apple M5 Max
backend=rust-wgpu frame=0 size=500x500 output=target/renderer-corpus/riv-data_binding_artboards_test-frame-0-clockwise-atomic.png
exact riv-data_binding_artboards_test-frame-0-clockwise-atomic: byte-exact=true different-pixels=0 max-channel-delta=0
adapter=Apple M5 Max
backend=rust-wgpu frame=0 size=500x500 output=target/renderer-corpus/riv-data_binding_artboards_test-frame-0-msaa.png
exact riv-data_binding_artboards_test-frame-0-msaa: byte-exact=true different-pixels=0 max-channel-delta=0
adapter=Apple M5 Max
backend=rust-wgpu frame=0 size=1378x496 output=target/renderer-corpus/riv-data_binding_images_test-frame-0-clockwise-atomic.png
exact riv-data_binding_images_test-frame-0-clockwise-atomic: byte-exact=false different-pixels=0 max-channel-delta=2
adapter=Apple M5 Max
backend=rust-wgpu frame=0 size=1378x496 output=target/renderer-corpus/riv-data_binding_images_test-frame-0-msaa.png
exact riv-data_binding_images_test-frame-0-msaa: byte-exact=true different-pixels=0 max-channel-delta=0
adapter=Apple M5 Max
backend=rust-wgpu frame=0 size=500x500 output=target/renderer-corpus/riv-data_binding_test-frame-0-clockwise-atomic.png
exact riv-data_binding_test-frame-0-clockwise-atomic: byte-exact=true different-pixels=0 max-channel-delta=0
adapter=Apple M5 Max
backend=rust-wgpu frame=0 size=500x500 output=target/renderer-corpus/riv-data_binding_test-frame-0-msaa.png
exact riv-data_binding_test-frame-0-msaa: byte-exact=true different-pixels=0 max-channel-delta=0
adapter=Apple M5 Max
backend=rust-wgpu frame=0 size=500x500 output=target/renderer-corpus/riv-data_binding_test_2-frame-0-clockwise-atomic.png
exact riv-data_binding_test_2-frame-0-clockwise-atomic: byte-exact=false different-pixels=0 max-channel-delta=1
adapter=Apple M5 Max
backend=rust-wgpu frame=0 size=500x500 output=target/renderer-corpus/riv-data_binding_test_2-frame-0-msaa.png
exact riv-data_binding_test_2-frame-0-msaa: byte-exact=true different-pixels=0 max-channel-delta=0
adapter=Apple M5 Max
backend=rust-wgpu frame=1 size=500x500 output=target/renderer-corpus/riv-data_binding_test_2-frame-1-clockwise-atomic.png
exact riv-data_binding_test_2-frame-1-clockwise-atomic: byte-exact=false different-pixels=0 max-channel-delta=1
adapter=Apple M5 Max
backend=rust-wgpu frame=1 size=500x500 output=target/renderer-corpus/riv-data_binding_test_2-frame-1-msaa.png
exact riv-data_binding_test_2-frame-1-msaa: byte-exact=true different-pixels=0 max-channel-delta=0
adapter=Apple M5 Max
backend=rust-wgpu frame=2 size=500x500 output=target/renderer-corpus/riv-data_binding_test_2-frame-2-clockwise-atomic.png
exact riv-data_binding_test_2-frame-2-clockwise-atomic: byte-exact=false different-pixels=0 max-channel-delta=1
adapter=Apple M5 Max
backend=rust-wgpu frame=2 size=500x500 output=target/renderer-corpus/riv-data_binding_test_2-frame-2-msaa.png
exact riv-data_binding_test_2-frame-2-msaa: byte-exact=true different-pixels=0 max-channel-delta=0
adapter=Apple M5 Max
backend=rust-wgpu frame=3 size=500x500 output=target/renderer-corpus/riv-data_binding_test_2-frame-3-clockwise-atomic.png
exact riv-data_binding_test_2-frame-3-clockwise-atomic: byte-exact=false different-pixels=0 max-channel-delta=1
adapter=Apple M5 Max
backend=rust-wgpu frame=3 size=500x500 output=target/renderer-corpus/riv-data_binding_test_2-frame-3-msaa.png
exact riv-data_binding_test_2-frame-3-msaa: byte-exact=true different-pixels=0 max-channel-delta=0
adapter=Apple M5 Max
backend=rust-wgpu frame=4 size=500x500 output=target/renderer-corpus/riv-data_binding_test_2-frame-4-clockwise-atomic.png
exact riv-data_binding_test_2-frame-4-clockwise-atomic: byte-exact=false different-pixels=0 max-channel-delta=1
adapter=Apple M5 Max
backend=rust-wgpu frame=4 size=500x500 output=target/renderer-corpus/riv-data_binding_test_2-frame-4-msaa.png
exact riv-data_binding_test_2-frame-4-msaa: byte-exact=true different-pixels=0 max-channel-delta=0
adapter=Apple M5 Max
backend=rust-wgpu frame=0 size=500x500 output=target/renderer-corpus/riv-data_binding_test_3-frame-0-clockwise-atomic.png
exact riv-data_binding_test_3-frame-0-clockwise-atomic: byte-exact=false different-pixels=0 max-channel-delta=1
adapter=Apple M5 Max
backend=rust-wgpu frame=0 size=500x500 output=target/renderer-corpus/riv-data_binding_test_3-frame-0-msaa.png
exact riv-data_binding_test_3-frame-0-msaa: byte-exact=true different-pixels=0 max-channel-delta=0
adapter=Apple M5 Max
backend=rust-wgpu frame=0 size=500x500 output=target/renderer-corpus/riv-data_binding_test_triggers-frame-0-clockwise-atomic.png
exact riv-data_binding_test_triggers-frame-0-clockwise-atomic: byte-exact=false different-pixels=0 max-channel-delta=1
adapter=Apple M5 Max
backend=rust-wgpu frame=0 size=500x500 output=target/renderer-corpus/riv-data_binding_test_triggers-frame-0-msaa.png
exact riv-data_binding_test_triggers-frame-0-msaa: byte-exact=true different-pixels=0 max-channel-delta=0
adapter=Apple M5 Max
backend=rust-wgpu frame=0 size=500x500 output=target/renderer-corpus/riv-data_converter_interpolator_reset-frame-0-clockwise-atomic.png
exact riv-data_converter_interpolator_reset-frame-0-clockwise-atomic: byte-exact=false different-pixels=0 max-channel-delta=1
adapter=Apple M5 Max
backend=rust-wgpu frame=0 size=500x500 output=target/renderer-corpus/riv-data_converter_interpolator_reset-frame-0-msaa.png
exact riv-data_converter_interpolator_reset-frame-0-msaa: byte-exact=true different-pixels=0 max-channel-delta=0
adapter=Apple M5 Max
backend=rust-wgpu frame=0 size=500x500 output=target/renderer-corpus/riv-data_converter_to_number-frame-0-clockwise-atomic.png
exact riv-data_converter_to_number-frame-0-clockwise-atomic: byte-exact=true different-pixels=0 max-channel-delta=0
adapter=Apple M5 Max
backend=rust-wgpu frame=0 size=500x500 output=target/renderer-corpus/riv-data_converter_to_number-frame-0-msaa.png
exact riv-data_converter_to_number-frame-0-msaa: byte-exact=true different-pixels=0 max-channel-delta=0
adapter=Apple M5 Max
backend=rust-wgpu frame=0 size=772x1058 output=target/renderer-corpus/riv-data_viz_demo-frame-0-clockwise-atomic.png
exact riv-data_viz_demo-frame-0-clockwise-atomic: byte-exact=false different-pixels=0 max-channel-delta=2
adapter=Apple M5 Max
backend=rust-wgpu frame=0 size=772x1058 output=target/renderer-corpus/riv-data_viz_demo-frame-0-msaa.png
exact riv-data_viz_demo-frame-0-msaa: byte-exact=false different-pixels=0 max-channel-delta=1
adapter=Apple M5 Max
backend=rust-wgpu frame=0 size=500x500 output=target/renderer-corpus/riv-databind_artboard-frame-0-clockwise-atomic.png
exact riv-databind_artboard-frame-0-clockwise-atomic: byte-exact=false different-pixels=0 max-channel-delta=1
adapter=Apple M5 Max
backend=rust-wgpu frame=0 size=500x500 output=target/renderer-corpus/riv-databind_artboard-frame-0-msaa.png
exact riv-databind_artboard-frame-0-msaa: byte-exact=true different-pixels=0 max-channel-delta=0
adapter=Apple M5 Max
backend=rust-wgpu frame=0 size=300x200 output=target/renderer-corpus/riv-databind_external_artboard_child-frame-0-clockwise-atomic.png
exact riv-databind_external_artboard_child-frame-0-clockwise-atomic: byte-exact=false different-pixels=0 max-channel-delta=1
adapter=Apple M5 Max
backend=rust-wgpu frame=0 size=300x200 output=target/renderer-corpus/riv-databind_external_artboard_child-frame-0-msaa.png
exact riv-databind_external_artboard_child-frame-0-msaa: byte-exact=true different-pixels=0 max-channel-delta=0
adapter=Apple M5 Max
backend=rust-wgpu frame=0 size=500x500 output=target/renderer-corpus/riv-databind_external_artboard_main-frame-0-clockwise-atomic.png
exact riv-databind_external_artboard_main-frame-0-clockwise-atomic: byte-exact=true different-pixels=0 max-channel-delta=0
adapter=Apple M5 Max
backend=rust-wgpu frame=0 size=500x500 output=target/renderer-corpus/riv-databind_external_artboard_main-frame-0-msaa.png
exact riv-databind_external_artboard_main-frame-0-msaa: byte-exact=true different-pixels=0 max-channel-delta=0
adapter=Apple M5 Max
backend=rust-wgpu frame=0 size=500x500 output=target/renderer-corpus/riv-databind_solo_to_enum-frame-0-clockwise-atomic.png
exact riv-databind_solo_to_enum-frame-0-clockwise-atomic: byte-exact=true different-pixels=0 max-channel-delta=0
adapter=Apple M5 Max
backend=rust-wgpu frame=0 size=500x500 output=target/renderer-corpus/riv-databind_solo_to_enum-frame-0-msaa.png
exact riv-databind_solo_to_enum-frame-0-msaa: byte-exact=true different-pixels=0 max-channel-delta=0
adapter=Apple M5 Max
backend=rust-wgpu frame=0 size=500x500 output=target/renderer-corpus/riv-databind_viewmodel-frame-0-clockwise-atomic.png
exact riv-databind_viewmodel-frame-0-clockwise-atomic: byte-exact=true different-pixels=0 max-channel-delta=0
adapter=Apple M5 Max
backend=rust-wgpu frame=0 size=500x500 output=target/renderer-corpus/riv-databind_viewmodel-frame-0-msaa.png
exact riv-databind_viewmodel-frame-0-msaa: byte-exact=true different-pixels=0 max-channel-delta=0
adapter=Apple M5 Max
backend=rust-wgpu frame=1 size=500x500 output=target/renderer-corpus/riv-databind_viewmodel-frame-1-clockwise-atomic.png
exact riv-databind_viewmodel-frame-1-clockwise-atomic: byte-exact=true different-pixels=0 max-channel-delta=0
adapter=Apple M5 Max
backend=rust-wgpu frame=1 size=500x500 output=target/renderer-corpus/riv-databind_viewmodel-frame-1-msaa.png
exact riv-databind_viewmodel-frame-1-msaa: byte-exact=true different-pixels=0 max-channel-delta=0
adapter=Apple M5 Max
backend=rust-wgpu frame=0 size=1080x1920 output=target/renderer-corpus/riv-db_health_tracker-frame-0-clockwise-atomic.png
exact riv-db_health_tracker-frame-0-clockwise-atomic: byte-exact=true different-pixels=0 max-channel-delta=0
adapter=Apple M5 Max
backend=rust-wgpu frame=0 size=1080x1920 output=target/renderer-corpus/riv-db_health_tracker-frame-0-msaa.png
exact riv-db_health_tracker-frame-0-msaa: byte-exact=true different-pixels=0 max-channel-delta=0
adapter=Apple M5 Max
backend=rust-wgpu frame=0 size=500x500 output=target/renderer-corpus/riv-death_knight-frame-0-clockwise-atomic.png
exact riv-death_knight-frame-0-clockwise-atomic: byte-exact=false different-pixels=0 max-channel-delta=2
adapter=Apple M5 Max
backend=rust-wgpu frame=0 size=500x500 output=target/renderer-corpus/riv-death_knight-frame-0-msaa.png
exact riv-death_knight-frame-0-msaa: byte-exact=false different-pixels=0 max-channel-delta=1
adapter=Apple M5 Max
backend=rust-wgpu frame=0 size=800x800 output=target/renderer-corpus/riv-dependency_test-frame-0-clockwise-atomic.png
exact riv-dependency_test-frame-0-clockwise-atomic: byte-exact=false different-pixels=0 max-channel-delta=1
adapter=Apple M5 Max
backend=rust-wgpu frame=0 size=800x800 output=target/renderer-corpus/riv-dependency_test-frame-0-msaa.png
exact riv-dependency_test-frame-0-msaa: byte-exact=true different-pixels=0 max-channel-delta=0
adapter=Apple M5 Max
backend=rust-wgpu frame=1 size=800x800 output=target/renderer-corpus/riv-dependency_test-frame-1-clockwise-atomic.png
exact riv-dependency_test-frame-1-clockwise-atomic: byte-exact=false different-pixels=0 max-channel-delta=1
adapter=Apple M5 Max
backend=rust-wgpu frame=1 size=800x800 output=target/renderer-corpus/riv-dependency_test-frame-1-msaa.png
exact riv-dependency_test-frame-1-msaa: byte-exact=true different-pixels=0 max-channel-delta=0
adapter=Apple M5 Max
backend=rust-wgpu frame=2 size=800x800 output=target/renderer-corpus/riv-dependency_test-frame-2-clockwise-atomic.png
exact riv-dependency_test-frame-2-clockwise-atomic: byte-exact=false different-pixels=0 max-channel-delta=1
adapter=Apple M5 Max
backend=rust-wgpu frame=2 size=800x800 output=target/renderer-corpus/riv-dependency_test-frame-2-msaa.png
exact riv-dependency_test-frame-2-msaa: byte-exact=true different-pixels=0 max-channel-delta=0
adapter=Apple M5 Max
backend=rust-wgpu frame=3 size=800x800 output=target/renderer-corpus/riv-dependency_test-frame-3-clockwise-atomic.png
exact riv-dependency_test-frame-3-clockwise-atomic: byte-exact=false different-pixels=0 max-channel-delta=1
adapter=Apple M5 Max
backend=rust-wgpu frame=3 size=800x800 output=target/renderer-corpus/riv-dependency_test-frame-3-msaa.png
exact riv-dependency_test-frame-3-msaa: byte-exact=true different-pixels=0 max-channel-delta=0
adapter=Apple M5 Max
backend=rust-wgpu frame=4 size=800x800 output=target/renderer-corpus/riv-dependency_test-frame-4-clockwise-atomic.png
exact riv-dependency_test-frame-4-clockwise-atomic: byte-exact=false different-pixels=0 max-channel-delta=1
adapter=Apple M5 Max
backend=rust-wgpu frame=4 size=800x800 output=target/renderer-corpus/riv-dependency_test-frame-4-msaa.png
exact riv-dependency_test-frame-4-msaa: byte-exact=true different-pixels=0 max-channel-delta=0
adapter=Apple M5 Max
backend=rust-wgpu frame=0 size=500x500 output=target/renderer-corpus/riv-deterministic_mode-frame-0-clockwise-atomic.png
exact riv-deterministic_mode-frame-0-clockwise-atomic: byte-exact=false different-pixels=0 max-channel-delta=1
adapter=Apple M5 Max
backend=rust-wgpu frame=0 size=500x500 output=target/renderer-corpus/riv-deterministic_mode-frame-0-msaa.png
exact riv-deterministic_mode-frame-0-msaa: byte-exact=true different-pixels=0 max-channel-delta=0
adapter=Apple M5 Max
backend=rust-wgpu frame=0 size=383x298 output=target/renderer-corpus/riv-distance_constraint-frame-0-clockwise-atomic.png
exact riv-distance_constraint-frame-0-clockwise-atomic: byte-exact=false different-pixels=2 max-channel-delta=3
adapter=Apple M5 Max
backend=rust-wgpu frame=0 size=383x298 output=target/renderer-corpus/riv-distance_constraint-frame-0-msaa.png
exact riv-distance_constraint-frame-0-msaa: byte-exact=true different-pixels=0 max-channel-delta=0
adapter=Apple M5 Max
backend=rust-wgpu frame=0 size=500x500 output=target/renderer-corpus/riv-double_library_with_image-frame-0-clockwise-atomic.png
exact riv-double_library_with_image-frame-0-clockwise-atomic: byte-exact=false different-pixels=0 max-channel-delta=1
adapter=Apple M5 Max
backend=rust-wgpu frame=0 size=500x500 output=target/renderer-corpus/riv-double_library_with_image-frame-0-msaa.png
exact riv-double_library_with_image-frame-0-msaa: byte-exact=true different-pixels=0 max-channel-delta=0
adapter=Apple M5 Max
backend=rust-wgpu frame=0 size=500x500 output=target/renderer-corpus/riv-double_line-frame-0-clockwise-atomic.png
exact riv-double_line-frame-0-clockwise-atomic: byte-exact=true different-pixels=0 max-channel-delta=0
adapter=Apple M5 Max
backend=rust-wgpu frame=0 size=500x500 output=target/renderer-corpus/riv-double_line-frame-0-msaa.png
exact riv-double_line-frame-0-msaa: byte-exact=true different-pixels=0 max-channel-delta=0
adapter=Apple M5 Max
backend=rust-wgpu frame=0 size=500x500 output=target/renderer-corpus/riv-drag_event-frame-0-clockwise-atomic.png
exact riv-drag_event-frame-0-clockwise-atomic: byte-exact=false different-pixels=4 max-channel-delta=58
adapter=Apple M5 Max
backend=rust-wgpu frame=0 size=500x500 output=target/renderer-corpus/riv-drag_event-frame-0-msaa.png
exact riv-drag_event-frame-0-msaa: byte-exact=true different-pixels=0 max-channel-delta=0
adapter=Apple M5 Max
backend=rust-wgpu frame=0 size=200x100 output=target/renderer-corpus/riv-draw_index_list-frame-0-clockwise-atomic.png
exact riv-draw_index_list-frame-0-clockwise-atomic: byte-exact=false different-pixels=0 max-channel-delta=1
adapter=Apple M5 Max
backend=rust-wgpu frame=0 size=200x100 output=target/renderer-corpus/riv-draw_index_list-frame-0-msaa.png
exact riv-draw_index_list-frame-0-msaa: byte-exact=true different-pixels=0 max-channel-delta=0
adapter=Apple M5 Max
backend=rust-wgpu frame=0 size=526x508 output=target/renderer-corpus/riv-draw_rule_cycle-frame-0-clockwise-atomic.png
exact riv-draw_rule_cycle-frame-0-clockwise-atomic: byte-exact=true different-pixels=0 max-channel-delta=0
adapter=Apple M5 Max
backend=rust-wgpu frame=0 size=526x508 output=target/renderer-corpus/riv-draw_rule_cycle-frame-0-msaa.png
exact riv-draw_rule_cycle-frame-0-msaa: byte-exact=true different-pixels=0 max-channel-delta=0
adapter=Apple M5 Max
backend=rust-wgpu frame=1 size=526x508 output=target/renderer-corpus/riv-draw_rule_cycle-frame-1-clockwise-atomic.png
exact riv-draw_rule_cycle-frame-1-clockwise-atomic: byte-exact=true different-pixels=0 max-channel-delta=0
adapter=Apple M5 Max
backend=rust-wgpu frame=1 size=526x508 output=target/renderer-corpus/riv-draw_rule_cycle-frame-1-msaa.png
exact riv-draw_rule_cycle-frame-1-msaa: byte-exact=true different-pixels=0 max-channel-delta=0
adapter=Apple M5 Max
backend=rust-wgpu frame=2 size=526x508 output=target/renderer-corpus/riv-draw_rule_cycle-frame-2-clockwise-atomic.png
exact riv-draw_rule_cycle-frame-2-clockwise-atomic: byte-exact=true different-pixels=0 max-channel-delta=0
adapter=Apple M5 Max
backend=rust-wgpu frame=2 size=526x508 output=target/renderer-corpus/riv-draw_rule_cycle-frame-2-msaa.png
exact riv-draw_rule_cycle-frame-2-msaa: byte-exact=true different-pixels=0 max-channel-delta=0
adapter=Apple M5 Max
backend=rust-wgpu frame=3 size=526x508 output=target/renderer-corpus/riv-draw_rule_cycle-frame-3-clockwise-atomic.png
exact riv-draw_rule_cycle-frame-3-clockwise-atomic: byte-exact=true different-pixels=0 max-channel-delta=0
adapter=Apple M5 Max
backend=rust-wgpu frame=3 size=526x508 output=target/renderer-corpus/riv-draw_rule_cycle-frame-3-msaa.png
exact riv-draw_rule_cycle-frame-3-msaa: byte-exact=true different-pixels=0 max-channel-delta=0
adapter=Apple M5 Max
backend=rust-wgpu frame=4 size=526x508 output=target/renderer-corpus/riv-draw_rule_cycle-frame-4-clockwise-atomic.png
exact riv-draw_rule_cycle-frame-4-clockwise-atomic: byte-exact=true different-pixels=0 max-channel-delta=0
adapter=Apple M5 Max
backend=rust-wgpu frame=4 size=526x508 output=target/renderer-corpus/riv-draw_rule_cycle-frame-4-msaa.png
exact riv-draw_rule_cycle-frame-4-msaa: byte-exact=true different-pixels=0 max-channel-delta=0
adapter=Apple M5 Max
backend=rust-wgpu frame=0 size=1024x884 output=target/renderer-corpus/riv-echo_show_demo-frame-0-clockwise-atomic.png
exact riv-echo_show_demo-frame-0-clockwise-atomic: byte-exact=false different-pixels=0 max-channel-delta=2
adapter=Apple M5 Max
backend=rust-wgpu frame=0 size=1024x884 output=target/renderer-corpus/riv-echo_show_demo-frame-0-msaa.png
exact riv-echo_show_demo-frame-0-msaa: byte-exact=false different-pixels=0 max-channel-delta=1
adapter=Apple M5 Max
backend=rust-wgpu frame=0 size=500x500 output=target/renderer-corpus/riv-ellipsis-frame-0-clockwise-atomic.png
exact riv-ellipsis-frame-0-clockwise-atomic: byte-exact=true different-pixels=0 max-channel-delta=0
adapter=Apple M5 Max
backend=rust-wgpu frame=0 size=500x500 output=target/renderer-corpus/riv-ellipsis-frame-0-msaa.png
exact riv-ellipsis-frame-0-msaa: byte-exact=true different-pixels=0 max-channel-delta=0
adapter=Apple M5 Max
backend=rust-wgpu frame=0 size=500x500 output=target/renderer-corpus/riv-entry-frame-0-clockwise-atomic.png
exact riv-entry-frame-0-clockwise-atomic: byte-exact=false different-pixels=8 max-channel-delta=21
adapter=Apple M5 Max
backend=rust-wgpu frame=0 size=500x500 output=target/renderer-corpus/riv-entry-frame-0-msaa.png
exact riv-entry-frame-0-msaa: byte-exact=true different-pixels=0 max-channel-delta=0
adapter=Apple M5 Max
backend=rust-wgpu frame=0 size=500x500 output=target/renderer-corpus/riv-event_on_listener-frame-0-clockwise-atomic.png
exact riv-event_on_listener-frame-0-clockwise-atomic: byte-exact=false different-pixels=1 max-channel-delta=17
adapter=Apple M5 Max
backend=rust-wgpu frame=0 size=500x500 output=target/renderer-corpus/riv-event_on_listener-frame-0-msaa.png
exact riv-event_on_listener-frame-0-msaa: byte-exact=true different-pixels=0 max-channel-delta=0
adapter=Apple M5 Max
backend=rust-wgpu frame=1 size=500x500 output=target/renderer-corpus/riv-event_on_listener-frame-1-clockwise-atomic.png
exact riv-event_on_listener-frame-1-clockwise-atomic: byte-exact=false different-pixels=1 max-channel-delta=17
adapter=Apple M5 Max
backend=rust-wgpu frame=1 size=500x500 output=target/renderer-corpus/riv-event_on_listener-frame-1-msaa.png
exact riv-event_on_listener-frame-1-msaa: byte-exact=true different-pixels=0 max-channel-delta=0
adapter=Apple M5 Max
backend=rust-wgpu frame=2 size=500x500 output=target/renderer-corpus/riv-event_on_listener-frame-2-clockwise-atomic.png
exact riv-event_on_listener-frame-2-clockwise-atomic: byte-exact=false different-pixels=1 max-channel-delta=17
adapter=Apple M5 Max
backend=rust-wgpu frame=2 size=500x500 output=target/renderer-corpus/riv-event_on_listener-frame-2-msaa.png
exact riv-event_on_listener-frame-2-msaa: byte-exact=true different-pixels=0 max-channel-delta=0
adapter=Apple M5 Max
backend=rust-wgpu frame=3 size=500x500 output=target/renderer-corpus/riv-event_on_listener-frame-3-clockwise-atomic.png
exact riv-event_on_listener-frame-3-clockwise-atomic: byte-exact=false different-pixels=1 max-channel-delta=17
adapter=Apple M5 Max
backend=rust-wgpu frame=3 size=500x500 output=target/renderer-corpus/riv-event_on_listener-frame-3-msaa.png
exact riv-event_on_listener-frame-3-msaa: byte-exact=true different-pixels=0 max-channel-delta=0
adapter=Apple M5 Max
backend=rust-wgpu frame=4 size=500x500 output=target/renderer-corpus/riv-event_on_listener-frame-4-clockwise-atomic.png
exact riv-event_on_listener-frame-4-clockwise-atomic: byte-exact=false different-pixels=1 max-channel-delta=17
adapter=Apple M5 Max
backend=rust-wgpu frame=4 size=500x500 output=target/renderer-corpus/riv-event_on_listener-frame-4-msaa.png
exact riv-event_on_listener-frame-4-msaa: byte-exact=true different-pixels=0 max-channel-delta=0
adapter=Apple M5 Max
backend=rust-wgpu frame=5 size=500x500 output=target/renderer-corpus/riv-event_on_listener-frame-5-clockwise-atomic.png
exact riv-event_on_listener-frame-5-clockwise-atomic: byte-exact=false different-pixels=1 max-channel-delta=17
adapter=Apple M5 Max
backend=rust-wgpu frame=5 size=500x500 output=target/renderer-corpus/riv-event_on_listener-frame-5-msaa.png
exact riv-event_on_listener-frame-5-msaa: byte-exact=true different-pixels=0 max-channel-delta=0
adapter=Apple M5 Max
backend=rust-wgpu frame=6 size=500x500 output=target/renderer-corpus/riv-event_on_listener-frame-6-clockwise-atomic.png
exact riv-event_on_listener-frame-6-clockwise-atomic: byte-exact=false different-pixels=1 max-channel-delta=17
adapter=Apple M5 Max
backend=rust-wgpu frame=6 size=500x500 output=target/renderer-corpus/riv-event_on_listener-frame-6-msaa.png
exact riv-event_on_listener-frame-6-msaa: byte-exact=true different-pixels=0 max-channel-delta=0
adapter=Apple M5 Max
backend=rust-wgpu frame=7 size=500x500 output=target/renderer-corpus/riv-event_on_listener-frame-7-clockwise-atomic.png
exact riv-event_on_listener-frame-7-clockwise-atomic: byte-exact=false different-pixels=1 max-channel-delta=17
adapter=Apple M5 Max
backend=rust-wgpu frame=7 size=500x500 output=target/renderer-corpus/riv-event_on_listener-frame-7-msaa.png
exact riv-event_on_listener-frame-7-msaa: byte-exact=true different-pixels=0 max-channel-delta=0
adapter=Apple M5 Max
backend=rust-wgpu frame=0 size=500x500 output=target/renderer-corpus/riv-event_trigger_event-frame-0-clockwise-atomic.png
exact riv-event_trigger_event-frame-0-clockwise-atomic: byte-exact=false different-pixels=0 max-channel-delta=1
adapter=Apple M5 Max
backend=rust-wgpu frame=0 size=500x500 output=target/renderer-corpus/riv-event_trigger_event-frame-0-msaa.png
exact riv-event_trigger_event-frame-0-msaa: byte-exact=true different-pixels=0 max-channel-delta=0
adapter=Apple M5 Max
backend=rust-wgpu frame=1 size=500x500 output=target/renderer-corpus/riv-event_trigger_event-frame-1-clockwise-atomic.png
exact riv-event_trigger_event-frame-1-clockwise-atomic: byte-exact=false different-pixels=0 max-channel-delta=1
adapter=Apple M5 Max
backend=rust-wgpu frame=1 size=500x500 output=target/renderer-corpus/riv-event_trigger_event-frame-1-msaa.png
exact riv-event_trigger_event-frame-1-msaa: byte-exact=true different-pixels=0 max-channel-delta=0
adapter=Apple M5 Max
backend=rust-wgpu frame=2 size=500x500 output=target/renderer-corpus/riv-event_trigger_event-frame-2-clockwise-atomic.png
exact riv-event_trigger_event-frame-2-clockwise-atomic: byte-exact=false different-pixels=0 max-channel-delta=1
adapter=Apple M5 Max
backend=rust-wgpu frame=2 size=500x500 output=target/renderer-corpus/riv-event_trigger_event-frame-2-msaa.png
exact riv-event_trigger_event-frame-2-msaa: byte-exact=true different-pixels=0 max-channel-delta=0
adapter=Apple M5 Max
backend=rust-wgpu frame=3 size=500x500 output=target/renderer-corpus/riv-event_trigger_event-frame-3-clockwise-atomic.png
exact riv-event_trigger_event-frame-3-clockwise-atomic: byte-exact=false different-pixels=0 max-channel-delta=1
adapter=Apple M5 Max
backend=rust-wgpu frame=3 size=500x500 output=target/renderer-corpus/riv-event_trigger_event-frame-3-msaa.png
exact riv-event_trigger_event-frame-3-msaa: byte-exact=true different-pixels=0 max-channel-delta=0
adapter=Apple M5 Max
backend=rust-wgpu frame=4 size=500x500 output=target/renderer-corpus/riv-event_trigger_event-frame-4-clockwise-atomic.png
exact riv-event_trigger_event-frame-4-clockwise-atomic: byte-exact=false different-pixels=0 max-channel-delta=1
adapter=Apple M5 Max
backend=rust-wgpu frame=4 size=500x500 output=target/renderer-corpus/riv-event_trigger_event-frame-4-msaa.png
exact riv-event_trigger_event-frame-4-msaa: byte-exact=true different-pixels=0 max-channel-delta=0
adapter=Apple M5 Max
backend=rust-wgpu frame=5 size=500x500 output=target/renderer-corpus/riv-event_trigger_event-frame-5-clockwise-atomic.png
exact riv-event_trigger_event-frame-5-clockwise-atomic: byte-exact=false different-pixels=0 max-channel-delta=1
adapter=Apple M5 Max
backend=rust-wgpu frame=5 size=500x500 output=target/renderer-corpus/riv-event_trigger_event-frame-5-msaa.png
exact riv-event_trigger_event-frame-5-msaa: byte-exact=true different-pixels=0 max-channel-delta=0
adapter=Apple M5 Max
backend=rust-wgpu frame=6 size=500x500 output=target/renderer-corpus/riv-event_trigger_event-frame-6-clockwise-atomic.png
exact riv-event_trigger_event-frame-6-clockwise-atomic: byte-exact=false different-pixels=0 max-channel-delta=1
adapter=Apple M5 Max
backend=rust-wgpu frame=6 size=500x500 output=target/renderer-corpus/riv-event_trigger_event-frame-6-msaa.png
exact riv-event_trigger_event-frame-6-msaa: byte-exact=true different-pixels=0 max-channel-delta=0
adapter=Apple M5 Max
backend=rust-wgpu frame=7 size=500x500 output=target/renderer-corpus/riv-event_trigger_event-frame-7-clockwise-atomic.png
exact riv-event_trigger_event-frame-7-clockwise-atomic: byte-exact=false different-pixels=0 max-channel-delta=1
adapter=Apple M5 Max
backend=rust-wgpu frame=7 size=500x500 output=target/renderer-corpus/riv-event_trigger_event-frame-7-msaa.png
exact riv-event_trigger_event-frame-7-msaa: byte-exact=true different-pixels=0 max-channel-delta=0
adapter=Apple M5 Max
backend=rust-wgpu frame=0 size=500x500 output=target/renderer-corpus/riv-events_on_states-frame-0-clockwise-atomic.png
exact riv-events_on_states-frame-0-clockwise-atomic: byte-exact=false different-pixels=1 max-channel-delta=16
adapter=Apple M5 Max
backend=rust-wgpu frame=0 size=500x500 output=target/renderer-corpus/riv-events_on_states-frame-0-msaa.png
exact riv-events_on_states-frame-0-msaa: byte-exact=true different-pixels=0 max-channel-delta=0
adapter=Apple M5 Max
backend=rust-wgpu frame=1 size=500x500 output=target/renderer-corpus/riv-events_on_states-frame-1-clockwise-atomic.png
exact riv-events_on_states-frame-1-clockwise-atomic: byte-exact=false different-pixels=1 max-channel-delta=16
adapter=Apple M5 Max
backend=rust-wgpu frame=1 size=500x500 output=target/renderer-corpus/riv-events_on_states-frame-1-msaa.png
exact riv-events_on_states-frame-1-msaa: byte-exact=true different-pixels=0 max-channel-delta=0
adapter=Apple M5 Max
backend=rust-wgpu frame=2 size=500x500 output=target/renderer-corpus/riv-events_on_states-frame-2-clockwise-atomic.png
exact riv-events_on_states-frame-2-clockwise-atomic: byte-exact=false different-pixels=1 max-channel-delta=16
adapter=Apple M5 Max
backend=rust-wgpu frame=2 size=500x500 output=target/renderer-corpus/riv-events_on_states-frame-2-msaa.png
exact riv-events_on_states-frame-2-msaa: byte-exact=true different-pixels=0 max-channel-delta=0
adapter=Apple M5 Max
backend=rust-wgpu frame=3 size=500x500 output=target/renderer-corpus/riv-events_on_states-frame-3-clockwise-atomic.png
exact riv-events_on_states-frame-3-clockwise-atomic: byte-exact=false different-pixels=1 max-channel-delta=16
adapter=Apple M5 Max
backend=rust-wgpu frame=3 size=500x500 output=target/renderer-corpus/riv-events_on_states-frame-3-msaa.png
exact riv-events_on_states-frame-3-msaa: byte-exact=true different-pixels=0 max-channel-delta=0
adapter=Apple M5 Max
backend=rust-wgpu frame=4 size=500x500 output=target/renderer-corpus/riv-events_on_states-frame-4-clockwise-atomic.png
exact riv-events_on_states-frame-4-clockwise-atomic: byte-exact=false different-pixels=1 max-channel-delta=16
adapter=Apple M5 Max
backend=rust-wgpu frame=4 size=500x500 output=target/renderer-corpus/riv-events_on_states-frame-4-msaa.png
exact riv-events_on_states-frame-4-msaa: byte-exact=true different-pixels=0 max-channel-delta=0
adapter=Apple M5 Max
backend=rust-wgpu frame=5 size=500x500 output=target/renderer-corpus/riv-events_on_states-frame-5-clockwise-atomic.png
exact riv-events_on_states-frame-5-clockwise-atomic: byte-exact=false different-pixels=1 max-channel-delta=16
adapter=Apple M5 Max
backend=rust-wgpu frame=5 size=500x500 output=target/renderer-corpus/riv-events_on_states-frame-5-msaa.png
exact riv-events_on_states-frame-5-msaa: byte-exact=true different-pixels=0 max-channel-delta=0
adapter=Apple M5 Max
backend=rust-wgpu frame=6 size=500x500 output=target/renderer-corpus/riv-events_on_states-frame-6-clockwise-atomic.png
exact riv-events_on_states-frame-6-clockwise-atomic: byte-exact=false different-pixels=1 max-channel-delta=16
adapter=Apple M5 Max
backend=rust-wgpu frame=6 size=500x500 output=target/renderer-corpus/riv-events_on_states-frame-6-msaa.png
exact riv-events_on_states-frame-6-msaa: byte-exact=true different-pixels=0 max-channel-delta=0
adapter=Apple M5 Max
backend=rust-wgpu frame=7 size=500x500 output=target/renderer-corpus/riv-events_on_states-frame-7-clockwise-atomic.png
exact riv-events_on_states-frame-7-clockwise-atomic: byte-exact=false different-pixels=1 max-channel-delta=16
adapter=Apple M5 Max
backend=rust-wgpu frame=7 size=500x500 output=target/renderer-corpus/riv-events_on_states-frame-7-msaa.png
exact riv-events_on_states-frame-7-msaa: byte-exact=true different-pixels=0 max-channel-delta=0
adapter=Apple M5 Max
backend=rust-wgpu frame=0 size=800x200 output=target/renderer-corpus/riv-feather_render_test-frame-0-clockwise-atomic.png
exact riv-feather_render_test-frame-0-clockwise-atomic: byte-exact=false different-pixels=0 max-channel-delta=1
adapter=Apple M5 Max
backend=rust-wgpu frame=0 size=800x200 output=target/renderer-corpus/riv-feather_render_test-frame-0-msaa.png
exact riv-feather_render_test-frame-0-msaa: byte-exact=true different-pixels=0 max-channel-delta=0
adapter=Apple M5 Max
backend=rust-wgpu frame=0 size=1000x500 output=target/renderer-corpus/riv-fill_trim_path-frame-0-clockwise-atomic.png
exact riv-fill_trim_path-frame-0-clockwise-atomic: byte-exact=false different-pixels=0 max-channel-delta=2
adapter=Apple M5 Max
backend=rust-wgpu frame=0 size=1000x500 output=target/renderer-corpus/riv-fill_trim_path-frame-0-msaa.png
exact riv-fill_trim_path-frame-0-msaa: byte-exact=true different-pixels=0 max-channel-delta=0
adapter=Apple M5 Max
backend=rust-wgpu frame=1 size=1000x500 output=target/renderer-corpus/riv-fill_trim_path-frame-1-clockwise-atomic.png
exact riv-fill_trim_path-frame-1-clockwise-atomic: byte-exact=false different-pixels=11 max-channel-delta=5
adapter=Apple M5 Max
backend=rust-wgpu frame=1 size=1000x500 output=target/renderer-corpus/riv-fill_trim_path-frame-1-msaa.png
exact riv-fill_trim_path-frame-1-msaa: byte-exact=true different-pixels=0 max-channel-delta=0
adapter=Apple M5 Max
backend=rust-wgpu frame=2 size=1000x500 output=target/renderer-corpus/riv-fill_trim_path-frame-2-clockwise-atomic.png
exact riv-fill_trim_path-frame-2-clockwise-atomic: byte-exact=false different-pixels=0 max-channel-delta=2
adapter=Apple M5 Max
backend=rust-wgpu frame=2 size=1000x500 output=target/renderer-corpus/riv-fill_trim_path-frame-2-msaa.png
exact riv-fill_trim_path-frame-2-msaa: byte-exact=true different-pixels=0 max-channel-delta=0
adapter=Apple M5 Max
backend=rust-wgpu frame=3 size=1000x500 output=target/renderer-corpus/riv-fill_trim_path-frame-3-clockwise-atomic.png
exact riv-fill_trim_path-frame-3-clockwise-atomic: byte-exact=false different-pixels=11 max-channel-delta=5
adapter=Apple M5 Max
backend=rust-wgpu frame=3 size=1000x500 output=target/renderer-corpus/riv-fill_trim_path-frame-3-msaa.png
exact riv-fill_trim_path-frame-3-msaa: byte-exact=true different-pixels=0 max-channel-delta=0
adapter=Apple M5 Max
backend=rust-wgpu frame=4 size=1000x500 output=target/renderer-corpus/riv-fill_trim_path-frame-4-clockwise-atomic.png
exact riv-fill_trim_path-frame-4-clockwise-atomic: byte-exact=false different-pixels=0 max-channel-delta=2
adapter=Apple M5 Max
backend=rust-wgpu frame=4 size=1000x500 output=target/renderer-corpus/riv-fill_trim_path-frame-4-msaa.png
exact riv-fill_trim_path-frame-4-msaa: byte-exact=true different-pixels=0 max-channel-delta=0
adapter=Apple M5 Max
backend=rust-wgpu frame=0 size=738x500 output=target/renderer-corpus/riv-fit_font_size_test-frame-0-clockwise-atomic.png
exact riv-fit_font_size_test-frame-0-clockwise-atomic: byte-exact=true different-pixels=0 max-channel-delta=0
adapter=Apple M5 Max
backend=rust-wgpu frame=0 size=738x500 output=target/renderer-corpus/riv-fit_font_size_test-frame-0-msaa.png
exact riv-fit_font_size_test-frame-0-msaa: byte-exact=true different-pixels=0 max-channel-delta=0
adapter=Apple M5 Max
backend=rust-wgpu frame=0 size=494x475 output=target/renderer-corpus/riv-fix_rectangle-frame-0-clockwise-atomic.png
exact riv-fix_rectangle-frame-0-clockwise-atomic: byte-exact=false different-pixels=0 max-channel-delta=1
adapter=Apple M5 Max
backend=rust-wgpu frame=0 size=494x475 output=target/renderer-corpus/riv-fix_rectangle-frame-0-msaa.png
exact riv-fix_rectangle-frame-0-msaa: byte-exact=true different-pixels=0 max-channel-delta=0
adapter=Apple M5 Max
backend=rust-wgpu frame=1 size=494x475 output=target/renderer-corpus/riv-fix_rectangle-frame-1-clockwise-atomic.png
exact riv-fix_rectangle-frame-1-clockwise-atomic: byte-exact=false different-pixels=0 max-channel-delta=1
adapter=Apple M5 Max
backend=rust-wgpu frame=1 size=494x475 output=target/renderer-corpus/riv-fix_rectangle-frame-1-msaa.png
exact riv-fix_rectangle-frame-1-msaa: byte-exact=true different-pixels=0 max-channel-delta=0
adapter=Apple M5 Max
backend=rust-wgpu frame=2 size=494x475 output=target/renderer-corpus/riv-fix_rectangle-frame-2-clockwise-atomic.png
exact riv-fix_rectangle-frame-2-clockwise-atomic: byte-exact=false different-pixels=0 max-channel-delta=1
adapter=Apple M5 Max
backend=rust-wgpu frame=2 size=494x475 output=target/renderer-corpus/riv-fix_rectangle-frame-2-msaa.png
exact riv-fix_rectangle-frame-2-msaa: byte-exact=true different-pixels=0 max-channel-delta=0
adapter=Apple M5 Max
backend=rust-wgpu frame=3 size=494x475 output=target/renderer-corpus/riv-fix_rectangle-frame-3-clockwise-atomic.png
exact riv-fix_rectangle-frame-3-clockwise-atomic: byte-exact=false different-pixels=0 max-channel-delta=1
adapter=Apple M5 Max
backend=rust-wgpu frame=3 size=494x475 output=target/renderer-corpus/riv-fix_rectangle-frame-3-msaa.png
exact riv-fix_rectangle-frame-3-msaa: byte-exact=true different-pixels=0 max-channel-delta=0
adapter=Apple M5 Max
backend=rust-wgpu frame=4 size=494x475 output=target/renderer-corpus/riv-fix_rectangle-frame-4-clockwise-atomic.png
exact riv-fix_rectangle-frame-4-clockwise-atomic: byte-exact=false different-pixels=0 max-channel-delta=1
adapter=Apple M5 Max
backend=rust-wgpu frame=4 size=494x475 output=target/renderer-corpus/riv-fix_rectangle-frame-4-msaa.png
exact riv-fix_rectangle-frame-4-msaa: byte-exact=true different-pixels=0 max-channel-delta=0
adapter=Apple M5 Max
backend=rust-wgpu frame=0 size=500x500 output=target/renderer-corpus/riv-focus_collapsing-frame-0-clockwise-atomic.png
exact riv-focus_collapsing-frame-0-clockwise-atomic: byte-exact=false different-pixels=0 max-channel-delta=2
adapter=Apple M5 Max
backend=rust-wgpu frame=0 size=500x500 output=target/renderer-corpus/riv-focus_collapsing-frame-0-msaa.png
exact riv-focus_collapsing-frame-0-msaa: byte-exact=true different-pixels=0 max-channel-delta=0
adapter=Apple M5 Max
backend=rust-wgpu frame=0 size=500x500 output=target/renderer-corpus/riv-focus_traversal-frame-0-clockwise-atomic.png
exact riv-focus_traversal-frame-0-clockwise-atomic: byte-exact=true different-pixels=0 max-channel-delta=0
adapter=Apple M5 Max
backend=rust-wgpu frame=0 size=500x500 output=target/renderer-corpus/riv-focus_traversal-frame-0-msaa.png
exact riv-focus_traversal-frame-0-msaa: byte-exact=true different-pixels=0 max-channel-delta=0
adapter=Apple M5 Max
backend=rust-wgpu frame=0 size=1202x302 output=target/renderer-corpus/riv-focusable_element-frame-0-clockwise-atomic.png
exact riv-focusable_element-frame-0-clockwise-atomic: byte-exact=false different-pixels=0 max-channel-delta=1
adapter=Apple M5 Max
backend=rust-wgpu frame=0 size=1202x302 output=target/renderer-corpus/riv-focusable_element-frame-0-msaa.png
exact riv-focusable_element-frame-0-msaa: byte-exact=true different-pixels=0 max-channel-delta=0
adapter=Apple M5 Max
backend=rust-wgpu frame=0 size=500x500 output=target/renderer-corpus/riv-follow_path-frame-0-clockwise-atomic.png
exact riv-follow_path-frame-0-clockwise-atomic: byte-exact=false different-pixels=0 max-channel-delta=2
adapter=Apple M5 Max
backend=rust-wgpu frame=0 size=500x500 output=target/renderer-corpus/riv-follow_path-frame-0-msaa.png
exact riv-follow_path-frame-0-msaa: byte-exact=true different-pixels=0 max-channel-delta=0
adapter=Apple M5 Max
backend=rust-wgpu frame=0 size=1233x864 output=target/renderer-corpus/riv-follow_path_constraint-frame-0-clockwise-atomic.png
exact riv-follow_path_constraint-frame-0-clockwise-atomic: byte-exact=false different-pixels=0 max-channel-delta=2
adapter=Apple M5 Max
backend=rust-wgpu frame=0 size=1233x864 output=target/renderer-corpus/riv-follow_path_constraint-frame-0-msaa.png
exact riv-follow_path_constraint-frame-0-msaa: byte-exact=true different-pixels=0 max-channel-delta=0
adapter=Apple M5 Max
backend=rust-wgpu frame=0 size=500x500 output=target/renderer-corpus/riv-follow_path_path-frame-0-clockwise-atomic.png
exact riv-follow_path_path-frame-0-clockwise-atomic: byte-exact=true different-pixels=0 max-channel-delta=0
adapter=Apple M5 Max
backend=rust-wgpu frame=0 size=500x500 output=target/renderer-corpus/riv-follow_path_path-frame-0-msaa.png
exact riv-follow_path_path-frame-0-msaa: byte-exact=true different-pixels=0 max-channel-delta=0
adapter=Apple M5 Max
backend=rust-wgpu frame=0 size=500x500 output=target/renderer-corpus/riv-follow_path_path_0_opacity-frame-0-clockwise-atomic.png
exact riv-follow_path_path_0_opacity-frame-0-clockwise-atomic: byte-exact=false different-pixels=0 max-channel-delta=2
adapter=Apple M5 Max
backend=rust-wgpu frame=0 size=500x500 output=target/renderer-corpus/riv-follow_path_path_0_opacity-frame-0-msaa.png
exact riv-follow_path_path_0_opacity-frame-0-msaa: byte-exact=true different-pixels=0 max-channel-delta=0
adapter=Apple M5 Max
backend=rust-wgpu frame=0 size=500x500 output=target/renderer-corpus/riv-follow_path_shapes-frame-0-clockwise-atomic.png
exact riv-follow_path_shapes-frame-0-clockwise-atomic: byte-exact=true different-pixels=0 max-channel-delta=0
adapter=Apple M5 Max
backend=rust-wgpu frame=0 size=500x500 output=target/renderer-corpus/riv-follow_path_shapes-frame-0-msaa.png
exact riv-follow_path_shapes-frame-0-msaa: byte-exact=true different-pixels=0 max-channel-delta=0
adapter=Apple M5 Max
backend=rust-wgpu frame=0 size=500x500 output=target/renderer-corpus/riv-follow_path_solos-frame-0-clockwise-atomic.png
exact riv-follow_path_solos-frame-0-clockwise-atomic: byte-exact=false different-pixels=6 max-channel-delta=3
adapter=Apple M5 Max
backend=rust-wgpu frame=0 size=500x500 output=target/renderer-corpus/riv-follow_path_solos-frame-0-msaa.png
exact riv-follow_path_solos-frame-0-msaa: byte-exact=true different-pixels=0 max-channel-delta=0
adapter=Apple M5 Max
backend=rust-wgpu frame=0 size=500x500 output=target/renderer-corpus/riv-follow_path_with_0_opacity-frame-0-clockwise-atomic.png
exact riv-follow_path_with_0_opacity-frame-0-clockwise-atomic: byte-exact=false different-pixels=0 max-channel-delta=2
adapter=Apple M5 Max
backend=rust-wgpu frame=0 size=500x500 output=target/renderer-corpus/riv-follow_path_with_0_opacity-frame-0-msaa.png
exact riv-follow_path_with_0_opacity-frame-0-msaa: byte-exact=true different-pixels=0 max-channel-delta=0
adapter=Apple M5 Max
backend=rust-wgpu frame=0 size=331x339 output=target/renderer-corpus/riv-format_number_with_commas-frame-0-clockwise-atomic.png
exact riv-format_number_with_commas-frame-0-clockwise-atomic: byte-exact=true different-pixels=0 max-channel-delta=0
adapter=Apple M5 Max
backend=rust-wgpu frame=0 size=331x339 output=target/renderer-corpus/riv-format_number_with_commas-frame-0-msaa.png
exact riv-format_number_with_commas-frame-0-msaa: byte-exact=true different-pixels=0 max-channel-delta=0
adapter=Apple M5 Max
backend=rust-wgpu frame=0 size=500x500 output=target/renderer-corpus/riv-formula_random-frame-0-clockwise-atomic.png
exact riv-formula_random-frame-0-clockwise-atomic: byte-exact=false different-pixels=0 max-channel-delta=1
adapter=Apple M5 Max
backend=rust-wgpu frame=0 size=500x500 output=target/renderer-corpus/riv-formula_random-frame-0-msaa.png
exact riv-formula_random-frame-0-msaa: byte-exact=true different-pixels=0 max-channel-delta=0
adapter=Apple M5 Max
backend=rust-wgpu frame=0 size=3280x1800 output=target/renderer-corpus/riv-gamepad_test-frame-0-clockwise-atomic.png
exact riv-gamepad_test-frame-0-clockwise-atomic: byte-exact=false different-pixels=0 max-channel-delta=1
adapter=Apple M5 Max
backend=rust-wgpu frame=0 size=3280x1800 output=target/renderer-corpus/riv-gamepad_test-frame-0-msaa.png
exact riv-gamepad_test-frame-0-msaa: byte-exact=true different-pixels=0 max-channel-delta=0
adapter=Apple M5 Max
backend=rust-wgpu frame=1 size=3280x1800 output=target/renderer-corpus/riv-gamepad_test-frame-1-clockwise-atomic.png
exact riv-gamepad_test-frame-1-clockwise-atomic: byte-exact=false different-pixels=0 max-channel-delta=1
adapter=Apple M5 Max
backend=rust-wgpu frame=1 size=3280x1800 output=target/renderer-corpus/riv-gamepad_test-frame-1-msaa.png
exact riv-gamepad_test-frame-1-msaa: byte-exact=true different-pixels=0 max-channel-delta=0
adapter=Apple M5 Max
backend=rust-wgpu frame=0 size=899x500 output=target/renderer-corpus/riv-group_effect-frame-0-clockwise-atomic.png
exact riv-group_effect-frame-0-clockwise-atomic: byte-exact=false different-pixels=0 max-channel-delta=1
adapter=Apple M5 Max
backend=rust-wgpu frame=0 size=899x500 output=target/renderer-corpus/riv-group_effect-frame-0-msaa.png
exact riv-group_effect-frame-0-msaa: byte-exact=true different-pixels=0 max-channel-delta=0
adapter=Apple M5 Max
backend=rust-wgpu frame=0 size=500x500 output=target/renderer-corpus/riv-hello_world-frame-0-clockwise-atomic.png
exact riv-hello_world-frame-0-clockwise-atomic: byte-exact=true different-pixels=0 max-channel-delta=0
adapter=Apple M5 Max
backend=rust-wgpu frame=0 size=500x500 output=target/renderer-corpus/riv-hello_world-frame-0-msaa.png
exact riv-hello_world-frame-0-msaa: byte-exact=true different-pixels=0 max-channel-delta=0
adapter=Apple M5 Max
backend=rust-wgpu frame=0 size=3840x2160 output=target/renderer-corpus/riv-hide_test-frame-0-clockwise-atomic.png
exact riv-hide_test-frame-0-clockwise-atomic: byte-exact=true different-pixels=0 max-channel-delta=0
adapter=Apple M5 Max
backend=rust-wgpu frame=0 size=3840x2160 output=target/renderer-corpus/riv-hide_test-frame-0-msaa.png
exact riv-hide_test-frame-0-msaa: byte-exact=true different-pixels=0 max-channel-delta=0
adapter=Apple M5 Max
backend=rust-wgpu frame=0 size=500x500 output=target/renderer-corpus/riv-hit_test_nested-frame-0-clockwise-atomic.png
exact riv-hit_test_nested-frame-0-clockwise-atomic: byte-exact=true different-pixels=0 max-channel-delta=0
adapter=Apple M5 Max
backend=rust-wgpu frame=0 size=500x500 output=target/renderer-corpus/riv-hit_test_nested-frame-0-msaa.png
exact riv-hit_test_nested-frame-0-msaa: byte-exact=true different-pixels=0 max-channel-delta=0
adapter=Apple M5 Max
backend=rust-wgpu frame=0 size=500x500 output=target/renderer-corpus/riv-hit_test_solos-frame-0-clockwise-atomic.png
exact riv-hit_test_solos-frame-0-clockwise-atomic: byte-exact=false different-pixels=1 max-channel-delta=13
adapter=Apple M5 Max
backend=rust-wgpu frame=0 size=500x500 output=target/renderer-corpus/riv-hit_test_solos-frame-0-msaa.png
exact riv-hit_test_solos-frame-0-msaa: byte-exact=true different-pixels=0 max-channel-delta=0
adapter=Apple M5 Max
backend=rust-wgpu frame=1 size=500x500 output=target/renderer-corpus/riv-hit_test_solos-frame-1-clockwise-atomic.png
exact riv-hit_test_solos-frame-1-clockwise-atomic: byte-exact=false different-pixels=1 max-channel-delta=13
adapter=Apple M5 Max
backend=rust-wgpu frame=1 size=500x500 output=target/renderer-corpus/riv-hit_test_solos-frame-1-msaa.png
exact riv-hit_test_solos-frame-1-msaa: byte-exact=true different-pixels=0 max-channel-delta=0
adapter=Apple M5 Max
backend=rust-wgpu frame=2 size=500x500 output=target/renderer-corpus/riv-hit_test_solos-frame-2-clockwise-atomic.png
exact riv-hit_test_solos-frame-2-clockwise-atomic: byte-exact=false different-pixels=1 max-channel-delta=13
adapter=Apple M5 Max
backend=rust-wgpu frame=2 size=500x500 output=target/renderer-corpus/riv-hit_test_solos-frame-2-msaa.png
exact riv-hit_test_solos-frame-2-msaa: byte-exact=true different-pixels=0 max-channel-delta=0
adapter=Apple M5 Max
backend=rust-wgpu frame=3 size=500x500 output=target/renderer-corpus/riv-hit_test_solos-frame-3-clockwise-atomic.png
exact riv-hit_test_solos-frame-3-clockwise-atomic: byte-exact=false different-pixels=1 max-channel-delta=13
adapter=Apple M5 Max
backend=rust-wgpu frame=3 size=500x500 output=target/renderer-corpus/riv-hit_test_solos-frame-3-msaa.png
exact riv-hit_test_solos-frame-3-msaa: byte-exact=true different-pixels=0 max-channel-delta=0
adapter=Apple M5 Max
backend=rust-wgpu frame=4 size=500x500 output=target/renderer-corpus/riv-hit_test_solos-frame-4-clockwise-atomic.png
exact riv-hit_test_solos-frame-4-clockwise-atomic: byte-exact=false different-pixels=1 max-channel-delta=13
adapter=Apple M5 Max
backend=rust-wgpu frame=4 size=500x500 output=target/renderer-corpus/riv-hit_test_solos-frame-4-msaa.png
exact riv-hit_test_solos-frame-4-msaa: byte-exact=true different-pixels=0 max-channel-delta=0
adapter=Apple M5 Max
backend=rust-wgpu frame=5 size=500x500 output=target/renderer-corpus/riv-hit_test_solos-frame-5-clockwise-atomic.png
exact riv-hit_test_solos-frame-5-clockwise-atomic: byte-exact=false different-pixels=1 max-channel-delta=13
adapter=Apple M5 Max
backend=rust-wgpu frame=5 size=500x500 output=target/renderer-corpus/riv-hit_test_solos-frame-5-msaa.png
exact riv-hit_test_solos-frame-5-msaa: byte-exact=true different-pixels=0 max-channel-delta=0
adapter=Apple M5 Max
backend=rust-wgpu frame=6 size=500x500 output=target/renderer-corpus/riv-hit_test_solos-frame-6-clockwise-atomic.png
exact riv-hit_test_solos-frame-6-clockwise-atomic: byte-exact=false different-pixels=1 max-channel-delta=13
adapter=Apple M5 Max
backend=rust-wgpu frame=6 size=500x500 output=target/renderer-corpus/riv-hit_test_solos-frame-6-msaa.png
exact riv-hit_test_solos-frame-6-msaa: byte-exact=true different-pixels=0 max-channel-delta=0
adapter=Apple M5 Max
backend=rust-wgpu frame=7 size=500x500 output=target/renderer-corpus/riv-hit_test_solos-frame-7-clockwise-atomic.png
exact riv-hit_test_solos-frame-7-clockwise-atomic: byte-exact=false different-pixels=1 max-channel-delta=13
adapter=Apple M5 Max
backend=rust-wgpu frame=7 size=500x500 output=target/renderer-corpus/riv-hit_test_solos-frame-7-msaa.png
exact riv-hit_test_solos-frame-7-msaa: byte-exact=true different-pixels=0 max-channel-delta=0
adapter=Apple M5 Max
backend=rust-wgpu frame=0 size=500x500 output=target/renderer-corpus/riv-hit_test_test-frame-0-clockwise-atomic.png
exact riv-hit_test_test-frame-0-clockwise-atomic: byte-exact=false different-pixels=6 max-channel-delta=22
adapter=Apple M5 Max
backend=rust-wgpu frame=0 size=500x500 output=target/renderer-corpus/riv-hit_test_test-frame-0-msaa.png
exact riv-hit_test_test-frame-0-msaa: byte-exact=true different-pixels=0 max-channel-delta=0
adapter=Apple M5 Max
backend=rust-wgpu frame=0 size=500x500 output=target/renderer-corpus/riv-hittest_collapsed_layouts-frame-0-clockwise-atomic.png
exact riv-hittest_collapsed_layouts-frame-0-clockwise-atomic: byte-exact=false different-pixels=0 max-channel-delta=1
adapter=Apple M5 Max
backend=rust-wgpu frame=0 size=500x500 output=target/renderer-corpus/riv-hittest_collapsed_layouts-frame-0-msaa.png
exact riv-hittest_collapsed_layouts-frame-0-msaa: byte-exact=true different-pixels=0 max-channel-delta=0
adapter=Apple M5 Max
backend=rust-wgpu frame=0 size=500x500 output=target/renderer-corpus/riv-hosted_font_file-frame-0-clockwise-atomic.png
exact riv-hosted_font_file-frame-0-clockwise-atomic: byte-exact=false different-pixels=0 max-channel-delta=1
adapter=Apple M5 Max
backend=rust-wgpu frame=0 size=500x500 output=target/renderer-corpus/riv-hosted_font_file-frame-0-msaa.png
exact riv-hosted_font_file-frame-0-msaa: byte-exact=true different-pixels=0 max-channel-delta=0
adapter=Apple M5 Max
backend=rust-wgpu frame=0 size=500x500 output=target/renderer-corpus/riv-hosted_image_file-frame-0-clockwise-atomic.png
exact riv-hosted_image_file-frame-0-clockwise-atomic: byte-exact=false different-pixels=0 max-channel-delta=1
adapter=Apple M5 Max
backend=rust-wgpu frame=0 size=500x500 output=target/renderer-corpus/riv-hosted_image_file-frame-0-msaa.png
exact riv-hosted_image_file-frame-0-msaa: byte-exact=true different-pixels=0 max-channel-delta=0
adapter=Apple M5 Max
backend=rust-wgpu frame=0 size=3387x1906 output=target/renderer-corpus/riv-hunter_x_demo-frame-0-clockwise-atomic.png
exact riv-hunter_x_demo-frame-0-clockwise-atomic: byte-exact=false different-pixels=0 max-channel-delta=1
adapter=Apple M5 Max
backend=rust-wgpu frame=0 size=3387x1906 output=target/renderer-corpus/riv-hunter_x_demo-frame-0-msaa.png
exact riv-hunter_x_demo-frame-0-msaa: byte-exact=false different-pixels=0 max-channel-delta=1
adapter=Apple M5 Max
backend=rust-wgpu frame=0 size=700x700 output=target/renderer-corpus/riv-image_binding_with_listener-frame-0-clockwise-atomic.png
exact riv-image_binding_with_listener-frame-0-clockwise-atomic: byte-exact=false different-pixels=0 max-channel-delta=1
adapter=Apple M5 Max
backend=rust-wgpu frame=0 size=700x700 output=target/renderer-corpus/riv-image_binding_with_listener-frame-0-msaa.png
exact riv-image_binding_with_listener-frame-0-msaa: byte-exact=true different-pixels=0 max-channel-delta=0
adapter=Apple M5 Max
backend=rust-wgpu frame=0 size=788x673 output=target/renderer-corpus/riv-image_fit_alignment-frame-0-clockwise-atomic.png
exact riv-image_fit_alignment-frame-0-clockwise-atomic: byte-exact=true different-pixels=0 max-channel-delta=0
adapter=Apple M5 Max
backend=rust-wgpu frame=0 size=788x673 output=target/renderer-corpus/riv-image_fit_alignment-frame-0-msaa.png
exact riv-image_fit_alignment-frame-0-msaa: byte-exact=true different-pixels=0 max-channel-delta=0
adapter=Apple M5 Max
backend=rust-wgpu frame=0 size=500x500 output=target/renderer-corpus/riv-image_fit_alignment_2-frame-0-clockwise-atomic.png
exact riv-image_fit_alignment_2-frame-0-clockwise-atomic: byte-exact=true different-pixels=0 max-channel-delta=0
adapter=Apple M5 Max
backend=rust-wgpu frame=0 size=500x500 output=target/renderer-corpus/riv-image_fit_alignment_2-frame-0-msaa.png
exact riv-image_fit_alignment_2-frame-0-msaa: byte-exact=true different-pixels=0 max-channel-delta=0
adapter=Apple M5 Max
backend=rust-wgpu frame=0 size=600x800 output=target/renderer-corpus/riv-image_fit_alignment_3-frame-0-clockwise-atomic.png
exact riv-image_fit_alignment_3-frame-0-clockwise-atomic: byte-exact=false different-pixels=4 max-channel-delta=3
adapter=Apple M5 Max
backend=rust-wgpu frame=0 size=600x800 output=target/renderer-corpus/riv-image_fit_alignment_3-frame-0-msaa.png
exact riv-image_fit_alignment_3-frame-0-msaa: byte-exact=true different-pixels=0 max-channel-delta=0
adapter=Apple M5 Max
backend=rust-wgpu frame=0 size=2500x2000 output=target/renderer-corpus/riv-image_scripting_property_value-frame-0-clockwise-atomic.png
exact riv-image_scripting_property_value-frame-0-clockwise-atomic: byte-exact=true different-pixels=0 max-channel-delta=0
adapter=Apple M5 Max
backend=rust-wgpu frame=0 size=2500x2000 output=target/renderer-corpus/riv-image_scripting_property_value-frame-0-msaa.png
exact riv-image_scripting_property_value-frame-0-msaa: byte-exact=true different-pixels=0 max-channel-delta=0
adapter=Apple M5 Max
backend=rust-wgpu frame=0 size=500x500 output=target/renderer-corpus/riv-in_band_asset-frame-0-clockwise-atomic.png
exact riv-in_band_asset-frame-0-clockwise-atomic: byte-exact=false different-pixels=0 max-channel-delta=1
adapter=Apple M5 Max
backend=rust-wgpu frame=0 size=500x500 output=target/renderer-corpus/riv-in_band_asset-frame-0-msaa.png
exact riv-in_band_asset-frame-0-msaa: byte-exact=true different-pixels=0 max-channel-delta=0
adapter=Apple M5 Max
backend=rust-wgpu frame=0 size=500x500 output=target/renderer-corpus/riv-interactive_scrolling-frame-0-clockwise-atomic.png
exact riv-interactive_scrolling-frame-0-clockwise-atomic: byte-exact=false different-pixels=0 max-channel-delta=2
adapter=Apple M5 Max
backend=rust-wgpu frame=0 size=500x500 output=target/renderer-corpus/riv-interactive_scrolling-frame-0-msaa.png
exact riv-interactive_scrolling-frame-0-msaa: byte-exact=true different-pixels=0 max-channel-delta=0
adapter=Apple M5 Max
backend=rust-wgpu frame=0 size=801x765 output=target/renderer-corpus/riv-interpolate_to_end-frame-0-clockwise-atomic.png
exact riv-interpolate_to_end-frame-0-clockwise-atomic: byte-exact=true different-pixels=0 max-channel-delta=0
adapter=Apple M5 Max
backend=rust-wgpu frame=0 size=801x765 output=target/renderer-corpus/riv-interpolate_to_end-frame-0-msaa.png
exact riv-interpolate_to_end-frame-0-msaa: byte-exact=true different-pixels=0 max-channel-delta=0
adapter=Apple M5 Max
backend=rust-wgpu frame=0 size=500x500 output=target/renderer-corpus/riv-interpolation_zero_duration-frame-0-clockwise-atomic.png
exact riv-interpolation_zero_duration-frame-0-clockwise-atomic: byte-exact=false different-pixels=0 max-channel-delta=1
adapter=Apple M5 Max
backend=rust-wgpu frame=0 size=500x500 output=target/renderer-corpus/riv-interpolation_zero_duration-frame-0-msaa.png
exact riv-interpolation_zero_duration-frame-0-msaa: byte-exact=true different-pixels=0 max-channel-delta=0
adapter=Apple M5 Max
backend=rust-wgpu frame=0 size=2080x2080 output=target/renderer-corpus/riv-jellyfish_test-frame-0-clockwise-atomic.png
exact riv-jellyfish_test-frame-0-clockwise-atomic: byte-exact=false different-pixels=1829 max-channel-delta=8
adapter=Apple M5 Max
backend=rust-wgpu frame=0 size=2080x2080 output=target/renderer-corpus/riv-jellyfish_test-frame-0-msaa.png
exact riv-jellyfish_test-frame-0-msaa: byte-exact=false different-pixels=0 max-channel-delta=1
adapter=Apple M5 Max
backend=rust-wgpu frame=0 size=1000x1000 output=target/renderer-corpus/riv-joel_signed-frame-0-clockwise-atomic.png
exact riv-joel_signed-frame-0-clockwise-atomic: byte-exact=false different-pixels=159 max-channel-delta=7
adapter=Apple M5 Max
backend=rust-wgpu frame=0 size=1000x1000 output=target/renderer-corpus/riv-joel_signed-frame-0-msaa.png
exact riv-joel_signed-frame-0-msaa: byte-exact=true different-pixels=0 max-channel-delta=0
adapter=Apple M5 Max
backend=rust-wgpu frame=1 size=1000x1000 output=target/renderer-corpus/riv-joel_signed-frame-1-clockwise-atomic.png
exact riv-joel_signed-frame-1-clockwise-atomic: byte-exact=false different-pixels=159 max-channel-delta=7
adapter=Apple M5 Max
backend=rust-wgpu frame=1 size=1000x1000 output=target/renderer-corpus/riv-joel_signed-frame-1-msaa.png
exact riv-joel_signed-frame-1-msaa: byte-exact=true different-pixels=0 max-channel-delta=0
adapter=Apple M5 Max
backend=rust-wgpu frame=2 size=1000x1000 output=target/renderer-corpus/riv-joel_signed-frame-2-clockwise-atomic.png
exact riv-joel_signed-frame-2-clockwise-atomic: byte-exact=false different-pixels=159 max-channel-delta=7
adapter=Apple M5 Max
backend=rust-wgpu frame=2 size=1000x1000 output=target/renderer-corpus/riv-joel_signed-frame-2-msaa.png
exact riv-joel_signed-frame-2-msaa: byte-exact=true different-pixels=0 max-channel-delta=0
adapter=Apple M5 Max
backend=rust-wgpu frame=3 size=1000x1000 output=target/renderer-corpus/riv-joel_signed-frame-3-clockwise-atomic.png
exact riv-joel_signed-frame-3-clockwise-atomic: byte-exact=false different-pixels=159 max-channel-delta=7
adapter=Apple M5 Max
backend=rust-wgpu frame=3 size=1000x1000 output=target/renderer-corpus/riv-joel_signed-frame-3-msaa.png
exact riv-joel_signed-frame-3-msaa: byte-exact=true different-pixels=0 max-channel-delta=0
adapter=Apple M5 Max
backend=rust-wgpu frame=4 size=1000x1000 output=target/renderer-corpus/riv-joel_signed-frame-4-clockwise-atomic.png
exact riv-joel_signed-frame-4-clockwise-atomic: byte-exact=false different-pixels=159 max-channel-delta=7
adapter=Apple M5 Max
backend=rust-wgpu frame=4 size=1000x1000 output=target/renderer-corpus/riv-joel_signed-frame-4-msaa.png
exact riv-joel_signed-frame-4-msaa: byte-exact=true different-pixels=0 max-channel-delta=0
adapter=Apple M5 Max
backend=rust-wgpu frame=0 size=194x108 output=target/renderer-corpus/riv-joel_v3-frame-0-clockwise-atomic.png
exact riv-joel_v3-frame-0-clockwise-atomic: byte-exact=true different-pixels=0 max-channel-delta=0
adapter=Apple M5 Max
backend=rust-wgpu frame=0 size=194x108 output=target/renderer-corpus/riv-joel_v3-frame-0-msaa.png
exact riv-joel_v3-frame-0-msaa: byte-exact=true different-pixels=0 max-channel-delta=0
adapter=Apple M5 Max
backend=rust-wgpu frame=0 size=500x500 output=target/renderer-corpus/riv-joystick_flag_test-frame-0-clockwise-atomic.png
exact riv-joystick_flag_test-frame-0-clockwise-atomic: byte-exact=false different-pixels=7 max-channel-delta=12
adapter=Apple M5 Max
backend=rust-wgpu frame=0 size=500x500 output=target/renderer-corpus/riv-joystick_flag_test-frame-0-msaa.png
exact riv-joystick_flag_test-frame-0-msaa: byte-exact=true different-pixels=0 max-channel-delta=0
adapter=Apple M5 Max
backend=rust-wgpu frame=1 size=500x500 output=target/renderer-corpus/riv-joystick_flag_test-frame-1-clockwise-atomic.png
exact riv-joystick_flag_test-frame-1-clockwise-atomic: byte-exact=false different-pixels=7 max-channel-delta=12
adapter=Apple M5 Max
backend=rust-wgpu frame=1 size=500x500 output=target/renderer-corpus/riv-joystick_flag_test-frame-1-msaa.png
exact riv-joystick_flag_test-frame-1-msaa: byte-exact=true different-pixels=0 max-channel-delta=0
adapter=Apple M5 Max
backend=rust-wgpu frame=2 size=500x500 output=target/renderer-corpus/riv-joystick_flag_test-frame-2-clockwise-atomic.png
exact riv-joystick_flag_test-frame-2-clockwise-atomic: byte-exact=false different-pixels=7 max-channel-delta=12
adapter=Apple M5 Max
backend=rust-wgpu frame=2 size=500x500 output=target/renderer-corpus/riv-joystick_flag_test-frame-2-msaa.png
exact riv-joystick_flag_test-frame-2-msaa: byte-exact=true different-pixels=0 max-channel-delta=0
adapter=Apple M5 Max
backend=rust-wgpu frame=3 size=500x500 output=target/renderer-corpus/riv-joystick_flag_test-frame-3-clockwise-atomic.png
exact riv-joystick_flag_test-frame-3-clockwise-atomic: byte-exact=false different-pixels=7 max-channel-delta=12
adapter=Apple M5 Max
backend=rust-wgpu frame=3 size=500x500 output=target/renderer-corpus/riv-joystick_flag_test-frame-3-msaa.png
exact riv-joystick_flag_test-frame-3-msaa: byte-exact=true different-pixels=0 max-channel-delta=0
adapter=Apple M5 Max
backend=rust-wgpu frame=4 size=500x500 output=target/renderer-corpus/riv-joystick_flag_test-frame-4-clockwise-atomic.png
exact riv-joystick_flag_test-frame-4-clockwise-atomic: byte-exact=false different-pixels=7 max-channel-delta=12
adapter=Apple M5 Max
backend=rust-wgpu frame=4 size=500x500 output=target/renderer-corpus/riv-joystick_flag_test-frame-4-msaa.png
exact riv-joystick_flag_test-frame-4-msaa: byte-exact=true different-pixels=0 max-channel-delta=0
adapter=Apple M5 Max
backend=rust-wgpu frame=0 size=500x500 output=target/renderer-corpus/riv-joystick_nested_remap-frame-0-clockwise-atomic.png
exact riv-joystick_nested_remap-frame-0-clockwise-atomic: byte-exact=false different-pixels=0 max-channel-delta=1
adapter=Apple M5 Max
backend=rust-wgpu frame=0 size=500x500 output=target/renderer-corpus/riv-joystick_nested_remap-frame-0-msaa.png
exact riv-joystick_nested_remap-frame-0-msaa: byte-exact=true different-pixels=0 max-channel-delta=0
adapter=Apple M5 Max
backend=rust-wgpu frame=1 size=500x500 output=target/renderer-corpus/riv-joystick_nested_remap-frame-1-clockwise-atomic.png
exact riv-joystick_nested_remap-frame-1-clockwise-atomic: byte-exact=false different-pixels=0 max-channel-delta=2
adapter=Apple M5 Max
backend=rust-wgpu frame=1 size=500x500 output=target/renderer-corpus/riv-joystick_nested_remap-frame-1-msaa.png
exact riv-joystick_nested_remap-frame-1-msaa: byte-exact=true different-pixels=0 max-channel-delta=0
adapter=Apple M5 Max
backend=rust-wgpu frame=2 size=500x500 output=target/renderer-corpus/riv-joystick_nested_remap-frame-2-clockwise-atomic.png
exact riv-joystick_nested_remap-frame-2-clockwise-atomic: byte-exact=false different-pixels=0 max-channel-delta=1
adapter=Apple M5 Max
backend=rust-wgpu frame=2 size=500x500 output=target/renderer-corpus/riv-joystick_nested_remap-frame-2-msaa.png
exact riv-joystick_nested_remap-frame-2-msaa: byte-exact=true different-pixels=0 max-channel-delta=0
adapter=Apple M5 Max
backend=rust-wgpu frame=3 size=500x500 output=target/renderer-corpus/riv-joystick_nested_remap-frame-3-clockwise-atomic.png
exact riv-joystick_nested_remap-frame-3-clockwise-atomic: byte-exact=false different-pixels=0 max-channel-delta=1
adapter=Apple M5 Max
backend=rust-wgpu frame=3 size=500x500 output=target/renderer-corpus/riv-joystick_nested_remap-frame-3-msaa.png
exact riv-joystick_nested_remap-frame-3-msaa: byte-exact=true different-pixels=0 max-channel-delta=0
adapter=Apple M5 Max
backend=rust-wgpu frame=4 size=500x500 output=target/renderer-corpus/riv-joystick_nested_remap-frame-4-clockwise-atomic.png
exact riv-joystick_nested_remap-frame-4-clockwise-atomic: byte-exact=false different-pixels=0 max-channel-delta=1
adapter=Apple M5 Max
backend=rust-wgpu frame=4 size=500x500 output=target/renderer-corpus/riv-joystick_nested_remap-frame-4-msaa.png
exact riv-joystick_nested_remap-frame-4-msaa: byte-exact=true different-pixels=0 max-channel-delta=0
adapter=Apple M5 Max
backend=rust-wgpu frame=0 size=1080x1080 output=target/renderer-corpus/riv-juice-frame-0-clockwise-atomic.png
exact riv-juice-frame-0-clockwise-atomic: byte-exact=false different-pixels=25 max-channel-delta=12
adapter=Apple M5 Max
backend=rust-wgpu frame=0 size=1080x1080 output=target/renderer-corpus/riv-juice-frame-0-msaa.png
exact riv-juice-frame-0-msaa: byte-exact=true different-pixels=0 max-channel-delta=0
adapter=Apple M5 Max
backend=rust-wgpu frame=1 size=1080x1080 output=target/renderer-corpus/riv-juice-frame-1-clockwise-atomic.png
exact riv-juice-frame-1-clockwise-atomic: byte-exact=false different-pixels=25 max-channel-delta=12
adapter=Apple M5 Max
backend=rust-wgpu frame=1 size=1080x1080 output=target/renderer-corpus/riv-juice-frame-1-msaa.png
exact riv-juice-frame-1-msaa: byte-exact=true different-pixels=0 max-channel-delta=0
adapter=Apple M5 Max
backend=rust-wgpu frame=2 size=1080x1080 output=target/renderer-corpus/riv-juice-frame-2-clockwise-atomic.png
exact riv-juice-frame-2-clockwise-atomic: byte-exact=false different-pixels=25 max-channel-delta=12
adapter=Apple M5 Max
backend=rust-wgpu frame=2 size=1080x1080 output=target/renderer-corpus/riv-juice-frame-2-msaa.png
exact riv-juice-frame-2-msaa: byte-exact=true different-pixels=0 max-channel-delta=0
adapter=Apple M5 Max
backend=rust-wgpu frame=3 size=1080x1080 output=target/renderer-corpus/riv-juice-frame-3-clockwise-atomic.png
exact riv-juice-frame-3-clockwise-atomic: byte-exact=false different-pixels=25 max-channel-delta=12
adapter=Apple M5 Max
backend=rust-wgpu frame=3 size=1080x1080 output=target/renderer-corpus/riv-juice-frame-3-msaa.png
exact riv-juice-frame-3-msaa: byte-exact=true different-pixels=0 max-channel-delta=0
adapter=Apple M5 Max
backend=rust-wgpu frame=4 size=1080x1080 output=target/renderer-corpus/riv-juice-frame-4-clockwise-atomic.png
exact riv-juice-frame-4-clockwise-atomic: byte-exact=false different-pixels=25 max-channel-delta=12
adapter=Apple M5 Max
backend=rust-wgpu frame=4 size=1080x1080 output=target/renderer-corpus/riv-juice-frame-4-msaa.png
exact riv-juice-frame-4-msaa: byte-exact=true different-pixels=0 max-channel-delta=0
adapter=Apple M5 Max
backend=rust-wgpu frame=0 size=500x500 output=target/renderer-corpus/riv-keyboard_event_to_script-frame-0-clockwise-atomic.png
exact riv-keyboard_event_to_script-frame-0-clockwise-atomic: byte-exact=true different-pixels=0 max-channel-delta=0
adapter=Apple M5 Max
backend=rust-wgpu frame=0 size=500x500 output=target/renderer-corpus/riv-keyboard_event_to_script-frame-0-msaa.png
exact riv-keyboard_event_to_script-frame-0-msaa: byte-exact=true different-pixels=0 max-channel-delta=0
adapter=Apple M5 Max
backend=rust-wgpu frame=1 size=500x500 output=target/renderer-corpus/riv-keyboard_event_to_script-frame-1-clockwise-atomic.png
exact riv-keyboard_event_to_script-frame-1-clockwise-atomic: byte-exact=true different-pixels=0 max-channel-delta=0
adapter=Apple M5 Max
backend=rust-wgpu frame=1 size=500x500 output=target/renderer-corpus/riv-keyboard_event_to_script-frame-1-msaa.png
exact riv-keyboard_event_to_script-frame-1-msaa: byte-exact=true different-pixels=0 max-channel-delta=0
adapter=Apple M5 Max
backend=rust-wgpu frame=2 size=500x500 output=target/renderer-corpus/riv-keyboard_event_to_script-frame-2-clockwise-atomic.png
exact riv-keyboard_event_to_script-frame-2-clockwise-atomic: byte-exact=true different-pixels=0 max-channel-delta=0
adapter=Apple M5 Max
backend=rust-wgpu frame=2 size=500x500 output=target/renderer-corpus/riv-keyboard_event_to_script-frame-2-msaa.png
exact riv-keyboard_event_to_script-frame-2-msaa: byte-exact=true different-pixels=0 max-channel-delta=0
adapter=Apple M5 Max
backend=rust-wgpu frame=3 size=500x500 output=target/renderer-corpus/riv-keyboard_event_to_script-frame-3-clockwise-atomic.png
exact riv-keyboard_event_to_script-frame-3-clockwise-atomic: byte-exact=true different-pixels=0 max-channel-delta=0
adapter=Apple M5 Max
backend=rust-wgpu frame=3 size=500x500 output=target/renderer-corpus/riv-keyboard_event_to_script-frame-3-msaa.png
exact riv-keyboard_event_to_script-frame-3-msaa: byte-exact=true different-pixels=0 max-channel-delta=0
adapter=Apple M5 Max
backend=rust-wgpu frame=4 size=500x500 output=target/renderer-corpus/riv-keyboard_event_to_script-frame-4-clockwise-atomic.png
exact riv-keyboard_event_to_script-frame-4-clockwise-atomic: byte-exact=true different-pixels=0 max-channel-delta=0
adapter=Apple M5 Max
backend=rust-wgpu frame=4 size=500x500 output=target/renderer-corpus/riv-keyboard_event_to_script-frame-4-msaa.png
exact riv-keyboard_event_to_script-frame-4-msaa: byte-exact=true different-pixels=0 max-channel-delta=0
adapter=Apple M5 Max
backend=rust-wgpu frame=0 size=500x327 output=target/renderer-corpus/riv-keyboard_listener-frame-0-clockwise-atomic.png
exact riv-keyboard_listener-frame-0-clockwise-atomic: byte-exact=true different-pixels=0 max-channel-delta=0
adapter=Apple M5 Max
backend=rust-wgpu frame=0 size=500x327 output=target/renderer-corpus/riv-keyboard_listener-frame-0-msaa.png
exact riv-keyboard_listener-frame-0-msaa: byte-exact=true different-pixels=0 max-channel-delta=0
adapter=Apple M5 Max
backend=rust-wgpu frame=0 size=500x500 output=target/renderer-corpus/riv-library-frame-0-clockwise-atomic.png
exact riv-library-frame-0-clockwise-atomic: byte-exact=false different-pixels=0 max-channel-delta=1
adapter=Apple M5 Max
backend=rust-wgpu frame=0 size=500x500 output=target/renderer-corpus/riv-library-frame-0-msaa.png
exact riv-library-frame-0-msaa: byte-exact=false different-pixels=0 max-channel-delta=1
adapter=Apple M5 Max
backend=rust-wgpu frame=0 size=5x6 output=target/renderer-corpus/riv-library_data_enum_test-frame-0-clockwise-atomic.png
exact riv-library_data_enum_test-frame-0-clockwise-atomic: byte-exact=true different-pixels=0 max-channel-delta=0
adapter=Apple M5 Max
backend=rust-wgpu frame=0 size=5x6 output=target/renderer-corpus/riv-library_data_enum_test-frame-0-msaa.png
exact riv-library_data_enum_test-frame-0-msaa: byte-exact=true different-pixels=0 max-channel-delta=0
adapter=Apple M5 Max
backend=rust-wgpu frame=1 size=5x6 output=target/renderer-corpus/riv-library_data_enum_test-frame-1-clockwise-atomic.png
exact riv-library_data_enum_test-frame-1-clockwise-atomic: byte-exact=true different-pixels=0 max-channel-delta=0
adapter=Apple M5 Max
backend=rust-wgpu frame=1 size=5x6 output=target/renderer-corpus/riv-library_data_enum_test-frame-1-msaa.png
exact riv-library_data_enum_test-frame-1-msaa: byte-exact=true different-pixels=0 max-channel-delta=0
adapter=Apple M5 Max
backend=rust-wgpu frame=2 size=5x6 output=target/renderer-corpus/riv-library_data_enum_test-frame-2-clockwise-atomic.png
exact riv-library_data_enum_test-frame-2-clockwise-atomic: byte-exact=true different-pixels=0 max-channel-delta=0
adapter=Apple M5 Max
backend=rust-wgpu frame=2 size=5x6 output=target/renderer-corpus/riv-library_data_enum_test-frame-2-msaa.png
exact riv-library_data_enum_test-frame-2-msaa: byte-exact=true different-pixels=0 max-channel-delta=0
adapter=Apple M5 Max
backend=rust-wgpu frame=3 size=5x6 output=target/renderer-corpus/riv-library_data_enum_test-frame-3-clockwise-atomic.png
exact riv-library_data_enum_test-frame-3-clockwise-atomic: byte-exact=true different-pixels=0 max-channel-delta=0
adapter=Apple M5 Max
backend=rust-wgpu frame=3 size=5x6 output=target/renderer-corpus/riv-library_data_enum_test-frame-3-msaa.png
exact riv-library_data_enum_test-frame-3-msaa: byte-exact=true different-pixels=0 max-channel-delta=0
adapter=Apple M5 Max
backend=rust-wgpu frame=4 size=5x6 output=target/renderer-corpus/riv-library_data_enum_test-frame-4-clockwise-atomic.png
exact riv-library_data_enum_test-frame-4-clockwise-atomic: byte-exact=true different-pixels=0 max-channel-delta=0
adapter=Apple M5 Max
backend=rust-wgpu frame=4 size=5x6 output=target/renderer-corpus/riv-library_data_enum_test-frame-4-msaa.png
exact riv-library_data_enum_test-frame-4-msaa: byte-exact=true different-pixels=0 max-channel-delta=0
adapter=Apple M5 Max
backend=rust-wgpu frame=0 size=1920x1080 output=target/renderer-corpus/riv-library_export_animation_test-frame-0-clockwise-atomic.png
exact riv-library_export_animation_test-frame-0-clockwise-atomic: byte-exact=false different-pixels=0 max-channel-delta=1
adapter=Apple M5 Max
backend=rust-wgpu frame=0 size=1920x1080 output=target/renderer-corpus/riv-library_export_animation_test-frame-0-msaa.png
exact riv-library_export_animation_test-frame-0-msaa: byte-exact=true different-pixels=0 max-channel-delta=0
adapter=Apple M5 Max
backend=rust-wgpu frame=0 size=1920x1080 output=target/renderer-corpus/riv-library_export_state_machine_test-frame-0-clockwise-atomic.png
exact riv-library_export_state_machine_test-frame-0-clockwise-atomic: byte-exact=false different-pixels=0 max-channel-delta=1
adapter=Apple M5 Max
backend=rust-wgpu frame=0 size=1920x1080 output=target/renderer-corpus/riv-library_export_state_machine_test-frame-0-msaa.png
exact riv-library_export_state_machine_test-frame-0-msaa: byte-exact=true different-pixels=0 max-channel-delta=0
adapter=Apple M5 Max
backend=rust-wgpu frame=0 size=1920x1080 output=target/renderer-corpus/riv-library_export_test-frame-0-clockwise-atomic.png
exact riv-library_export_test-frame-0-clockwise-atomic: byte-exact=false different-pixels=0 max-channel-delta=1
adapter=Apple M5 Max
backend=rust-wgpu frame=0 size=1920x1080 output=target/renderer-corpus/riv-library_export_test-frame-0-msaa.png
exact riv-library_export_test-frame-0-msaa: byte-exact=true different-pixels=0 max-channel-delta=0
adapter=Apple M5 Max
backend=rust-wgpu frame=0 size=500x500 output=target/renderer-corpus/riv-library_view_model_test-frame-0-clockwise-atomic.png
exact riv-library_view_model_test-frame-0-clockwise-atomic: byte-exact=false different-pixels=0 max-channel-delta=1
adapter=Apple M5 Max
backend=rust-wgpu frame=0 size=500x500 output=target/renderer-corpus/riv-library_view_model_test-frame-0-msaa.png
exact riv-library_view_model_test-frame-0-msaa: byte-exact=true different-pixels=0 max-channel-delta=0
adapter=Apple M5 Max
backend=rust-wgpu frame=0 size=500x500 output=target/renderer-corpus/riv-library_vmtest_1_host-frame-0-clockwise-atomic.png
exact riv-library_vmtest_1_host-frame-0-clockwise-atomic: byte-exact=false different-pixels=0 max-channel-delta=1
adapter=Apple M5 Max
backend=rust-wgpu frame=0 size=500x500 output=target/renderer-corpus/riv-library_vmtest_1_host-frame-0-msaa.png
exact riv-library_vmtest_1_host-frame-0-msaa: byte-exact=true different-pixels=0 max-channel-delta=0
adapter=Apple M5 Max
backend=rust-wgpu frame=0 size=500x500 output=target/renderer-corpus/riv-library_with_image-frame-0-clockwise-atomic.png
exact riv-library_with_image-frame-0-clockwise-atomic: byte-exact=false different-pixels=0 max-channel-delta=1
adapter=Apple M5 Max
backend=rust-wgpu frame=0 size=500x500 output=target/renderer-corpus/riv-library_with_image-frame-0-msaa.png
exact riv-library_with_image-frame-0-msaa: byte-exact=true different-pixels=0 max-channel-delta=0
adapter=Apple M5 Max
backend=rust-wgpu frame=0 size=500x500 output=target/renderer-corpus/riv-library_with_text_and_image-frame-0-clockwise-atomic.png
exact riv-library_with_text_and_image-frame-0-clockwise-atomic: byte-exact=false different-pixels=0 max-channel-delta=1
adapter=Apple M5 Max
backend=rust-wgpu frame=0 size=500x500 output=target/renderer-corpus/riv-library_with_text_and_image-frame-0-msaa.png
exact riv-library_with_text_and_image-frame-0-msaa: byte-exact=true different-pixels=0 max-channel-delta=0
adapter=Apple M5 Max
backend=rust-wgpu frame=0 size=500x500 output=target/renderer-corpus/riv-light_switch-frame-0-clockwise-atomic.png
exact riv-light_switch-frame-0-clockwise-atomic: byte-exact=false different-pixels=19 max-channel-delta=12
adapter=Apple M5 Max
backend=rust-wgpu frame=0 size=500x500 output=target/renderer-corpus/riv-light_switch-frame-0-msaa.png
exact riv-light_switch-frame-0-msaa: byte-exact=true different-pixels=0 max-channel-delta=0
adapter=Apple M5 Max
backend=rust-wgpu frame=1 size=500x500 output=target/renderer-corpus/riv-light_switch-frame-1-clockwise-atomic.png
exact riv-light_switch-frame-1-clockwise-atomic: byte-exact=false different-pixels=19 max-channel-delta=12
adapter=Apple M5 Max
backend=rust-wgpu frame=1 size=500x500 output=target/renderer-corpus/riv-light_switch-frame-1-msaa.png
exact riv-light_switch-frame-1-msaa: byte-exact=true different-pixels=0 max-channel-delta=0
adapter=Apple M5 Max
backend=rust-wgpu frame=2 size=500x500 output=target/renderer-corpus/riv-light_switch-frame-2-clockwise-atomic.png
exact riv-light_switch-frame-2-clockwise-atomic: byte-exact=false different-pixels=19 max-channel-delta=12
adapter=Apple M5 Max
backend=rust-wgpu frame=2 size=500x500 output=target/renderer-corpus/riv-light_switch-frame-2-msaa.png
exact riv-light_switch-frame-2-msaa: byte-exact=true different-pixels=0 max-channel-delta=0
adapter=Apple M5 Max
backend=rust-wgpu frame=3 size=500x500 output=target/renderer-corpus/riv-light_switch-frame-3-clockwise-atomic.png
exact riv-light_switch-frame-3-clockwise-atomic: byte-exact=false different-pixels=19 max-channel-delta=12
adapter=Apple M5 Max
backend=rust-wgpu frame=3 size=500x500 output=target/renderer-corpus/riv-light_switch-frame-3-msaa.png
exact riv-light_switch-frame-3-msaa: byte-exact=true different-pixels=0 max-channel-delta=0
adapter=Apple M5 Max
backend=rust-wgpu frame=4 size=500x500 output=target/renderer-corpus/riv-light_switch-frame-4-clockwise-atomic.png
exact riv-light_switch-frame-4-clockwise-atomic: byte-exact=false different-pixels=19 max-channel-delta=12
adapter=Apple M5 Max
backend=rust-wgpu frame=4 size=500x500 output=target/renderer-corpus/riv-light_switch-frame-4-msaa.png
exact riv-light_switch-frame-4-msaa: byte-exact=true different-pixels=0 max-channel-delta=0
adapter=Apple M5 Max
backend=rust-wgpu frame=5 size=500x500 output=target/renderer-corpus/riv-light_switch-frame-5-clockwise-atomic.png
exact riv-light_switch-frame-5-clockwise-atomic: byte-exact=false different-pixels=19 max-channel-delta=12
adapter=Apple M5 Max
backend=rust-wgpu frame=5 size=500x500 output=target/renderer-corpus/riv-light_switch-frame-5-msaa.png
exact riv-light_switch-frame-5-msaa: byte-exact=true different-pixels=0 max-channel-delta=0
adapter=Apple M5 Max
backend=rust-wgpu frame=6 size=500x500 output=target/renderer-corpus/riv-light_switch-frame-6-clockwise-atomic.png
exact riv-light_switch-frame-6-clockwise-atomic: byte-exact=false different-pixels=19 max-channel-delta=12
adapter=Apple M5 Max
backend=rust-wgpu frame=6 size=500x500 output=target/renderer-corpus/riv-light_switch-frame-6-msaa.png
exact riv-light_switch-frame-6-msaa: byte-exact=true different-pixels=0 max-channel-delta=0
adapter=Apple M5 Max
backend=rust-wgpu frame=7 size=500x500 output=target/renderer-corpus/riv-light_switch-frame-7-clockwise-atomic.png
exact riv-light_switch-frame-7-clockwise-atomic: byte-exact=false different-pixels=19 max-channel-delta=12
adapter=Apple M5 Max
backend=rust-wgpu frame=7 size=500x500 output=target/renderer-corpus/riv-light_switch-frame-7-msaa.png
exact riv-light_switch-frame-7-msaa: byte-exact=true different-pixels=0 max-channel-delta=0
adapter=Apple M5 Max
backend=rust-wgpu frame=0 size=500x500 output=target/renderer-corpus/riv-list_index_script_access-frame-0-clockwise-atomic.png
exact riv-list_index_script_access-frame-0-clockwise-atomic: byte-exact=false different-pixels=0 max-channel-delta=1
adapter=Apple M5 Max
backend=rust-wgpu frame=0 size=500x500 output=target/renderer-corpus/riv-list_index_script_access-frame-0-msaa.png
exact riv-list_index_script_access-frame-0-msaa: byte-exact=true different-pixels=0 max-channel-delta=0
adapter=Apple M5 Max
backend=rust-wgpu frame=0 size=500x500 output=target/renderer-corpus/riv-list_items-frame-0-clockwise-atomic.png
exact riv-list_items-frame-0-clockwise-atomic: byte-exact=false different-pixels=0 max-channel-delta=1
adapter=Apple M5 Max
backend=rust-wgpu frame=0 size=500x500 output=target/renderer-corpus/riv-list_items-frame-0-msaa.png
exact riv-list_items-frame-0-msaa: byte-exact=true different-pixels=0 max-channel-delta=0
adapter=Apple M5 Max
backend=rust-wgpu frame=0 size=500x500 output=target/renderer-corpus/riv-list_to_length_test-frame-0-clockwise-atomic.png
exact riv-list_to_length_test-frame-0-clockwise-atomic: byte-exact=false different-pixels=0 max-channel-delta=1
adapter=Apple M5 Max
backend=rust-wgpu frame=0 size=500x500 output=target/renderer-corpus/riv-list_to_length_test-frame-0-msaa.png
exact riv-list_to_length_test-frame-0-msaa: byte-exact=true different-pixels=0 max-channel-delta=0
adapter=Apple M5 Max
backend=rust-wgpu frame=0 size=500x500 output=target/renderer-corpus/riv-list_to_path-frame-0-clockwise-atomic.png
exact riv-list_to_path-frame-0-clockwise-atomic: byte-exact=false different-pixels=0 max-channel-delta=1
adapter=Apple M5 Max
backend=rust-wgpu frame=0 size=500x500 output=target/renderer-corpus/riv-list_to_path-frame-0-msaa.png
exact riv-list_to_path-frame-0-msaa: byte-exact=true different-pixels=0 max-channel-delta=0
adapter=Apple M5 Max
backend=rust-wgpu frame=1 size=500x500 output=target/renderer-corpus/riv-list_to_path-frame-1-clockwise-atomic.png
exact riv-list_to_path-frame-1-clockwise-atomic: byte-exact=false different-pixels=0 max-channel-delta=1
adapter=Apple M5 Max
backend=rust-wgpu frame=1 size=500x500 output=target/renderer-corpus/riv-list_to_path-frame-1-msaa.png
exact riv-list_to_path-frame-1-msaa: byte-exact=true different-pixels=0 max-channel-delta=0
adapter=Apple M5 Max
backend=rust-wgpu frame=2 size=500x500 output=target/renderer-corpus/riv-list_to_path-frame-2-clockwise-atomic.png
exact riv-list_to_path-frame-2-clockwise-atomic: byte-exact=false different-pixels=0 max-channel-delta=1
adapter=Apple M5 Max
backend=rust-wgpu frame=2 size=500x500 output=target/renderer-corpus/riv-list_to_path-frame-2-msaa.png
exact riv-list_to_path-frame-2-msaa: byte-exact=true different-pixels=0 max-channel-delta=0
adapter=Apple M5 Max
backend=rust-wgpu frame=3 size=500x500 output=target/renderer-corpus/riv-list_to_path-frame-3-clockwise-atomic.png
exact riv-list_to_path-frame-3-clockwise-atomic: byte-exact=false different-pixels=0 max-channel-delta=1
adapter=Apple M5 Max
backend=rust-wgpu frame=3 size=500x500 output=target/renderer-corpus/riv-list_to_path-frame-3-msaa.png
exact riv-list_to_path-frame-3-msaa: byte-exact=true different-pixels=0 max-channel-delta=0
adapter=Apple M5 Max
backend=rust-wgpu frame=4 size=500x500 output=target/renderer-corpus/riv-list_to_path-frame-4-clockwise-atomic.png
exact riv-list_to_path-frame-4-clockwise-atomic: byte-exact=false different-pixels=0 max-channel-delta=1
adapter=Apple M5 Max
backend=rust-wgpu frame=4 size=500x500 output=target/renderer-corpus/riv-list_to_path-frame-4-msaa.png
exact riv-list_to_path-frame-4-msaa: byte-exact=true different-pixels=0 max-channel-delta=0
adapter=Apple M5 Max
backend=rust-wgpu frame=0 size=500x500 output=target/renderer-corpus/riv-listener_action_inputs-frame-0-clockwise-atomic.png
exact riv-listener_action_inputs-frame-0-clockwise-atomic: byte-exact=false different-pixels=0 max-channel-delta=2
adapter=Apple M5 Max
backend=rust-wgpu frame=0 size=500x500 output=target/renderer-corpus/riv-listener_action_inputs-frame-0-msaa.png
exact riv-listener_action_inputs-frame-0-msaa: byte-exact=true different-pixels=0 max-channel-delta=0
adapter=Apple M5 Max
backend=rust-wgpu frame=0 size=500x500 output=target/renderer-corpus/riv-listener_view_model-frame-0-clockwise-atomic.png
exact riv-listener_view_model-frame-0-clockwise-atomic: byte-exact=true different-pixels=0 max-channel-delta=0
adapter=Apple M5 Max
backend=rust-wgpu frame=0 size=500x500 output=target/renderer-corpus/riv-listener_view_model-frame-0-msaa.png
exact riv-listener_view_model-frame-0-msaa: byte-exact=true different-pixels=0 max-channel-delta=0
adapter=Apple M5 Max
backend=rust-wgpu frame=0 size=500x500 output=target/renderer-corpus/riv-local_bounds-frame-0-clockwise-atomic.png
exact riv-local_bounds-frame-0-clockwise-atomic: byte-exact=true different-pixels=0 max-channel-delta=0
adapter=Apple M5 Max
backend=rust-wgpu frame=0 size=500x500 output=target/renderer-corpus/riv-local_bounds-frame-0-msaa.png
exact riv-local_bounds-frame-0-msaa: byte-exact=true different-pixels=0 max-channel-delta=0
adapter=Apple M5 Max
backend=rust-wgpu frame=0 size=500x500 output=target/renderer-corpus/riv-lock_icon_demo-frame-0-clockwise-atomic.png
exact riv-lock_icon_demo-frame-0-clockwise-atomic: byte-exact=false different-pixels=0 max-channel-delta=2
adapter=Apple M5 Max
backend=rust-wgpu frame=0 size=500x500 output=target/renderer-corpus/riv-lock_icon_demo-frame-0-msaa.png
exact riv-lock_icon_demo-frame-0-msaa: byte-exact=true different-pixels=0 max-channel-delta=0
adapter=Apple M5 Max
backend=rust-wgpu frame=1 size=500x500 output=target/renderer-corpus/riv-lock_icon_demo-frame-1-clockwise-atomic.png
exact riv-lock_icon_demo-frame-1-clockwise-atomic: byte-exact=false different-pixels=0 max-channel-delta=2
adapter=Apple M5 Max
backend=rust-wgpu frame=1 size=500x500 output=target/renderer-corpus/riv-lock_icon_demo-frame-1-msaa.png
exact riv-lock_icon_demo-frame-1-msaa: byte-exact=true different-pixels=0 max-channel-delta=0
adapter=Apple M5 Max
backend=rust-wgpu frame=2 size=500x500 output=target/renderer-corpus/riv-lock_icon_demo-frame-2-clockwise-atomic.png
exact riv-lock_icon_demo-frame-2-clockwise-atomic: byte-exact=false different-pixels=0 max-channel-delta=2
adapter=Apple M5 Max
backend=rust-wgpu frame=2 size=500x500 output=target/renderer-corpus/riv-lock_icon_demo-frame-2-msaa.png
exact riv-lock_icon_demo-frame-2-msaa: byte-exact=true different-pixels=0 max-channel-delta=0
adapter=Apple M5 Max
backend=rust-wgpu frame=3 size=500x500 output=target/renderer-corpus/riv-lock_icon_demo-frame-3-clockwise-atomic.png
exact riv-lock_icon_demo-frame-3-clockwise-atomic: byte-exact=false different-pixels=0 max-channel-delta=2
adapter=Apple M5 Max
backend=rust-wgpu frame=3 size=500x500 output=target/renderer-corpus/riv-lock_icon_demo-frame-3-msaa.png
exact riv-lock_icon_demo-frame-3-msaa: byte-exact=true different-pixels=0 max-channel-delta=0
adapter=Apple M5 Max
backend=rust-wgpu frame=4 size=500x500 output=target/renderer-corpus/riv-lock_icon_demo-frame-4-clockwise-atomic.png
exact riv-lock_icon_demo-frame-4-clockwise-atomic: byte-exact=false different-pixels=0 max-channel-delta=2
adapter=Apple M5 Max
backend=rust-wgpu frame=4 size=500x500 output=target/renderer-corpus/riv-lock_icon_demo-frame-4-msaa.png
exact riv-lock_icon_demo-frame-4-msaa: byte-exact=true different-pixels=0 max-channel-delta=0
adapter=Apple M5 Max
backend=rust-wgpu frame=0 size=500x500 output=target/renderer-corpus/riv-long_name-frame-0-clockwise-atomic.png
exact riv-long_name-frame-0-clockwise-atomic: byte-exact=false different-pixels=0 max-channel-delta=2
adapter=Apple M5 Max
backend=rust-wgpu frame=0 size=500x500 output=target/renderer-corpus/riv-long_name-frame-0-msaa.png
exact riv-long_name-frame-0-msaa: byte-exact=true different-pixels=0 max-channel-delta=0
adapter=Apple M5 Max
backend=rust-wgpu frame=1 size=500x500 output=target/renderer-corpus/riv-long_name-frame-1-clockwise-atomic.png
exact riv-long_name-frame-1-clockwise-atomic: byte-exact=false different-pixels=0 max-channel-delta=2
adapter=Apple M5 Max
backend=rust-wgpu frame=1 size=500x500 output=target/renderer-corpus/riv-long_name-frame-1-msaa.png
exact riv-long_name-frame-1-msaa: byte-exact=true different-pixels=0 max-channel-delta=0
adapter=Apple M5 Max
backend=rust-wgpu frame=2 size=500x500 output=target/renderer-corpus/riv-long_name-frame-2-clockwise-atomic.png
exact riv-long_name-frame-2-clockwise-atomic: byte-exact=false different-pixels=0 max-channel-delta=2
adapter=Apple M5 Max
backend=rust-wgpu frame=2 size=500x500 output=target/renderer-corpus/riv-long_name-frame-2-msaa.png
exact riv-long_name-frame-2-msaa: byte-exact=true different-pixels=0 max-channel-delta=0
adapter=Apple M5 Max
backend=rust-wgpu frame=3 size=500x500 output=target/renderer-corpus/riv-long_name-frame-3-clockwise-atomic.png
exact riv-long_name-frame-3-clockwise-atomic: byte-exact=false different-pixels=0 max-channel-delta=2
adapter=Apple M5 Max
backend=rust-wgpu frame=3 size=500x500 output=target/renderer-corpus/riv-long_name-frame-3-msaa.png
exact riv-long_name-frame-3-msaa: byte-exact=true different-pixels=0 max-channel-delta=0
adapter=Apple M5 Max
backend=rust-wgpu frame=4 size=500x500 output=target/renderer-corpus/riv-long_name-frame-4-clockwise-atomic.png
exact riv-long_name-frame-4-clockwise-atomic: byte-exact=false different-pixels=0 max-channel-delta=2
adapter=Apple M5 Max
backend=rust-wgpu frame=4 size=500x500 output=target/renderer-corpus/riv-long_name-frame-4-msaa.png
exact riv-long_name-frame-4-msaa: byte-exact=true different-pixels=0 max-channel-delta=0
adapter=Apple M5 Max
backend=rust-wgpu frame=0 size=500x500 output=target/renderer-corpus/riv-looping_timeline_events-frame-0-clockwise-atomic.png
exact riv-looping_timeline_events-frame-0-clockwise-atomic: byte-exact=false different-pixels=0 max-channel-delta=1
adapter=Apple M5 Max
backend=rust-wgpu frame=0 size=500x500 output=target/renderer-corpus/riv-looping_timeline_events-frame-0-msaa.png
exact riv-looping_timeline_events-frame-0-msaa: byte-exact=true different-pixels=0 max-channel-delta=0
adapter=Apple M5 Max
backend=rust-wgpu frame=1 size=500x500 output=target/renderer-corpus/riv-looping_timeline_events-frame-1-clockwise-atomic.png
exact riv-looping_timeline_events-frame-1-clockwise-atomic: byte-exact=false different-pixels=0 max-channel-delta=1
adapter=Apple M5 Max
backend=rust-wgpu frame=1 size=500x500 output=target/renderer-corpus/riv-looping_timeline_events-frame-1-msaa.png
exact riv-looping_timeline_events-frame-1-msaa: byte-exact=true different-pixels=0 max-channel-delta=0
adapter=Apple M5 Max
backend=rust-wgpu frame=2 size=500x500 output=target/renderer-corpus/riv-looping_timeline_events-frame-2-clockwise-atomic.png
exact riv-looping_timeline_events-frame-2-clockwise-atomic: byte-exact=false different-pixels=0 max-channel-delta=1
adapter=Apple M5 Max
backend=rust-wgpu frame=2 size=500x500 output=target/renderer-corpus/riv-looping_timeline_events-frame-2-msaa.png
exact riv-looping_timeline_events-frame-2-msaa: byte-exact=true different-pixels=0 max-channel-delta=0
adapter=Apple M5 Max
backend=rust-wgpu frame=3 size=500x500 output=target/renderer-corpus/riv-looping_timeline_events-frame-3-clockwise-atomic.png
exact riv-looping_timeline_events-frame-3-clockwise-atomic: byte-exact=false different-pixels=0 max-channel-delta=1
adapter=Apple M5 Max
backend=rust-wgpu frame=3 size=500x500 output=target/renderer-corpus/riv-looping_timeline_events-frame-3-msaa.png
exact riv-looping_timeline_events-frame-3-msaa: byte-exact=true different-pixels=0 max-channel-delta=0
adapter=Apple M5 Max
backend=rust-wgpu frame=4 size=500x500 output=target/renderer-corpus/riv-looping_timeline_events-frame-4-clockwise-atomic.png
exact riv-looping_timeline_events-frame-4-clockwise-atomic: byte-exact=false different-pixels=0 max-channel-delta=1
adapter=Apple M5 Max
backend=rust-wgpu frame=4 size=500x500 output=target/renderer-corpus/riv-looping_timeline_events-frame-4-msaa.png
exact riv-looping_timeline_events-frame-4-msaa: byte-exact=true different-pixels=0 max-channel-delta=0
adapter=Apple M5 Max
backend=rust-wgpu frame=0 size=3253x2459 output=target/renderer-corpus/riv-magic_alley_db_reduced_export-frame-0-clockwise-atomic.png
exact riv-magic_alley_db_reduced_export-frame-0-clockwise-atomic: byte-exact=false different-pixels=0 max-channel-delta=2
adapter=Apple M5 Max
backend=rust-wgpu frame=0 size=3253x2459 output=target/renderer-corpus/riv-magic_alley_db_reduced_export-frame-0-msaa.png
exact riv-magic_alley_db_reduced_export-frame-0-msaa: byte-exact=true different-pixels=0 max-channel-delta=0
adapter=Apple M5 Max
backend=rust-wgpu frame=0 size=500x500 output=target/renderer-corpus/riv-modifier_test-frame-0-clockwise-atomic.png
exact riv-modifier_test-frame-0-clockwise-atomic: byte-exact=true different-pixels=0 max-channel-delta=0
adapter=Apple M5 Max
backend=rust-wgpu frame=0 size=500x500 output=target/renderer-corpus/riv-modifier_test-frame-0-msaa.png
exact riv-modifier_test-frame-0-msaa: byte-exact=true different-pixels=0 max-channel-delta=0
adapter=Apple M5 Max
backend=rust-wgpu frame=0 size=500x500 output=target/renderer-corpus/riv-modifier_to_run-frame-0-clockwise-atomic.png
exact riv-modifier_to_run-frame-0-clockwise-atomic: byte-exact=true different-pixels=0 max-channel-delta=0
adapter=Apple M5 Max
backend=rust-wgpu frame=0 size=500x500 output=target/renderer-corpus/riv-modifier_to_run-frame-0-msaa.png
exact riv-modifier_to_run-frame-0-msaa: byte-exact=true different-pixels=0 max-channel-delta=0
adapter=Apple M5 Max
backend=rust-wgpu frame=0 size=500x500 output=target/renderer-corpus/riv-multi_listeners-frame-0-clockwise-atomic.png
exact riv-multi_listeners-frame-0-clockwise-atomic: byte-exact=true different-pixels=0 max-channel-delta=0
adapter=Apple M5 Max
backend=rust-wgpu frame=0 size=500x500 output=target/renderer-corpus/riv-multi_listeners-frame-0-msaa.png
exact riv-multi_listeners-frame-0-msaa: byte-exact=true different-pixels=0 max-channel-delta=0
adapter=Apple M5 Max
backend=rust-wgpu frame=0 size=500x500 output=target/renderer-corpus/riv-multiple_state_machines-frame-0-clockwise-atomic.png
exact riv-multiple_state_machines-frame-0-clockwise-atomic: byte-exact=false different-pixels=0 max-channel-delta=1
adapter=Apple M5 Max
backend=rust-wgpu frame=0 size=500x500 output=target/renderer-corpus/riv-multiple_state_machines-frame-0-msaa.png
exact riv-multiple_state_machines-frame-0-msaa: byte-exact=true different-pixels=0 max-channel-delta=0
adapter=Apple M5 Max
backend=rust-wgpu frame=1 size=500x500 output=target/renderer-corpus/riv-multiple_state_machines-frame-1-clockwise-atomic.png
exact riv-multiple_state_machines-frame-1-clockwise-atomic: byte-exact=false different-pixels=0 max-channel-delta=1
adapter=Apple M5 Max
backend=rust-wgpu frame=1 size=500x500 output=target/renderer-corpus/riv-multiple_state_machines-frame-1-msaa.png
exact riv-multiple_state_machines-frame-1-msaa: byte-exact=true different-pixels=0 max-channel-delta=0
adapter=Apple M5 Max
backend=rust-wgpu frame=2 size=500x500 output=target/renderer-corpus/riv-multiple_state_machines-frame-2-clockwise-atomic.png
exact riv-multiple_state_machines-frame-2-clockwise-atomic: byte-exact=false different-pixels=0 max-channel-delta=1
adapter=Apple M5 Max
backend=rust-wgpu frame=2 size=500x500 output=target/renderer-corpus/riv-multiple_state_machines-frame-2-msaa.png
exact riv-multiple_state_machines-frame-2-msaa: byte-exact=true different-pixels=0 max-channel-delta=0
adapter=Apple M5 Max
backend=rust-wgpu frame=3 size=500x500 output=target/renderer-corpus/riv-multiple_state_machines-frame-3-clockwise-atomic.png
exact riv-multiple_state_machines-frame-3-clockwise-atomic: byte-exact=false different-pixels=0 max-channel-delta=1
adapter=Apple M5 Max
backend=rust-wgpu frame=3 size=500x500 output=target/renderer-corpus/riv-multiple_state_machines-frame-3-msaa.png
exact riv-multiple_state_machines-frame-3-msaa: byte-exact=true different-pixels=0 max-channel-delta=0
adapter=Apple M5 Max
backend=rust-wgpu frame=4 size=500x500 output=target/renderer-corpus/riv-multiple_state_machines-frame-4-clockwise-atomic.png
exact riv-multiple_state_machines-frame-4-clockwise-atomic: byte-exact=false different-pixels=0 max-channel-delta=1
adapter=Apple M5 Max
backend=rust-wgpu frame=4 size=500x500 output=target/renderer-corpus/riv-multiple_state_machines-frame-4-msaa.png
exact riv-multiple_state_machines-frame-4-msaa: byte-exact=true different-pixels=0 max-channel-delta=0
adapter=Apple M5 Max
backend=rust-wgpu frame=0 size=500x500 output=target/renderer-corpus/riv-multitouch-frame-0-clockwise-atomic.png
exact riv-multitouch-frame-0-clockwise-atomic: byte-exact=false different-pixels=0 max-channel-delta=1
adapter=Apple M5 Max
backend=rust-wgpu frame=0 size=500x500 output=target/renderer-corpus/riv-multitouch-frame-0-msaa.png
exact riv-multitouch-frame-0-msaa: byte-exact=true different-pixels=0 max-channel-delta=0
adapter=Apple M5 Max
backend=rust-wgpu frame=0 size=500x500 output=target/renderer-corpus/riv-multitouch_enter-frame-0-clockwise-atomic.png
exact riv-multitouch_enter-frame-0-clockwise-atomic: byte-exact=false different-pixels=0 max-channel-delta=1
adapter=Apple M5 Max
backend=rust-wgpu frame=0 size=500x500 output=target/renderer-corpus/riv-multitouch_enter-frame-0-msaa.png
exact riv-multitouch_enter-frame-0-msaa: byte-exact=true different-pixels=0 max-channel-delta=0
adapter=Apple M5 Max
backend=rust-wgpu frame=0 size=500x205 output=target/renderer-corpus/riv-n_slice_triangle-frame-0-clockwise-atomic.png
exact riv-n_slice_triangle-frame-0-clockwise-atomic: byte-exact=false different-pixels=0 max-channel-delta=1
adapter=Apple M5 Max
backend=rust-wgpu frame=0 size=500x205 output=target/renderer-corpus/riv-n_slice_triangle-frame-0-msaa.png
exact riv-n_slice_triangle-frame-0-msaa: byte-exact=true different-pixels=0 max-channel-delta=0
adapter=Apple M5 Max
backend=rust-wgpu frame=0 size=500x500 output=target/renderer-corpus/riv-nested_artboard_opacity-frame-0-clockwise-atomic.png
exact riv-nested_artboard_opacity-frame-0-clockwise-atomic: byte-exact=false different-pixels=0 max-channel-delta=1
adapter=Apple M5 Max
backend=rust-wgpu frame=0 size=500x500 output=target/renderer-corpus/riv-nested_artboard_opacity-frame-0-msaa.png
exact riv-nested_artboard_opacity-frame-0-msaa: byte-exact=true different-pixels=0 max-channel-delta=0
adapter=Apple M5 Max
backend=rust-wgpu frame=0 size=500x500 output=target/renderer-corpus/riv-nested_artboard_quantize_and_speed-frame-0-clockwise-atomic.png
exact riv-nested_artboard_quantize_and_speed-frame-0-clockwise-atomic: byte-exact=false different-pixels=0 max-channel-delta=2
adapter=Apple M5 Max
backend=rust-wgpu frame=0 size=500x500 output=target/renderer-corpus/riv-nested_artboard_quantize_and_speed-frame-0-msaa.png
exact riv-nested_artboard_quantize_and_speed-frame-0-msaa: byte-exact=true different-pixels=0 max-channel-delta=0
adapter=Apple M5 Max
backend=rust-wgpu frame=1 size=500x500 output=target/renderer-corpus/riv-nested_artboard_quantize_and_speed-frame-1-clockwise-atomic.png
exact riv-nested_artboard_quantize_and_speed-frame-1-clockwise-atomic: byte-exact=false different-pixels=0 max-channel-delta=2
adapter=Apple M5 Max
backend=rust-wgpu frame=1 size=500x500 output=target/renderer-corpus/riv-nested_artboard_quantize_and_speed-frame-1-msaa.png
exact riv-nested_artboard_quantize_and_speed-frame-1-msaa: byte-exact=true different-pixels=0 max-channel-delta=0
adapter=Apple M5 Max
backend=rust-wgpu frame=2 size=500x500 output=target/renderer-corpus/riv-nested_artboard_quantize_and_speed-frame-2-clockwise-atomic.png
exact riv-nested_artboard_quantize_and_speed-frame-2-clockwise-atomic: byte-exact=false different-pixels=0 max-channel-delta=2
adapter=Apple M5 Max
backend=rust-wgpu frame=2 size=500x500 output=target/renderer-corpus/riv-nested_artboard_quantize_and_speed-frame-2-msaa.png
exact riv-nested_artboard_quantize_and_speed-frame-2-msaa: byte-exact=true different-pixels=0 max-channel-delta=0
adapter=Apple M5 Max
backend=rust-wgpu frame=3 size=500x500 output=target/renderer-corpus/riv-nested_artboard_quantize_and_speed-frame-3-clockwise-atomic.png
exact riv-nested_artboard_quantize_and_speed-frame-3-clockwise-atomic: byte-exact=false different-pixels=0 max-channel-delta=2
adapter=Apple M5 Max
backend=rust-wgpu frame=3 size=500x500 output=target/renderer-corpus/riv-nested_artboard_quantize_and_speed-frame-3-msaa.png
exact riv-nested_artboard_quantize_and_speed-frame-3-msaa: byte-exact=true different-pixels=0 max-channel-delta=0
adapter=Apple M5 Max
backend=rust-wgpu frame=4 size=500x500 output=target/renderer-corpus/riv-nested_artboard_quantize_and_speed-frame-4-clockwise-atomic.png
exact riv-nested_artboard_quantize_and_speed-frame-4-clockwise-atomic: byte-exact=false different-pixels=0 max-channel-delta=2
adapter=Apple M5 Max
backend=rust-wgpu frame=4 size=500x500 output=target/renderer-corpus/riv-nested_artboard_quantize_and_speed-frame-4-msaa.png
exact riv-nested_artboard_quantize_and_speed-frame-4-msaa: byte-exact=true different-pixels=0 max-channel-delta=0
adapter=Apple M5 Max
backend=rust-wgpu frame=0 size=500x500 output=target/renderer-corpus/riv-nested_event_test-frame-0-clockwise-atomic.png
exact riv-nested_event_test-frame-0-clockwise-atomic: byte-exact=false different-pixels=1 max-channel-delta=8
adapter=Apple M5 Max
backend=rust-wgpu frame=0 size=500x500 output=target/renderer-corpus/riv-nested_event_test-frame-0-msaa.png
exact riv-nested_event_test-frame-0-msaa: byte-exact=true different-pixels=0 max-channel-delta=0
adapter=Apple M5 Max
backend=rust-wgpu frame=0 size=500x250 output=target/renderer-corpus/riv-nested_events-frame-0-clockwise-atomic.png
exact riv-nested_events-frame-0-clockwise-atomic: byte-exact=false different-pixels=0 max-channel-delta=2
adapter=Apple M5 Max
backend=rust-wgpu frame=0 size=500x250 output=target/renderer-corpus/riv-nested_events-frame-0-msaa.png
exact riv-nested_events-frame-0-msaa: byte-exact=true different-pixels=0 max-channel-delta=0
adapter=Apple M5 Max
backend=rust-wgpu frame=0 size=500x500 output=target/renderer-corpus/riv-nested_hug-frame-0-clockwise-atomic.png
exact riv-nested_hug-frame-0-clockwise-atomic: byte-exact=true different-pixels=0 max-channel-delta=0
adapter=Apple M5 Max
backend=rust-wgpu frame=0 size=500x500 output=target/renderer-corpus/riv-nested_hug-frame-0-msaa.png
exact riv-nested_hug-frame-0-msaa: byte-exact=true different-pixels=0 max-channel-delta=0
adapter=Apple M5 Max
backend=rust-wgpu frame=0 size=160x220 output=target/renderer-corpus/riv-nested_needs_advance-frame-0-clockwise-atomic.png
exact riv-nested_needs_advance-frame-0-clockwise-atomic: byte-exact=false different-pixels=0 max-channel-delta=1
adapter=Apple M5 Max
backend=rust-wgpu frame=0 size=160x220 output=target/renderer-corpus/riv-nested_needs_advance-frame-0-msaa.png
exact riv-nested_needs_advance-frame-0-msaa: byte-exact=true different-pixels=0 max-channel-delta=0
adapter=Apple M5 Max
backend=rust-wgpu frame=0 size=1117x500 output=target/renderer-corpus/riv-nested_solo-frame-0-clockwise-atomic.png
exact riv-nested_solo-frame-0-clockwise-atomic: byte-exact=true different-pixels=0 max-channel-delta=0
adapter=Apple M5 Max
backend=rust-wgpu frame=0 size=1117x500 output=target/renderer-corpus/riv-nested_solo-frame-0-msaa.png
exact riv-nested_solo-frame-0-msaa: byte-exact=true different-pixels=0 max-channel-delta=0
adapter=Apple M5 Max
backend=rust-wgpu frame=1 size=1117x500 output=target/renderer-corpus/riv-nested_solo-frame-1-clockwise-atomic.png
exact riv-nested_solo-frame-1-clockwise-atomic: byte-exact=true different-pixels=0 max-channel-delta=0
adapter=Apple M5 Max
backend=rust-wgpu frame=1 size=1117x500 output=target/renderer-corpus/riv-nested_solo-frame-1-msaa.png
exact riv-nested_solo-frame-1-msaa: byte-exact=true different-pixels=0 max-channel-delta=0
adapter=Apple M5 Max
backend=rust-wgpu frame=2 size=1117x500 output=target/renderer-corpus/riv-nested_solo-frame-2-clockwise-atomic.png
exact riv-nested_solo-frame-2-clockwise-atomic: byte-exact=true different-pixels=0 max-channel-delta=0
adapter=Apple M5 Max
backend=rust-wgpu frame=2 size=1117x500 output=target/renderer-corpus/riv-nested_solo-frame-2-msaa.png
exact riv-nested_solo-frame-2-msaa: byte-exact=true different-pixels=0 max-channel-delta=0
adapter=Apple M5 Max
backend=rust-wgpu frame=3 size=1117x500 output=target/renderer-corpus/riv-nested_solo-frame-3-clockwise-atomic.png
exact riv-nested_solo-frame-3-clockwise-atomic: byte-exact=true different-pixels=0 max-channel-delta=0
adapter=Apple M5 Max
backend=rust-wgpu frame=3 size=1117x500 output=target/renderer-corpus/riv-nested_solo-frame-3-msaa.png
exact riv-nested_solo-frame-3-msaa: byte-exact=true different-pixels=0 max-channel-delta=0
adapter=Apple M5 Max
backend=rust-wgpu frame=4 size=1117x500 output=target/renderer-corpus/riv-nested_solo-frame-4-clockwise-atomic.png
exact riv-nested_solo-frame-4-clockwise-atomic: byte-exact=true different-pixels=0 max-channel-delta=0
adapter=Apple M5 Max
backend=rust-wgpu frame=4 size=1117x500 output=target/renderer-corpus/riv-nested_solo-frame-4-msaa.png
exact riv-nested_solo-frame-4-msaa: byte-exact=true different-pixels=0 max-channel-delta=0
adapter=Apple M5 Max
backend=rust-wgpu frame=0 size=500x500 output=target/renderer-corpus/riv-new_text-frame-0-clockwise-atomic.png
exact riv-new_text-frame-0-clockwise-atomic: byte-exact=true different-pixels=0 max-channel-delta=0
adapter=Apple M5 Max
backend=rust-wgpu frame=0 size=500x500 output=target/renderer-corpus/riv-new_text-frame-0-msaa.png
exact riv-new_text-frame-0-msaa: byte-exact=true different-pixels=0 max-channel-delta=0
adapter=Apple M5 Max
backend=rust-wgpu frame=0 size=500x260 output=target/renderer-corpus/riv-number_to_list_nested_children-frame-0-clockwise-atomic.png
exact riv-number_to_list_nested_children-frame-0-clockwise-atomic: byte-exact=false different-pixels=0 max-channel-delta=1
adapter=Apple M5 Max
backend=rust-wgpu frame=0 size=500x260 output=target/renderer-corpus/riv-number_to_list_nested_children-frame-0-msaa.png
exact riv-number_to_list_nested_children-frame-0-msaa: byte-exact=true different-pixels=0 max-channel-delta=0
adapter=Apple M5 Max
backend=rust-wgpu frame=0 size=1000x1000 output=target/renderer-corpus/riv-off_road_car-frame-0-clockwise-atomic.png
exact riv-off_road_car-frame-0-clockwise-atomic: byte-exact=false different-pixels=49 max-channel-delta=68
adapter=Apple M5 Max
backend=rust-wgpu frame=0 size=1000x1000 output=target/renderer-corpus/riv-off_road_car-frame-0-msaa.png
exact riv-off_road_car-frame-0-msaa: byte-exact=false different-pixels=0 max-channel-delta=1
adapter=Apple M5 Max
backend=rust-wgpu frame=1 size=1000x1000 output=target/renderer-corpus/riv-off_road_car-frame-1-clockwise-atomic.png
exact riv-off_road_car-frame-1-clockwise-atomic: byte-exact=false different-pixels=49 max-channel-delta=68
adapter=Apple M5 Max
backend=rust-wgpu frame=1 size=1000x1000 output=target/renderer-corpus/riv-off_road_car-frame-1-msaa.png
exact riv-off_road_car-frame-1-msaa: byte-exact=false different-pixels=0 max-channel-delta=1
adapter=Apple M5 Max
backend=rust-wgpu frame=2 size=1000x1000 output=target/renderer-corpus/riv-off_road_car-frame-2-clockwise-atomic.png
exact riv-off_road_car-frame-2-clockwise-atomic: byte-exact=false different-pixels=49 max-channel-delta=68
adapter=Apple M5 Max
backend=rust-wgpu frame=2 size=1000x1000 output=target/renderer-corpus/riv-off_road_car-frame-2-msaa.png
exact riv-off_road_car-frame-2-msaa: byte-exact=false different-pixels=0 max-channel-delta=1
adapter=Apple M5 Max
backend=rust-wgpu frame=3 size=1000x1000 output=target/renderer-corpus/riv-off_road_car-frame-3-clockwise-atomic.png
exact riv-off_road_car-frame-3-clockwise-atomic: byte-exact=false different-pixels=49 max-channel-delta=68
adapter=Apple M5 Max
backend=rust-wgpu frame=3 size=1000x1000 output=target/renderer-corpus/riv-off_road_car-frame-3-msaa.png
exact riv-off_road_car-frame-3-msaa: byte-exact=false different-pixels=0 max-channel-delta=1
adapter=Apple M5 Max
backend=rust-wgpu frame=4 size=1000x1000 output=target/renderer-corpus/riv-off_road_car-frame-4-clockwise-atomic.png
exact riv-off_road_car-frame-4-clockwise-atomic: byte-exact=false different-pixels=49 max-channel-delta=68
adapter=Apple M5 Max
backend=rust-wgpu frame=4 size=1000x1000 output=target/renderer-corpus/riv-off_road_car-frame-4-msaa.png
exact riv-off_road_car-frame-4-msaa: byte-exact=false different-pixels=0 max-channel-delta=1
adapter=Apple M5 Max
backend=rust-wgpu frame=0 size=500x500 output=target/renderer-corpus/riv-oneshotblend-frame-0-clockwise-atomic.png
exact riv-oneshotblend-frame-0-clockwise-atomic: byte-exact=false different-pixels=0 max-channel-delta=1
adapter=Apple M5 Max
backend=rust-wgpu frame=0 size=500x500 output=target/renderer-corpus/riv-oneshotblend-frame-0-msaa.png
exact riv-oneshotblend-frame-0-msaa: byte-exact=true different-pixels=0 max-channel-delta=0
adapter=Apple M5 Max
backend=rust-wgpu frame=1 size=500x500 output=target/renderer-corpus/riv-oneshotblend-frame-1-clockwise-atomic.png
exact riv-oneshotblend-frame-1-clockwise-atomic: byte-exact=false different-pixels=0 max-channel-delta=2
adapter=Apple M5 Max
backend=rust-wgpu frame=1 size=500x500 output=target/renderer-corpus/riv-oneshotblend-frame-1-msaa.png
exact riv-oneshotblend-frame-1-msaa: byte-exact=true different-pixels=0 max-channel-delta=0
adapter=Apple M5 Max
backend=rust-wgpu frame=2 size=500x500 output=target/renderer-corpus/riv-oneshotblend-frame-2-clockwise-atomic.png
exact riv-oneshotblend-frame-2-clockwise-atomic: byte-exact=false different-pixels=0 max-channel-delta=2
adapter=Apple M5 Max
backend=rust-wgpu frame=2 size=500x500 output=target/renderer-corpus/riv-oneshotblend-frame-2-msaa.png
exact riv-oneshotblend-frame-2-msaa: byte-exact=true different-pixels=0 max-channel-delta=0
adapter=Apple M5 Max
backend=rust-wgpu frame=3 size=500x500 output=target/renderer-corpus/riv-oneshotblend-frame-3-clockwise-atomic.png
exact riv-oneshotblend-frame-3-clockwise-atomic: byte-exact=false different-pixels=0 max-channel-delta=1
adapter=Apple M5 Max
backend=rust-wgpu frame=3 size=500x500 output=target/renderer-corpus/riv-oneshotblend-frame-3-msaa.png
exact riv-oneshotblend-frame-3-msaa: byte-exact=true different-pixels=0 max-channel-delta=0
adapter=Apple M5 Max
backend=rust-wgpu frame=4 size=500x500 output=target/renderer-corpus/riv-oneshotblend-frame-4-clockwise-atomic.png
exact riv-oneshotblend-frame-4-clockwise-atomic: byte-exact=false different-pixels=0 max-channel-delta=2
adapter=Apple M5 Max
backend=rust-wgpu frame=4 size=500x500 output=target/renderer-corpus/riv-oneshotblend-frame-4-msaa.png
exact riv-oneshotblend-frame-4-msaa: byte-exact=true different-pixels=0 max-channel-delta=0
adapter=Apple M5 Max
backend=rust-wgpu frame=0 size=500x500 output=target/renderer-corpus/riv-opaque_hit_test-frame-0-clockwise-atomic.png
exact riv-opaque_hit_test-frame-0-clockwise-atomic: byte-exact=false different-pixels=0 max-channel-delta=2
adapter=Apple M5 Max
backend=rust-wgpu frame=0 size=500x500 output=target/renderer-corpus/riv-opaque_hit_test-frame-0-msaa.png
exact riv-opaque_hit_test-frame-0-msaa: byte-exact=true different-pixels=0 max-channel-delta=0
adapter=Apple M5 Max
backend=rust-wgpu frame=1 size=500x500 output=target/renderer-corpus/riv-opaque_hit_test-frame-1-clockwise-atomic.png
exact riv-opaque_hit_test-frame-1-clockwise-atomic: byte-exact=false different-pixels=0 max-channel-delta=2
adapter=Apple M5 Max
backend=rust-wgpu frame=1 size=500x500 output=target/renderer-corpus/riv-opaque_hit_test-frame-1-msaa.png
exact riv-opaque_hit_test-frame-1-msaa: byte-exact=true different-pixels=0 max-channel-delta=0
adapter=Apple M5 Max
backend=rust-wgpu frame=2 size=500x500 output=target/renderer-corpus/riv-opaque_hit_test-frame-2-clockwise-atomic.png
exact riv-opaque_hit_test-frame-2-clockwise-atomic: byte-exact=false different-pixels=0 max-channel-delta=2
adapter=Apple M5 Max
backend=rust-wgpu frame=2 size=500x500 output=target/renderer-corpus/riv-opaque_hit_test-frame-2-msaa.png
exact riv-opaque_hit_test-frame-2-msaa: byte-exact=true different-pixels=0 max-channel-delta=0
adapter=Apple M5 Max
backend=rust-wgpu frame=3 size=500x500 output=target/renderer-corpus/riv-opaque_hit_test-frame-3-clockwise-atomic.png
exact riv-opaque_hit_test-frame-3-clockwise-atomic: byte-exact=false different-pixels=0 max-channel-delta=2
adapter=Apple M5 Max
backend=rust-wgpu frame=3 size=500x500 output=target/renderer-corpus/riv-opaque_hit_test-frame-3-msaa.png
exact riv-opaque_hit_test-frame-3-msaa: byte-exact=true different-pixels=0 max-channel-delta=0
adapter=Apple M5 Max
backend=rust-wgpu frame=4 size=500x500 output=target/renderer-corpus/riv-opaque_hit_test-frame-4-clockwise-atomic.png
exact riv-opaque_hit_test-frame-4-clockwise-atomic: byte-exact=false different-pixels=0 max-channel-delta=2
adapter=Apple M5 Max
backend=rust-wgpu frame=4 size=500x500 output=target/renderer-corpus/riv-opaque_hit_test-frame-4-msaa.png
exact riv-opaque_hit_test-frame-4-msaa: byte-exact=true different-pixels=0 max-channel-delta=0
adapter=Apple M5 Max
backend=rust-wgpu frame=5 size=500x500 output=target/renderer-corpus/riv-opaque_hit_test-frame-5-clockwise-atomic.png
exact riv-opaque_hit_test-frame-5-clockwise-atomic: byte-exact=false different-pixels=0 max-channel-delta=2
adapter=Apple M5 Max
backend=rust-wgpu frame=5 size=500x500 output=target/renderer-corpus/riv-opaque_hit_test-frame-5-msaa.png
exact riv-opaque_hit_test-frame-5-msaa: byte-exact=true different-pixels=0 max-channel-delta=0
adapter=Apple M5 Max
backend=rust-wgpu frame=6 size=500x500 output=target/renderer-corpus/riv-opaque_hit_test-frame-6-clockwise-atomic.png
exact riv-opaque_hit_test-frame-6-clockwise-atomic: byte-exact=false different-pixels=0 max-channel-delta=2
adapter=Apple M5 Max
backend=rust-wgpu frame=6 size=500x500 output=target/renderer-corpus/riv-opaque_hit_test-frame-6-msaa.png
exact riv-opaque_hit_test-frame-6-msaa: byte-exact=true different-pixels=0 max-channel-delta=0
adapter=Apple M5 Max
backend=rust-wgpu frame=7 size=500x500 output=target/renderer-corpus/riv-opaque_hit_test-frame-7-clockwise-atomic.png
exact riv-opaque_hit_test-frame-7-clockwise-atomic: byte-exact=false different-pixels=0 max-channel-delta=2
adapter=Apple M5 Max
backend=rust-wgpu frame=7 size=500x500 output=target/renderer-corpus/riv-opaque_hit_test-frame-7-msaa.png
exact riv-opaque_hit_test-frame-7-msaa: byte-exact=true different-pixels=0 max-channel-delta=0
adapter=Apple M5 Max
backend=rust-wgpu frame=0 size=500x500 output=target/renderer-corpus/riv-path_effect_with_feathers-frame-0-clockwise-atomic.png
exact riv-path_effect_with_feathers-frame-0-clockwise-atomic: byte-exact=true different-pixels=0 max-channel-delta=0
adapter=Apple M5 Max
backend=rust-wgpu frame=0 size=500x500 output=target/renderer-corpus/riv-path_effect_with_feathers-frame-0-msaa.png
exact riv-path_effect_with_feathers-frame-0-msaa: byte-exact=true different-pixels=0 max-channel-delta=0
adapter=Apple M5 Max
backend=rust-wgpu frame=0 size=500x500 output=target/renderer-corpus/riv-pause_nested_artboard-frame-0-clockwise-atomic.png
exact riv-pause_nested_artboard-frame-0-clockwise-atomic: byte-exact=false different-pixels=0 max-channel-delta=2
adapter=Apple M5 Max
backend=rust-wgpu frame=0 size=500x500 output=target/renderer-corpus/riv-pause_nested_artboard-frame-0-msaa.png
exact riv-pause_nested_artboard-frame-0-msaa: byte-exact=true different-pixels=0 max-channel-delta=0
adapter=Apple M5 Max
backend=rust-wgpu frame=0 size=500x500 output=target/renderer-corpus/riv-pointer_events-frame-0-clockwise-atomic.png
exact riv-pointer_events-frame-0-clockwise-atomic: byte-exact=false different-pixels=0 max-channel-delta=1
adapter=Apple M5 Max
backend=rust-wgpu frame=0 size=500x500 output=target/renderer-corpus/riv-pointer_events-frame-0-msaa.png
exact riv-pointer_events-frame-0-msaa: byte-exact=true different-pixels=0 max-channel-delta=0
adapter=Apple M5 Max
backend=rust-wgpu frame=1 size=500x500 output=target/renderer-corpus/riv-pointer_events-frame-1-clockwise-atomic.png
exact riv-pointer_events-frame-1-clockwise-atomic: byte-exact=false different-pixels=0 max-channel-delta=1
adapter=Apple M5 Max
backend=rust-wgpu frame=1 size=500x500 output=target/renderer-corpus/riv-pointer_events-frame-1-msaa.png
exact riv-pointer_events-frame-1-msaa: byte-exact=true different-pixels=0 max-channel-delta=0
adapter=Apple M5 Max
backend=rust-wgpu frame=2 size=500x500 output=target/renderer-corpus/riv-pointer_events-frame-2-clockwise-atomic.png
exact riv-pointer_events-frame-2-clockwise-atomic: byte-exact=false different-pixels=0 max-channel-delta=1
adapter=Apple M5 Max
backend=rust-wgpu frame=2 size=500x500 output=target/renderer-corpus/riv-pointer_events-frame-2-msaa.png
exact riv-pointer_events-frame-2-msaa: byte-exact=true different-pixels=0 max-channel-delta=0
adapter=Apple M5 Max
backend=rust-wgpu frame=3 size=500x500 output=target/renderer-corpus/riv-pointer_events-frame-3-clockwise-atomic.png
exact riv-pointer_events-frame-3-clockwise-atomic: byte-exact=false different-pixels=0 max-channel-delta=1
adapter=Apple M5 Max
backend=rust-wgpu frame=3 size=500x500 output=target/renderer-corpus/riv-pointer_events-frame-3-msaa.png
exact riv-pointer_events-frame-3-msaa: byte-exact=true different-pixels=0 max-channel-delta=0
adapter=Apple M5 Max
backend=rust-wgpu frame=4 size=500x500 output=target/renderer-corpus/riv-pointer_events-frame-4-clockwise-atomic.png
exact riv-pointer_events-frame-4-clockwise-atomic: byte-exact=false different-pixels=0 max-channel-delta=1
adapter=Apple M5 Max
backend=rust-wgpu frame=4 size=500x500 output=target/renderer-corpus/riv-pointer_events-frame-4-msaa.png
exact riv-pointer_events-frame-4-msaa: byte-exact=true different-pixels=0 max-channel-delta=0
adapter=Apple M5 Max
backend=rust-wgpu frame=5 size=500x500 output=target/renderer-corpus/riv-pointer_events-frame-5-clockwise-atomic.png
exact riv-pointer_events-frame-5-clockwise-atomic: byte-exact=false different-pixels=0 max-channel-delta=1
adapter=Apple M5 Max
backend=rust-wgpu frame=5 size=500x500 output=target/renderer-corpus/riv-pointer_events-frame-5-msaa.png
exact riv-pointer_events-frame-5-msaa: byte-exact=true different-pixels=0 max-channel-delta=0
adapter=Apple M5 Max
backend=rust-wgpu frame=6 size=500x500 output=target/renderer-corpus/riv-pointer_events-frame-6-clockwise-atomic.png
exact riv-pointer_events-frame-6-clockwise-atomic: byte-exact=false different-pixels=0 max-channel-delta=1
adapter=Apple M5 Max
backend=rust-wgpu frame=6 size=500x500 output=target/renderer-corpus/riv-pointer_events-frame-6-msaa.png
exact riv-pointer_events-frame-6-msaa: byte-exact=true different-pixels=0 max-channel-delta=0
adapter=Apple M5 Max
backend=rust-wgpu frame=7 size=500x500 output=target/renderer-corpus/riv-pointer_events-frame-7-clockwise-atomic.png
exact riv-pointer_events-frame-7-clockwise-atomic: byte-exact=false different-pixels=0 max-channel-delta=1
adapter=Apple M5 Max
backend=rust-wgpu frame=7 size=500x500 output=target/renderer-corpus/riv-pointer_events-frame-7-msaa.png
exact riv-pointer_events-frame-7-msaa: byte-exact=true different-pixels=0 max-channel-delta=0
adapter=Apple M5 Max
backend=rust-wgpu frame=0 size=500x500 output=target/renderer-corpus/riv-pointer_events_nested_artboards_in_solos-frame-0-clockwise-atomic.png
exact riv-pointer_events_nested_artboards_in_solos-frame-0-clockwise-atomic: byte-exact=false different-pixels=0 max-channel-delta=1
adapter=Apple M5 Max
backend=rust-wgpu frame=0 size=500x500 output=target/renderer-corpus/riv-pointer_events_nested_artboards_in_solos-frame-0-msaa.png
exact riv-pointer_events_nested_artboards_in_solos-frame-0-msaa: byte-exact=true different-pixels=0 max-channel-delta=0
adapter=Apple M5 Max
backend=rust-wgpu frame=1 size=500x500 output=target/renderer-corpus/riv-pointer_events_nested_artboards_in_solos-frame-1-clockwise-atomic.png
exact riv-pointer_events_nested_artboards_in_solos-frame-1-clockwise-atomic: byte-exact=false different-pixels=0 max-channel-delta=1
adapter=Apple M5 Max
backend=rust-wgpu frame=1 size=500x500 output=target/renderer-corpus/riv-pointer_events_nested_artboards_in_solos-frame-1-msaa.png
exact riv-pointer_events_nested_artboards_in_solos-frame-1-msaa: byte-exact=true different-pixels=0 max-channel-delta=0
adapter=Apple M5 Max
backend=rust-wgpu frame=2 size=500x500 output=target/renderer-corpus/riv-pointer_events_nested_artboards_in_solos-frame-2-clockwise-atomic.png
exact riv-pointer_events_nested_artboards_in_solos-frame-2-clockwise-atomic: byte-exact=false different-pixels=0 max-channel-delta=1
adapter=Apple M5 Max
backend=rust-wgpu frame=2 size=500x500 output=target/renderer-corpus/riv-pointer_events_nested_artboards_in_solos-frame-2-msaa.png
exact riv-pointer_events_nested_artboards_in_solos-frame-2-msaa: byte-exact=true different-pixels=0 max-channel-delta=0
adapter=Apple M5 Max
backend=rust-wgpu frame=3 size=500x500 output=target/renderer-corpus/riv-pointer_events_nested_artboards_in_solos-frame-3-clockwise-atomic.png
exact riv-pointer_events_nested_artboards_in_solos-frame-3-clockwise-atomic: byte-exact=false different-pixels=0 max-channel-delta=1
adapter=Apple M5 Max
backend=rust-wgpu frame=3 size=500x500 output=target/renderer-corpus/riv-pointer_events_nested_artboards_in_solos-frame-3-msaa.png
exact riv-pointer_events_nested_artboards_in_solos-frame-3-msaa: byte-exact=true different-pixels=0 max-channel-delta=0
adapter=Apple M5 Max
backend=rust-wgpu frame=4 size=500x500 output=target/renderer-corpus/riv-pointer_events_nested_artboards_in_solos-frame-4-clockwise-atomic.png
exact riv-pointer_events_nested_artboards_in_solos-frame-4-clockwise-atomic: byte-exact=false different-pixels=0 max-channel-delta=1
adapter=Apple M5 Max
backend=rust-wgpu frame=4 size=500x500 output=target/renderer-corpus/riv-pointer_events_nested_artboards_in_solos-frame-4-msaa.png
exact riv-pointer_events_nested_artboards_in_solos-frame-4-msaa: byte-exact=true different-pixels=0 max-channel-delta=0
adapter=Apple M5 Max
backend=rust-wgpu frame=5 size=500x500 output=target/renderer-corpus/riv-pointer_events_nested_artboards_in_solos-frame-5-clockwise-atomic.png
exact riv-pointer_events_nested_artboards_in_solos-frame-5-clockwise-atomic: byte-exact=false different-pixels=0 max-channel-delta=1
adapter=Apple M5 Max
backend=rust-wgpu frame=5 size=500x500 output=target/renderer-corpus/riv-pointer_events_nested_artboards_in_solos-frame-5-msaa.png
exact riv-pointer_events_nested_artboards_in_solos-frame-5-msaa: byte-exact=true different-pixels=0 max-channel-delta=0
adapter=Apple M5 Max
backend=rust-wgpu frame=6 size=500x500 output=target/renderer-corpus/riv-pointer_events_nested_artboards_in_solos-frame-6-clockwise-atomic.png
exact riv-pointer_events_nested_artboards_in_solos-frame-6-clockwise-atomic: byte-exact=false different-pixels=0 max-channel-delta=1
adapter=Apple M5 Max
backend=rust-wgpu frame=6 size=500x500 output=target/renderer-corpus/riv-pointer_events_nested_artboards_in_solos-frame-6-msaa.png
exact riv-pointer_events_nested_artboards_in_solos-frame-6-msaa: byte-exact=true different-pixels=0 max-channel-delta=0
adapter=Apple M5 Max
backend=rust-wgpu frame=7 size=500x500 output=target/renderer-corpus/riv-pointer_events_nested_artboards_in_solos-frame-7-clockwise-atomic.png
exact riv-pointer_events_nested_artboards_in_solos-frame-7-clockwise-atomic: byte-exact=false different-pixels=0 max-channel-delta=1
adapter=Apple M5 Max
backend=rust-wgpu frame=7 size=500x500 output=target/renderer-corpus/riv-pointer_events_nested_artboards_in_solos-frame-7-msaa.png
exact riv-pointer_events_nested_artboards_in_solos-frame-7-msaa: byte-exact=true different-pixels=0 max-channel-delta=0
adapter=Apple M5 Max
backend=rust-wgpu frame=0 size=500x500 output=target/renderer-corpus/riv-pointer_exit-frame-0-clockwise-atomic.png
exact riv-pointer_exit-frame-0-clockwise-atomic: byte-exact=true different-pixels=0 max-channel-delta=0
adapter=Apple M5 Max
backend=rust-wgpu frame=0 size=500x500 output=target/renderer-corpus/riv-pointer_exit-frame-0-msaa.png
exact riv-pointer_exit-frame-0-msaa: byte-exact=true different-pixels=0 max-channel-delta=0
adapter=Apple M5 Max
backend=rust-wgpu frame=0 size=500x500 output=target/renderer-corpus/riv-quantize_test-frame-0-clockwise-atomic.png
exact riv-quantize_test-frame-0-clockwise-atomic: byte-exact=false different-pixels=0 max-channel-delta=1
adapter=Apple M5 Max
backend=rust-wgpu frame=0 size=500x500 output=target/renderer-corpus/riv-quantize_test-frame-0-msaa.png
exact riv-quantize_test-frame-0-msaa: byte-exact=true different-pixels=0 max-channel-delta=0
adapter=Apple M5 Max
backend=rust-wgpu frame=1 size=500x500 output=target/renderer-corpus/riv-quantize_test-frame-1-clockwise-atomic.png
exact riv-quantize_test-frame-1-clockwise-atomic: byte-exact=false different-pixels=5 max-channel-delta=5
adapter=Apple M5 Max
backend=rust-wgpu frame=1 size=500x500 output=target/renderer-corpus/riv-quantize_test-frame-1-msaa.png
exact riv-quantize_test-frame-1-msaa: byte-exact=true different-pixels=0 max-channel-delta=0
adapter=Apple M5 Max
backend=rust-wgpu frame=2 size=500x500 output=target/renderer-corpus/riv-quantize_test-frame-2-clockwise-atomic.png
exact riv-quantize_test-frame-2-clockwise-atomic: byte-exact=false different-pixels=6 max-channel-delta=6
adapter=Apple M5 Max
backend=rust-wgpu frame=2 size=500x500 output=target/renderer-corpus/riv-quantize_test-frame-2-msaa.png
exact riv-quantize_test-frame-2-msaa: byte-exact=true different-pixels=0 max-channel-delta=0
adapter=Apple M5 Max
backend=rust-wgpu frame=3 size=500x500 output=target/renderer-corpus/riv-quantize_test-frame-3-clockwise-atomic.png
exact riv-quantize_test-frame-3-clockwise-atomic: byte-exact=false different-pixels=5 max-channel-delta=5
adapter=Apple M5 Max
backend=rust-wgpu frame=3 size=500x500 output=target/renderer-corpus/riv-quantize_test-frame-3-msaa.png
exact riv-quantize_test-frame-3-msaa: byte-exact=true different-pixels=0 max-channel-delta=0
adapter=Apple M5 Max
backend=rust-wgpu frame=4 size=500x500 output=target/renderer-corpus/riv-quantize_test-frame-4-clockwise-atomic.png
exact riv-quantize_test-frame-4-clockwise-atomic: byte-exact=false different-pixels=5 max-channel-delta=5
adapter=Apple M5 Max
backend=rust-wgpu frame=4 size=500x500 output=target/renderer-corpus/riv-quantize_test-frame-4-msaa.png
exact riv-quantize_test-frame-4-msaa: byte-exact=true different-pixels=0 max-channel-delta=0
adapter=Apple M5 Max
backend=rust-wgpu frame=0 size=500x500 output=target/renderer-corpus/riv-rapid_pointer_events-frame-0-clockwise-atomic.png
exact riv-rapid_pointer_events-frame-0-clockwise-atomic: byte-exact=false different-pixels=0 max-channel-delta=1
adapter=Apple M5 Max
backend=rust-wgpu frame=0 size=500x500 output=target/renderer-corpus/riv-rapid_pointer_events-frame-0-msaa.png
exact riv-rapid_pointer_events-frame-0-msaa: byte-exact=true different-pixels=0 max-channel-delta=0
adapter=Apple M5 Max
backend=rust-wgpu frame=1 size=500x500 output=target/renderer-corpus/riv-rapid_pointer_events-frame-1-clockwise-atomic.png
exact riv-rapid_pointer_events-frame-1-clockwise-atomic: byte-exact=false different-pixels=0 max-channel-delta=1
adapter=Apple M5 Max
backend=rust-wgpu frame=1 size=500x500 output=target/renderer-corpus/riv-rapid_pointer_events-frame-1-msaa.png
exact riv-rapid_pointer_events-frame-1-msaa: byte-exact=true different-pixels=0 max-channel-delta=0
adapter=Apple M5 Max
backend=rust-wgpu frame=2 size=500x500 output=target/renderer-corpus/riv-rapid_pointer_events-frame-2-clockwise-atomic.png
exact riv-rapid_pointer_events-frame-2-clockwise-atomic: byte-exact=false different-pixels=0 max-channel-delta=1
adapter=Apple M5 Max
backend=rust-wgpu frame=2 size=500x500 output=target/renderer-corpus/riv-rapid_pointer_events-frame-2-msaa.png
exact riv-rapid_pointer_events-frame-2-msaa: byte-exact=true different-pixels=0 max-channel-delta=0
adapter=Apple M5 Max
backend=rust-wgpu frame=3 size=500x500 output=target/renderer-corpus/riv-rapid_pointer_events-frame-3-clockwise-atomic.png
exact riv-rapid_pointer_events-frame-3-clockwise-atomic: byte-exact=false different-pixels=0 max-channel-delta=1
adapter=Apple M5 Max
backend=rust-wgpu frame=3 size=500x500 output=target/renderer-corpus/riv-rapid_pointer_events-frame-3-msaa.png
exact riv-rapid_pointer_events-frame-3-msaa: byte-exact=true different-pixels=0 max-channel-delta=0
adapter=Apple M5 Max
backend=rust-wgpu frame=4 size=500x500 output=target/renderer-corpus/riv-rapid_pointer_events-frame-4-clockwise-atomic.png
exact riv-rapid_pointer_events-frame-4-clockwise-atomic: byte-exact=false different-pixels=0 max-channel-delta=1
adapter=Apple M5 Max
backend=rust-wgpu frame=4 size=500x500 output=target/renderer-corpus/riv-rapid_pointer_events-frame-4-msaa.png
exact riv-rapid_pointer_events-frame-4-msaa: byte-exact=true different-pixels=0 max-channel-delta=0
adapter=Apple M5 Max
backend=rust-wgpu frame=5 size=500x500 output=target/renderer-corpus/riv-rapid_pointer_events-frame-5-clockwise-atomic.png
exact riv-rapid_pointer_events-frame-5-clockwise-atomic: byte-exact=false different-pixels=0 max-channel-delta=1
adapter=Apple M5 Max
backend=rust-wgpu frame=5 size=500x500 output=target/renderer-corpus/riv-rapid_pointer_events-frame-5-msaa.png
exact riv-rapid_pointer_events-frame-5-msaa: byte-exact=true different-pixels=0 max-channel-delta=0
adapter=Apple M5 Max
backend=rust-wgpu frame=6 size=500x500 output=target/renderer-corpus/riv-rapid_pointer_events-frame-6-clockwise-atomic.png
exact riv-rapid_pointer_events-frame-6-clockwise-atomic: byte-exact=false different-pixels=0 max-channel-delta=1
adapter=Apple M5 Max
backend=rust-wgpu frame=6 size=500x500 output=target/renderer-corpus/riv-rapid_pointer_events-frame-6-msaa.png
exact riv-rapid_pointer_events-frame-6-msaa: byte-exact=true different-pixels=0 max-channel-delta=0
adapter=Apple M5 Max
backend=rust-wgpu frame=7 size=500x500 output=target/renderer-corpus/riv-rapid_pointer_events-frame-7-clockwise-atomic.png
exact riv-rapid_pointer_events-frame-7-clockwise-atomic: byte-exact=false different-pixels=0 max-channel-delta=1
adapter=Apple M5 Max
backend=rust-wgpu frame=7 size=500x500 output=target/renderer-corpus/riv-rapid_pointer_events-frame-7-msaa.png
exact riv-rapid_pointer_events-frame-7-msaa: byte-exact=true different-pixels=0 max-channel-delta=0
adapter=Apple M5 Max
backend=rust-wgpu frame=0 size=500x100 output=target/renderer-corpus/riv-rebind_with_nested_viewmodel-frame-0-clockwise-atomic.png
exact riv-rebind_with_nested_viewmodel-frame-0-clockwise-atomic: byte-exact=true different-pixels=0 max-channel-delta=0
adapter=Apple M5 Max
backend=rust-wgpu frame=0 size=500x100 output=target/renderer-corpus/riv-rebind_with_nested_viewmodel-frame-0-msaa.png
exact riv-rebind_with_nested_viewmodel-frame-0-msaa: byte-exact=true different-pixels=0 max-channel-delta=0
adapter=Apple M5 Max
backend=rust-wgpu frame=0 size=500x500 output=target/renderer-corpus/riv-recursive_data_bind-frame-0-clockwise-atomic.png
exact riv-recursive_data_bind-frame-0-clockwise-atomic: byte-exact=false different-pixels=0 max-channel-delta=1
adapter=Apple M5 Max
backend=rust-wgpu frame=0 size=500x500 output=target/renderer-corpus/riv-recursive_data_bind-frame-0-msaa.png
exact riv-recursive_data_bind-frame-0-msaa: byte-exact=true different-pixels=0 max-channel-delta=0
adapter=Apple M5 Max
backend=rust-wgpu frame=0 size=494x494 output=target/renderer-corpus/riv-relative_data_bind_path-frame-0-clockwise-atomic.png
exact riv-relative_data_bind_path-frame-0-clockwise-atomic: byte-exact=false different-pixels=0 max-channel-delta=2
adapter=Apple M5 Max
backend=rust-wgpu frame=0 size=494x494 output=target/renderer-corpus/riv-relative_data_bind_path-frame-0-msaa.png
exact riv-relative_data_bind_path-frame-0-msaa: byte-exact=true different-pixels=0 max-channel-delta=0
adapter=Apple M5 Max
backend=rust-wgpu frame=1 size=494x494 output=target/renderer-corpus/riv-relative_data_bind_path-frame-1-clockwise-atomic.png
exact riv-relative_data_bind_path-frame-1-clockwise-atomic: byte-exact=false different-pixels=0 max-channel-delta=2
adapter=Apple M5 Max
backend=rust-wgpu frame=1 size=494x494 output=target/renderer-corpus/riv-relative_data_bind_path-frame-1-msaa.png
exact riv-relative_data_bind_path-frame-1-msaa: byte-exact=true different-pixels=0 max-channel-delta=0
adapter=Apple M5 Max
backend=rust-wgpu frame=0 size=500x500 output=target/renderer-corpus/riv-relative_data_binding-frame-0-clockwise-atomic.png
exact riv-relative_data_binding-frame-0-clockwise-atomic: byte-exact=false different-pixels=4 max-channel-delta=26
adapter=Apple M5 Max
backend=rust-wgpu frame=0 size=500x500 output=target/renderer-corpus/riv-relative_data_binding-frame-0-msaa.png
exact riv-relative_data_binding-frame-0-msaa: byte-exact=true different-pixels=0 max-channel-delta=0
adapter=Apple M5 Max
backend=rust-wgpu frame=0 size=500x500 output=target/renderer-corpus/riv-remove_from_list-frame-0-clockwise-atomic.png
exact riv-remove_from_list-frame-0-clockwise-atomic: byte-exact=true different-pixels=0 max-channel-delta=0
adapter=Apple M5 Max
backend=rust-wgpu frame=0 size=500x500 output=target/renderer-corpus/riv-remove_from_list-frame-0-msaa.png
exact riv-remove_from_list-frame-0-msaa: byte-exact=true different-pixels=0 max-channel-delta=0
adapter=Apple M5 Max
backend=rust-wgpu frame=1 size=500x500 output=target/renderer-corpus/riv-remove_from_list-frame-1-clockwise-atomic.png
exact riv-remove_from_list-frame-1-clockwise-atomic: byte-exact=true different-pixels=0 max-channel-delta=0
adapter=Apple M5 Max
backend=rust-wgpu frame=1 size=500x500 output=target/renderer-corpus/riv-remove_from_list-frame-1-msaa.png
exact riv-remove_from_list-frame-1-msaa: byte-exact=true different-pixels=0 max-channel-delta=0
adapter=Apple M5 Max
backend=rust-wgpu frame=2 size=500x500 output=target/renderer-corpus/riv-remove_from_list-frame-2-clockwise-atomic.png
exact riv-remove_from_list-frame-2-clockwise-atomic: byte-exact=true different-pixels=0 max-channel-delta=0
adapter=Apple M5 Max
backend=rust-wgpu frame=2 size=500x500 output=target/renderer-corpus/riv-remove_from_list-frame-2-msaa.png
exact riv-remove_from_list-frame-2-msaa: byte-exact=true different-pixels=0 max-channel-delta=0
adapter=Apple M5 Max
backend=rust-wgpu frame=3 size=500x500 output=target/renderer-corpus/riv-remove_from_list-frame-3-clockwise-atomic.png
exact riv-remove_from_list-frame-3-clockwise-atomic: byte-exact=true different-pixels=0 max-channel-delta=0
adapter=Apple M5 Max
backend=rust-wgpu frame=3 size=500x500 output=target/renderer-corpus/riv-remove_from_list-frame-3-msaa.png
exact riv-remove_from_list-frame-3-msaa: byte-exact=true different-pixels=0 max-channel-delta=0
adapter=Apple M5 Max
backend=rust-wgpu frame=4 size=500x500 output=target/renderer-corpus/riv-remove_from_list-frame-4-clockwise-atomic.png
exact riv-remove_from_list-frame-4-clockwise-atomic: byte-exact=true different-pixels=0 max-channel-delta=0
adapter=Apple M5 Max
backend=rust-wgpu frame=4 size=500x500 output=target/renderer-corpus/riv-remove_from_list-frame-4-msaa.png
exact riv-remove_from_list-frame-4-msaa: byte-exact=true different-pixels=0 max-channel-delta=0
adapter=Apple M5 Max
backend=rust-wgpu frame=0 size=500x500 output=target/renderer-corpus/riv-replace_view_model-frame-0-clockwise-atomic.png
exact riv-replace_view_model-frame-0-clockwise-atomic: byte-exact=true different-pixels=0 max-channel-delta=0
adapter=Apple M5 Max
backend=rust-wgpu frame=0 size=500x500 output=target/renderer-corpus/riv-replace_view_model-frame-0-msaa.png
exact riv-replace_view_model-frame-0-msaa: byte-exact=true different-pixels=0 max-channel-delta=0
adapter=Apple M5 Max
backend=rust-wgpu frame=1 size=500x500 output=target/renderer-corpus/riv-replace_view_model-frame-1-clockwise-atomic.png
exact riv-replace_view_model-frame-1-clockwise-atomic: byte-exact=true different-pixels=0 max-channel-delta=0
adapter=Apple M5 Max
backend=rust-wgpu frame=1 size=500x500 output=target/renderer-corpus/riv-replace_view_model-frame-1-msaa.png
exact riv-replace_view_model-frame-1-msaa: byte-exact=true different-pixels=0 max-channel-delta=0
adapter=Apple M5 Max
backend=rust-wgpu frame=0 size=500x500 output=target/renderer-corpus/riv-replace_vm_instance-frame-0-clockwise-atomic.png
exact riv-replace_vm_instance-frame-0-clockwise-atomic: byte-exact=true different-pixels=0 max-channel-delta=0
adapter=Apple M5 Max
backend=rust-wgpu frame=0 size=500x500 output=target/renderer-corpus/riv-replace_vm_instance-frame-0-msaa.png
exact riv-replace_vm_instance-frame-0-msaa: byte-exact=true different-pixels=0 max-channel-delta=0
adapter=Apple M5 Max
backend=rust-wgpu frame=0 size=180x120 output=target/renderer-corpus/riv-reset_phase-frame-0-clockwise-atomic.png
exact riv-reset_phase-frame-0-clockwise-atomic: byte-exact=false different-pixels=0 max-channel-delta=1
adapter=Apple M5 Max
backend=rust-wgpu frame=0 size=180x120 output=target/renderer-corpus/riv-reset_phase-frame-0-msaa.png
exact riv-reset_phase-frame-0-msaa: byte-exact=true different-pixels=0 max-channel-delta=0
adapter=Apple M5 Max
backend=rust-wgpu frame=0 size=1000x1000 output=target/renderer-corpus/riv-reuse_path_in_effect-frame-0-clockwise-atomic.png
exact riv-reuse_path_in_effect-frame-0-clockwise-atomic: byte-exact=true different-pixels=0 max-channel-delta=0
adapter=Apple M5 Max
backend=rust-wgpu frame=0 size=1000x1000 output=target/renderer-corpus/riv-reuse_path_in_effect-frame-0-msaa.png
exact riv-reuse_path_in_effect-frame-0-msaa: byte-exact=true different-pixels=0 max-channel-delta=0
adapter=Apple M5 Max
backend=rust-wgpu frame=0 size=1739x2831 output=target/renderer-corpus/riv-rewards_demo-frame-0-clockwise-atomic.png
exact riv-rewards_demo-frame-0-clockwise-atomic: byte-exact=false different-pixels=1 max-channel-delta=3
adapter=Apple M5 Max
backend=rust-wgpu frame=0 size=1739x2831 output=target/renderer-corpus/riv-rewards_demo-frame-0-msaa.png
exact riv-rewards_demo-frame-0-msaa: byte-exact=false different-pixels=0 max-channel-delta=2
adapter=Apple M5 Max
backend=rust-wgpu frame=0 size=600x600 output=target/renderer-corpus/riv-rocket-frame-0-clockwise-atomic.png
exact riv-rocket-frame-0-clockwise-atomic: byte-exact=false different-pixels=10 max-channel-delta=27
adapter=Apple M5 Max
backend=rust-wgpu frame=0 size=600x600 output=target/renderer-corpus/riv-rocket-frame-0-msaa.png
exact riv-rocket-frame-0-msaa: byte-exact=true different-pixels=0 max-channel-delta=0
adapter=Apple M5 Max
backend=rust-wgpu frame=1 size=600x600 output=target/renderer-corpus/riv-rocket-frame-1-clockwise-atomic.png
exact riv-rocket-frame-1-clockwise-atomic: byte-exact=false different-pixels=10 max-channel-delta=27
adapter=Apple M5 Max
backend=rust-wgpu frame=1 size=600x600 output=target/renderer-corpus/riv-rocket-frame-1-msaa.png
exact riv-rocket-frame-1-msaa: byte-exact=true different-pixels=0 max-channel-delta=0
adapter=Apple M5 Max
backend=rust-wgpu frame=2 size=600x600 output=target/renderer-corpus/riv-rocket-frame-2-clockwise-atomic.png
exact riv-rocket-frame-2-clockwise-atomic: byte-exact=false different-pixels=10 max-channel-delta=27
adapter=Apple M5 Max
backend=rust-wgpu frame=2 size=600x600 output=target/renderer-corpus/riv-rocket-frame-2-msaa.png
exact riv-rocket-frame-2-msaa: byte-exact=true different-pixels=0 max-channel-delta=0
adapter=Apple M5 Max
backend=rust-wgpu frame=3 size=600x600 output=target/renderer-corpus/riv-rocket-frame-3-clockwise-atomic.png
exact riv-rocket-frame-3-clockwise-atomic: byte-exact=false different-pixels=10 max-channel-delta=27
adapter=Apple M5 Max
backend=rust-wgpu frame=3 size=600x600 output=target/renderer-corpus/riv-rocket-frame-3-msaa.png
exact riv-rocket-frame-3-msaa: byte-exact=true different-pixels=0 max-channel-delta=0
adapter=Apple M5 Max
backend=rust-wgpu frame=4 size=600x600 output=target/renderer-corpus/riv-rocket-frame-4-clockwise-atomic.png
exact riv-rocket-frame-4-clockwise-atomic: byte-exact=false different-pixels=10 max-channel-delta=27
adapter=Apple M5 Max
backend=rust-wgpu frame=4 size=600x600 output=target/renderer-corpus/riv-rocket-frame-4-msaa.png
exact riv-rocket-frame-4-msaa: byte-exact=true different-pixels=0 max-channel-delta=0
adapter=Apple M5 Max
backend=rust-wgpu frame=0 size=500x500 output=target/renderer-corpus/riv-rotation_constraint-frame-0-clockwise-atomic.png
exact riv-rotation_constraint-frame-0-clockwise-atomic: byte-exact=false different-pixels=0 max-channel-delta=2
adapter=Apple M5 Max
backend=rust-wgpu frame=0 size=500x500 output=target/renderer-corpus/riv-rotation_constraint-frame-0-msaa.png
exact riv-rotation_constraint-frame-0-msaa: byte-exact=true different-pixels=0 max-channel-delta=0
adapter=Apple M5 Max
backend=rust-wgpu frame=0 size=200x200 output=target/renderer-corpus/riv-runtime_nested_inputs-frame-0-clockwise-atomic.png
exact riv-runtime_nested_inputs-frame-0-clockwise-atomic: byte-exact=false different-pixels=8 max-channel-delta=5
adapter=Apple M5 Max
backend=rust-wgpu frame=0 size=200x200 output=target/renderer-corpus/riv-runtime_nested_inputs-frame-0-msaa.png
exact riv-runtime_nested_inputs-frame-0-msaa: byte-exact=true different-pixels=0 max-channel-delta=0
adapter=Apple M5 Max
backend=rust-wgpu frame=1 size=200x200 output=target/renderer-corpus/riv-runtime_nested_inputs-frame-1-clockwise-atomic.png
exact riv-runtime_nested_inputs-frame-1-clockwise-atomic: byte-exact=false different-pixels=8 max-channel-delta=5
adapter=Apple M5 Max
backend=rust-wgpu frame=1 size=200x200 output=target/renderer-corpus/riv-runtime_nested_inputs-frame-1-msaa.png
exact riv-runtime_nested_inputs-frame-1-msaa: byte-exact=true different-pixels=0 max-channel-delta=0
adapter=Apple M5 Max
backend=rust-wgpu frame=0 size=500x500 output=target/renderer-corpus/riv-runtime_nested_text_runs-frame-0-clockwise-atomic.png
exact riv-runtime_nested_text_runs-frame-0-clockwise-atomic: byte-exact=true different-pixels=0 max-channel-delta=0
adapter=Apple M5 Max
backend=rust-wgpu frame=0 size=500x500 output=target/renderer-corpus/riv-runtime_nested_text_runs-frame-0-msaa.png
exact riv-runtime_nested_text_runs-frame-0-msaa: byte-exact=true different-pixels=0 max-channel-delta=0
adapter=Apple M5 Max
backend=rust-wgpu frame=0 size=500x500 output=target/renderer-corpus/riv-saturation-frame-0-clockwise-atomic.png
exact riv-saturation-frame-0-clockwise-atomic: byte-exact=true different-pixels=0 max-channel-delta=0
adapter=Apple M5 Max
backend=rust-wgpu frame=0 size=500x500 output=target/renderer-corpus/riv-saturation-frame-0-msaa.png
exact riv-saturation-frame-0-msaa: byte-exact=true different-pixels=0 max-channel-delta=0
adapter=Apple M5 Max
backend=rust-wgpu frame=0 size=500x500 output=target/renderer-corpus/riv-scale_constraint-frame-0-clockwise-atomic.png
exact riv-scale_constraint-frame-0-clockwise-atomic: byte-exact=false different-pixels=0 max-channel-delta=2
adapter=Apple M5 Max
backend=rust-wgpu frame=0 size=500x500 output=target/renderer-corpus/riv-scale_constraint-frame-0-msaa.png
exact riv-scale_constraint-frame-0-msaa: byte-exact=true different-pixels=0 max-channel-delta=0
adapter=Apple M5 Max
backend=rust-wgpu frame=0 size=500x500 output=target/renderer-corpus/riv-script_affects_has_changed-frame-0-clockwise-atomic.png
exact riv-script_affects_has_changed-frame-0-clockwise-atomic: byte-exact=false different-pixels=0 max-channel-delta=1
adapter=Apple M5 Max
backend=rust-wgpu frame=0 size=500x500 output=target/renderer-corpus/riv-script_affects_has_changed-frame-0-msaa.png
exact riv-script_affects_has_changed-frame-0-msaa: byte-exact=true different-pixels=0 max-channel-delta=0
adapter=Apple M5 Max
backend=rust-wgpu frame=0 size=500x500 output=target/renderer-corpus/riv-script_artboard_opacity_test-frame-0-clockwise-atomic.png
exact riv-script_artboard_opacity_test-frame-0-clockwise-atomic: byte-exact=false different-pixels=0 max-channel-delta=1
adapter=Apple M5 Max
backend=rust-wgpu frame=0 size=500x500 output=target/renderer-corpus/riv-script_artboard_opacity_test-frame-0-msaa.png
exact riv-script_artboard_opacity_test-frame-0-msaa: byte-exact=true different-pixels=0 max-channel-delta=0
adapter=Apple M5 Max
backend=rust-wgpu frame=0 size=500x500 output=target/renderer-corpus/riv-script_artboard_origin_test-frame-0-clockwise-atomic.png
exact riv-script_artboard_origin_test-frame-0-clockwise-atomic: byte-exact=false different-pixels=5 max-channel-delta=11
adapter=Apple M5 Max
backend=rust-wgpu frame=0 size=500x500 output=target/renderer-corpus/riv-script_artboard_origin_test-frame-0-msaa.png
exact riv-script_artboard_origin_test-frame-0-msaa: byte-exact=true different-pixels=0 max-channel-delta=0
adapter=Apple M5 Max
backend=rust-wgpu frame=0 size=500x500 output=target/renderer-corpus/riv-script_artboard_test-frame-0-clockwise-atomic.png
exact riv-script_artboard_test-frame-0-clockwise-atomic: byte-exact=false different-pixels=0 max-channel-delta=1
adapter=Apple M5 Max
backend=rust-wgpu frame=0 size=500x500 output=target/renderer-corpus/riv-script_artboard_test-frame-0-msaa.png
exact riv-script_artboard_test-frame-0-msaa: byte-exact=true different-pixels=0 max-channel-delta=0
adapter=Apple M5 Max
backend=rust-wgpu frame=0 size=750x500 output=target/renderer-corpus/riv-script_create_text_runs-frame-0-clockwise-atomic.png
exact riv-script_create_text_runs-frame-0-clockwise-atomic: byte-exact=true different-pixels=0 max-channel-delta=0
adapter=Apple M5 Max
backend=rust-wgpu frame=0 size=750x500 output=target/renderer-corpus/riv-script_create_text_runs-frame-0-msaa.png
exact riv-script_create_text_runs-frame-0-msaa: byte-exact=true different-pixels=0 max-channel-delta=0
adapter=Apple M5 Max
backend=rust-wgpu frame=1 size=750x500 output=target/renderer-corpus/riv-script_create_text_runs-frame-1-clockwise-atomic.png
exact riv-script_create_text_runs-frame-1-clockwise-atomic: byte-exact=true different-pixels=0 max-channel-delta=0
adapter=Apple M5 Max
backend=rust-wgpu frame=1 size=750x500 output=target/renderer-corpus/riv-script_create_text_runs-frame-1-msaa.png
exact riv-script_create_text_runs-frame-1-msaa: byte-exact=true different-pixels=0 max-channel-delta=0
adapter=Apple M5 Max
backend=rust-wgpu frame=0 size=750x500 output=target/renderer-corpus/riv-script_create_viewmodel_instance-frame-0-clockwise-atomic.png
exact riv-script_create_viewmodel_instance-frame-0-clockwise-atomic: byte-exact=false different-pixels=1 max-channel-delta=3
adapter=Apple M5 Max
backend=rust-wgpu frame=0 size=750x500 output=target/renderer-corpus/riv-script_create_viewmodel_instance-frame-0-msaa.png
exact riv-script_create_viewmodel_instance-frame-0-msaa: byte-exact=true different-pixels=0 max-channel-delta=0
adapter=Apple M5 Max
backend=rust-wgpu frame=0 size=500x500 output=target/renderer-corpus/riv-script_dependency_test-frame-0-clockwise-atomic.png
exact riv-script_dependency_test-frame-0-clockwise-atomic: byte-exact=true different-pixels=0 max-channel-delta=0
adapter=Apple M5 Max
backend=rust-wgpu frame=0 size=500x500 output=target/renderer-corpus/riv-script_dependency_test-frame-0-msaa.png
exact riv-script_dependency_test-frame-0-msaa: byte-exact=true different-pixels=0 max-channel-delta=0
adapter=Apple M5 Max
backend=rust-wgpu frame=0 size=500x500 output=target/renderer-corpus/riv-script_dependency_test2-frame-0-clockwise-atomic.png
exact riv-script_dependency_test2-frame-0-clockwise-atomic: byte-exact=false different-pixels=0 max-channel-delta=1
adapter=Apple M5 Max
backend=rust-wgpu frame=0 size=500x500 output=target/renderer-corpus/riv-script_dependency_test2-frame-0-msaa.png
exact riv-script_dependency_test2-frame-0-msaa: byte-exact=true different-pixels=0 max-channel-delta=0
adapter=Apple M5 Max
backend=rust-wgpu frame=0 size=500x500 output=target/renderer-corpus/riv-script_dependency_test_using_library-frame-0-clockwise-atomic.png
exact riv-script_dependency_test_using_library-frame-0-clockwise-atomic: byte-exact=false different-pixels=0 max-channel-delta=1
adapter=Apple M5 Max
backend=rust-wgpu frame=0 size=500x500 output=target/renderer-corpus/riv-script_dependency_test_using_library-frame-0-msaa.png
exact riv-script_dependency_test_using_library-frame-0-msaa: byte-exact=true different-pixels=0 max-channel-delta=0
adapter=Apple M5 Max
backend=rust-wgpu frame=0 size=500x500 output=target/renderer-corpus/riv-script_dependency_test_using_library_v2-frame-0-clockwise-atomic.png
exact riv-script_dependency_test_using_library_v2-frame-0-clockwise-atomic: byte-exact=false different-pixels=0 max-channel-delta=1
adapter=Apple M5 Max
backend=rust-wgpu frame=0 size=500x500 output=target/renderer-corpus/riv-script_dependency_test_using_library_v2-frame-0-msaa.png
exact riv-script_dependency_test_using_library_v2-frame-0-msaa: byte-exact=true different-pixels=0 max-channel-delta=0
adapter=Apple M5 Max
backend=rust-wgpu frame=0 size=500x500 output=target/renderer-corpus/riv-script_inputs_test_1-frame-0-clockwise-atomic.png
exact riv-script_inputs_test_1-frame-0-clockwise-atomic: byte-exact=false different-pixels=0 max-channel-delta=1
adapter=Apple M5 Max
backend=rust-wgpu frame=0 size=500x500 output=target/renderer-corpus/riv-script_inputs_test_1-frame-0-msaa.png
exact riv-script_inputs_test_1-frame-0-msaa: byte-exact=true different-pixels=0 max-channel-delta=0
adapter=Apple M5 Max
backend=rust-wgpu frame=0 size=500x500 output=target/renderer-corpus/riv-script_layout_test-frame-0-clockwise-atomic.png
exact riv-script_layout_test-frame-0-clockwise-atomic: byte-exact=false different-pixels=0 max-channel-delta=1
adapter=Apple M5 Max
backend=rust-wgpu frame=0 size=500x500 output=target/renderer-corpus/riv-script_layout_test-frame-0-msaa.png
exact riv-script_layout_test-frame-0-msaa: byte-exact=true different-pixels=0 max-channel-delta=0
adapter=Apple M5 Max
backend=rust-wgpu frame=0 size=500x500 output=target/renderer-corpus/riv-script_namespace_test-frame-0-clockwise-atomic.png
exact riv-script_namespace_test-frame-0-clockwise-atomic: byte-exact=false different-pixels=0 max-channel-delta=1
adapter=Apple M5 Max
backend=rust-wgpu frame=0 size=500x500 output=target/renderer-corpus/riv-script_namespace_test-frame-0-msaa.png
exact riv-script_namespace_test-frame-0-msaa: byte-exact=true different-pixels=0 max-channel-delta=0
adapter=Apple M5 Max
backend=rust-wgpu frame=0 size=500x500 output=target/renderer-corpus/riv-script_path_effects_test-frame-0-clockwise-atomic.png
exact riv-script_path_effects_test-frame-0-clockwise-atomic: byte-exact=false different-pixels=0 max-channel-delta=2
adapter=Apple M5 Max
backend=rust-wgpu frame=0 size=500x500 output=target/renderer-corpus/riv-script_path_effects_test-frame-0-msaa.png
exact riv-script_path_effects_test-frame-0-msaa: byte-exact=true different-pixels=0 max-channel-delta=0
adapter=Apple M5 Max
backend=rust-wgpu frame=0 size=500x500 output=target/renderer-corpus/riv-script_paths_opacity_test-frame-0-clockwise-atomic.png
exact riv-script_paths_opacity_test-frame-0-clockwise-atomic: byte-exact=false different-pixels=0 max-channel-delta=1
adapter=Apple M5 Max
backend=rust-wgpu frame=0 size=500x500 output=target/renderer-corpus/riv-script_paths_opacity_test-frame-0-msaa.png
exact riv-script_paths_opacity_test-frame-0-msaa: byte-exact=true different-pixels=0 max-channel-delta=0
adapter=Apple M5 Max
backend=rust-wgpu frame=1 size=500x500 output=target/renderer-corpus/riv-script_paths_opacity_test-frame-1-clockwise-atomic.png
exact riv-script_paths_opacity_test-frame-1-clockwise-atomic: byte-exact=false different-pixels=0 max-channel-delta=1
adapter=Apple M5 Max
backend=rust-wgpu frame=1 size=500x500 output=target/renderer-corpus/riv-script_paths_opacity_test-frame-1-msaa.png
exact riv-script_paths_opacity_test-frame-1-msaa: byte-exact=true different-pixels=0 max-channel-delta=0
adapter=Apple M5 Max
backend=rust-wgpu frame=2 size=500x500 output=target/renderer-corpus/riv-script_paths_opacity_test-frame-2-clockwise-atomic.png
exact riv-script_paths_opacity_test-frame-2-clockwise-atomic: byte-exact=false different-pixels=0 max-channel-delta=1
adapter=Apple M5 Max
backend=rust-wgpu frame=2 size=500x500 output=target/renderer-corpus/riv-script_paths_opacity_test-frame-2-msaa.png
exact riv-script_paths_opacity_test-frame-2-msaa: byte-exact=true different-pixels=0 max-channel-delta=0
adapter=Apple M5 Max
backend=rust-wgpu frame=3 size=500x500 output=target/renderer-corpus/riv-script_paths_opacity_test-frame-3-clockwise-atomic.png
exact riv-script_paths_opacity_test-frame-3-clockwise-atomic: byte-exact=false different-pixels=0 max-channel-delta=1
adapter=Apple M5 Max
backend=rust-wgpu frame=3 size=500x500 output=target/renderer-corpus/riv-script_paths_opacity_test-frame-3-msaa.png
exact riv-script_paths_opacity_test-frame-3-msaa: byte-exact=true different-pixels=0 max-channel-delta=0
adapter=Apple M5 Max
backend=rust-wgpu frame=4 size=500x500 output=target/renderer-corpus/riv-script_paths_opacity_test-frame-4-clockwise-atomic.png
exact riv-script_paths_opacity_test-frame-4-clockwise-atomic: byte-exact=false different-pixels=0 max-channel-delta=1
adapter=Apple M5 Max
backend=rust-wgpu frame=4 size=500x500 output=target/renderer-corpus/riv-script_paths_opacity_test-frame-4-msaa.png
exact riv-script_paths_opacity_test-frame-4-msaa: byte-exact=true different-pixels=0 max-channel-delta=0
adapter=Apple M5 Max
backend=rust-wgpu frame=0 size=500x500 output=target/renderer-corpus/riv-script_paths_test-frame-0-clockwise-atomic.png
exact riv-script_paths_test-frame-0-clockwise-atomic: byte-exact=false different-pixels=0 max-channel-delta=1
adapter=Apple M5 Max
backend=rust-wgpu frame=0 size=500x500 output=target/renderer-corpus/riv-script_paths_test-frame-0-msaa.png
exact riv-script_paths_test-frame-0-msaa: byte-exact=true different-pixels=0 max-channel-delta=0
adapter=Apple M5 Max
backend=rust-wgpu frame=1 size=500x500 output=target/renderer-corpus/riv-script_paths_test-frame-1-clockwise-atomic.png
exact riv-script_paths_test-frame-1-clockwise-atomic: byte-exact=false different-pixels=0 max-channel-delta=1
adapter=Apple M5 Max
backend=rust-wgpu frame=1 size=500x500 output=target/renderer-corpus/riv-script_paths_test-frame-1-msaa.png
exact riv-script_paths_test-frame-1-msaa: byte-exact=true different-pixels=0 max-channel-delta=0
adapter=Apple M5 Max
backend=rust-wgpu frame=2 size=500x500 output=target/renderer-corpus/riv-script_paths_test-frame-2-clockwise-atomic.png
exact riv-script_paths_test-frame-2-clockwise-atomic: byte-exact=false different-pixels=0 max-channel-delta=1
adapter=Apple M5 Max
backend=rust-wgpu frame=2 size=500x500 output=target/renderer-corpus/riv-script_paths_test-frame-2-msaa.png
exact riv-script_paths_test-frame-2-msaa: byte-exact=true different-pixels=0 max-channel-delta=0
adapter=Apple M5 Max
backend=rust-wgpu frame=3 size=500x500 output=target/renderer-corpus/riv-script_paths_test-frame-3-clockwise-atomic.png
exact riv-script_paths_test-frame-3-clockwise-atomic: byte-exact=false different-pixels=0 max-channel-delta=1
adapter=Apple M5 Max
backend=rust-wgpu frame=3 size=500x500 output=target/renderer-corpus/riv-script_paths_test-frame-3-msaa.png
exact riv-script_paths_test-frame-3-msaa: byte-exact=true different-pixels=0 max-channel-delta=0
adapter=Apple M5 Max
backend=rust-wgpu frame=4 size=500x500 output=target/renderer-corpus/riv-script_paths_test-frame-4-clockwise-atomic.png
exact riv-script_paths_test-frame-4-clockwise-atomic: byte-exact=false different-pixels=0 max-channel-delta=1
adapter=Apple M5 Max
backend=rust-wgpu frame=4 size=500x500 output=target/renderer-corpus/riv-script_paths_test-frame-4-msaa.png
exact riv-script_paths_test-frame-4-msaa: byte-exact=true different-pixels=0 max-channel-delta=0
adapter=Apple M5 Max
backend=rust-wgpu frame=0 size=500x500 output=target/renderer-corpus/riv-script_string_converter_test-frame-0-clockwise-atomic.png
exact riv-script_string_converter_test-frame-0-clockwise-atomic: byte-exact=false different-pixels=0 max-channel-delta=1
adapter=Apple M5 Max
backend=rust-wgpu frame=0 size=500x500 output=target/renderer-corpus/riv-script_string_converter_test-frame-0-msaa.png
exact riv-script_string_converter_test-frame-0-msaa: byte-exact=true different-pixels=0 max-channel-delta=0
adapter=Apple M5 Max
backend=rust-wgpu frame=0 size=500x500 output=target/renderer-corpus/riv-scripted_as_path-frame-0-clockwise-atomic.png
exact riv-scripted_as_path-frame-0-clockwise-atomic: byte-exact=false different-pixels=0 max-channel-delta=1
adapter=Apple M5 Max
backend=rust-wgpu frame=0 size=500x500 output=target/renderer-corpus/riv-scripted_as_path-frame-0-msaa.png
exact riv-scripted_as_path-frame-0-msaa: byte-exact=true different-pixels=0 max-channel-delta=0
adapter=Apple M5 Max
backend=rust-wgpu frame=0 size=500x500 output=target/renderer-corpus/riv-scripted_boolean-frame-0-clockwise-atomic.png
exact riv-scripted_boolean-frame-0-clockwise-atomic: byte-exact=false different-pixels=0 max-channel-delta=1
adapter=Apple M5 Max
backend=rust-wgpu frame=0 size=500x500 output=target/renderer-corpus/riv-scripted_boolean-frame-0-msaa.png
exact riv-scripted_boolean-frame-0-msaa: byte-exact=true different-pixels=0 max-channel-delta=0
adapter=Apple M5 Max
backend=rust-wgpu frame=1 size=500x500 output=target/renderer-corpus/riv-scripted_boolean-frame-1-clockwise-atomic.png
exact riv-scripted_boolean-frame-1-clockwise-atomic: byte-exact=false different-pixels=0 max-channel-delta=1
adapter=Apple M5 Max
backend=rust-wgpu frame=1 size=500x500 output=target/renderer-corpus/riv-scripted_boolean-frame-1-msaa.png
exact riv-scripted_boolean-frame-1-msaa: byte-exact=true different-pixels=0 max-channel-delta=0
adapter=Apple M5 Max
backend=rust-wgpu frame=2 size=500x500 output=target/renderer-corpus/riv-scripted_boolean-frame-2-clockwise-atomic.png
exact riv-scripted_boolean-frame-2-clockwise-atomic: byte-exact=false different-pixels=0 max-channel-delta=1
adapter=Apple M5 Max
backend=rust-wgpu frame=2 size=500x500 output=target/renderer-corpus/riv-scripted_boolean-frame-2-msaa.png
exact riv-scripted_boolean-frame-2-msaa: byte-exact=true different-pixels=0 max-channel-delta=0
adapter=Apple M5 Max
backend=rust-wgpu frame=3 size=500x500 output=target/renderer-corpus/riv-scripted_boolean-frame-3-clockwise-atomic.png
exact riv-scripted_boolean-frame-3-clockwise-atomic: byte-exact=false different-pixels=0 max-channel-delta=1
adapter=Apple M5 Max
backend=rust-wgpu frame=3 size=500x500 output=target/renderer-corpus/riv-scripted_boolean-frame-3-msaa.png
exact riv-scripted_boolean-frame-3-msaa: byte-exact=true different-pixels=0 max-channel-delta=0
adapter=Apple M5 Max
backend=rust-wgpu frame=4 size=500x500 output=target/renderer-corpus/riv-scripted_boolean-frame-4-clockwise-atomic.png
exact riv-scripted_boolean-frame-4-clockwise-atomic: byte-exact=false different-pixels=0 max-channel-delta=1
adapter=Apple M5 Max
backend=rust-wgpu frame=4 size=500x500 output=target/renderer-corpus/riv-scripted_boolean-frame-4-msaa.png
exact riv-scripted_boolean-frame-4-msaa: byte-exact=true different-pixels=0 max-channel-delta=0
adapter=Apple M5 Max
backend=rust-wgpu frame=0 size=500x500 output=target/renderer-corpus/riv-scripted_color-frame-0-clockwise-atomic.png
exact riv-scripted_color-frame-0-clockwise-atomic: byte-exact=true different-pixels=0 max-channel-delta=0
adapter=Apple M5 Max
backend=rust-wgpu frame=0 size=500x500 output=target/renderer-corpus/riv-scripted_color-frame-0-msaa.png
exact riv-scripted_color-frame-0-msaa: byte-exact=true different-pixels=0 max-channel-delta=0
adapter=Apple M5 Max
backend=rust-wgpu frame=0 size=500x500 output=target/renderer-corpus/riv-scripted_data_context-frame-0-clockwise-atomic.png
exact riv-scripted_data_context-frame-0-clockwise-atomic: byte-exact=false different-pixels=0 max-channel-delta=2
adapter=Apple M5 Max
backend=rust-wgpu frame=0 size=500x500 output=target/renderer-corpus/riv-scripted_data_context-frame-0-msaa.png
exact riv-scripted_data_context-frame-0-msaa: byte-exact=true different-pixels=0 max-channel-delta=0
adapter=Apple M5 Max
backend=rust-wgpu frame=0 size=500x500 output=target/renderer-corpus/riv-scripted_data_converter_bound_input-frame-0-clockwise-atomic.png
exact riv-scripted_data_converter_bound_input-frame-0-clockwise-atomic: byte-exact=false different-pixels=0 max-channel-delta=1
adapter=Apple M5 Max
backend=rust-wgpu frame=0 size=500x500 output=target/renderer-corpus/riv-scripted_data_converter_bound_input-frame-0-msaa.png
exact riv-scripted_data_converter_bound_input-frame-0-msaa: byte-exact=true different-pixels=0 max-channel-delta=0
adapter=Apple M5 Max
backend=rust-wgpu frame=1 size=500x500 output=target/renderer-corpus/riv-scripted_data_converter_bound_input-frame-1-clockwise-atomic.png
exact riv-scripted_data_converter_bound_input-frame-1-clockwise-atomic: byte-exact=false different-pixels=0 max-channel-delta=1
adapter=Apple M5 Max
backend=rust-wgpu frame=1 size=500x500 output=target/renderer-corpus/riv-scripted_data_converter_bound_input-frame-1-msaa.png
exact riv-scripted_data_converter_bound_input-frame-1-msaa: byte-exact=true different-pixels=0 max-channel-delta=0
adapter=Apple M5 Max
backend=rust-wgpu frame=0 size=500x500 output=target/renderer-corpus/riv-scripted_enum-frame-0-clockwise-atomic.png
exact riv-scripted_enum-frame-0-clockwise-atomic: byte-exact=false different-pixels=0 max-channel-delta=1
adapter=Apple M5 Max
backend=rust-wgpu frame=0 size=500x500 output=target/renderer-corpus/riv-scripted_enum-frame-0-msaa.png
exact riv-scripted_enum-frame-0-msaa: byte-exact=true different-pixels=0 max-channel-delta=0
adapter=Apple M5 Max
backend=rust-wgpu frame=1 size=500x500 output=target/renderer-corpus/riv-scripted_enum-frame-1-clockwise-atomic.png
exact riv-scripted_enum-frame-1-clockwise-atomic: byte-exact=false different-pixels=0 max-channel-delta=1
adapter=Apple M5 Max
backend=rust-wgpu frame=1 size=500x500 output=target/renderer-corpus/riv-scripted_enum-frame-1-msaa.png
exact riv-scripted_enum-frame-1-msaa: byte-exact=true different-pixels=0 max-channel-delta=0
adapter=Apple M5 Max
backend=rust-wgpu frame=2 size=500x500 output=target/renderer-corpus/riv-scripted_enum-frame-2-clockwise-atomic.png
exact riv-scripted_enum-frame-2-clockwise-atomic: byte-exact=false different-pixels=0 max-channel-delta=1
adapter=Apple M5 Max
backend=rust-wgpu frame=2 size=500x500 output=target/renderer-corpus/riv-scripted_enum-frame-2-msaa.png
exact riv-scripted_enum-frame-2-msaa: byte-exact=true different-pixels=0 max-channel-delta=0
adapter=Apple M5 Max
backend=rust-wgpu frame=3 size=500x500 output=target/renderer-corpus/riv-scripted_enum-frame-3-clockwise-atomic.png
exact riv-scripted_enum-frame-3-clockwise-atomic: byte-exact=false different-pixels=0 max-channel-delta=1
adapter=Apple M5 Max
backend=rust-wgpu frame=3 size=500x500 output=target/renderer-corpus/riv-scripted_enum-frame-3-msaa.png
exact riv-scripted_enum-frame-3-msaa: byte-exact=true different-pixels=0 max-channel-delta=0
adapter=Apple M5 Max
backend=rust-wgpu frame=4 size=500x500 output=target/renderer-corpus/riv-scripted_enum-frame-4-clockwise-atomic.png
exact riv-scripted_enum-frame-4-clockwise-atomic: byte-exact=false different-pixels=0 max-channel-delta=1
adapter=Apple M5 Max
backend=rust-wgpu frame=4 size=500x500 output=target/renderer-corpus/riv-scripted_enum-frame-4-msaa.png
exact riv-scripted_enum-frame-4-msaa: byte-exact=true different-pixels=0 max-channel-delta=0
adapter=Apple M5 Max
backend=rust-wgpu frame=0 size=500x500 output=target/renderer-corpus/riv-scripted_graph-frame-0-clockwise-atomic.png
exact riv-scripted_graph-frame-0-clockwise-atomic: byte-exact=false different-pixels=0 max-channel-delta=1
adapter=Apple M5 Max
backend=rust-wgpu frame=0 size=500x500 output=target/renderer-corpus/riv-scripted_graph-frame-0-msaa.png
exact riv-scripted_graph-frame-0-msaa: byte-exact=true different-pixels=0 max-channel-delta=0
adapter=Apple M5 Max
backend=rust-wgpu frame=1 size=500x500 output=target/renderer-corpus/riv-scripted_graph-frame-1-clockwise-atomic.png
exact riv-scripted_graph-frame-1-clockwise-atomic: byte-exact=false different-pixels=0 max-channel-delta=1
adapter=Apple M5 Max
backend=rust-wgpu frame=1 size=500x500 output=target/renderer-corpus/riv-scripted_graph-frame-1-msaa.png
exact riv-scripted_graph-frame-1-msaa: byte-exact=true different-pixels=0 max-channel-delta=0
adapter=Apple M5 Max
backend=rust-wgpu frame=2 size=500x500 output=target/renderer-corpus/riv-scripted_graph-frame-2-clockwise-atomic.png
exact riv-scripted_graph-frame-2-clockwise-atomic: byte-exact=false different-pixels=0 max-channel-delta=1
adapter=Apple M5 Max
backend=rust-wgpu frame=2 size=500x500 output=target/renderer-corpus/riv-scripted_graph-frame-2-msaa.png
exact riv-scripted_graph-frame-2-msaa: byte-exact=true different-pixels=0 max-channel-delta=0
adapter=Apple M5 Max
backend=rust-wgpu frame=3 size=500x500 output=target/renderer-corpus/riv-scripted_graph-frame-3-clockwise-atomic.png
exact riv-scripted_graph-frame-3-clockwise-atomic: byte-exact=false different-pixels=0 max-channel-delta=1
adapter=Apple M5 Max
backend=rust-wgpu frame=3 size=500x500 output=target/renderer-corpus/riv-scripted_graph-frame-3-msaa.png
exact riv-scripted_graph-frame-3-msaa: byte-exact=true different-pixels=0 max-channel-delta=0
adapter=Apple M5 Max
backend=rust-wgpu frame=4 size=500x500 output=target/renderer-corpus/riv-scripted_graph-frame-4-clockwise-atomic.png
exact riv-scripted_graph-frame-4-clockwise-atomic: byte-exact=false different-pixels=0 max-channel-delta=1
adapter=Apple M5 Max
backend=rust-wgpu frame=4 size=500x500 output=target/renderer-corpus/riv-scripted_graph-frame-4-msaa.png
exact riv-scripted_graph-frame-4-msaa: byte-exact=true different-pixels=0 max-channel-delta=0
adapter=Apple M5 Max
backend=rust-wgpu frame=0 size=500x500 output=target/renderer-corpus/riv-scripted_listener_action-frame-0-clockwise-atomic.png
exact riv-scripted_listener_action-frame-0-clockwise-atomic: byte-exact=false different-pixels=0 max-channel-delta=1
adapter=Apple M5 Max
backend=rust-wgpu frame=0 size=500x500 output=target/renderer-corpus/riv-scripted_listener_action-frame-0-msaa.png
exact riv-scripted_listener_action-frame-0-msaa: byte-exact=true different-pixels=0 max-channel-delta=0
adapter=Apple M5 Max
backend=rust-wgpu frame=0 size=500x500 output=target/renderer-corpus/riv-scripted_listener_context-frame-0-clockwise-atomic.png
exact riv-scripted_listener_context-frame-0-clockwise-atomic: byte-exact=false different-pixels=0 max-channel-delta=1
adapter=Apple M5 Max
backend=rust-wgpu frame=0 size=500x500 output=target/renderer-corpus/riv-scripted_listener_context-frame-0-msaa.png
exact riv-scripted_listener_context-frame-0-msaa: byte-exact=true different-pixels=0 max-channel-delta=0
adapter=Apple M5 Max
backend=rust-wgpu frame=0 size=702x868 output=target/renderer-corpus/riv-scripted_memory_leak-frame-0-clockwise-atomic.png
exact riv-scripted_memory_leak-frame-0-clockwise-atomic: byte-exact=false different-pixels=0 max-channel-delta=1
adapter=Apple M5 Max
backend=rust-wgpu frame=0 size=702x868 output=target/renderer-corpus/riv-scripted_memory_leak-frame-0-msaa.png
exact riv-scripted_memory_leak-frame-0-msaa: byte-exact=true different-pixels=0 max-channel-delta=0
adapter=Apple M5 Max
backend=rust-wgpu frame=0 size=500x500 output=target/renderer-corpus/riv-scripted_property_image-frame-0-clockwise-atomic.png
exact riv-scripted_property_image-frame-0-clockwise-atomic: byte-exact=true different-pixels=0 max-channel-delta=0
adapter=Apple M5 Max
backend=rust-wgpu frame=0 size=500x500 output=target/renderer-corpus/riv-scripted_property_image-frame-0-msaa.png
exact riv-scripted_property_image-frame-0-msaa: byte-exact=true different-pixels=0 max-channel-delta=0
adapter=Apple M5 Max
backend=rust-wgpu frame=0 size=500x500 output=target/renderer-corpus/riv-scripted_string-frame-0-clockwise-atomic.png
exact riv-scripted_string-frame-0-clockwise-atomic: byte-exact=true different-pixels=0 max-channel-delta=0
adapter=Apple M5 Max
backend=rust-wgpu frame=0 size=500x500 output=target/renderer-corpus/riv-scripted_string-frame-0-msaa.png
exact riv-scripted_string-frame-0-msaa: byte-exact=true different-pixels=0 max-channel-delta=0
adapter=Apple M5 Max
backend=rust-wgpu frame=1 size=500x500 output=target/renderer-corpus/riv-scripted_string-frame-1-clockwise-atomic.png
exact riv-scripted_string-frame-1-clockwise-atomic: byte-exact=true different-pixels=0 max-channel-delta=0
adapter=Apple M5 Max
backend=rust-wgpu frame=1 size=500x500 output=target/renderer-corpus/riv-scripted_string-frame-1-msaa.png
exact riv-scripted_string-frame-1-msaa: byte-exact=true different-pixels=0 max-channel-delta=0
adapter=Apple M5 Max
backend=rust-wgpu frame=2 size=500x500 output=target/renderer-corpus/riv-scripted_string-frame-2-clockwise-atomic.png
exact riv-scripted_string-frame-2-clockwise-atomic: byte-exact=true different-pixels=0 max-channel-delta=0
adapter=Apple M5 Max
backend=rust-wgpu frame=2 size=500x500 output=target/renderer-corpus/riv-scripted_string-frame-2-msaa.png
exact riv-scripted_string-frame-2-msaa: byte-exact=true different-pixels=0 max-channel-delta=0
adapter=Apple M5 Max
backend=rust-wgpu frame=3 size=500x500 output=target/renderer-corpus/riv-scripted_string-frame-3-clockwise-atomic.png
exact riv-scripted_string-frame-3-clockwise-atomic: byte-exact=true different-pixels=0 max-channel-delta=0
adapter=Apple M5 Max
backend=rust-wgpu frame=3 size=500x500 output=target/renderer-corpus/riv-scripted_string-frame-3-msaa.png
exact riv-scripted_string-frame-3-msaa: byte-exact=true different-pixels=0 max-channel-delta=0
adapter=Apple M5 Max
backend=rust-wgpu frame=4 size=500x500 output=target/renderer-corpus/riv-scripted_string-frame-4-clockwise-atomic.png
exact riv-scripted_string-frame-4-clockwise-atomic: byte-exact=true different-pixels=0 max-channel-delta=0
adapter=Apple M5 Max
backend=rust-wgpu frame=4 size=500x500 output=target/renderer-corpus/riv-scripted_string-frame-4-msaa.png
exact riv-scripted_string-frame-4-msaa: byte-exact=true different-pixels=0 max-channel-delta=0
adapter=Apple M5 Max
backend=rust-wgpu frame=0 size=500x500 output=target/renderer-corpus/riv-scripted_transition_condition-frame-0-clockwise-atomic.png
exact riv-scripted_transition_condition-frame-0-clockwise-atomic: byte-exact=false different-pixels=0 max-channel-delta=1
adapter=Apple M5 Max
backend=rust-wgpu frame=0 size=500x500 output=target/renderer-corpus/riv-scripted_transition_condition-frame-0-msaa.png
exact riv-scripted_transition_condition-frame-0-msaa: byte-exact=true different-pixels=0 max-channel-delta=0
adapter=Apple M5 Max
backend=rust-wgpu frame=0 size=500x500 output=target/renderer-corpus/riv-scripted_viewmodel_cache-frame-0-clockwise-atomic.png
exact riv-scripted_viewmodel_cache-frame-0-clockwise-atomic: byte-exact=false different-pixels=0 max-channel-delta=1
adapter=Apple M5 Max
backend=rust-wgpu frame=0 size=500x500 output=target/renderer-corpus/riv-scripted_viewmodel_cache-frame-0-msaa.png
exact riv-scripted_viewmodel_cache-frame-0-msaa: byte-exact=true different-pixels=0 max-channel-delta=0
adapter=Apple M5 Max
backend=rust-wgpu frame=0 size=500x500 output=target/renderer-corpus/riv-scripting_linear_animation-frame-0-clockwise-atomic.png
exact riv-scripting_linear_animation-frame-0-clockwise-atomic: byte-exact=false different-pixels=0 max-channel-delta=1
adapter=Apple M5 Max
backend=rust-wgpu frame=0 size=500x500 output=target/renderer-corpus/riv-scripting_linear_animation-frame-0-msaa.png
exact riv-scripting_linear_animation-frame-0-msaa: byte-exact=true different-pixels=0 max-channel-delta=0
adapter=Apple M5 Max
backend=rust-wgpu frame=1 size=500x500 output=target/renderer-corpus/riv-scripting_linear_animation-frame-1-clockwise-atomic.png
exact riv-scripting_linear_animation-frame-1-clockwise-atomic: byte-exact=false different-pixels=0 max-channel-delta=1
adapter=Apple M5 Max
backend=rust-wgpu frame=1 size=500x500 output=target/renderer-corpus/riv-scripting_linear_animation-frame-1-msaa.png
exact riv-scripting_linear_animation-frame-1-msaa: byte-exact=true different-pixels=0 max-channel-delta=0
adapter=Apple M5 Max
backend=rust-wgpu frame=0 size=500x500 output=target/renderer-corpus/riv-scripting_root_viewmodel-frame-0-clockwise-atomic.png
exact riv-scripting_root_viewmodel-frame-0-clockwise-atomic: byte-exact=false different-pixels=0 max-channel-delta=1
adapter=Apple M5 Max
backend=rust-wgpu frame=0 size=500x500 output=target/renderer-corpus/riv-scripting_root_viewmodel-frame-0-msaa.png
exact riv-scripting_root_viewmodel-frame-0-msaa: byte-exact=true different-pixels=0 max-channel-delta=0
adapter=Apple M5 Max
backend=rust-wgpu frame=0 size=750x400 output=target/renderer-corpus/riv-scroll_snap-frame-0-clockwise-atomic.png
exact riv-scroll_snap-frame-0-clockwise-atomic: byte-exact=true different-pixels=0 max-channel-delta=0
adapter=Apple M5 Max
backend=rust-wgpu frame=0 size=750x400 output=target/renderer-corpus/riv-scroll_snap-frame-0-msaa.png
exact riv-scroll_snap-frame-0-msaa: byte-exact=true different-pixels=0 max-channel-delta=0
adapter=Apple M5 Max
backend=rust-wgpu frame=0 size=360x700 output=target/renderer-corpus/riv-scroll_test-frame-0-clockwise-atomic.png
exact riv-scroll_test-frame-0-clockwise-atomic: byte-exact=false different-pixels=0 max-channel-delta=2
adapter=Apple M5 Max
backend=rust-wgpu frame=0 size=360x700 output=target/renderer-corpus/riv-scroll_test-frame-0-msaa.png
exact riv-scroll_test-frame-0-msaa: byte-exact=true different-pixels=0 max-channel-delta=0
adapter=Apple M5 Max
backend=rust-wgpu frame=0 size=500x500 output=target/renderer-corpus/riv-scroll_threshold-frame-0-clockwise-atomic.png
exact riv-scroll_threshold-frame-0-clockwise-atomic: byte-exact=false different-pixels=0 max-channel-delta=1
adapter=Apple M5 Max
backend=rust-wgpu frame=0 size=500x500 output=target/renderer-corpus/riv-scroll_threshold-frame-0-msaa.png
exact riv-scroll_threshold-frame-0-msaa: byte-exact=true different-pixels=0 max-channel-delta=0
adapter=Apple M5 Max
backend=rust-wgpu frame=0 size=500x500 output=target/renderer-corpus/riv-settler-frame-0-clockwise-atomic.png
exact riv-settler-frame-0-clockwise-atomic: byte-exact=false different-pixels=2 max-channel-delta=103
adapter=Apple M5 Max
backend=rust-wgpu frame=0 size=500x500 output=target/renderer-corpus/riv-settler-frame-0-msaa.png
exact riv-settler-frame-0-msaa: byte-exact=true different-pixels=0 max-channel-delta=0
adapter=Apple M5 Max
backend=rust-wgpu frame=1 size=500x500 output=target/renderer-corpus/riv-settler-frame-1-clockwise-atomic.png
exact riv-settler-frame-1-clockwise-atomic: byte-exact=false different-pixels=0 max-channel-delta=2
adapter=Apple M5 Max
backend=rust-wgpu frame=1 size=500x500 output=target/renderer-corpus/riv-settler-frame-1-msaa.png
exact riv-settler-frame-1-msaa: byte-exact=true different-pixels=0 max-channel-delta=0
adapter=Apple M5 Max
backend=rust-wgpu frame=2 size=500x500 output=target/renderer-corpus/riv-settler-frame-2-clockwise-atomic.png
exact riv-settler-frame-2-clockwise-atomic: byte-exact=false different-pixels=0 max-channel-delta=1
adapter=Apple M5 Max
backend=rust-wgpu frame=2 size=500x500 output=target/renderer-corpus/riv-settler-frame-2-msaa.png
exact riv-settler-frame-2-msaa: byte-exact=true different-pixels=0 max-channel-delta=0
adapter=Apple M5 Max
backend=rust-wgpu frame=3 size=500x500 output=target/renderer-corpus/riv-settler-frame-3-clockwise-atomic.png
exact riv-settler-frame-3-clockwise-atomic: byte-exact=false different-pixels=0 max-channel-delta=2
adapter=Apple M5 Max
backend=rust-wgpu frame=3 size=500x500 output=target/renderer-corpus/riv-settler-frame-3-msaa.png
exact riv-settler-frame-3-msaa: byte-exact=true different-pixels=0 max-channel-delta=0
adapter=Apple M5 Max
backend=rust-wgpu frame=4 size=500x500 output=target/renderer-corpus/riv-settler-frame-4-clockwise-atomic.png
exact riv-settler-frame-4-clockwise-atomic: byte-exact=false different-pixels=0 max-channel-delta=1
adapter=Apple M5 Max
backend=rust-wgpu frame=4 size=500x500 output=target/renderer-corpus/riv-settler-frame-4-msaa.png
exact riv-settler-frame-4-msaa: byte-exact=true different-pixels=0 max-channel-delta=0
adapter=Apple M5 Max
backend=rust-wgpu frame=0 size=400x200 output=target/renderer-corpus/riv-shapetest-frame-0-clockwise-atomic.png
exact riv-shapetest-frame-0-clockwise-atomic: byte-exact=false different-pixels=3 max-channel-delta=3
adapter=Apple M5 Max
backend=rust-wgpu frame=0 size=400x200 output=target/renderer-corpus/riv-shapetest-frame-0-msaa.png
exact riv-shapetest-frame-0-msaa: byte-exact=true different-pixels=0 max-channel-delta=0
adapter=Apple M5 Max
backend=rust-wgpu frame=0 size=500x500 output=target/renderer-corpus/riv-shared_viewmodel_instance-frame-0-clockwise-atomic.png
exact riv-shared_viewmodel_instance-frame-0-clockwise-atomic: byte-exact=false different-pixels=0 max-channel-delta=1
adapter=Apple M5 Max
backend=rust-wgpu frame=0 size=500x500 output=target/renderer-corpus/riv-shared_viewmodel_instance-frame-0-msaa.png
exact riv-shared_viewmodel_instance-frame-0-msaa: byte-exact=true different-pixels=0 max-channel-delta=0
adapter=Apple M5 Max
backend=rust-wgpu frame=0 size=500x500 output=target/renderer-corpus/riv-smi_test-frame-0-clockwise-atomic.png
exact riv-smi_test-frame-0-clockwise-atomic: byte-exact=false different-pixels=0 max-channel-delta=1
adapter=Apple M5 Max
backend=rust-wgpu frame=0 size=500x500 output=target/renderer-corpus/riv-smi_test-frame-0-msaa.png
exact riv-smi_test-frame-0-msaa: byte-exact=true different-pixels=0 max-channel-delta=0
adapter=Apple M5 Max
backend=rust-wgpu frame=0 size=500x500 output=target/renderer-corpus/riv-solid_affects_has_changed-frame-0-clockwise-atomic.png
exact riv-solid_affects_has_changed-frame-0-clockwise-atomic: byte-exact=false different-pixels=0 max-channel-delta=1
adapter=Apple M5 Max
backend=rust-wgpu frame=0 size=500x500 output=target/renderer-corpus/riv-solid_affects_has_changed-frame-0-msaa.png
exact riv-solid_affects_has_changed-frame-0-msaa: byte-exact=true different-pixels=0 max-channel-delta=0
adapter=Apple M5 Max
backend=rust-wgpu frame=0 size=500x500 output=target/renderer-corpus/riv-solo_test-frame-0-clockwise-atomic.png
exact riv-solo_test-frame-0-clockwise-atomic: byte-exact=false different-pixels=1 max-channel-delta=5
adapter=Apple M5 Max
backend=rust-wgpu frame=0 size=500x500 output=target/renderer-corpus/riv-solo_test-frame-0-msaa.png
exact riv-solo_test-frame-0-msaa: byte-exact=true different-pixels=0 max-channel-delta=0
adapter=Apple M5 Max
backend=rust-wgpu frame=1 size=500x500 output=target/renderer-corpus/riv-solo_test-frame-1-clockwise-atomic.png
exact riv-solo_test-frame-1-clockwise-atomic: byte-exact=false different-pixels=1 max-channel-delta=5
adapter=Apple M5 Max
backend=rust-wgpu frame=1 size=500x500 output=target/renderer-corpus/riv-solo_test-frame-1-msaa.png
exact riv-solo_test-frame-1-msaa: byte-exact=true different-pixels=0 max-channel-delta=0
adapter=Apple M5 Max
backend=rust-wgpu frame=2 size=500x500 output=target/renderer-corpus/riv-solo_test-frame-2-clockwise-atomic.png
exact riv-solo_test-frame-2-clockwise-atomic: byte-exact=false different-pixels=0 max-channel-delta=1
adapter=Apple M5 Max
backend=rust-wgpu frame=2 size=500x500 output=target/renderer-corpus/riv-solo_test-frame-2-msaa.png
exact riv-solo_test-frame-2-msaa: byte-exact=true different-pixels=0 max-channel-delta=0
adapter=Apple M5 Max
backend=rust-wgpu frame=3 size=500x500 output=target/renderer-corpus/riv-solo_test-frame-3-clockwise-atomic.png
exact riv-solo_test-frame-3-clockwise-atomic: byte-exact=false different-pixels=0 max-channel-delta=1
adapter=Apple M5 Max
backend=rust-wgpu frame=3 size=500x500 output=target/renderer-corpus/riv-solo_test-frame-3-msaa.png
exact riv-solo_test-frame-3-msaa: byte-exact=true different-pixels=0 max-channel-delta=0
adapter=Apple M5 Max
backend=rust-wgpu frame=4 size=500x500 output=target/renderer-corpus/riv-solo_test-frame-4-clockwise-atomic.png
exact riv-solo_test-frame-4-clockwise-atomic: byte-exact=false different-pixels=0 max-channel-delta=2
adapter=Apple M5 Max
backend=rust-wgpu frame=4 size=500x500 output=target/renderer-corpus/riv-solo_test-frame-4-msaa.png
exact riv-solo_test-frame-4-msaa: byte-exact=true different-pixels=0 max-channel-delta=0
adapter=Apple M5 Max
backend=rust-wgpu frame=0 size=500x500 output=target/renderer-corpus/riv-solos_collapse_tests-frame-0-clockwise-atomic.png
exact riv-solos_collapse_tests-frame-0-clockwise-atomic: byte-exact=false different-pixels=0 max-channel-delta=1
adapter=Apple M5 Max
backend=rust-wgpu frame=0 size=500x500 output=target/renderer-corpus/riv-solos_collapse_tests-frame-0-msaa.png
exact riv-solos_collapse_tests-frame-0-msaa: byte-exact=true different-pixels=0 max-channel-delta=0
adapter=Apple M5 Max
backend=rust-wgpu frame=1 size=500x500 output=target/renderer-corpus/riv-solos_collapse_tests-frame-1-clockwise-atomic.png
exact riv-solos_collapse_tests-frame-1-clockwise-atomic: byte-exact=false different-pixels=0 max-channel-delta=1
adapter=Apple M5 Max
backend=rust-wgpu frame=1 size=500x500 output=target/renderer-corpus/riv-solos_collapse_tests-frame-1-msaa.png
exact riv-solos_collapse_tests-frame-1-msaa: byte-exact=true different-pixels=0 max-channel-delta=0
adapter=Apple M5 Max
backend=rust-wgpu frame=2 size=500x500 output=target/renderer-corpus/riv-solos_collapse_tests-frame-2-clockwise-atomic.png
exact riv-solos_collapse_tests-frame-2-clockwise-atomic: byte-exact=false different-pixels=0 max-channel-delta=1
adapter=Apple M5 Max
backend=rust-wgpu frame=2 size=500x500 output=target/renderer-corpus/riv-solos_collapse_tests-frame-2-msaa.png
exact riv-solos_collapse_tests-frame-2-msaa: byte-exact=true different-pixels=0 max-channel-delta=0
adapter=Apple M5 Max
backend=rust-wgpu frame=3 size=500x500 output=target/renderer-corpus/riv-solos_collapse_tests-frame-3-clockwise-atomic.png
exact riv-solos_collapse_tests-frame-3-clockwise-atomic: byte-exact=false different-pixels=0 max-channel-delta=1
adapter=Apple M5 Max
backend=rust-wgpu frame=3 size=500x500 output=target/renderer-corpus/riv-solos_collapse_tests-frame-3-msaa.png
exact riv-solos_collapse_tests-frame-3-msaa: byte-exact=true different-pixels=0 max-channel-delta=0
adapter=Apple M5 Max
backend=rust-wgpu frame=4 size=500x500 output=target/renderer-corpus/riv-solos_collapse_tests-frame-4-clockwise-atomic.png
exact riv-solos_collapse_tests-frame-4-clockwise-atomic: byte-exact=false different-pixels=0 max-channel-delta=1
adapter=Apple M5 Max
backend=rust-wgpu frame=4 size=500x500 output=target/renderer-corpus/riv-solos_collapse_tests-frame-4-msaa.png
exact riv-solos_collapse_tests-frame-4-msaa: byte-exact=true different-pixels=0 max-channel-delta=0
adapter=Apple M5 Max
backend=rust-wgpu frame=0 size=500x500 output=target/renderer-corpus/riv-solos_with_nested_artboards-frame-0-clockwise-atomic.png
exact riv-solos_with_nested_artboards-frame-0-clockwise-atomic: byte-exact=false different-pixels=2 max-channel-delta=33
adapter=Apple M5 Max
backend=rust-wgpu frame=0 size=500x500 output=target/renderer-corpus/riv-solos_with_nested_artboards-frame-0-msaa.png
exact riv-solos_with_nested_artboards-frame-0-msaa: byte-exact=true different-pixels=0 max-channel-delta=0
adapter=Apple M5 Max
backend=rust-wgpu frame=1 size=500x500 output=target/renderer-corpus/riv-solos_with_nested_artboards-frame-1-clockwise-atomic.png
exact riv-solos_with_nested_artboards-frame-1-clockwise-atomic: byte-exact=false different-pixels=2 max-channel-delta=29
adapter=Apple M5 Max
backend=rust-wgpu frame=1 size=500x500 output=target/renderer-corpus/riv-solos_with_nested_artboards-frame-1-msaa.png
exact riv-solos_with_nested_artboards-frame-1-msaa: byte-exact=true different-pixels=0 max-channel-delta=0
adapter=Apple M5 Max
backend=rust-wgpu frame=2 size=500x500 output=target/renderer-corpus/riv-solos_with_nested_artboards-frame-2-clockwise-atomic.png
exact riv-solos_with_nested_artboards-frame-2-clockwise-atomic: byte-exact=false different-pixels=2 max-channel-delta=25
adapter=Apple M5 Max
backend=rust-wgpu frame=2 size=500x500 output=target/renderer-corpus/riv-solos_with_nested_artboards-frame-2-msaa.png
exact riv-solos_with_nested_artboards-frame-2-msaa: byte-exact=true different-pixels=0 max-channel-delta=0
adapter=Apple M5 Max
backend=rust-wgpu frame=3 size=500x500 output=target/renderer-corpus/riv-solos_with_nested_artboards-frame-3-clockwise-atomic.png
exact riv-solos_with_nested_artboards-frame-3-clockwise-atomic: byte-exact=false different-pixels=2 max-channel-delta=21
adapter=Apple M5 Max
backend=rust-wgpu frame=3 size=500x500 output=target/renderer-corpus/riv-solos_with_nested_artboards-frame-3-msaa.png
exact riv-solos_with_nested_artboards-frame-3-msaa: byte-exact=true different-pixels=0 max-channel-delta=0
adapter=Apple M5 Max
backend=rust-wgpu frame=4 size=500x500 output=target/renderer-corpus/riv-solos_with_nested_artboards-frame-4-clockwise-atomic.png
exact riv-solos_with_nested_artboards-frame-4-clockwise-atomic: byte-exact=false different-pixels=2 max-channel-delta=17
adapter=Apple M5 Max
backend=rust-wgpu frame=4 size=500x500 output=target/renderer-corpus/riv-solos_with_nested_artboards-frame-4-msaa.png
exact riv-solos_with_nested_artboards-frame-4-msaa: byte-exact=true different-pixels=0 max-channel-delta=0
adapter=Apple M5 Max
backend=rust-wgpu frame=0 size=500x500 output=target/renderer-corpus/riv-sorted_listeners-frame-0-clockwise-atomic.png
exact riv-sorted_listeners-frame-0-clockwise-atomic: byte-exact=false different-pixels=0 max-channel-delta=1
adapter=Apple M5 Max
backend=rust-wgpu frame=0 size=500x500 output=target/renderer-corpus/riv-sorted_listeners-frame-0-msaa.png
exact riv-sorted_listeners-frame-0-msaa: byte-exact=true different-pixels=0 max-channel-delta=0
adapter=Apple M5 Max
backend=rust-wgpu frame=0 size=500x500 output=target/renderer-corpus/riv-sound-frame-0-clockwise-atomic.png
exact riv-sound-frame-0-clockwise-atomic: byte-exact=false different-pixels=0 max-channel-delta=1
adapter=Apple M5 Max
backend=rust-wgpu frame=0 size=500x500 output=target/renderer-corpus/riv-sound-frame-0-msaa.png
exact riv-sound-frame-0-msaa: byte-exact=true different-pixels=0 max-channel-delta=0
adapter=Apple M5 Max
backend=rust-wgpu frame=1 size=500x500 output=target/renderer-corpus/riv-sound-frame-1-clockwise-atomic.png
exact riv-sound-frame-1-clockwise-atomic: byte-exact=false different-pixels=0 max-channel-delta=1
adapter=Apple M5 Max
backend=rust-wgpu frame=1 size=500x500 output=target/renderer-corpus/riv-sound-frame-1-msaa.png
exact riv-sound-frame-1-msaa: byte-exact=true different-pixels=0 max-channel-delta=0
adapter=Apple M5 Max
backend=rust-wgpu frame=2 size=500x500 output=target/renderer-corpus/riv-sound-frame-2-clockwise-atomic.png
exact riv-sound-frame-2-clockwise-atomic: byte-exact=false different-pixels=0 max-channel-delta=1
adapter=Apple M5 Max
backend=rust-wgpu frame=2 size=500x500 output=target/renderer-corpus/riv-sound-frame-2-msaa.png
exact riv-sound-frame-2-msaa: byte-exact=true different-pixels=0 max-channel-delta=0
adapter=Apple M5 Max
backend=rust-wgpu frame=3 size=500x500 output=target/renderer-corpus/riv-sound-frame-3-clockwise-atomic.png
exact riv-sound-frame-3-clockwise-atomic: byte-exact=false different-pixels=0 max-channel-delta=1
adapter=Apple M5 Max
backend=rust-wgpu frame=3 size=500x500 output=target/renderer-corpus/riv-sound-frame-3-msaa.png
exact riv-sound-frame-3-msaa: byte-exact=true different-pixels=0 max-channel-delta=0
adapter=Apple M5 Max
backend=rust-wgpu frame=4 size=500x500 output=target/renderer-corpus/riv-sound-frame-4-clockwise-atomic.png
exact riv-sound-frame-4-clockwise-atomic: byte-exact=false different-pixels=0 max-channel-delta=1
adapter=Apple M5 Max
backend=rust-wgpu frame=4 size=500x500 output=target/renderer-corpus/riv-sound-frame-4-msaa.png
exact riv-sound-frame-4-msaa: byte-exact=true different-pixels=0 max-channel-delta=0
adapter=Apple M5 Max
backend=rust-wgpu frame=5 size=500x500 output=target/renderer-corpus/riv-sound-frame-5-clockwise-atomic.png
exact riv-sound-frame-5-clockwise-atomic: byte-exact=false different-pixels=0 max-channel-delta=1
adapter=Apple M5 Max
backend=rust-wgpu frame=5 size=500x500 output=target/renderer-corpus/riv-sound-frame-5-msaa.png
exact riv-sound-frame-5-msaa: byte-exact=true different-pixels=0 max-channel-delta=0
adapter=Apple M5 Max
backend=rust-wgpu frame=6 size=500x500 output=target/renderer-corpus/riv-sound-frame-6-clockwise-atomic.png
exact riv-sound-frame-6-clockwise-atomic: byte-exact=false different-pixels=0 max-channel-delta=1
adapter=Apple M5 Max
backend=rust-wgpu frame=6 size=500x500 output=target/renderer-corpus/riv-sound-frame-6-msaa.png
exact riv-sound-frame-6-msaa: byte-exact=true different-pixels=0 max-channel-delta=0
adapter=Apple M5 Max
backend=rust-wgpu frame=7 size=500x500 output=target/renderer-corpus/riv-sound-frame-7-clockwise-atomic.png
exact riv-sound-frame-7-clockwise-atomic: byte-exact=false different-pixels=0 max-channel-delta=1
adapter=Apple M5 Max
backend=rust-wgpu frame=7 size=500x500 output=target/renderer-corpus/riv-sound-frame-7-msaa.png
exact riv-sound-frame-7-msaa: byte-exact=true different-pixels=0 max-channel-delta=0
adapter=Apple M5 Max
backend=rust-wgpu frame=8 size=500x500 output=target/renderer-corpus/riv-sound-frame-8-clockwise-atomic.png
exact riv-sound-frame-8-clockwise-atomic: byte-exact=false different-pixels=0 max-channel-delta=1
adapter=Apple M5 Max
backend=rust-wgpu frame=8 size=500x500 output=target/renderer-corpus/riv-sound-frame-8-msaa.png
exact riv-sound-frame-8-msaa: byte-exact=true different-pixels=0 max-channel-delta=0
adapter=Apple M5 Max
backend=rust-wgpu frame=0 size=500x500 output=target/renderer-corpus/riv-sound2-frame-0-clockwise-atomic.png
exact riv-sound2-frame-0-clockwise-atomic: byte-exact=false different-pixels=1 max-channel-delta=21
adapter=Apple M5 Max
backend=rust-wgpu frame=0 size=500x500 output=target/renderer-corpus/riv-sound2-frame-0-msaa.png
exact riv-sound2-frame-0-msaa: byte-exact=true different-pixels=0 max-channel-delta=0
adapter=Apple M5 Max
backend=rust-wgpu frame=1 size=500x500 output=target/renderer-corpus/riv-sound2-frame-1-clockwise-atomic.png
exact riv-sound2-frame-1-clockwise-atomic: byte-exact=false different-pixels=0 max-channel-delta=1
adapter=Apple M5 Max
backend=rust-wgpu frame=1 size=500x500 output=target/renderer-corpus/riv-sound2-frame-1-msaa.png
exact riv-sound2-frame-1-msaa: byte-exact=true different-pixels=0 max-channel-delta=0
adapter=Apple M5 Max
backend=rust-wgpu frame=2 size=500x500 output=target/renderer-corpus/riv-sound2-frame-2-clockwise-atomic.png
exact riv-sound2-frame-2-clockwise-atomic: byte-exact=false different-pixels=0 max-channel-delta=1
adapter=Apple M5 Max
backend=rust-wgpu frame=2 size=500x500 output=target/renderer-corpus/riv-sound2-frame-2-msaa.png
exact riv-sound2-frame-2-msaa: byte-exact=true different-pixels=0 max-channel-delta=0
adapter=Apple M5 Max
backend=rust-wgpu frame=3 size=500x500 output=target/renderer-corpus/riv-sound2-frame-3-clockwise-atomic.png
exact riv-sound2-frame-3-clockwise-atomic: byte-exact=false different-pixels=1 max-channel-delta=8
adapter=Apple M5 Max
backend=rust-wgpu frame=3 size=500x500 output=target/renderer-corpus/riv-sound2-frame-3-msaa.png
exact riv-sound2-frame-3-msaa: byte-exact=true different-pixels=0 max-channel-delta=0
adapter=Apple M5 Max
backend=rust-wgpu frame=4 size=500x500 output=target/renderer-corpus/riv-sound2-frame-4-clockwise-atomic.png
exact riv-sound2-frame-4-clockwise-atomic: byte-exact=false different-pixels=0 max-channel-delta=1
adapter=Apple M5 Max
backend=rust-wgpu frame=4 size=500x500 output=target/renderer-corpus/riv-sound2-frame-4-msaa.png
exact riv-sound2-frame-4-msaa: byte-exact=true different-pixels=0 max-channel-delta=0
adapter=Apple M5 Max
backend=rust-wgpu frame=0 size=1024x1436 output=target/renderer-corpus/riv-spotify_kids_app_icon-frame-0-clockwise-atomic.png
exact riv-spotify_kids_app_icon-frame-0-clockwise-atomic: byte-exact=true different-pixels=0 max-channel-delta=0
adapter=Apple M5 Max
backend=rust-wgpu frame=0 size=1024x1436 output=target/renderer-corpus/riv-spotify_kids_app_icon-frame-0-msaa.png
exact riv-spotify_kids_app_icon-frame-0-msaa: byte-exact=true different-pixels=0 max-channel-delta=0
adapter=Apple M5 Max
backend=rust-wgpu frame=0 size=369x781 output=target/renderer-corpus/riv-spotify_kids_demo-frame-0-clockwise-atomic.png
exact riv-spotify_kids_demo-frame-0-clockwise-atomic: byte-exact=true different-pixels=0 max-channel-delta=0
adapter=Apple M5 Max
backend=rust-wgpu frame=0 size=369x781 output=target/renderer-corpus/riv-spotify_kids_demo-frame-0-msaa.png
exact riv-spotify_kids_demo-frame-0-msaa: byte-exact=true different-pixels=0 max-channel-delta=0
adapter=Apple M5 Max
backend=rust-wgpu frame=0 size=500x500 output=target/renderer-corpus/riv-stacked_path_effects-frame-0-clockwise-atomic.png
exact riv-stacked_path_effects-frame-0-clockwise-atomic: byte-exact=false different-pixels=0 max-channel-delta=1
adapter=Apple M5 Max
backend=rust-wgpu frame=0 size=500x500 output=target/renderer-corpus/riv-stacked_path_effects-frame-0-msaa.png
exact riv-stacked_path_effects-frame-0-msaa: byte-exact=true different-pixels=0 max-channel-delta=0
adapter=Apple M5 Max
backend=rust-wgpu frame=1 size=500x500 output=target/renderer-corpus/riv-stacked_path_effects-frame-1-clockwise-atomic.png
exact riv-stacked_path_effects-frame-1-clockwise-atomic: byte-exact=false different-pixels=0 max-channel-delta=2
adapter=Apple M5 Max
backend=rust-wgpu frame=1 size=500x500 output=target/renderer-corpus/riv-stacked_path_effects-frame-1-msaa.png
exact riv-stacked_path_effects-frame-1-msaa: byte-exact=true different-pixels=0 max-channel-delta=0
adapter=Apple M5 Max
backend=rust-wgpu frame=2 size=500x500 output=target/renderer-corpus/riv-stacked_path_effects-frame-2-clockwise-atomic.png
exact riv-stacked_path_effects-frame-2-clockwise-atomic: byte-exact=false different-pixels=0 max-channel-delta=2
adapter=Apple M5 Max
backend=rust-wgpu frame=2 size=500x500 output=target/renderer-corpus/riv-stacked_path_effects-frame-2-msaa.png
exact riv-stacked_path_effects-frame-2-msaa: byte-exact=true different-pixels=0 max-channel-delta=0
adapter=Apple M5 Max
backend=rust-wgpu frame=3 size=500x500 output=target/renderer-corpus/riv-stacked_path_effects-frame-3-clockwise-atomic.png
exact riv-stacked_path_effects-frame-3-clockwise-atomic: byte-exact=false different-pixels=0 max-channel-delta=2
adapter=Apple M5 Max
backend=rust-wgpu frame=3 size=500x500 output=target/renderer-corpus/riv-stacked_path_effects-frame-3-msaa.png
exact riv-stacked_path_effects-frame-3-msaa: byte-exact=true different-pixels=0 max-channel-delta=0
adapter=Apple M5 Max
backend=rust-wgpu frame=4 size=500x500 output=target/renderer-corpus/riv-stacked_path_effects-frame-4-clockwise-atomic.png
exact riv-stacked_path_effects-frame-4-clockwise-atomic: byte-exact=false different-pixels=0 max-channel-delta=2
adapter=Apple M5 Max
backend=rust-wgpu frame=4 size=500x500 output=target/renderer-corpus/riv-stacked_path_effects-frame-4-msaa.png
exact riv-stacked_path_effects-frame-4-msaa: byte-exact=true different-pixels=0 max-channel-delta=0
adapter=Apple M5 Max
backend=rust-wgpu frame=0 size=30x30 output=target/renderer-corpus/riv-state_machine_transition-frame-0-clockwise-atomic.png
exact riv-state_machine_transition-frame-0-clockwise-atomic: byte-exact=false different-pixels=0 max-channel-delta=1
adapter=Apple M5 Max
backend=rust-wgpu frame=0 size=30x30 output=target/renderer-corpus/riv-state_machine_transition-frame-0-msaa.png
exact riv-state_machine_transition-frame-0-msaa: byte-exact=true different-pixels=0 max-channel-delta=0
adapter=Apple M5 Max
backend=rust-wgpu frame=1 size=30x30 output=target/renderer-corpus/riv-state_machine_transition-frame-1-clockwise-atomic.png
exact riv-state_machine_transition-frame-1-clockwise-atomic: byte-exact=false different-pixels=0 max-channel-delta=1
adapter=Apple M5 Max
backend=rust-wgpu frame=1 size=30x30 output=target/renderer-corpus/riv-state_machine_transition-frame-1-msaa.png
exact riv-state_machine_transition-frame-1-msaa: byte-exact=true different-pixels=0 max-channel-delta=0
adapter=Apple M5 Max
backend=rust-wgpu frame=2 size=30x30 output=target/renderer-corpus/riv-state_machine_transition-frame-2-clockwise-atomic.png
exact riv-state_machine_transition-frame-2-clockwise-atomic: byte-exact=false different-pixels=0 max-channel-delta=1
adapter=Apple M5 Max
backend=rust-wgpu frame=2 size=30x30 output=target/renderer-corpus/riv-state_machine_transition-frame-2-msaa.png
exact riv-state_machine_transition-frame-2-msaa: byte-exact=true different-pixels=0 max-channel-delta=0
adapter=Apple M5 Max
backend=rust-wgpu frame=3 size=30x30 output=target/renderer-corpus/riv-state_machine_transition-frame-3-clockwise-atomic.png
exact riv-state_machine_transition-frame-3-clockwise-atomic: byte-exact=false different-pixels=0 max-channel-delta=1
adapter=Apple M5 Max
backend=rust-wgpu frame=3 size=30x30 output=target/renderer-corpus/riv-state_machine_transition-frame-3-msaa.png
exact riv-state_machine_transition-frame-3-msaa: byte-exact=true different-pixels=0 max-channel-delta=0
adapter=Apple M5 Max
backend=rust-wgpu frame=4 size=30x30 output=target/renderer-corpus/riv-state_machine_transition-frame-4-clockwise-atomic.png
exact riv-state_machine_transition-frame-4-clockwise-atomic: byte-exact=false different-pixels=0 max-channel-delta=1
adapter=Apple M5 Max
backend=rust-wgpu frame=4 size=30x30 output=target/renderer-corpus/riv-state_machine_transition-frame-4-msaa.png
exact riv-state_machine_transition-frame-4-msaa: byte-exact=true different-pixels=0 max-channel-delta=0
adapter=Apple M5 Max
backend=rust-wgpu frame=5 size=30x30 output=target/renderer-corpus/riv-state_machine_transition-frame-5-clockwise-atomic.png
exact riv-state_machine_transition-frame-5-clockwise-atomic: byte-exact=false different-pixels=0 max-channel-delta=1
adapter=Apple M5 Max
backend=rust-wgpu frame=5 size=30x30 output=target/renderer-corpus/riv-state_machine_transition-frame-5-msaa.png
exact riv-state_machine_transition-frame-5-msaa: byte-exact=true different-pixels=0 max-channel-delta=0
adapter=Apple M5 Max
backend=rust-wgpu frame=6 size=30x30 output=target/renderer-corpus/riv-state_machine_transition-frame-6-clockwise-atomic.png
exact riv-state_machine_transition-frame-6-clockwise-atomic: byte-exact=false different-pixels=0 max-channel-delta=1
adapter=Apple M5 Max
backend=rust-wgpu frame=6 size=30x30 output=target/renderer-corpus/riv-state_machine_transition-frame-6-msaa.png
exact riv-state_machine_transition-frame-6-msaa: byte-exact=true different-pixels=0 max-channel-delta=0
adapter=Apple M5 Max
backend=rust-wgpu frame=7 size=30x30 output=target/renderer-corpus/riv-state_machine_transition-frame-7-clockwise-atomic.png
exact riv-state_machine_transition-frame-7-clockwise-atomic: byte-exact=false different-pixels=0 max-channel-delta=1
adapter=Apple M5 Max
backend=rust-wgpu frame=7 size=30x30 output=target/renderer-corpus/riv-state_machine_transition-frame-7-msaa.png
exact riv-state_machine_transition-frame-7-msaa: byte-exact=true different-pixels=0 max-channel-delta=0
adapter=Apple M5 Max
backend=rust-wgpu frame=0 size=500x500 output=target/renderer-corpus/riv-state_machine_triggers-frame-0-clockwise-atomic.png
exact riv-state_machine_triggers-frame-0-clockwise-atomic: byte-exact=false different-pixels=0 max-channel-delta=1
adapter=Apple M5 Max
backend=rust-wgpu frame=0 size=500x500 output=target/renderer-corpus/riv-state_machine_triggers-frame-0-msaa.png
exact riv-state_machine_triggers-frame-0-msaa: byte-exact=true different-pixels=0 max-channel-delta=0
adapter=Apple M5 Max
backend=rust-wgpu frame=1 size=500x500 output=target/renderer-corpus/riv-state_machine_triggers-frame-1-clockwise-atomic.png
exact riv-state_machine_triggers-frame-1-clockwise-atomic: byte-exact=false different-pixels=0 max-channel-delta=1
adapter=Apple M5 Max
backend=rust-wgpu frame=1 size=500x500 output=target/renderer-corpus/riv-state_machine_triggers-frame-1-msaa.png
exact riv-state_machine_triggers-frame-1-msaa: byte-exact=true different-pixels=0 max-channel-delta=0
adapter=Apple M5 Max
backend=rust-wgpu frame=2 size=500x500 output=target/renderer-corpus/riv-state_machine_triggers-frame-2-clockwise-atomic.png
exact riv-state_machine_triggers-frame-2-clockwise-atomic: byte-exact=false different-pixels=0 max-channel-delta=1
adapter=Apple M5 Max
backend=rust-wgpu frame=2 size=500x500 output=target/renderer-corpus/riv-state_machine_triggers-frame-2-msaa.png
exact riv-state_machine_triggers-frame-2-msaa: byte-exact=true different-pixels=0 max-channel-delta=0
adapter=Apple M5 Max
backend=rust-wgpu frame=3 size=500x500 output=target/renderer-corpus/riv-state_machine_triggers-frame-3-clockwise-atomic.png
exact riv-state_machine_triggers-frame-3-clockwise-atomic: byte-exact=false different-pixels=0 max-channel-delta=1
adapter=Apple M5 Max
backend=rust-wgpu frame=3 size=500x500 output=target/renderer-corpus/riv-state_machine_triggers-frame-3-msaa.png
exact riv-state_machine_triggers-frame-3-msaa: byte-exact=true different-pixels=0 max-channel-delta=0
adapter=Apple M5 Max
backend=rust-wgpu frame=4 size=500x500 output=target/renderer-corpus/riv-state_machine_triggers-frame-4-clockwise-atomic.png
exact riv-state_machine_triggers-frame-4-clockwise-atomic: byte-exact=false different-pixels=0 max-channel-delta=1
adapter=Apple M5 Max
backend=rust-wgpu frame=4 size=500x500 output=target/renderer-corpus/riv-state_machine_triggers-frame-4-msaa.png
exact riv-state_machine_triggers-frame-4-msaa: byte-exact=true different-pixels=0 max-channel-delta=0
adapter=Apple M5 Max
backend=rust-wgpu frame=5 size=500x500 output=target/renderer-corpus/riv-state_machine_triggers-frame-5-clockwise-atomic.png
exact riv-state_machine_triggers-frame-5-clockwise-atomic: byte-exact=false different-pixels=0 max-channel-delta=1
adapter=Apple M5 Max
backend=rust-wgpu frame=5 size=500x500 output=target/renderer-corpus/riv-state_machine_triggers-frame-5-msaa.png
exact riv-state_machine_triggers-frame-5-msaa: byte-exact=true different-pixels=0 max-channel-delta=0
adapter=Apple M5 Max
backend=rust-wgpu frame=6 size=500x500 output=target/renderer-corpus/riv-state_machine_triggers-frame-6-clockwise-atomic.png
exact riv-state_machine_triggers-frame-6-clockwise-atomic: byte-exact=false different-pixels=0 max-channel-delta=1
adapter=Apple M5 Max
backend=rust-wgpu frame=6 size=500x500 output=target/renderer-corpus/riv-state_machine_triggers-frame-6-msaa.png
exact riv-state_machine_triggers-frame-6-msaa: byte-exact=true different-pixels=0 max-channel-delta=0
adapter=Apple M5 Max
backend=rust-wgpu frame=7 size=500x500 output=target/renderer-corpus/riv-state_machine_triggers-frame-7-clockwise-atomic.png
exact riv-state_machine_triggers-frame-7-clockwise-atomic: byte-exact=false different-pixels=0 max-channel-delta=1
adapter=Apple M5 Max
backend=rust-wgpu frame=7 size=500x500 output=target/renderer-corpus/riv-state_machine_triggers-frame-7-msaa.png
exact riv-state_machine_triggers-frame-7-msaa: byte-exact=true different-pixels=0 max-channel-delta=0
adapter=Apple M5 Max
backend=rust-wgpu frame=0 size=500x500 output=target/renderer-corpus/riv-state_transition_fire_trigger-frame-0-clockwise-atomic.png
exact riv-state_transition_fire_trigger-frame-0-clockwise-atomic: byte-exact=false different-pixels=0 max-channel-delta=1
adapter=Apple M5 Max
backend=rust-wgpu frame=0 size=500x500 output=target/renderer-corpus/riv-state_transition_fire_trigger-frame-0-msaa.png
exact riv-state_transition_fire_trigger-frame-0-msaa: byte-exact=true different-pixels=0 max-channel-delta=0
adapter=Apple M5 Max
backend=rust-wgpu frame=0 size=500x500 output=target/renderer-corpus/riv-stateful_artboard_swap-frame-0-clockwise-atomic.png
exact riv-stateful_artboard_swap-frame-0-clockwise-atomic: byte-exact=true different-pixels=0 max-channel-delta=0
adapter=Apple M5 Max
backend=rust-wgpu frame=0 size=500x500 output=target/renderer-corpus/riv-stateful_artboard_swap-frame-0-msaa.png
exact riv-stateful_artboard_swap-frame-0-msaa: byte-exact=true different-pixels=0 max-channel-delta=0
adapter=Apple M5 Max
backend=rust-wgpu frame=0 size=500x500 output=target/renderer-corpus/riv-stateful_keyed_trigger-frame-0-clockwise-atomic.png
exact riv-stateful_keyed_trigger-frame-0-clockwise-atomic: byte-exact=false different-pixels=0 max-channel-delta=1
adapter=Apple M5 Max
backend=rust-wgpu frame=0 size=500x500 output=target/renderer-corpus/riv-stateful_keyed_trigger-frame-0-msaa.png
exact riv-stateful_keyed_trigger-frame-0-msaa: byte-exact=true different-pixels=0 max-channel-delta=0
adapter=Apple M5 Max
backend=rust-wgpu frame=0 size=500x500 output=target/renderer-corpus/riv-stateful_list_props-frame-0-clockwise-atomic.png
exact riv-stateful_list_props-frame-0-clockwise-atomic: byte-exact=true different-pixels=0 max-channel-delta=0
adapter=Apple M5 Max
backend=rust-wgpu frame=0 size=500x500 output=target/renderer-corpus/riv-stateful_list_props-frame-0-msaa.png
exact riv-stateful_list_props-frame-0-msaa: byte-exact=true different-pixels=0 max-channel-delta=0
adapter=Apple M5 Max
backend=rust-wgpu frame=1 size=500x500 output=target/renderer-corpus/riv-stateful_list_props-frame-1-clockwise-atomic.png
exact riv-stateful_list_props-frame-1-clockwise-atomic: byte-exact=true different-pixels=0 max-channel-delta=0
adapter=Apple M5 Max
backend=rust-wgpu frame=1 size=500x500 output=target/renderer-corpus/riv-stateful_list_props-frame-1-msaa.png
exact riv-stateful_list_props-frame-1-msaa: byte-exact=true different-pixels=0 max-channel-delta=0
adapter=Apple M5 Max
backend=rust-wgpu frame=2 size=500x500 output=target/renderer-corpus/riv-stateful_list_props-frame-2-clockwise-atomic.png
exact riv-stateful_list_props-frame-2-clockwise-atomic: byte-exact=true different-pixels=0 max-channel-delta=0
adapter=Apple M5 Max
backend=rust-wgpu frame=2 size=500x500 output=target/renderer-corpus/riv-stateful_list_props-frame-2-msaa.png
exact riv-stateful_list_props-frame-2-msaa: byte-exact=true different-pixels=0 max-channel-delta=0
adapter=Apple M5 Max
backend=rust-wgpu frame=3 size=500x500 output=target/renderer-corpus/riv-stateful_list_props-frame-3-clockwise-atomic.png
exact riv-stateful_list_props-frame-3-clockwise-atomic: byte-exact=true different-pixels=0 max-channel-delta=0
adapter=Apple M5 Max
backend=rust-wgpu frame=3 size=500x500 output=target/renderer-corpus/riv-stateful_list_props-frame-3-msaa.png
exact riv-stateful_list_props-frame-3-msaa: byte-exact=true different-pixels=0 max-channel-delta=0
adapter=Apple M5 Max
backend=rust-wgpu frame=4 size=500x500 output=target/renderer-corpus/riv-stateful_list_props-frame-4-clockwise-atomic.png
exact riv-stateful_list_props-frame-4-clockwise-atomic: byte-exact=true different-pixels=0 max-channel-delta=0
adapter=Apple M5 Max
backend=rust-wgpu frame=4 size=500x500 output=target/renderer-corpus/riv-stateful_list_props-frame-4-msaa.png
exact riv-stateful_list_props-frame-4-msaa: byte-exact=true different-pixels=0 max-channel-delta=0
adapter=Apple M5 Max
backend=rust-wgpu frame=0 size=500x500 output=target/renderer-corpus/riv-stateful_multi_property-frame-0-clockwise-atomic.png
exact riv-stateful_multi_property-frame-0-clockwise-atomic: byte-exact=true different-pixels=0 max-channel-delta=0
adapter=Apple M5 Max
backend=rust-wgpu frame=0 size=500x500 output=target/renderer-corpus/riv-stateful_multi_property-frame-0-msaa.png
exact riv-stateful_multi_property-frame-0-msaa: byte-exact=true different-pixels=0 max-channel-delta=0
adapter=Apple M5 Max
backend=rust-wgpu frame=0 size=500x500 output=target/renderer-corpus/riv-stateful_nested-frame-0-clockwise-atomic.png
exact riv-stateful_nested-frame-0-clockwise-atomic: byte-exact=true different-pixels=0 max-channel-delta=0
adapter=Apple M5 Max
backend=rust-wgpu frame=0 size=500x500 output=target/renderer-corpus/riv-stateful_nested-frame-0-msaa.png
exact riv-stateful_nested-frame-0-msaa: byte-exact=true different-pixels=0 max-channel-delta=0
adapter=Apple M5 Max
backend=rust-wgpu frame=0 size=500x500 output=target/renderer-corpus/riv-stateful_source_switch-frame-0-clockwise-atomic.png
exact riv-stateful_source_switch-frame-0-clockwise-atomic: byte-exact=true different-pixels=0 max-channel-delta=0
adapter=Apple M5 Max
backend=rust-wgpu frame=0 size=500x500 output=target/renderer-corpus/riv-stateful_source_switch-frame-0-msaa.png
exact riv-stateful_source_switch-frame-0-msaa: byte-exact=true different-pixels=0 max-channel-delta=0
adapter=Apple M5 Max
backend=rust-wgpu frame=0 size=500x500 output=target/renderer-corpus/riv-stroke_name_test-frame-0-clockwise-atomic.png
exact riv-stroke_name_test-frame-0-clockwise-atomic: byte-exact=false different-pixels=0 max-channel-delta=2
adapter=Apple M5 Max
backend=rust-wgpu frame=0 size=500x500 output=target/renderer-corpus/riv-stroke_name_test-frame-0-msaa.png
exact riv-stroke_name_test-frame-0-msaa: byte-exact=true different-pixels=0 max-channel-delta=0
adapter=Apple M5 Max
backend=rust-wgpu frame=1 size=500x500 output=target/renderer-corpus/riv-stroke_name_test-frame-1-clockwise-atomic.png
exact riv-stroke_name_test-frame-1-clockwise-atomic: byte-exact=false different-pixels=0 max-channel-delta=2
adapter=Apple M5 Max
backend=rust-wgpu frame=1 size=500x500 output=target/renderer-corpus/riv-stroke_name_test-frame-1-msaa.png
exact riv-stroke_name_test-frame-1-msaa: byte-exact=true different-pixels=0 max-channel-delta=0
adapter=Apple M5 Max
backend=rust-wgpu frame=2 size=500x500 output=target/renderer-corpus/riv-stroke_name_test-frame-2-clockwise-atomic.png
exact riv-stroke_name_test-frame-2-clockwise-atomic: byte-exact=false different-pixels=0 max-channel-delta=2
adapter=Apple M5 Max
backend=rust-wgpu frame=2 size=500x500 output=target/renderer-corpus/riv-stroke_name_test-frame-2-msaa.png
exact riv-stroke_name_test-frame-2-msaa: byte-exact=true different-pixels=0 max-channel-delta=0
adapter=Apple M5 Max
backend=rust-wgpu frame=3 size=500x500 output=target/renderer-corpus/riv-stroke_name_test-frame-3-clockwise-atomic.png
exact riv-stroke_name_test-frame-3-clockwise-atomic: byte-exact=false different-pixels=0 max-channel-delta=2
adapter=Apple M5 Max
backend=rust-wgpu frame=3 size=500x500 output=target/renderer-corpus/riv-stroke_name_test-frame-3-msaa.png
exact riv-stroke_name_test-frame-3-msaa: byte-exact=true different-pixels=0 max-channel-delta=0
adapter=Apple M5 Max
backend=rust-wgpu frame=4 size=500x500 output=target/renderer-corpus/riv-stroke_name_test-frame-4-clockwise-atomic.png
exact riv-stroke_name_test-frame-4-clockwise-atomic: byte-exact=false different-pixels=0 max-channel-delta=2
adapter=Apple M5 Max
backend=rust-wgpu frame=4 size=500x500 output=target/renderer-corpus/riv-stroke_name_test-frame-4-msaa.png
exact riv-stroke_name_test-frame-4-msaa: byte-exact=true different-pixels=0 max-channel-delta=0
adapter=Apple M5 Max
backend=rust-wgpu frame=0 size=2914x296 output=target/renderer-corpus/riv-superbowl-frame-0-clockwise-atomic.png
exact riv-superbowl-frame-0-clockwise-atomic: byte-exact=false different-pixels=2 max-channel-delta=64
adapter=Apple M5 Max
backend=rust-wgpu frame=0 size=2914x296 output=target/renderer-corpus/riv-superbowl-frame-0-msaa.png
exact riv-superbowl-frame-0-msaa: byte-exact=true different-pixels=0 max-channel-delta=0
adapter=Apple M5 Max
backend=rust-wgpu frame=0 size=500x500 output=target/renderer-corpus/riv-tape-frame-0-clockwise-atomic.png
exact riv-tape-frame-0-clockwise-atomic: byte-exact=false different-pixels=9 max-channel-delta=3
adapter=Apple M5 Max
backend=rust-wgpu frame=0 size=500x500 output=target/renderer-corpus/riv-tape-frame-0-msaa.png
exact riv-tape-frame-0-msaa: byte-exact=true different-pixels=0 max-channel-delta=0
adapter=Apple M5 Max
backend=rust-wgpu frame=0 size=914x735 output=target/renderer-corpus/riv-target_event-frame-0-clockwise-atomic.png
exact riv-target_event-frame-0-clockwise-atomic: byte-exact=false different-pixels=0 max-channel-delta=1
adapter=Apple M5 Max
backend=rust-wgpu frame=0 size=914x735 output=target/renderer-corpus/riv-target_event-frame-0-msaa.png
exact riv-target_event-frame-0-msaa: byte-exact=true different-pixels=0 max-channel-delta=0
adapter=Apple M5 Max
backend=rust-wgpu frame=0 size=500x500 output=target/renderer-corpus/riv-test_elastic-frame-0-clockwise-atomic.png
exact riv-test_elastic-frame-0-clockwise-atomic: byte-exact=false different-pixels=1 max-channel-delta=4
adapter=Apple M5 Max
backend=rust-wgpu frame=0 size=500x500 output=target/renderer-corpus/riv-test_elastic-frame-0-msaa.png
exact riv-test_elastic-frame-0-msaa: byte-exact=true different-pixels=0 max-channel-delta=0
adapter=Apple M5 Max
backend=rust-wgpu frame=1 size=500x500 output=target/renderer-corpus/riv-test_elastic-frame-1-clockwise-atomic.png
exact riv-test_elastic-frame-1-clockwise-atomic: byte-exact=false different-pixels=1 max-channel-delta=4
adapter=Apple M5 Max
backend=rust-wgpu frame=1 size=500x500 output=target/renderer-corpus/riv-test_elastic-frame-1-msaa.png
exact riv-test_elastic-frame-1-msaa: byte-exact=true different-pixels=0 max-channel-delta=0
adapter=Apple M5 Max
backend=rust-wgpu frame=2 size=500x500 output=target/renderer-corpus/riv-test_elastic-frame-2-clockwise-atomic.png
exact riv-test_elastic-frame-2-clockwise-atomic: byte-exact=false different-pixels=0 max-channel-delta=1
adapter=Apple M5 Max
backend=rust-wgpu frame=2 size=500x500 output=target/renderer-corpus/riv-test_elastic-frame-2-msaa.png
exact riv-test_elastic-frame-2-msaa: byte-exact=true different-pixels=0 max-channel-delta=0
adapter=Apple M5 Max
backend=rust-wgpu frame=3 size=500x500 output=target/renderer-corpus/riv-test_elastic-frame-3-clockwise-atomic.png
exact riv-test_elastic-frame-3-clockwise-atomic: byte-exact=false different-pixels=0 max-channel-delta=1
adapter=Apple M5 Max
backend=rust-wgpu frame=3 size=500x500 output=target/renderer-corpus/riv-test_elastic-frame-3-msaa.png
exact riv-test_elastic-frame-3-msaa: byte-exact=true different-pixels=0 max-channel-delta=0
adapter=Apple M5 Max
backend=rust-wgpu frame=4 size=500x500 output=target/renderer-corpus/riv-test_elastic-frame-4-clockwise-atomic.png
exact riv-test_elastic-frame-4-clockwise-atomic: byte-exact=false different-pixels=0 max-channel-delta=1
adapter=Apple M5 Max
backend=rust-wgpu frame=4 size=500x500 output=target/renderer-corpus/riv-test_elastic-frame-4-msaa.png
exact riv-test_elastic-frame-4-msaa: byte-exact=true different-pixels=0 max-channel-delta=0
adapter=Apple M5 Max
backend=rust-wgpu frame=0 size=802x503 output=target/renderer-corpus/riv-test_modifier_run-frame-0-clockwise-atomic.png
exact riv-test_modifier_run-frame-0-clockwise-atomic: byte-exact=true different-pixels=0 max-channel-delta=0
adapter=Apple M5 Max
backend=rust-wgpu frame=0 size=802x503 output=target/renderer-corpus/riv-test_modifier_run-frame-0-msaa.png
exact riv-test_modifier_run-frame-0-msaa: byte-exact=true different-pixels=0 max-channel-delta=0
adapter=Apple M5 Max
backend=rust-wgpu frame=0 size=500x500 output=target/renderer-corpus/riv-text_follow_path_shape_length-frame-0-clockwise-atomic.png
exact riv-text_follow_path_shape_length-frame-0-clockwise-atomic: byte-exact=true different-pixels=0 max-channel-delta=0
adapter=Apple M5 Max
backend=rust-wgpu frame=0 size=500x500 output=target/renderer-corpus/riv-text_follow_path_shape_length-frame-0-msaa.png
exact riv-text_follow_path_shape_length-frame-0-msaa: byte-exact=true different-pixels=0 max-channel-delta=0
adapter=Apple M5 Max
backend=rust-wgpu frame=0 size=500x500 output=target/renderer-corpus/riv-text_input-frame-0-clockwise-atomic.png
exact riv-text_input-frame-0-clockwise-atomic: byte-exact=true different-pixels=0 max-channel-delta=0
adapter=Apple M5 Max
backend=rust-wgpu frame=0 size=500x500 output=target/renderer-corpus/riv-text_input-frame-0-msaa.png
exact riv-text_input-frame-0-msaa: byte-exact=true different-pixels=0 max-channel-delta=0
adapter=Apple M5 Max
backend=rust-wgpu frame=0 size=500x500 output=target/renderer-corpus/riv-text_input_event-frame-0-clockwise-atomic.png
exact riv-text_input_event-frame-0-clockwise-atomic: byte-exact=false different-pixels=0 max-channel-delta=1
adapter=Apple M5 Max
backend=rust-wgpu frame=0 size=500x500 output=target/renderer-corpus/riv-text_input_event-frame-0-msaa.png
exact riv-text_input_event-frame-0-msaa: byte-exact=true different-pixels=0 max-channel-delta=0
adapter=Apple M5 Max
backend=rust-wgpu frame=1 size=500x500 output=target/renderer-corpus/riv-text_input_event-frame-1-clockwise-atomic.png
exact riv-text_input_event-frame-1-clockwise-atomic: byte-exact=false different-pixels=0 max-channel-delta=1
adapter=Apple M5 Max
backend=rust-wgpu frame=1 size=500x500 output=target/renderer-corpus/riv-text_input_event-frame-1-msaa.png
exact riv-text_input_event-frame-1-msaa: byte-exact=true different-pixels=0 max-channel-delta=0
adapter=Apple M5 Max
backend=rust-wgpu frame=2 size=500x500 output=target/renderer-corpus/riv-text_input_event-frame-2-clockwise-atomic.png
exact riv-text_input_event-frame-2-clockwise-atomic: byte-exact=false different-pixels=0 max-channel-delta=1
adapter=Apple M5 Max
backend=rust-wgpu frame=2 size=500x500 output=target/renderer-corpus/riv-text_input_event-frame-2-msaa.png
exact riv-text_input_event-frame-2-msaa: byte-exact=true different-pixels=0 max-channel-delta=0
adapter=Apple M5 Max
backend=rust-wgpu frame=3 size=500x500 output=target/renderer-corpus/riv-text_input_event-frame-3-clockwise-atomic.png
exact riv-text_input_event-frame-3-clockwise-atomic: byte-exact=false different-pixels=0 max-channel-delta=1
adapter=Apple M5 Max
backend=rust-wgpu frame=3 size=500x500 output=target/renderer-corpus/riv-text_input_event-frame-3-msaa.png
exact riv-text_input_event-frame-3-msaa: byte-exact=true different-pixels=0 max-channel-delta=0
adapter=Apple M5 Max
backend=rust-wgpu frame=4 size=500x500 output=target/renderer-corpus/riv-text_input_event-frame-4-clockwise-atomic.png
exact riv-text_input_event-frame-4-clockwise-atomic: byte-exact=false different-pixels=0 max-channel-delta=1
adapter=Apple M5 Max
backend=rust-wgpu frame=4 size=500x500 output=target/renderer-corpus/riv-text_input_event-frame-4-msaa.png
exact riv-text_input_event-frame-4-msaa: byte-exact=true different-pixels=0 max-channel-delta=0
adapter=Apple M5 Max
backend=rust-wgpu frame=0 size=500x500 output=target/renderer-corpus/riv-text_listener_simpler-frame-0-clockwise-atomic.png
exact riv-text_listener_simpler-frame-0-clockwise-atomic: byte-exact=true different-pixels=0 max-channel-delta=0
adapter=Apple M5 Max
backend=rust-wgpu frame=0 size=500x500 output=target/renderer-corpus/riv-text_listener_simpler-frame-0-msaa.png
exact riv-text_listener_simpler-frame-0-msaa: byte-exact=true different-pixels=0 max-channel-delta=0
adapter=Apple M5 Max
backend=rust-wgpu frame=0 size=500x500 output=target/renderer-corpus/riv-text_opacity_modifier-frame-0-clockwise-atomic.png
exact riv-text_opacity_modifier-frame-0-clockwise-atomic: byte-exact=false different-pixels=13 max-channel-delta=14
adapter=Apple M5 Max
backend=rust-wgpu frame=0 size=500x500 output=target/renderer-corpus/riv-text_opacity_modifier-frame-0-msaa.png
exact riv-text_opacity_modifier-frame-0-msaa: byte-exact=true different-pixels=0 max-channel-delta=0
adapter=Apple M5 Max
backend=rust-wgpu frame=0 size=500x500 output=target/renderer-corpus/riv-text_stroke_test-frame-0-clockwise-atomic.png
exact riv-text_stroke_test-frame-0-clockwise-atomic: byte-exact=false different-pixels=1 max-channel-delta=3
adapter=Apple M5 Max
backend=rust-wgpu frame=0 size=500x500 output=target/renderer-corpus/riv-text_stroke_test-frame-0-msaa.png
exact riv-text_stroke_test-frame-0-msaa: byte-exact=true different-pixels=0 max-channel-delta=0
adapter=Apple M5 Max
backend=rust-wgpu frame=0 size=358x247 output=target/renderer-corpus/riv-text_vertical_trim_test-frame-0-clockwise-atomic.png
exact riv-text_vertical_trim_test-frame-0-clockwise-atomic: byte-exact=true different-pixels=0 max-channel-delta=0
adapter=Apple M5 Max
backend=rust-wgpu frame=0 size=358x247 output=target/renderer-corpus/riv-text_vertical_trim_test-frame-0-msaa.png
exact riv-text_vertical_trim_test-frame-0-msaa: byte-exact=true different-pixels=0 max-channel-delta=0
adapter=Apple M5 Max
backend=rust-wgpu frame=0 size=500x500 output=target/renderer-corpus/riv-time_based_interpolation-frame-0-clockwise-atomic.png
exact riv-time_based_interpolation-frame-0-clockwise-atomic: byte-exact=false different-pixels=0 max-channel-delta=1
adapter=Apple M5 Max
backend=rust-wgpu frame=0 size=500x500 output=target/renderer-corpus/riv-time_based_interpolation-frame-0-msaa.png
exact riv-time_based_interpolation-frame-0-msaa: byte-exact=true different-pixels=0 max-channel-delta=0
adapter=Apple M5 Max
backend=rust-wgpu frame=0 size=500x500 output=target/renderer-corpus/riv-timeline_event_test-frame-0-clockwise-atomic.png
exact riv-timeline_event_test-frame-0-clockwise-atomic: byte-exact=false different-pixels=1 max-channel-delta=12
adapter=Apple M5 Max
backend=rust-wgpu frame=0 size=500x500 output=target/renderer-corpus/riv-timeline_event_test-frame-0-msaa.png
exact riv-timeline_event_test-frame-0-msaa: byte-exact=true different-pixels=0 max-channel-delta=0
adapter=Apple M5 Max
backend=rust-wgpu frame=1 size=500x500 output=target/renderer-corpus/riv-timeline_event_test-frame-1-clockwise-atomic.png
exact riv-timeline_event_test-frame-1-clockwise-atomic: byte-exact=false different-pixels=1 max-channel-delta=11
adapter=Apple M5 Max
backend=rust-wgpu frame=1 size=500x500 output=target/renderer-corpus/riv-timeline_event_test-frame-1-msaa.png
exact riv-timeline_event_test-frame-1-msaa: byte-exact=true different-pixels=0 max-channel-delta=0
adapter=Apple M5 Max
backend=rust-wgpu frame=2 size=500x500 output=target/renderer-corpus/riv-timeline_event_test-frame-2-clockwise-atomic.png
exact riv-timeline_event_test-frame-2-clockwise-atomic: byte-exact=false different-pixels=1 max-channel-delta=12
adapter=Apple M5 Max
backend=rust-wgpu frame=2 size=500x500 output=target/renderer-corpus/riv-timeline_event_test-frame-2-msaa.png
exact riv-timeline_event_test-frame-2-msaa: byte-exact=true different-pixels=0 max-channel-delta=0
adapter=Apple M5 Max
backend=rust-wgpu frame=3 size=500x500 output=target/renderer-corpus/riv-timeline_event_test-frame-3-clockwise-atomic.png
exact riv-timeline_event_test-frame-3-clockwise-atomic: byte-exact=false different-pixels=1 max-channel-delta=12
adapter=Apple M5 Max
backend=rust-wgpu frame=3 size=500x500 output=target/renderer-corpus/riv-timeline_event_test-frame-3-msaa.png
exact riv-timeline_event_test-frame-3-msaa: byte-exact=true different-pixels=0 max-channel-delta=0
adapter=Apple M5 Max
backend=rust-wgpu frame=4 size=500x500 output=target/renderer-corpus/riv-timeline_event_test-frame-4-clockwise-atomic.png
exact riv-timeline_event_test-frame-4-clockwise-atomic: byte-exact=false different-pixels=1 max-channel-delta=7
adapter=Apple M5 Max
backend=rust-wgpu frame=4 size=500x500 output=target/renderer-corpus/riv-timeline_event_test-frame-4-msaa.png
exact riv-timeline_event_test-frame-4-msaa: byte-exact=true different-pixels=0 max-channel-delta=0
adapter=Apple M5 Max
backend=rust-wgpu frame=0 size=500x500 output=target/renderer-corpus/riv-transform_constraint-frame-0-clockwise-atomic.png
exact riv-transform_constraint-frame-0-clockwise-atomic: byte-exact=false different-pixels=0 max-channel-delta=1
adapter=Apple M5 Max
backend=rust-wgpu frame=0 size=500x500 output=target/renderer-corpus/riv-transform_constraint-frame-0-msaa.png
exact riv-transform_constraint-frame-0-msaa: byte-exact=true different-pixels=0 max-channel-delta=0
adapter=Apple M5 Max
backend=rust-wgpu frame=0 size=500x500 output=target/renderer-corpus/riv-transition_actions-frame-0-clockwise-atomic.png
exact riv-transition_actions-frame-0-clockwise-atomic: byte-exact=true different-pixels=0 max-channel-delta=0
adapter=Apple M5 Max
backend=rust-wgpu frame=0 size=500x500 output=target/renderer-corpus/riv-transition_actions-frame-0-msaa.png
exact riv-transition_actions-frame-0-msaa: byte-exact=true different-pixels=0 max-channel-delta=0
adapter=Apple M5 Max
backend=rust-wgpu frame=0 size=984x500 output=target/renderer-corpus/riv-transition_artboard_condition_test-frame-0-clockwise-atomic.png
exact riv-transition_artboard_condition_test-frame-0-clockwise-atomic: byte-exact=false different-pixels=8 max-channel-delta=5
adapter=Apple M5 Max
backend=rust-wgpu frame=0 size=984x500 output=target/renderer-corpus/riv-transition_artboard_condition_test-frame-0-msaa.png
exact riv-transition_artboard_condition_test-frame-0-msaa: byte-exact=true different-pixels=0 max-channel-delta=0
adapter=Apple M5 Max
backend=rust-wgpu frame=0 size=1500x2000 output=target/renderer-corpus/riv-transition_duration_bind_list-frame-0-clockwise-atomic.png
exact riv-transition_duration_bind_list-frame-0-clockwise-atomic: byte-exact=false different-pixels=0 max-channel-delta=1
adapter=Apple M5 Max
backend=rust-wgpu frame=0 size=1500x2000 output=target/renderer-corpus/riv-transition_duration_bind_list-frame-0-msaa.png
exact riv-transition_duration_bind_list-frame-0-msaa: byte-exact=true different-pixels=0 max-channel-delta=0
adapter=Apple M5 Max
backend=rust-wgpu frame=0 size=1500x2000 output=target/renderer-corpus/riv-transition_duration_bind_nested-frame-0-clockwise-atomic.png
exact riv-transition_duration_bind_nested-frame-0-clockwise-atomic: byte-exact=false different-pixels=0 max-channel-delta=1
adapter=Apple M5 Max
backend=rust-wgpu frame=0 size=1500x2000 output=target/renderer-corpus/riv-transition_duration_bind_nested-frame-0-msaa.png
exact riv-transition_duration_bind_nested-frame-0-msaa: byte-exact=true different-pixels=0 max-channel-delta=0
adapter=Apple M5 Max
backend=rust-wgpu frame=0 size=500x500 output=target/renderer-corpus/riv-transition_index_condition-frame-0-clockwise-atomic.png
exact riv-transition_index_condition-frame-0-clockwise-atomic: byte-exact=false different-pixels=0 max-channel-delta=1
adapter=Apple M5 Max
backend=rust-wgpu frame=0 size=500x500 output=target/renderer-corpus/riv-transition_index_condition-frame-0-msaa.png
exact riv-transition_index_condition-frame-0-msaa: byte-exact=true different-pixels=0 max-channel-delta=0
adapter=Apple M5 Max
backend=rust-wgpu frame=0 size=1373x789 output=target/renderer-corpus/riv-transition_self_comparator_test-frame-0-clockwise-atomic.png
exact riv-transition_self_comparator_test-frame-0-clockwise-atomic: byte-exact=false different-pixels=0 max-channel-delta=2
adapter=Apple M5 Max
backend=rust-wgpu frame=0 size=1373x789 output=target/renderer-corpus/riv-transition_self_comparator_test-frame-0-msaa.png
exact riv-transition_self_comparator_test-frame-0-msaa: byte-exact=true different-pixels=0 max-channel-delta=0
adapter=Apple M5 Max
backend=rust-wgpu frame=0 size=500x500 output=target/renderer-corpus/riv-translation_constraint-frame-0-clockwise-atomic.png
exact riv-translation_constraint-frame-0-clockwise-atomic: byte-exact=false different-pixels=0 max-channel-delta=1
adapter=Apple M5 Max
backend=rust-wgpu frame=0 size=500x500 output=target/renderer-corpus/riv-translation_constraint-frame-0-msaa.png
exact riv-translation_constraint-frame-0-msaa: byte-exact=true different-pixels=0 max-channel-delta=0
adapter=Apple M5 Max
backend=rust-wgpu frame=0 size=500x500 output=target/renderer-corpus/riv-trigger_based_listeners-frame-0-clockwise-atomic.png
exact riv-trigger_based_listeners-frame-0-clockwise-atomic: byte-exact=false different-pixels=0 max-channel-delta=1
adapter=Apple M5 Max
backend=rust-wgpu frame=0 size=500x500 output=target/renderer-corpus/riv-trigger_based_listeners-frame-0-msaa.png
exact riv-trigger_based_listeners-frame-0-msaa: byte-exact=true different-pixels=0 max-channel-delta=0
adapter=Apple M5 Max
backend=rust-wgpu frame=0 size=500x500 output=target/renderer-corpus/riv-trigger_fires_single_change-frame-0-clockwise-atomic.png
exact riv-trigger_fires_single_change-frame-0-clockwise-atomic: byte-exact=true different-pixels=0 max-channel-delta=0
adapter=Apple M5 Max
backend=rust-wgpu frame=0 size=500x500 output=target/renderer-corpus/riv-trigger_fires_single_change-frame-0-msaa.png
exact riv-trigger_fires_single_change-frame-0-msaa: byte-exact=true different-pixels=0 max-channel-delta=0
adapter=Apple M5 Max
backend=rust-wgpu frame=0 size=1920x1080 output=target/renderer-corpus/riv-trim-frame-0-clockwise-atomic.png
exact riv-trim-frame-0-clockwise-atomic: byte-exact=false different-pixels=0 max-channel-delta=1
adapter=Apple M5 Max
backend=rust-wgpu frame=0 size=1920x1080 output=target/renderer-corpus/riv-trim-frame-0-msaa.png
exact riv-trim-frame-0-msaa: byte-exact=true different-pixels=0 max-channel-delta=0
adapter=Apple M5 Max
backend=rust-wgpu frame=0 size=500x500 output=target/renderer-corpus/riv-trim_path-frame-0-clockwise-atomic.png
exact riv-trim_path-frame-0-clockwise-atomic: byte-exact=false different-pixels=0 max-channel-delta=1
adapter=Apple M5 Max
backend=rust-wgpu frame=0 size=500x500 output=target/renderer-corpus/riv-trim_path-frame-0-msaa.png
exact riv-trim_path-frame-0-msaa: byte-exact=true different-pixels=0 max-channel-delta=0
adapter=Apple M5 Max
backend=rust-wgpu frame=1 size=500x500 output=target/renderer-corpus/riv-trim_path-frame-1-clockwise-atomic.png
exact riv-trim_path-frame-1-clockwise-atomic: byte-exact=false different-pixels=0 max-channel-delta=1
adapter=Apple M5 Max
backend=rust-wgpu frame=1 size=500x500 output=target/renderer-corpus/riv-trim_path-frame-1-msaa.png
exact riv-trim_path-frame-1-msaa: byte-exact=true different-pixels=0 max-channel-delta=0
adapter=Apple M5 Max
backend=rust-wgpu frame=2 size=500x500 output=target/renderer-corpus/riv-trim_path-frame-2-clockwise-atomic.png
exact riv-trim_path-frame-2-clockwise-atomic: byte-exact=false different-pixels=0 max-channel-delta=1
adapter=Apple M5 Max
backend=rust-wgpu frame=2 size=500x500 output=target/renderer-corpus/riv-trim_path-frame-2-msaa.png
exact riv-trim_path-frame-2-msaa: byte-exact=true different-pixels=0 max-channel-delta=0
adapter=Apple M5 Max
backend=rust-wgpu frame=3 size=500x500 output=target/renderer-corpus/riv-trim_path-frame-3-clockwise-atomic.png
exact riv-trim_path-frame-3-clockwise-atomic: byte-exact=false different-pixels=0 max-channel-delta=1
adapter=Apple M5 Max
backend=rust-wgpu frame=3 size=500x500 output=target/renderer-corpus/riv-trim_path-frame-3-msaa.png
exact riv-trim_path-frame-3-msaa: byte-exact=true different-pixels=0 max-channel-delta=0
adapter=Apple M5 Max
backend=rust-wgpu frame=4 size=500x500 output=target/renderer-corpus/riv-trim_path-frame-4-clockwise-atomic.png
exact riv-trim_path-frame-4-clockwise-atomic: byte-exact=false different-pixels=0 max-channel-delta=1
adapter=Apple M5 Max
backend=rust-wgpu frame=4 size=500x500 output=target/renderer-corpus/riv-trim_path-frame-4-msaa.png
exact riv-trim_path-frame-4-msaa: byte-exact=true different-pixels=0 max-channel-delta=0
adapter=Apple M5 Max
backend=rust-wgpu frame=0 size=385x330 output=target/renderer-corpus/riv-trim_path_linear-frame-0-clockwise-atomic.png
exact riv-trim_path_linear-frame-0-clockwise-atomic: byte-exact=false different-pixels=0 max-channel-delta=2
adapter=Apple M5 Max
backend=rust-wgpu frame=0 size=385x330 output=target/renderer-corpus/riv-trim_path_linear-frame-0-msaa.png
exact riv-trim_path_linear-frame-0-msaa: byte-exact=true different-pixels=0 max-channel-delta=0
adapter=Apple M5 Max
backend=rust-wgpu frame=1 size=385x330 output=target/renderer-corpus/riv-trim_path_linear-frame-1-clockwise-atomic.png
exact riv-trim_path_linear-frame-1-clockwise-atomic: byte-exact=false different-pixels=0 max-channel-delta=2
adapter=Apple M5 Max
backend=rust-wgpu frame=1 size=385x330 output=target/renderer-corpus/riv-trim_path_linear-frame-1-msaa.png
exact riv-trim_path_linear-frame-1-msaa: byte-exact=true different-pixels=0 max-channel-delta=0
adapter=Apple M5 Max
backend=rust-wgpu frame=2 size=385x330 output=target/renderer-corpus/riv-trim_path_linear-frame-2-clockwise-atomic.png
exact riv-trim_path_linear-frame-2-clockwise-atomic: byte-exact=false different-pixels=0 max-channel-delta=2
adapter=Apple M5 Max
backend=rust-wgpu frame=2 size=385x330 output=target/renderer-corpus/riv-trim_path_linear-frame-2-msaa.png
exact riv-trim_path_linear-frame-2-msaa: byte-exact=true different-pixels=0 max-channel-delta=0
adapter=Apple M5 Max
backend=rust-wgpu frame=3 size=385x330 output=target/renderer-corpus/riv-trim_path_linear-frame-3-clockwise-atomic.png
exact riv-trim_path_linear-frame-3-clockwise-atomic: byte-exact=false different-pixels=0 max-channel-delta=2
adapter=Apple M5 Max
backend=rust-wgpu frame=3 size=385x330 output=target/renderer-corpus/riv-trim_path_linear-frame-3-msaa.png
exact riv-trim_path_linear-frame-3-msaa: byte-exact=true different-pixels=0 max-channel-delta=0
adapter=Apple M5 Max
backend=rust-wgpu frame=4 size=385x330 output=target/renderer-corpus/riv-trim_path_linear-frame-4-clockwise-atomic.png
exact riv-trim_path_linear-frame-4-clockwise-atomic: byte-exact=false different-pixels=0 max-channel-delta=2
adapter=Apple M5 Max
backend=rust-wgpu frame=4 size=385x330 output=target/renderer-corpus/riv-trim_path_linear-frame-4-msaa.png
exact riv-trim_path_linear-frame-4-msaa: byte-exact=true different-pixels=0 max-channel-delta=0
adapter=Apple M5 Max
backend=rust-wgpu frame=0 size=352x322 output=target/renderer-corpus/riv-two_artboards-frame-0-clockwise-atomic.png
exact riv-two_artboards-frame-0-clockwise-atomic: byte-exact=false different-pixels=0 max-channel-delta=1
adapter=Apple M5 Max
backend=rust-wgpu frame=0 size=352x322 output=target/renderer-corpus/riv-two_artboards-frame-0-msaa.png
exact riv-two_artboards-frame-0-msaa: byte-exact=true different-pixels=0 max-channel-delta=0
adapter=Apple M5 Max
backend=rust-wgpu frame=1 size=352x322 output=target/renderer-corpus/riv-two_artboards-frame-1-clockwise-atomic.png
exact riv-two_artboards-frame-1-clockwise-atomic: byte-exact=false different-pixels=0 max-channel-delta=1
adapter=Apple M5 Max
backend=rust-wgpu frame=1 size=352x322 output=target/renderer-corpus/riv-two_artboards-frame-1-msaa.png
exact riv-two_artboards-frame-1-msaa: byte-exact=true different-pixels=0 max-channel-delta=0
adapter=Apple M5 Max
backend=rust-wgpu frame=2 size=352x322 output=target/renderer-corpus/riv-two_artboards-frame-2-clockwise-atomic.png
exact riv-two_artboards-frame-2-clockwise-atomic: byte-exact=false different-pixels=0 max-channel-delta=1
adapter=Apple M5 Max
backend=rust-wgpu frame=2 size=352x322 output=target/renderer-corpus/riv-two_artboards-frame-2-msaa.png
exact riv-two_artboards-frame-2-msaa: byte-exact=true different-pixels=0 max-channel-delta=0
adapter=Apple M5 Max
backend=rust-wgpu frame=3 size=352x322 output=target/renderer-corpus/riv-two_artboards-frame-3-clockwise-atomic.png
exact riv-two_artboards-frame-3-clockwise-atomic: byte-exact=false different-pixels=0 max-channel-delta=1
adapter=Apple M5 Max
backend=rust-wgpu frame=3 size=352x322 output=target/renderer-corpus/riv-two_artboards-frame-3-msaa.png
exact riv-two_artboards-frame-3-msaa: byte-exact=true different-pixels=0 max-channel-delta=0
adapter=Apple M5 Max
backend=rust-wgpu frame=4 size=352x322 output=target/renderer-corpus/riv-two_artboards-frame-4-clockwise-atomic.png
exact riv-two_artboards-frame-4-clockwise-atomic: byte-exact=false different-pixels=0 max-channel-delta=1
adapter=Apple M5 Max
backend=rust-wgpu frame=4 size=352x322 output=target/renderer-corpus/riv-two_artboards-frame-4-msaa.png
exact riv-two_artboards-frame-4-msaa: byte-exact=true different-pixels=0 max-channel-delta=0
adapter=Apple M5 Max
backend=rust-wgpu frame=0 size=500x500 output=target/renderer-corpus/riv-two_bone_ik-frame-0-clockwise-atomic.png
exact riv-two_bone_ik-frame-0-clockwise-atomic: byte-exact=false different-pixels=0 max-channel-delta=1
adapter=Apple M5 Max
backend=rust-wgpu frame=0 size=500x500 output=target/renderer-corpus/riv-two_bone_ik-frame-0-msaa.png
exact riv-two_bone_ik-frame-0-msaa: byte-exact=true different-pixels=0 max-channel-delta=0
adapter=Apple M5 Max
backend=rust-wgpu frame=0 size=500x500 output=target/renderer-corpus/riv-unbound_stateful_component-frame-0-clockwise-atomic.png
exact riv-unbound_stateful_component-frame-0-clockwise-atomic: byte-exact=true different-pixels=0 max-channel-delta=0
adapter=Apple M5 Max
backend=rust-wgpu frame=0 size=500x500 output=target/renderer-corpus/riv-unbound_stateful_component-frame-0-msaa.png
exact riv-unbound_stateful_component-frame-0-msaa: byte-exact=true different-pixels=0 max-channel-delta=0
adapter=Apple M5 Max
backend=rust-wgpu frame=0 size=500x500 output=target/renderer-corpus/riv-vertical_align_ellipsis-frame-0-clockwise-atomic.png
exact riv-vertical_align_ellipsis-frame-0-clockwise-atomic: byte-exact=true different-pixels=0 max-channel-delta=0
adapter=Apple M5 Max
backend=rust-wgpu frame=0 size=500x500 output=target/renderer-corpus/riv-vertical_align_ellipsis-frame-0-msaa.png
exact riv-vertical_align_ellipsis-frame-0-msaa: byte-exact=true different-pixels=0 max-channel-delta=0
adapter=Apple M5 Max
backend=rust-wgpu frame=0 size=500x500 output=target/renderer-corpus/riv-viewmodel_access-frame-0-clockwise-atomic.png
exact riv-viewmodel_access-frame-0-clockwise-atomic: byte-exact=true different-pixels=0 max-channel-delta=0
adapter=Apple M5 Max
backend=rust-wgpu frame=0 size=500x500 output=target/renderer-corpus/riv-viewmodel_access-frame-0-msaa.png
exact riv-viewmodel_access-frame-0-msaa: byte-exact=true different-pixels=0 max-channel-delta=0
adapter=Apple M5 Max
backend=rust-wgpu frame=0 size=1911x2369 output=target/renderer-corpus/riv-viewmodel_based_condition-frame-0-clockwise-atomic.png
exact riv-viewmodel_based_condition-frame-0-clockwise-atomic: byte-exact=false different-pixels=0 max-channel-delta=2
adapter=Apple M5 Max
backend=rust-wgpu frame=0 size=1911x2369 output=target/renderer-corpus/riv-viewmodel_based_condition-frame-0-msaa.png
exact riv-viewmodel_based_condition-frame-0-msaa: byte-exact=true different-pixels=0 max-channel-delta=0
adapter=Apple M5 Max
backend=rust-wgpu frame=0 size=500x500 output=target/renderer-corpus/riv-viewmodel_from_context-frame-0-clockwise-atomic.png
exact riv-viewmodel_from_context-frame-0-clockwise-atomic: byte-exact=false different-pixels=0 max-channel-delta=1
adapter=Apple M5 Max
backend=rust-wgpu frame=0 size=500x500 output=target/renderer-corpus/riv-viewmodel_from_context-frame-0-msaa.png
exact riv-viewmodel_from_context-frame-0-msaa: byte-exact=true different-pixels=0 max-channel-delta=0
adapter=Apple M5 Max
backend=rust-wgpu frame=0 size=500x500 output=target/renderer-corpus/riv-viewmodel_from_instance-frame-0-clockwise-atomic.png
exact riv-viewmodel_from_instance-frame-0-clockwise-atomic: byte-exact=true different-pixels=0 max-channel-delta=0
adapter=Apple M5 Max
backend=rust-wgpu frame=0 size=500x500 output=target/renderer-corpus/riv-viewmodel_from_instance-frame-0-msaa.png
exact riv-viewmodel_from_instance-frame-0-msaa: byte-exact=true different-pixels=0 max-channel-delta=0
adapter=Apple M5 Max
backend=rust-wgpu frame=1 size=500x500 output=target/renderer-corpus/riv-viewmodel_from_instance-frame-1-clockwise-atomic.png
exact riv-viewmodel_from_instance-frame-1-clockwise-atomic: byte-exact=true different-pixels=0 max-channel-delta=0
adapter=Apple M5 Max
backend=rust-wgpu frame=1 size=500x500 output=target/renderer-corpus/riv-viewmodel_from_instance-frame-1-msaa.png
exact riv-viewmodel_from_instance-frame-1-msaa: byte-exact=true different-pixels=0 max-channel-delta=0
adapter=Apple M5 Max
backend=rust-wgpu frame=0 size=500x500 output=target/renderer-corpus/riv-viewmodel_image_reset-frame-0-clockwise-atomic.png
exact riv-viewmodel_image_reset-frame-0-clockwise-atomic: byte-exact=false different-pixels=0 max-channel-delta=1
adapter=Apple M5 Max
backend=rust-wgpu frame=0 size=500x500 output=target/renderer-corpus/riv-viewmodel_image_reset-frame-0-msaa.png
exact riv-viewmodel_image_reset-frame-0-msaa: byte-exact=true different-pixels=0 max-channel-delta=0
adapter=Apple M5 Max
backend=rust-wgpu frame=0 size=500x500 output=target/renderer-corpus/riv-viewmodel_instance_to_artboard-frame-0-clockwise-atomic.png
exact riv-viewmodel_instance_to_artboard-frame-0-clockwise-atomic: byte-exact=false different-pixels=0 max-channel-delta=1
adapter=Apple M5 Max
backend=rust-wgpu frame=0 size=500x500 output=target/renderer-corpus/riv-viewmodel_instance_to_artboard-frame-0-msaa.png
exact riv-viewmodel_instance_to_artboard-frame-0-msaa: byte-exact=true different-pixels=0 max-channel-delta=0
adapter=Apple M5 Max
backend=rust-wgpu frame=0 size=500x500 output=target/renderer-corpus/riv-viewmodel_list_trigger-frame-0-clockwise-atomic.png
exact riv-viewmodel_list_trigger-frame-0-clockwise-atomic: byte-exact=false different-pixels=0 max-channel-delta=1
adapter=Apple M5 Max
backend=rust-wgpu frame=0 size=500x500 output=target/renderer-corpus/riv-viewmodel_list_trigger-frame-0-msaa.png
exact riv-viewmodel_list_trigger-frame-0-msaa: byte-exact=true different-pixels=0 max-channel-delta=0
adapter=Apple M5 Max
backend=rust-wgpu frame=0 size=500x500 output=target/renderer-corpus/riv-viewmodel_runtime_file-frame-0-clockwise-atomic.png
exact riv-viewmodel_runtime_file-frame-0-clockwise-atomic: byte-exact=false different-pixels=0 max-channel-delta=1
adapter=Apple M5 Max
backend=rust-wgpu frame=0 size=500x500 output=target/renderer-corpus/riv-viewmodel_runtime_file-frame-0-msaa.png
exact riv-viewmodel_runtime_file-frame-0-msaa: byte-exact=true different-pixels=0 max-channel-delta=0
adapter=Apple M5 Max
backend=rust-wgpu frame=1 size=500x500 output=target/renderer-corpus/riv-viewmodel_runtime_file-frame-1-clockwise-atomic.png
exact riv-viewmodel_runtime_file-frame-1-clockwise-atomic: byte-exact=false different-pixels=0 max-channel-delta=1
adapter=Apple M5 Max
backend=rust-wgpu frame=1 size=500x500 output=target/renderer-corpus/riv-viewmodel_runtime_file-frame-1-msaa.png
exact riv-viewmodel_runtime_file-frame-1-msaa: byte-exact=true different-pixels=0 max-channel-delta=0
adapter=Apple M5 Max
backend=rust-wgpu frame=2 size=500x500 output=target/renderer-corpus/riv-viewmodel_runtime_file-frame-2-clockwise-atomic.png
exact riv-viewmodel_runtime_file-frame-2-clockwise-atomic: byte-exact=false different-pixels=0 max-channel-delta=1
adapter=Apple M5 Max
backend=rust-wgpu frame=2 size=500x500 output=target/renderer-corpus/riv-viewmodel_runtime_file-frame-2-msaa.png
exact riv-viewmodel_runtime_file-frame-2-msaa: byte-exact=true different-pixels=0 max-channel-delta=0
adapter=Apple M5 Max
backend=rust-wgpu frame=3 size=500x500 output=target/renderer-corpus/riv-viewmodel_runtime_file-frame-3-clockwise-atomic.png
exact riv-viewmodel_runtime_file-frame-3-clockwise-atomic: byte-exact=false different-pixels=0 max-channel-delta=1
adapter=Apple M5 Max
backend=rust-wgpu frame=3 size=500x500 output=target/renderer-corpus/riv-viewmodel_runtime_file-frame-3-msaa.png
exact riv-viewmodel_runtime_file-frame-3-msaa: byte-exact=true different-pixels=0 max-channel-delta=0
adapter=Apple M5 Max
backend=rust-wgpu frame=4 size=500x500 output=target/renderer-corpus/riv-viewmodel_runtime_file-frame-4-clockwise-atomic.png
exact riv-viewmodel_runtime_file-frame-4-clockwise-atomic: byte-exact=false different-pixels=0 max-channel-delta=1
adapter=Apple M5 Max
backend=rust-wgpu frame=4 size=500x500 output=target/renderer-corpus/riv-viewmodel_runtime_file-frame-4-msaa.png
exact riv-viewmodel_runtime_file-frame-4-msaa: byte-exact=true different-pixels=0 max-channel-delta=0
adapter=Apple M5 Max
backend=rust-wgpu frame=0 size=500x500 output=target/renderer-corpus/riv-virtualize_blendmode-frame-0-clockwise-atomic.png
exact riv-virtualize_blendmode-frame-0-clockwise-atomic: byte-exact=false different-pixels=0 max-channel-delta=1
adapter=Apple M5 Max
backend=rust-wgpu frame=0 size=500x500 output=target/renderer-corpus/riv-virtualize_blendmode-frame-0-msaa.png
exact riv-virtualize_blendmode-frame-0-msaa: byte-exact=true different-pixels=0 max-channel-delta=0
adapter=Apple M5 Max
backend=rust-wgpu frame=0 size=500x250 output=target/renderer-corpus/riv-virtualized_artboard_databound_children-frame-0-clockwise-atomic.png
exact riv-virtualized_artboard_databound_children-frame-0-clockwise-atomic: byte-exact=false different-pixels=0 max-channel-delta=1
adapter=Apple M5 Max
backend=rust-wgpu frame=0 size=500x250 output=target/renderer-corpus/riv-virtualized_artboard_databound_children-frame-0-msaa.png
exact riv-virtualized_artboard_databound_children-frame-0-msaa: byte-exact=true different-pixels=0 max-channel-delta=0
adapter=Apple M5 Max
backend=rust-wgpu frame=0 size=1294x500 output=target/renderer-corpus/riv-walle-frame-0-clockwise-atomic.png
exact riv-walle-frame-0-clockwise-atomic: byte-exact=false different-pixels=4 max-channel-delta=3
adapter=Apple M5 Max
backend=rust-wgpu frame=0 size=1294x500 output=target/renderer-corpus/riv-walle-frame-0-msaa.png
exact riv-walle-frame-0-msaa: byte-exact=false different-pixels=0 max-channel-delta=1
adapter=Apple M5 Max
backend=rust-wgpu frame=0 size=500x500 output=target/renderer-corpus/riv-word_joiner_test-frame-0-clockwise-atomic.png
exact riv-word_joiner_test-frame-0-clockwise-atomic: byte-exact=false different-pixels=0 max-channel-delta=1
adapter=Apple M5 Max
backend=rust-wgpu frame=0 size=500x500 output=target/renderer-corpus/riv-word_joiner_test-frame-0-msaa.png
exact riv-word_joiner_test-frame-0-msaa: byte-exact=true different-pixels=0 max-channel-delta=0
adapter=Apple M5 Max
backend=rust-wgpu frame=0 size=500x500 output=target/renderer-corpus/riv-zero_width_space_line_break-frame-0-clockwise-atomic.png
exact riv-zero_width_space_line_break-frame-0-clockwise-atomic: byte-exact=false different-pixels=0 max-channel-delta=1
adapter=Apple M5 Max
backend=rust-wgpu frame=0 size=500x500 output=target/renderer-corpus/riv-zero_width_space_line_break-frame-0-msaa.png
exact riv-zero_width_space_line_break-frame-0-msaa: byte-exact=true different-pixels=0 max-channel-delta=0
adapter=Apple M5 Max
backend=rust-wgpu frame=0 size=400x435 output=target/renderer-corpus/riv-zombie_skins-frame-0-clockwise-atomic.png
exact riv-zombie_skins-frame-0-clockwise-atomic: byte-exact=false different-pixels=3 max-channel-delta=3
adapter=Apple M5 Max
backend=rust-wgpu frame=0 size=400x435 output=target/renderer-corpus/riv-zombie_skins-frame-0-msaa.png
exact riv-zombie_skins-frame-0-msaa: byte-exact=false different-pixels=0 max-channel-delta=1
renderer-corpus exact=1468 byte-exact=837 diverges=0 gated=0 total=1468
