campaign	source_path	line	event_class	matched_token	source_evidence	ownership_unit	review_status
vulkan	renderer/include/rive/renderer/ore/ore_context_vulkan.hpp	24	destruction-or-release	~DescriptorPoolGeneration(	~DescriptorPoolGeneration();	vulkan:ore:context	review-required
vulkan	renderer/include/rive/renderer/ore/ore_context_vulkan.hpp	86	construction-or-allocation	Make	static std::unique_ptr<ContextVulkan> Make(	vulkan:ore:context	review-required
vulkan	renderer/include/rive/renderer/ore/ore_context_vulkan.hpp	89	destruction-or-release	~ContextVulkan(	~ContextVulkan() override;	vulkan:ore:context	review-required
vulkan	renderer/include/rive/renderer/ore/ore_context_vulkan.hpp	108	synchronization-or-submission	waitForGPU	void waitForGPU() override;	vulkan:ore:context	review-required
vulkan	renderer/include/rive/renderer/ore/ore_context_vulkan.hpp	123	destruction-or-release	delete	ContextVulkan(const ContextVulkan&) = delete;	vulkan:ore:context	review-required
vulkan	renderer/include/rive/renderer/ore/ore_context_vulkan.hpp	124	destruction-or-release	delete	ContextVulkan& operator=(const ContextVulkan&) = delete;	vulkan:ore:context	review-required
vulkan	renderer/include/rive/renderer/ore/ore_context_vulkan.hpp	195	construction-or-allocation	newLayout	VkImageLayout newLayout;	vulkan:ore:context	review-required
vulkan	renderer/include/rive/renderer/ore/ore_context_vulkan.hpp	206	construction-or-allocation	newLayout	VkImageLayout newLayout);	vulkan:ore:context	review-required
vulkan	renderer/include/rive/renderer/vulkan/render_context_vulkan_impl.hpp	40	construction-or-allocation	MakeContext	static std::unique_ptr<RenderContext> MakeContext(VkInstance,	vulkan:renderer:render_context_vulkan_impl	review-required
vulkan	renderer/include/rive/renderer/vulkan/render_context_vulkan_impl.hpp	47	construction-or-allocation	MakeContext	static std::unique_ptr<RenderContext> MakeContext(	vulkan:renderer:render_context_vulkan_impl	review-required
vulkan	renderer/include/rive/renderer/vulkan/render_context_vulkan_impl.hpp	54	construction-or-allocation	MakeContext	return MakeContext(instance,	vulkan:renderer:render_context_vulkan_impl	review-required
vulkan	renderer/include/rive/renderer/vulkan/render_context_vulkan_impl.hpp	62	destruction-or-release	~RenderContextVulkanImpl(	~RenderContextVulkanImpl();	vulkan:renderer:render_context_vulkan_impl	review-required
vulkan	renderer/include/rive/renderer/vulkan/render_context_vulkan_impl.hpp	118	synchronization-or-submission	waitForAsyncPipelineCreation	void waitForAsyncPipelineCreation();	vulkan:renderer:render_context_vulkan_impl	review-required
vulkan	renderer/include/rive/renderer/vulkan/render_context_vulkan_impl.hpp	140	failure-or-loss	assert	assert(m_buffer == nullptr); \	vulkan:renderer:render_context_vulkan_impl	review-required
vulkan	renderer/include/rive/renderer/vulkan/render_context_vulkan_impl.hpp	143	mapping-or-host-visibility	map	void* map##Name(size_t mapSizeInBytes) override \	vulkan:renderer:render_context_vulkan_impl	review-required
vulkan	renderer/include/rive/renderer/vulkan/render_context_vulkan_impl.hpp	143	mapping-or-host-visibility	mapSizeInBytes	void* map##Name(size_t mapSizeInBytes) override \	vulkan:renderer:render_context_vulkan_impl	review-required
vulkan	renderer/include/rive/renderer/vulkan/render_context_vulkan_impl.hpp	145	failure-or-loss	assert	assert(m_buffer != nullptr); \	vulkan:renderer:render_context_vulkan_impl	review-required
vulkan	renderer/include/rive/renderer/vulkan/render_context_vulkan_impl.hpp	148	mapping-or-host-visibility	mapSizeInBytes	void unmap##Name(size_t mapSizeInBytes) override \	vulkan:renderer:render_context_vulkan_impl	review-required
vulkan	renderer/include/rive/renderer/vulkan/render_context_vulkan_impl.hpp	148	mapping-or-host-visibility	unmap	void unmap##Name(size_t mapSizeInBytes) override \	vulkan:renderer:render_context_vulkan_impl	review-required
vulkan	renderer/include/rive/renderer/vulkan/render_context_vulkan_impl.hpp	150	failure-or-loss	assert	assert(m_buffer != nullptr); \	vulkan:renderer:render_context_vulkan_impl	review-required
vulkan	renderer/include/rive/renderer/vulkan/render_context_vulkan_impl.hpp	151	mapping-or-host-visibility	mapSizeInBytes	m_buffer->flushContents(mapSizeInBytes); \	vulkan:renderer:render_context_vulkan_impl	review-required
vulkan	renderer/include/rive/renderer/vulkan/render_context_vulkan_impl.hpp	151	synchronization-or-submission	flushContents	m_buffer->flushContents(mapSizeInBytes); \	vulkan:renderer:render_context_vulkan_impl	review-required
vulkan	renderer/include/rive/renderer/vulkan/render_context_vulkan_impl.hpp	158	failure-or-loss	assert	assert(m_buffer == nullptr); \	vulkan:renderer:render_context_vulkan_impl	review-required
vulkan	renderer/include/rive/renderer/vulkan/render_context_vulkan_impl.hpp	161	mapping-or-host-visibility	map	void* map##Name(size_t mapSizeInBytes) override \	vulkan:renderer:render_context_vulkan_impl	review-required
vulkan	renderer/include/rive/renderer/vulkan/render_context_vulkan_impl.hpp	161	mapping-or-host-visibility	mapSizeInBytes	void* map##Name(size_t mapSizeInBytes) override \	vulkan:renderer:render_context_vulkan_impl	review-required
vulkan	renderer/include/rive/renderer/vulkan/render_context_vulkan_impl.hpp	163	failure-or-loss	assert	assert(m_buffer != nullptr); \	vulkan:renderer:render_context_vulkan_impl	review-required
vulkan	renderer/include/rive/renderer/vulkan/render_context_vulkan_impl.hpp	166	mapping-or-host-visibility	mapSizeInBytes	void unmap##Name(size_t mapSizeInBytes) override \	vulkan:renderer:render_context_vulkan_impl	review-required
vulkan	renderer/include/rive/renderer/vulkan/render_context_vulkan_impl.hpp	166	mapping-or-host-visibility	unmap	void unmap##Name(size_t mapSizeInBytes) override \	vulkan:renderer:render_context_vulkan_impl	review-required
vulkan	renderer/include/rive/renderer/vulkan/render_context_vulkan_impl.hpp	168	failure-or-loss	assert	assert(m_buffer != nullptr); \	vulkan:renderer:render_context_vulkan_impl	review-required
vulkan	renderer/include/rive/renderer/vulkan/render_context_vulkan_impl.hpp	169	mapping-or-host-visibility	mapSizeInBytes	m_buffer->flushContents(mapSizeInBytes); \	vulkan:renderer:render_context_vulkan_impl	review-required
vulkan	renderer/include/rive/renderer/vulkan/render_context_vulkan_impl.hpp	169	synchronization-or-submission	flushContents	m_buffer->flushContents(mapSizeInBytes); \	vulkan:renderer:render_context_vulkan_impl	review-required
vulkan	renderer/include/rive/renderer/vulkan/render_context_vulkan_impl.hpp	172	synchronization-or-submission	FlushUniformBuffer	IMPLEMENT_PLS_BUFFER(FlushUniformBuffer, m_flushUniformBuffer)	vulkan:renderer:render_context_vulkan_impl	review-required
vulkan	renderer/include/rive/renderer/vulkan/render_context_vulkan_impl.hpp	236	destruction-or-release	~DescriptorSetPool(	~DescriptorSetPool();	vulkan:renderer:render_context_vulkan_impl	review-required
vulkan	renderer/include/rive/renderer/vulkan/render_context_vulkan_impl.hpp	238	construction-or-allocation	allocateDescriptorSet	VkDescriptorSet allocateDescriptorSet(VkDescriptorSetLayout);	vulkan:renderer:render_context_vulkan_impl	review-required
vulkan	renderer/include/rive/renderer/vulkan/render_context_vulkan_impl.hpp	239	destruction-or-release	reset	void reset();	vulkan:renderer:render_context_vulkan_impl	review-required
vulkan	renderer/include/rive/renderer/vulkan/render_context_vulkan_impl.hpp	254	construction-or-allocation	acquire	rcp<DescriptorSetPool> acquire();	vulkan:renderer:render_context_vulkan_impl	review-required
vulkan	renderer/include/rive/renderer/vulkan/render_context_vulkan_impl.hpp	263	destruction-or-release	~DescriptorSetAllocator(	~DescriptorSetAllocator();	vulkan:renderer:render_context_vulkan_impl	review-required
vulkan	renderer/include/rive/renderer/vulkan/render_context_vulkan_impl.hpp	270	construction-or-allocation	allocatePerDrawDescriptorSet	VkDescriptorSet allocatePerDrawDescriptorSet();	vulkan:renderer:render_context_vulkan_impl	review-required
vulkan	renderer/include/rive/renderer/vulkan/render_context_vulkan_impl.hpp	271	construction-or-allocation	allocateDescriptorSet	VkDescriptorSet allocateDescriptorSet(VkDescriptorSetLayout);	vulkan:renderer:render_context_vulkan_impl	review-required
vulkan	renderer/include/rive/renderer/vulkan/render_context_vulkan_impl.hpp	291	synchronization-or-submission	FlushDescriptor	const FlushDescriptor&,	vulkan:renderer:render_context_vulkan_impl	review-required
vulkan	renderer/include/rive/renderer/vulkan/render_context_vulkan_impl.hpp	333	synchronization-or-submission	FlushDescriptor	const FlushDescriptor& m_desc;	vulkan:renderer:render_context_vulkan_impl	review-required
vulkan	renderer/include/rive/renderer/vulkan/render_context_vulkan_impl.hpp	346	synchronization-or-submission	FlushDescriptor	void flush(const FlushDescriptor&) override;	vulkan:renderer:render_context_vulkan_impl	review-required
vulkan	renderer/include/rive/renderer/vulkan/render_context_vulkan_impl.hpp	346	synchronization-or-submission	flush	void flush(const FlushDescriptor&) override;	vulkan:renderer:render_context_vulkan_impl	review-required
vulkan	renderer/include/rive/renderer/vulkan/render_context_vulkan_impl.hpp	348	synchronization-or-submission	FlushDescriptor	void submitDrawList(const FlushDescriptor&,	vulkan:renderer:render_context_vulkan_impl	review-required
vulkan	renderer/include/rive/renderer/vulkan/render_context_vulkan_impl.hpp	348	synchronization-or-submission	submitDrawList	void submitDrawList(const FlushDescriptor&,	vulkan:renderer:render_context_vulkan_impl	review-required
vulkan	renderer/include/rive/renderer/vulkan/render_context_vulkan_impl.hpp	353	synchronization-or-submission	FlushResources	void postFlush(const RenderContext::FlushResources&) override;	vulkan:renderer:render_context_vulkan_impl	review-required
vulkan	renderer/include/rive/renderer/vulkan/vkutil.hpp	44	failure-or-loss	error	"Vulkan error %s (%i) at line: %i in file: %s\n",	vulkan:renderer:vkutil	review-required
vulkan	renderer/include/rive/renderer/vulkan/vkutil.hpp	122	mapping-or-host-visibility	Mappability	enum class Mappability	vulkan:renderer:vkutil	review-required
vulkan	renderer/include/rive/renderer/vulkan/vkutil.hpp	134	destruction-or-release	~Resource(	virtual ~Resource() {}	vulkan:renderer:vkutil	review-required
vulkan	renderer/include/rive/renderer/vulkan/vkutil.hpp	145	destruction-or-release	~Buffer(	~Buffer() override;	vulkan:renderer:vkutil	review-required
vulkan	renderer/include/rive/renderer/vulkan/vkutil.hpp	158	failure-or-loss	assert	assert(m_contents != nullptr);	vulkan:renderer:vkutil	review-required
vulkan	renderer/include/rive/renderer/vulkan/vkutil.hpp	165	synchronization-or-submission	flushContents	void flushContents(VkDeviceSize sizeInBytes = VK_WHOLE_SIZE);	vulkan:renderer:vkutil	review-required
vulkan	renderer/include/rive/renderer/vulkan/vkutil.hpp	175	mapping-or-host-visibility	Mappability	Buffer(rcp<VulkanContext>, const VkBufferCreateInfo&, Mappability);	vulkan:renderer:vkutil	review-required
vulkan	renderer/include/rive/renderer/vulkan/vkutil.hpp	179	mapping-or-host-visibility	Mappability	const Mappability m_mappability;	vulkan:renderer:vkutil	review-required
vulkan	renderer/include/rive/renderer/vulkan/vkutil.hpp	192	destruction-or-release	delete	BufferPool(const BufferPool&) = delete;	vulkan:renderer:vkutil	review-required
vulkan	renderer/include/rive/renderer/vulkan/vkutil.hpp	193	destruction-or-release	delete	BufferPool& operator=(const BufferPool&) = delete;	vulkan:renderer:vkutil	review-required
vulkan	renderer/include/rive/renderer/vulkan/vkutil.hpp	200	construction-or-allocation	acquire	rcp<vkutil::Buffer> acquire();	vulkan:renderer:vkutil	review-required
vulkan	renderer/include/rive/renderer/vulkan/vkutil.hpp	218	destruction-or-release	~Image(	~Image() override;	vulkan:renderer:vkutil	review-required
vulkan	renderer/include/rive/renderer/vulkan/vkutil.hpp	244	destruction-or-release	~ImageView(	~ImageView() override;	vulkan:renderer:vkutil	review-required
vulkan	renderer/include/rive/renderer/vulkan/vkutil.hpp	316	synchronization-or-submission	barrier	void barrier(VkCommandBuffer,	vulkan:renderer:vkutil	review-required
vulkan	renderer/include/rive/renderer/vulkan/vkutil.hpp	345	synchronization-or-submission	barrier	barrier(commandBuffer, READ_ACCESS);	vulkan:renderer:vkutil	review-required
vulkan	renderer/include/rive/renderer/vulkan/vkutil.hpp	362	synchronization-or-submission	barrier	barrier(commandBuffer, READ_ACCESS);	vulkan:renderer:vkutil	review-required
vulkan	renderer/include/rive/renderer/vulkan/vkutil.hpp	420	destruction-or-release	~Framebuffer(	~Framebuffer() override;	vulkan:renderer:vkutil	review-required
vulkan	renderer/include/rive/renderer/vulkan/vulkan_context.hpp	62	destruction-or-release	~VulkanContext(	~VulkanContext();	vulkan:renderer:vulkan_context	review-required
vulkan	renderer/include/rive/renderer/vulkan/vulkan_context.hpp	77	construction-or-allocation	AllocateCommandBuffers	F(AllocateCommandBuffers) \	vulkan:renderer:vulkan_context	review-required
vulkan	renderer/include/rive/renderer/vulkan/vulkan_context.hpp	78	construction-or-allocation	AllocateDescriptorSets	F(AllocateDescriptorSets) \	vulkan:renderer:vulkan_context	review-required
vulkan	renderer/include/rive/renderer/vulkan/vulkan_context.hpp	104	construction-or-allocation	CreateCommandPool	F(CreateCommandPool) \	vulkan:renderer:vulkan_context	review-required
vulkan	renderer/include/rive/renderer/vulkan/vulkan_context.hpp	105	construction-or-allocation	CreateDescriptorPool	F(CreateDescriptorPool) \	vulkan:renderer:vulkan_context	review-required
vulkan	renderer/include/rive/renderer/vulkan/vulkan_context.hpp	106	construction-or-allocation	CreateDescriptorSetLayout	F(CreateDescriptorSetLayout) \	vulkan:renderer:vulkan_context	review-required
vulkan	renderer/include/rive/renderer/vulkan/vulkan_context.hpp	107	construction-or-allocation	CreateFramebuffer	F(CreateFramebuffer) \	vulkan:renderer:vulkan_context	review-required
vulkan	renderer/include/rive/renderer/vulkan/vulkan_context.hpp	108	construction-or-allocation	CreateFence	F(CreateFence) \	vulkan:renderer:vulkan_context	review-required
vulkan	renderer/include/rive/renderer/vulkan/vulkan_context.hpp	109	construction-or-allocation	CreateGraphicsPipelines	F(CreateGraphicsPipelines) \	vulkan:renderer:vulkan_context	review-required
vulkan	renderer/include/rive/renderer/vulkan/vulkan_context.hpp	110	construction-or-allocation	CreateImageView	F(CreateImageView) \	vulkan:renderer:vulkan_context	review-required
vulkan	renderer/include/rive/renderer/vulkan/vulkan_context.hpp	111	construction-or-allocation	CreatePipelineLayout	F(CreatePipelineLayout) \	vulkan:renderer:vulkan_context	review-required
vulkan	renderer/include/rive/renderer/vulkan/vulkan_context.hpp	112	construction-or-allocation	CreateRenderPass	F(CreateRenderPass) \	vulkan:renderer:vulkan_context	review-required
vulkan	renderer/include/rive/renderer/vulkan/vulkan_context.hpp	113	construction-or-allocation	CreateSampler	F(CreateSampler) \	vulkan:renderer:vulkan_context	review-required
vulkan	renderer/include/rive/renderer/vulkan/vulkan_context.hpp	114	construction-or-allocation	CreateShaderModule	F(CreateShaderModule) \	vulkan:renderer:vulkan_context	review-required
vulkan	renderer/include/rive/renderer/vulkan/vulkan_context.hpp	115	destruction-or-release	DestroyCommandPool	F(DestroyCommandPool) \	vulkan:renderer:vulkan_context	review-required
vulkan	renderer/include/rive/renderer/vulkan/vulkan_context.hpp	116	destruction-or-release	DestroyDescriptorPool	F(DestroyDescriptorPool) \	vulkan:renderer:vulkan_context	review-required
vulkan	renderer/include/rive/renderer/vulkan/vulkan_context.hpp	117	destruction-or-release	DestroyDescriptorSetLayout	F(DestroyDescriptorSetLayout) \	vulkan:renderer:vulkan_context	review-required
vulkan	renderer/include/rive/renderer/vulkan/vulkan_context.hpp	118	destruction-or-release	DestroyFence	F(DestroyFence) \	vulkan:renderer:vulkan_context	review-required
vulkan	renderer/include/rive/renderer/vulkan/vulkan_context.hpp	119	destruction-or-release	DestroyFramebuffer	F(DestroyFramebuffer) \	vulkan:renderer:vulkan_context	review-required
vulkan	renderer/include/rive/renderer/vulkan/vulkan_context.hpp	120	destruction-or-release	DestroyImageView	F(DestroyImageView) \	vulkan:renderer:vulkan_context	review-required
vulkan	renderer/include/rive/renderer/vulkan/vulkan_context.hpp	121	destruction-or-release	DestroyPipeline	F(DestroyPipeline) \	vulkan:renderer:vulkan_context	review-required
vulkan	renderer/include/rive/renderer/vulkan/vulkan_context.hpp	122	destruction-or-release	DestroyPipelineLayout	F(DestroyPipelineLayout) \	vulkan:renderer:vulkan_context	review-required
vulkan	renderer/include/rive/renderer/vulkan/vulkan_context.hpp	123	destruction-or-release	DestroyRenderPass	F(DestroyRenderPass) \	vulkan:renderer:vulkan_context	review-required
vulkan	renderer/include/rive/renderer/vulkan/vulkan_context.hpp	124	destruction-or-release	DestroySampler	F(DestroySampler) \	vulkan:renderer:vulkan_context	review-required
vulkan	renderer/include/rive/renderer/vulkan/vulkan_context.hpp	125	destruction-or-release	DestroyShaderModule	F(DestroyShaderModule) \	vulkan:renderer:vulkan_context	review-required
vulkan	renderer/include/rive/renderer/vulkan/vulkan_context.hpp	127	destruction-or-release	FreeCommandBuffers	F(FreeCommandBuffers) \	vulkan:renderer:vulkan_context	review-required
vulkan	renderer/include/rive/renderer/vulkan/vulkan_context.hpp	128	destruction-or-release	FreeDescriptorSets	F(FreeDescriptorSets) \	vulkan:renderer:vulkan_context	review-required
vulkan	renderer/include/rive/renderer/vulkan/vulkan_context.hpp	131	destruction-or-release	ResetCommandBuffer	F(ResetCommandBuffer) \	vulkan:renderer:vulkan_context	review-required
vulkan	renderer/include/rive/renderer/vulkan/vulkan_context.hpp	132	destruction-or-release	ResetDescriptorPool	F(ResetDescriptorPool) \	vulkan:renderer:vulkan_context	review-required
vulkan	renderer/include/rive/renderer/vulkan/vulkan_context.hpp	133	destruction-or-release	ResetFences	F(ResetFences) \	vulkan:renderer:vulkan_context	review-required
vulkan	renderer/include/rive/renderer/vulkan/vulkan_context.hpp	135	synchronization-or-submission	WaitForFences	F(WaitForFences)	vulkan:renderer:vulkan_context	review-required
vulkan	renderer/include/rive/renderer/vulkan/vulkan_context.hpp	154	mapping-or-host-visibility	Mappability	vkutil::Mappability);	vulkan:renderer:vulkan_context	review-required
vulkan	renderer/src/ore/vulkan/ore_bind_group_layout_vulkan.hpp	16	destruction-or-release	~BindGroupLayoutVulkan(	~BindGroupLayoutVulkan() override;	vulkan:ore:bind_group_layout	review-required
vulkan	renderer/src/ore/vulkan/ore_bind_group_vulkan.cpp	14	destruction-or-release	~BindGroupVulkan(	BindGroupVulkan::~BindGroupVulkan() = default;	vulkan:ore:bind_group	review-required
vulkan	renderer/src/ore/vulkan/ore_bind_group_vulkan.cpp	49	failure-or-loss	assert	assert(m_uboWrites.size() + m_imageWrites.size() <= kMaxWrites);	vulkan:ore:bind_group	review-required
vulkan	renderer/src/ore/vulkan/ore_bind_group_vulkan.hpp	16	destruction-or-release	~BindGroupVulkan(	~BindGroupVulkan() override;	vulkan:ore:bind_group	review-required
vulkan	renderer/src/ore/vulkan/ore_buffer_vulkan.cpp	15	destruction-or-release	~BufferVulkan(	BufferVulkan::~BufferVulkan()	vulkan:ore:buffer	review-required
vulkan	renderer/src/ore/vulkan/ore_buffer_vulkan.cpp	31	construction-or-allocation	allocateBacking	BufferVulkan::Backing BufferVulkan::allocateBacking()	vulkan:ore:buffer	review-required
vulkan	renderer/src/ore/vulkan/ore_buffer_vulkan.cpp	52	mapping-or-host-visibility	mappedPtr	b.mappedPtr = allocInfo.pMappedData;	vulkan:ore:buffer	review-required
vulkan	renderer/src/ore/vulkan/ore_buffer_vulkan.cpp	63	construction-or-allocation	acquireFreshBacking	bool BufferVulkan::acquireFreshBacking(uint32_t writeOffset, uint32_t writeSize)	vulkan:ore:buffer	review-required
vulkan	renderer/src/ore/vulkan/ore_buffer_vulkan.cpp	67	mapping-or-host-visibility	mappedPtr	void* oldMapped = m_pool[m_currentIndex].mappedPtr;	vulkan:ore:buffer	review-required
vulkan	renderer/src/ore/vulkan/ore_buffer_vulkan.cpp	86	construction-or-allocation	allocateBacking	Backing nb = allocateBacking();	vulkan:ore:buffer	review-required
vulkan	renderer/src/ore/vulkan/ore_buffer_vulkan.cpp	97	mapping-or-host-visibility	mappedPtr	memcpy(b.mappedPtr, oldMapped, m_size);	vulkan:ore:buffer	review-required
vulkan	renderer/src/ore/vulkan/ore_buffer_vulkan.cpp	102	mapping-or-host-visibility	mappedPtr	m_vkMappedPtr = b.mappedPtr;	vulkan:ore:buffer	review-required
vulkan	renderer/src/ore/vulkan/ore_buffer_vulkan.cpp	108	failure-or-loss	assert	assert(offset + size <= m_size);	vulkan:ore:buffer	review-required
vulkan	renderer/src/ore/vulkan/ore_buffer_vulkan.cpp	112	construction-or-allocation	acquireFreshBacking	if (acquireFreshBacking(offset, size))	vulkan:ore:buffer	review-required
vulkan	renderer/src/ore/vulkan/ore_buffer_vulkan.cpp	115	failure-or-loss	assert	assert(m_vkMappedPtr != nullptr);	vulkan:ore:buffer	review-required
vulkan	renderer/src/ore/vulkan/ore_buffer_vulkan.hpp	23	destruction-or-release	~BufferVulkan(	~BufferVulkan() override;	vulkan:ore:buffer	review-required
vulkan	renderer/src/ore/vulkan/ore_buffer_vulkan.hpp	46	mapping-or-host-visibility	mappedPtr	void* mappedPtr = nullptr;	vulkan:ore:buffer	review-required
vulkan	renderer/src/ore/vulkan/ore_buffer_vulkan.hpp	55	construction-or-allocation	acquireFreshBacking	bool acquireFreshBacking(uint32_t writeOffset, uint32_t writeSize);	vulkan:ore:buffer	review-required
vulkan	renderer/src/ore/vulkan/ore_buffer_vulkan.hpp	56	construction-or-allocation	allocateBacking	Backing allocateBacking();	vulkan:ore:buffer	review-required
vulkan	renderer/src/ore/vulkan/ore_context_vulkan.cpp	17	construction-or-allocation	createDSLFromLayoutDesc	#include "ore_vulkan_dsl.hpp" // for createDSLFromLayoutDesc	vulkan:ore:context	review-required
vulkan	renderer/src/ore/vulkan/ore_context_vulkan.cpp	55	construction-or-allocation	CreateDescriptorPool	if (m_vk->CreateDescriptorPool(m_vk->device, &ci, nullptr, &m_vkPool) !=	vulkan:ore:context	review-required
vulkan	renderer/src/ore/vulkan/ore_context_vulkan.cpp	62	destruction-or-release	~DescriptorPoolGeneration(	DescriptorPoolGeneration::~DescriptorPoolGeneration()	vulkan:ore:context	review-required
vulkan	renderer/src/ore/vulkan/ore_context_vulkan.cpp	65	destruction-or-release	DestroyDescriptorPool	m_vk->DestroyDescriptorPool(m_vk->device, m_vkPool, nullptr);	vulkan:ore:context	review-required
vulkan	renderer/src/ore/vulkan/ore_context_vulkan.cpp	78	construction-or-allocation	AllocateDescriptorSets	if (m_vk->AllocateDescriptorSets(m_vk->device, &allocInfo, &set) !=	vulkan:ore:context	review-required
vulkan	renderer/src/ore/vulkan/ore_context_vulkan.cpp	225	destruction-or-release	~ContextVulkan(	ContextVulkan::~ContextVulkan()	vulkan:ore:context	review-required
vulkan	renderer/src/ore/vulkan/ore_context_vulkan.cpp	236	destruction-or-release	DestroyFence	m_vk->DestroyFence(m_vk->device, m_vkFrameFence, nullptr);	vulkan:ore:context	review-required
vulkan	renderer/src/ore/vulkan/ore_context_vulkan.cpp	240	destruction-or-release	DestroyRenderPass	m_vk->DestroyRenderPass(m_vk->device, rp, nullptr);	vulkan:ore:context	review-required
vulkan	renderer/src/ore/vulkan/ore_context_vulkan.cpp	244	destruction-or-release	DestroyDescriptorPool	m_vk->DestroyDescriptorPool(m_vk->device, m_vkDescriptorPool, nullptr);	vulkan:ore:context	review-required
vulkan	renderer/src/ore/vulkan/ore_context_vulkan.cpp	250	destruction-or-release	DestroyDescriptorSetLayout	m_vk->DestroyDescriptorSetLayout(m_vk->device, m_vkEmptyDSL, nullptr);	vulkan:ore:context	review-required
vulkan	renderer/src/ore/vulkan/ore_context_vulkan.cpp	253	destruction-or-release	DestroyCommandPool	m_vk->DestroyCommandPool(m_vk->device, m_vkCommandPool, nullptr);	vulkan:ore:context	review-required
vulkan	renderer/src/ore/vulkan/ore_context_vulkan.cpp	260	construction-or-allocation	Make	std::unique_ptr<ContextVulkan> ContextVulkan::Make(	vulkan:ore:context	review-required
vulkan	renderer/src/ore/vulkan/ore_context_vulkan.cpp	263	construction-or-allocation	new	auto ctx = std::unique_ptr<ContextVulkan>(new ContextVulkan(vk));	vulkan:ore:context	review-required
vulkan	renderer/src/ore/vulkan/ore_context_vulkan.cpp	289	construction-or-allocation	CreateCommandPool	ctx->m_vk->CreateCommandPool(ctx->m_vk->device,	vulkan:ore:context	review-required
vulkan	renderer/src/ore/vulkan/ore_context_vulkan.cpp	300	construction-or-allocation	AllocateCommandBuffers	ctx->m_vk->AllocateCommandBuffers(ctx->m_vk->device,	vulkan:ore:context	review-required
vulkan	renderer/src/ore/vulkan/ore_context_vulkan.cpp	313	destruction-or-release	reset	dpCI.flags = 0; // No FREE_DESCRIPTOR_SET — we reset the whole pool.	vulkan:ore:context	review-required
vulkan	renderer/src/ore/vulkan/ore_context_vulkan.cpp	317	construction-or-allocation	CreateDescriptorPool	ctx->m_vk->CreateDescriptorPool(ctx->m_vk->device,	vulkan:ore:context	review-required
vulkan	renderer/src/ore/vulkan/ore_context_vulkan.cpp	326	synchronization-or-submission	fenceCI	VkFenceCreateInfo fenceCI{};	vulkan:ore:context	review-required
vulkan	renderer/src/ore/vulkan/ore_context_vulkan.cpp	327	synchronization-or-submission	fenceCI	fenceCI.sType = VK_STRUCTURE_TYPE_FENCE_CREATE_INFO;	vulkan:ore:context	review-required
vulkan	renderer/src/ore/vulkan/ore_context_vulkan.cpp	328	synchronization-or-submission	fenceCI	fenceCI.flags = VK_FENCE_CREATE_SIGNALED_BIT;	vulkan:ore:context	review-required
vulkan	renderer/src/ore/vulkan/ore_context_vulkan.cpp	329	construction-or-allocation	CreateFence	ctx->m_vk->CreateFence(ctx->m_vk->device,	vulkan:ore:context	review-required
vulkan	renderer/src/ore/vulkan/ore_context_vulkan.cpp	330	synchronization-or-submission	fenceCI	&fenceCI,	vulkan:ore:context	review-required
vulkan	renderer/src/ore/vulkan/ore_context_vulkan.cpp	385	construction-or-allocation	CreateDescriptorSetLayout	m_vk->CreateDescriptorSetLayout(m_vk->device, &ci, nullptr, &m_vkEmptyDSL);	vulkan:ore:context	review-required
vulkan	renderer/src/ore/vulkan/ore_context_vulkan.cpp	391	construction-or-allocation	newLayout	VkImageLayout newLayout)	vulkan:ore:context	review-required
vulkan	renderer/src/ore/vulkan/ore_context_vulkan.cpp	398	construction-or-allocation	newLayout	if (vkTex->m_vkLayout == newLayout)	vulkan:ore:context	review-required
vulkan	renderer/src/ore/vulkan/ore_context_vulkan.cpp	406	construction-or-allocation	newLayout	existing.newLayout = newLayout;	vulkan:ore:context	review-required
vulkan	renderer/src/ore/vulkan/ore_context_vulkan.cpp	414	construction-or-allocation	newLayout	newLayout,	vulkan:ore:context	review-required
vulkan	renderer/src/ore/vulkan/ore_context_vulkan.cpp	468	synchronization-or-submission	barriers	std::vector<VkImageMemoryBarrier> barriers;	vulkan:ore:context	review-required
vulkan	renderer/src/ore/vulkan/ore_context_vulkan.cpp	469	synchronization-or-submission	barriers	barriers.reserve(m_vkPendingInitialTransitions.size());	vulkan:ore:context	review-required
vulkan	renderer/src/ore/vulkan/ore_context_vulkan.cpp	479	construction-or-allocation	newLayout	if (vkTex->m_vkLayout == pt.newLayout)	vulkan:ore:context	review-required
vulkan	renderer/src/ore/vulkan/ore_context_vulkan.cpp	487	construction-or-allocation	newLayout	pipelineStageAndAccessForLayout(pt.newLayout, &dstStage, &dstAccess);	vulkan:ore:context	review-required
vulkan	renderer/src/ore/vulkan/ore_context_vulkan.cpp	496	construction-or-allocation	newLayout	b.newLayout = pt.newLayout;	vulkan:ore:context	review-required
vulkan	renderer/src/ore/vulkan/ore_context_vulkan.cpp	505	synchronization-or-submission	barriers	barriers.push_back(b);	vulkan:ore:context	review-required
vulkan	renderer/src/ore/vulkan/ore_context_vulkan.cpp	506	construction-or-allocation	newLayout	vkTex->m_vkLayout = pt.newLayout;	vulkan:ore:context	review-required
vulkan	renderer/src/ore/vulkan/ore_context_vulkan.cpp	508	synchronization-or-submission	barriers	if (!barriers.empty())	vulkan:ore:context	review-required
vulkan	renderer/src/ore/vulkan/ore_context_vulkan.cpp	518	synchronization-or-submission	barriers	static_cast<uint32_t>(barriers.size()),	vulkan:ore:context	review-required
vulkan	renderer/src/ore/vulkan/ore_context_vulkan.cpp	519	synchronization-or-submission	barriers	barriers.data());	vulkan:ore:context	review-required
vulkan	renderer/src/ore/vulkan/ore_context_vulkan.cpp	537	failure-or-loss	assert	assert(m_vkCmdBufRecording && m_vkCommandBuffer != VK_NULL_HANDLE);	vulkan:ore:context	review-required
vulkan	renderer/src/ore/vulkan/ore_context_vulkan.cpp	603	construction-or-allocation	newLayout	b.newLayout = VK_IMAGE_LAYOUT_TRANSFER_DST_OPTIMAL;	vulkan:ore:context	review-required
vulkan	renderer/src/ore/vulkan/ore_context_vulkan.cpp	650	construction-or-allocation	newLayout	b.newLayout = VK_IMAGE_LAYOUT_SHADER_READ_ONLY_OPTIMAL;	vulkan:ore:context	review-required
vulkan	renderer/src/ore/vulkan/ore_context_vulkan.cpp	672	failure-or-loss	assert	assert(desc.externalCommandBuffer != VK_NULL_HANDLE);	vulkan:ore:context	review-required
vulkan	renderer/src/ore/vulkan/ore_context_vulkan.cpp	677	destruction-or-release	ResetDescriptorPool	m_vk->ResetDescriptorPool(m_vk->device, m_vkDescriptorPool, 0);	vulkan:ore:context	review-required
vulkan	renderer/src/ore/vulkan/ore_context_vulkan.cpp	688	synchronization-or-submission	waitForGPU	void ContextVulkan::waitForGPU() {}	vulkan:ore:context	review-required
vulkan	renderer/src/ore/vulkan/ore_context_vulkan.cpp	840	construction-or-allocation	CreateRenderPass	m_vk->CreateRenderPass(m_vk->device, &rpCI, nullptr, &rp);	vulkan:ore:context	review-required
vulkan	renderer/src/ore/vulkan/ore_context_vulkan.cpp	853	construction-or-allocation	new	rcp<BufferVulkan>(new BufferVulkan(m_manager, desc.size, desc.usage));	vulkan:ore:context	review-required
vulkan	renderer/src/ore/vulkan/ore_context_vulkan.cpp	919	construction-or-allocation	new	auto texture = rcp<TextureVulkan>(new TextureVulkan(m_manager, desc));	vulkan:ore:context	review-required
vulkan	renderer/src/ore/vulkan/ore_context_vulkan.cpp	934	construction-or-allocation	createFlags	VkImageCreateFlags createFlags = 0;	vulkan:ore:context	review-required
vulkan	renderer/src/ore/vulkan/ore_context_vulkan.cpp	945	construction-or-allocation	createFlags	createFlags |= VK_IMAGE_CREATE_CUBE_COMPATIBLE_BIT;	vulkan:ore:context	review-required
vulkan	renderer/src/ore/vulkan/ore_context_vulkan.cpp	959	construction-or-allocation	createFlags	imgCI.flags = createFlags;	vulkan:ore:context	review-required
vulkan	renderer/src/ore/vulkan/ore_context_vulkan.cpp	995	construction-or-allocation	new	new TextureViewVulkan(m_manager, ref_rcp(tex), desc));	vulkan:ore:context	review-required
vulkan	renderer/src/ore/vulkan/ore_context_vulkan.cpp	1050	construction-or-allocation	CreateImageView	m_vk->CreateImageView(m_vk->device, &viewCI, nullptr, &view->m_vkImageView);	vulkan:ore:context	review-required
vulkan	renderer/src/ore/vulkan/ore_context_vulkan.cpp	1051	destruction-or-release	DestroyImageView	view->m_vkDestroyImageView = m_vk->DestroyImageView;	vulkan:ore:context	review-required
vulkan	renderer/src/ore/vulkan/ore_context_vulkan.cpp	1062	construction-or-allocation	new	auto sampler = rcp<SamplerVulkan>(new SamplerVulkan(m_manager));	vulkan:ore:context	review-required
vulkan	renderer/src/ore/vulkan/ore_context_vulkan.cpp	1128	construction-or-allocation	CreateSampler	m_vk->CreateSampler(m_vk->device, &sCI, nullptr, &sampler->m_vkSampler);	vulkan:ore:context	review-required
vulkan	renderer/src/ore/vulkan/ore_context_vulkan.cpp	1129	destruction-or-release	DestroySampler	sampler->m_vkDestroySampler = m_vk->DestroySampler;	vulkan:ore:context	review-required
vulkan	renderer/src/ore/vulkan/ore_context_vulkan.cpp	1140	construction-or-allocation	new	auto module = rcp<ShaderModuleVulkan>(new ShaderModuleVulkan(m_manager));	vulkan:ore:context	review-required
vulkan	renderer/src/ore/vulkan/ore_context_vulkan.cpp	1148	construction-or-allocation	CreateShaderModule	VkResult result = m_vk->CreateShaderModule(m_vk->device,	vulkan:ore:context	review-required
vulkan	renderer/src/ore/vulkan/ore_context_vulkan.cpp	1158	destruction-or-release	DestroyShaderModule	module->m_vkDestroyShaderModule = m_vk->DestroyShaderModule;	vulkan:ore:context	review-required
vulkan	renderer/src/ore/vulkan/ore_context_vulkan.cpp	1179	construction-or-allocation	new	rcp<BindGroupLayoutVulkan>(new BindGroupLayoutVulkan(m_manager));	vulkan:ore:context	review-required
vulkan	renderer/src/ore/vulkan/ore_context_vulkan.cpp	1187	destruction-or-release	DestroyDescriptorSetLayout	layout->m_vkDestroyDescriptorSetLayout = m_vk->DestroyDescriptorSetLayout;	vulkan:ore:context	review-required
vulkan	renderer/src/ore/vulkan/ore_context_vulkan.cpp	1188	construction-or-allocation	CreateDescriptorSetLayout	layout->m_vkDSL = createDSLFromLayoutDesc(m_vk->CreateDescriptorSetLayout,	vulkan:ore:context	review-required
vulkan	renderer/src/ore/vulkan/ore_context_vulkan.cpp	1188	construction-or-allocation	createDSLFromLayoutDesc	layout->m_vkDSL = createDSLFromLayoutDesc(m_vk->CreateDescriptorSetLayout,	vulkan:ore:context	review-required
vulkan	renderer/src/ore/vulkan/ore_context_vulkan.cpp	1214	failure-or-loss	assert	assert(layout != nullptr);	vulkan:ore:context	review-required
vulkan	renderer/src/ore/vulkan/ore_context_vulkan.cpp	1225	construction-or-allocation	new	auto bg = rcp<BindGroupVulkan>(new BindGroupVulkan(m_manager));	vulkan:ore:context	review-required
vulkan	renderer/src/ore/vulkan/ore_context_vulkan.cpp	1330	failure-or-loss	assert	assert(view != nullptr);	vulkan:ore:context	review-required
vulkan	renderer/src/ore/vulkan/ore_context_vulkan.cpp	1378	synchronization-or-submission	finishActiveRenderPass	finishActiveRenderPass();	vulkan:ore:context	review-required
vulkan	renderer/src/ore/vulkan/ore_context_vulkan.cpp	1381	construction-or-allocation	make_unique	std::make_unique<RenderPassVulkan>();	vulkan:ore:context	review-required
vulkan	renderer/src/ore/vulkan/ore_context_vulkan.cpp	1406	failure-or-loss	assert	assert(ca.view != nullptr);	vulkan:ore:context	review-required
vulkan	renderer/src/ore/vulkan/ore_context_vulkan.cpp	1606	failure-or-loss	assert	assert(canvas != nullptr);	vulkan:ore:context	review-required
vulkan	renderer/src/ore/vulkan/ore_context_vulkan.cpp	1647	construction-or-allocation	new	auto texture = rcp<TextureVulkan>(new TextureVulkan(m_manager, texDesc));	vulkan:ore:context	review-required
vulkan	renderer/src/ore/vulkan/ore_context_vulkan.cpp	1664	construction-or-allocation	new	new TextureViewVulkan(m_manager, std::move(texture), viewDesc));	vulkan:ore:context	review-required
vulkan	renderer/src/ore/vulkan/ore_context_vulkan.cpp	1703	failure-or-loss	assert	assert(m_vkCommandBuffer != VK_NULL_HANDLE &&	vulkan:ore:context	review-required
vulkan	renderer/src/ore/vulkan/ore_context_vulkan.cpp	1707	construction-or-allocation	new	auto texture = rcp<TextureVulkan>(new TextureVulkan(m_manager, texDesc));	vulkan:ore:context	review-required
vulkan	renderer/src/ore/vulkan/ore_context_vulkan.cpp	1722	construction-or-allocation	new	new TextureViewVulkan(m_manager, std::move(texture), viewDesc));	vulkan:ore:context	review-required
vulkan	renderer/src/ore/vulkan/ore_pipeline_vulkan.cpp	247	destruction-or-release	~PipelineVulkan(	PipelineVulkan::~PipelineVulkan()	vulkan:ore:pipeline	review-required
vulkan	renderer/src/ore/vulkan/ore_pipeline_vulkan.cpp	260	destruction-or-release	~BindGroupLayoutVulkan(	BindGroupLayoutVulkan::~BindGroupLayoutVulkan()	vulkan:ore:pipeline	review-required
vulkan	renderer/src/ore/vulkan/ore_pipeline_vulkan.cpp	275	construction-or-allocation	new	auto pipeline = rcp<PipelineVulkan>(new PipelineVulkan(m_manager, desc));	vulkan:ore:pipeline	review-required
vulkan	renderer/src/ore/vulkan/ore_pipeline_vulkan.cpp	323	construction-or-allocation	CreatePipelineLayout	m_vk->CreatePipelineLayout(m_vk->device,	vulkan:ore:pipeline	review-required
vulkan	renderer/src/ore/vulkan/ore_pipeline_vulkan.cpp	327	destruction-or-release	DestroyPipelineLayout	pipeline->m_vkDestroyPipelineLayout = m_vk->DestroyPipelineLayout;	vulkan:ore:pipeline	review-required
vulkan	renderer/src/ore/vulkan/ore_pipeline_vulkan.cpp	334	failure-or-loss	assert	assert(vertexModule);	vulkan:ore:pipeline	review-required
vulkan	renderer/src/ore/vulkan/ore_pipeline_vulkan.cpp	345	failure-or-loss	assert	assert(fragmentModule);	vulkan:ore:pipeline	review-required
vulkan	renderer/src/ore/vulkan/ore_pipeline_vulkan.cpp	368	failure-or-loss	assert	assert(attribIdx < kMaxAttribs);	vulkan:ore:pipeline	review-required
vulkan	renderer/src/ore/vulkan/ore_pipeline_vulkan.cpp	534	construction-or-allocation	CreateGraphicsPipelines	VkResult vkr = m_vk->CreateGraphicsPipelines(m_vk->device,	vulkan:ore:pipeline	review-required
vulkan	renderer/src/ore/vulkan/ore_pipeline_vulkan.cpp	547	destruction-or-release	DestroyPipeline	pipeline->m_vkDestroyPipeline = m_vk->DestroyPipeline;	vulkan:ore:pipeline	review-required
vulkan	renderer/src/ore/vulkan/ore_pipeline_vulkan.hpp	16	destruction-or-release	~PipelineVulkan(	~PipelineVulkan() override;	vulkan:ore:pipeline	review-required
vulkan	renderer/src/ore/vulkan/ore_render_pass_vulkan.cpp	34	failure-or-loss	assert	assert(pipeline != nullptr);	vulkan:ore:render_pass	review-required
vulkan	renderer/src/ore/vulkan/ore_render_pass_vulkan.cpp	56	failure-or-loss	assert	assert(buffer != nullptr);	vulkan:ore:render_pass	review-required
vulkan	renderer/src/ore/vulkan/ore_render_pass_vulkan.cpp	71	failure-or-loss	assert	assert(buffer != nullptr);	vulkan:ore:render_pass	review-required
vulkan	renderer/src/ore/vulkan/ore_render_pass_vulkan.cpp	88	failure-or-loss	assert	assert(inBg != nullptr);	vulkan:ore:render_pass	review-required
vulkan	renderer/src/ore/vulkan/ore_render_pass_vulkan.cpp	89	failure-or-loss	assert	assert(m_currentPipeline != nullptr &&	vulkan:ore:render_pass	review-required
vulkan	renderer/src/ore/vulkan/ore_render_pass_vulkan.cpp	93	failure-or-loss	assert	assert(bg != nullptr);	vulkan:ore:render_pass	review-required
vulkan	renderer/src/ore/vulkan/ore_render_pass_vulkan.cpp	207	synchronization-or-submission	finish	void RenderPassVulkan::finish()	vulkan:ore:render_pass	review-required
vulkan	renderer/src/ore/vulkan/ore_render_pass_vulkan.cpp	235	synchronization-or-submission	barrier	VkImageMemoryBarrier barrier{};	vulkan:ore:render_pass	review-required
vulkan	renderer/src/ore/vulkan/ore_render_pass_vulkan.cpp	236	synchronization-or-submission	barrier	barrier.sType = VK_STRUCTURE_TYPE_IMAGE_MEMORY_BARRIER;	vulkan:ore:render_pass	review-required
vulkan	renderer/src/ore/vulkan/ore_render_pass_vulkan.cpp	237	synchronization-or-submission	barrier	barrier.oldLayout = VK_IMAGE_LAYOUT_COLOR_ATTACHMENT_OPTIMAL;	vulkan:ore:render_pass	review-required
vulkan	renderer/src/ore/vulkan/ore_render_pass_vulkan.cpp	238	construction-or-allocation	newLayout	barrier.newLayout = VK_IMAGE_LAYOUT_SHADER_READ_ONLY_OPTIMAL;	vulkan:ore:render_pass	review-required
vulkan	renderer/src/ore/vulkan/ore_render_pass_vulkan.cpp	238	synchronization-or-submission	barrier	barrier.newLayout = VK_IMAGE_LAYOUT_SHADER_READ_ONLY_OPTIMAL;	vulkan:ore:render_pass	review-required
vulkan	renderer/src/ore/vulkan/ore_render_pass_vulkan.cpp	239	synchronization-or-submission	barrier	barrier.srcQueueFamilyIndex = VK_QUEUE_FAMILY_IGNORED;	vulkan:ore:render_pass	review-required
vulkan	renderer/src/ore/vulkan/ore_render_pass_vulkan.cpp	240	synchronization-or-submission	barrier	barrier.dstQueueFamilyIndex = VK_QUEUE_FAMILY_IGNORED;	vulkan:ore:render_pass	review-required
vulkan	renderer/src/ore/vulkan/ore_render_pass_vulkan.cpp	241	synchronization-or-submission	barrier	barrier.image = m_vkColorImages[i];	vulkan:ore:render_pass	review-required
vulkan	renderer/src/ore/vulkan/ore_render_pass_vulkan.cpp	242	synchronization-or-submission	barrier	barrier.subresourceRange = {VK_IMAGE_ASPECT_COLOR_BIT,	vulkan:ore:render_pass	review-required
vulkan	renderer/src/ore/vulkan/ore_render_pass_vulkan.cpp	247	synchronization-or-submission	barrier	barrier.srcAccessMask = VK_ACCESS_COLOR_ATTACHMENT_WRITE_BIT;	vulkan:ore:render_pass	review-required
vulkan	renderer/src/ore/vulkan/ore_render_pass_vulkan.cpp	248	synchronization-or-submission	barrier	barrier.dstAccessMask = 0; // visibility established in Rive's CB	vulkan:ore:render_pass	review-required
vulkan	renderer/src/ore/vulkan/ore_render_pass_vulkan.cpp	259	synchronization-or-submission	barrier	&barrier);	vulkan:ore:render_pass	review-required
vulkan	renderer/src/ore/vulkan/ore_render_pass_vulkan.cpp	285	synchronization-or-submission	barrier	VkImageMemoryBarrier barrier{};	vulkan:ore:render_pass	review-required
vulkan	renderer/src/ore/vulkan/ore_render_pass_vulkan.cpp	286	synchronization-or-submission	barrier	barrier.sType = VK_STRUCTURE_TYPE_IMAGE_MEMORY_BARRIER;	vulkan:ore:render_pass	review-required
vulkan	renderer/src/ore/vulkan/ore_render_pass_vulkan.cpp	287	synchronization-or-submission	barrier	barrier.oldLayout = VK_IMAGE_LAYOUT_COLOR_ATTACHMENT_OPTIMAL;	vulkan:ore:render_pass	review-required
vulkan	renderer/src/ore/vulkan/ore_render_pass_vulkan.cpp	288	construction-or-allocation	newLayout	barrier.newLayout = VK_IMAGE_LAYOUT_SHADER_READ_ONLY_OPTIMAL;	vulkan:ore:render_pass	review-required
vulkan	renderer/src/ore/vulkan/ore_render_pass_vulkan.cpp	288	synchronization-or-submission	barrier	barrier.newLayout = VK_IMAGE_LAYOUT_SHADER_READ_ONLY_OPTIMAL;	vulkan:ore:render_pass	review-required
vulkan	renderer/src/ore/vulkan/ore_render_pass_vulkan.cpp	289	synchronization-or-submission	barrier	barrier.srcQueueFamilyIndex = VK_QUEUE_FAMILY_IGNORED;	vulkan:ore:render_pass	review-required
vulkan	renderer/src/ore/vulkan/ore_render_pass_vulkan.cpp	290	synchronization-or-submission	barrier	barrier.dstQueueFamilyIndex = VK_QUEUE_FAMILY_IGNORED;	vulkan:ore:render_pass	review-required
vulkan	renderer/src/ore/vulkan/ore_render_pass_vulkan.cpp	291	synchronization-or-submission	barrier	barrier.image = resolve.image;	vulkan:ore:render_pass	review-required
vulkan	renderer/src/ore/vulkan/ore_render_pass_vulkan.cpp	292	synchronization-or-submission	barrier	barrier.subresourceRange = {VK_IMAGE_ASPECT_COLOR_BIT,	vulkan:ore:render_pass	review-required
vulkan	renderer/src/ore/vulkan/ore_render_pass_vulkan.cpp	297	synchronization-or-submission	barrier	barrier.srcAccessMask = VK_ACCESS_COLOR_ATTACHMENT_WRITE_BIT;	vulkan:ore:render_pass	review-required
vulkan	renderer/src/ore/vulkan/ore_render_pass_vulkan.cpp	298	synchronization-or-submission	barrier	barrier.dstAccessMask = 0; // visibility established in Rive's CB	vulkan:ore:render_pass	review-required
vulkan	renderer/src/ore/vulkan/ore_render_pass_vulkan.cpp	309	synchronization-or-submission	barrier	&barrier);	vulkan:ore:render_pass	review-required
vulkan	renderer/src/ore/vulkan/ore_render_pass_vulkan.cpp	344	construction-or-allocation	newLayout	depthBarrier.newLayout = VK_IMAGE_LAYOUT_SHADER_READ_ONLY_OPTIMAL;	vulkan:ore:render_pass	review-required
vulkan	renderer/src/ore/vulkan/ore_render_pass_vulkan.cpp	375	destruction-or-release	~RenderPassVulkan(	RenderPassVulkan::~RenderPassVulkan() { finish(); }	vulkan:ore:render_pass	review-required
vulkan	renderer/src/ore/vulkan/ore_render_pass_vulkan.cpp	375	synchronization-or-submission	finish	RenderPassVulkan::~RenderPassVulkan() { finish(); }	vulkan:ore:render_pass	review-required
vulkan	renderer/src/ore/vulkan/ore_render_pass_vulkan.cpp	421	synchronization-or-submission	finish	finish();	vulkan:ore:render_pass	review-required
vulkan	renderer/src/ore/vulkan/ore_render_pass_vulkan.cpp	422	construction-or-allocation	new	new (this) RenderPassVulkan(std::move(other));	vulkan:ore:render_pass	review-required
vulkan	renderer/src/ore/vulkan/ore_render_pass_vulkan.cpp	429	failure-or-loss	assert	assert(!m_finished && "RenderPass has already been finished");	vulkan:ore:render_pass	review-required
vulkan	renderer/src/ore/vulkan/ore_render_pass_vulkan.cpp	429	synchronization-or-submission	finished	assert(!m_finished && "RenderPass has already been finished");	vulkan:ore:render_pass	review-required
vulkan	renderer/src/ore/vulkan/ore_render_pass_vulkan.hpp	54	synchronization-or-submission	finish	void finish() override;	vulkan:ore:render_pass	review-required
vulkan	renderer/src/ore/vulkan/ore_render_pass_vulkan.hpp	60	destruction-or-release	~RenderPassVulkan(	~RenderPassVulkan() override;	vulkan:ore:render_pass	review-required
vulkan	renderer/src/ore/vulkan/ore_sampler_vulkan.cpp	10	destruction-or-release	~SamplerVulkan(	SamplerVulkan::~SamplerVulkan()	vulkan:ore:sampler	review-required
vulkan	renderer/src/ore/vulkan/ore_sampler_vulkan.hpp	15	destruction-or-release	~SamplerVulkan(	~SamplerVulkan() override;	vulkan:ore:sampler	review-required
vulkan	renderer/src/ore/vulkan/ore_shader_module_vulkan.cpp	10	destruction-or-release	~ShaderModuleVulkan(	ShaderModuleVulkan::~ShaderModuleVulkan()	vulkan:ore:shader_module	review-required
vulkan	renderer/src/ore/vulkan/ore_shader_module_vulkan.hpp	16	destruction-or-release	~ShaderModuleVulkan(	~ShaderModuleVulkan() override;	vulkan:ore:shader_module	review-required
vulkan	renderer/src/ore/vulkan/ore_texture_vulkan.cpp	60	failure-or-loss	assert	assert(m_vkOreContext != nullptr);	vulkan:ore:texture	review-required
vulkan	renderer/src/ore/vulkan/ore_texture_vulkan.cpp	61	failure-or-loss	assert	assert(m_vkImage != VK_NULL_HANDLE);	vulkan:ore:texture	review-required
vulkan	renderer/src/ore/vulkan/ore_texture_vulkan.cpp	188	construction-or-allocation	new	rcp<BufferVulkan>(new BufferVulkan(m_manager,	vulkan:ore:texture	review-required
vulkan	renderer/src/ore/vulkan/ore_texture_vulkan.cpp	247	destruction-or-release	~TextureVulkan(	TextureVulkan::~TextureVulkan()	vulkan:ore:texture	review-required
vulkan	renderer/src/ore/vulkan/ore_texture_vulkan.cpp	259	destruction-or-release	~TextureViewVulkan(	TextureViewVulkan::~TextureViewVulkan()	vulkan:ore:texture	review-required
vulkan	renderer/src/ore/vulkan/ore_texture_vulkan.hpp	19	destruction-or-release	~TextureVulkan(	~TextureVulkan() override;	vulkan:ore:texture	review-required
vulkan	renderer/src/ore/vulkan/ore_texture_vulkan.hpp	43	destruction-or-release	~TextureViewVulkan(	~TextureViewVulkan() override;	vulkan:ore:texture	review-required
vulkan	renderer/src/ore/vulkan/ore_vulkan_dsl.hpp	47	failure-or-loss	assert	assert(false && "oreBindingKindToVk: unhandled BindingKind");	vulkan:ore:vulkan_dsl	review-required
vulkan	renderer/src/ore/vulkan/ore_vulkan_dsl.hpp	73	construction-or-allocation	createDSLFromLayoutDesc	inline VkDescriptorSetLayout createDSLFromLayoutDesc(	vulkan:ore:vulkan_dsl	review-required
vulkan	renderer/src/vulkan/draw_pipeline_layout_vulkan.cpp	75	thread-or-lock	atomics	interlockMode == gpu::InterlockMode::atomics ||	vulkan:renderer:draw_pipeline_layout	review-required
vulkan	renderer/src/vulkan/draw_pipeline_layout_vulkan.cpp	80	thread-or-lock	atomics	.descriptorType = m_interlockMode == gpu::InterlockMode::atomics	vulkan:renderer:draw_pipeline_layout	review-required
vulkan	renderer/src/vulkan/draw_pipeline_layout_vulkan.cpp	109	construction-or-allocation	CreateDescriptorSetLayout	m_vk->CreateDescriptorSetLayout(m_vk->device,	vulkan:renderer:draw_pipeline_layout	review-required
vulkan	renderer/src/vulkan/draw_pipeline_layout_vulkan.cpp	134	construction-or-allocation	CreatePipelineLayout	VK_CHECK(m_vk->CreatePipelineLayout(m_vk->device,	vulkan:renderer:draw_pipeline_layout	review-required
vulkan	renderer/src/vulkan/draw_pipeline_layout_vulkan.cpp	140	destruction-or-release	~DrawPipelineLayoutVulkan(	DrawPipelineLayoutVulkan::~DrawPipelineLayoutVulkan()	vulkan:renderer:draw_pipeline_layout	review-required
vulkan	renderer/src/vulkan/draw_pipeline_layout_vulkan.cpp	142	destruction-or-release	DestroyDescriptorSetLayout	m_vk->DestroyDescriptorSetLayout(m_vk->device,	vulkan:renderer:draw_pipeline_layout	review-required
vulkan	renderer/src/vulkan/draw_pipeline_layout_vulkan.cpp	145	destruction-or-release	DestroyPipelineLayout	m_vk->DestroyPipelineLayout(m_vk->device, m_pipelineLayout, nullptr);	vulkan:renderer:draw_pipeline_layout	review-required
vulkan	renderer/src/vulkan/draw_pipeline_layout_vulkan.cpp	155	failure-or-loss	assert	assert(subpassIndex == 0 || subpassIndex == 1);	vulkan:renderer:draw_pipeline_layout	review-required
vulkan	renderer/src/vulkan/draw_pipeline_layout_vulkan.cpp	157	thread-or-lock	atomics	case gpu::InterlockMode::atomics:	vulkan:renderer:draw_pipeline_layout	review-required
vulkan	renderer/src/vulkan/draw_pipeline_layout_vulkan.cpp	158	failure-or-loss	assert	assert(subpassIndex <= 1);	vulkan:renderer:draw_pipeline_layout	review-required
vulkan	renderer/src/vulkan/draw_pipeline_layout_vulkan.cpp	161	failure-or-loss	assert	assert(subpassIndex == 0);	vulkan:renderer:draw_pipeline_layout	review-required
vulkan	renderer/src/vulkan/draw_pipeline_layout_vulkan.cpp	168	failure-or-loss	assert	assert(subpassIndex == 0 || subpassIndex == 1);	vulkan:renderer:draw_pipeline_layout	review-required
vulkan	renderer/src/vulkan/draw_pipeline_layout_vulkan.cpp	171	failure-or-loss	assert	assert(0 <= subpassIndex && subpassIndex <= 2);	vulkan:renderer:draw_pipeline_layout	review-required
vulkan	renderer/src/vulkan/draw_pipeline_layout_vulkan.hpp	25	destruction-or-release	~DrawPipelineLayoutVulkan(	~DrawPipelineLayoutVulkan();	vulkan:renderer:draw_pipeline_layout	review-required
vulkan	renderer/src/vulkan/draw_pipeline_layout_vulkan.hpp	27	destruction-or-release	delete	DrawPipelineLayoutVulkan(const DrawPipelineLayoutVulkan&) = delete;	vulkan:renderer:draw_pipeline_layout	review-required
vulkan	renderer/src/vulkan/draw_pipeline_layout_vulkan.hpp	29	destruction-or-release	delete	delete;	vulkan:renderer:draw_pipeline_layout	review-required
vulkan	renderer/src/vulkan/draw_pipeline_vulkan.cpp	81	construction-or-allocation	createKey	uint64_t DrawPipelineVulkan::PipelineProps::createKey(	vulkan:renderer:draw_pipeline	review-required
vulkan	renderer/src/vulkan/draw_pipeline_vulkan.cpp	143	failure-or-loss	assert	assert(mainSubpassIdx == 1);	vulkan:renderer:draw_pipeline	review-required
vulkan	renderer/src/vulkan/draw_pipeline_vulkan.cpp	285	mapping-or-host-visibility	mapEntryCount	.mapEntryCount = SPECIALIZATION_COUNT,	vulkan:renderer:draw_pipeline	review-required
vulkan	renderer/src/vulkan/draw_pipeline_vulkan.cpp	323	thread-or-lock	atomics	interlockMode == gpu::InterlockMode::atomics ||	vulkan:renderer:draw_pipeline	review-required
vulkan	renderer/src/vulkan/draw_pipeline_vulkan.cpp	334	thread-or-lock	atomics	if (interlockMode == gpu::InterlockMode::atomics &&	vulkan:renderer:draw_pipeline	review-required
vulkan	renderer/src/vulkan/draw_pipeline_vulkan.cpp	358	failure-or-loss	assert	assert(interlockMode == gpu::InterlockMode::atomics);	vulkan:renderer:draw_pipeline	review-required
vulkan	renderer/src/vulkan/draw_pipeline_vulkan.cpp	358	thread-or-lock	atomics	assert(interlockMode == gpu::InterlockMode::atomics);	vulkan:renderer:draw_pipeline	review-required
vulkan	renderer/src/vulkan/draw_pipeline_vulkan.cpp	359	failure-or-loss	assert	assert(blendEquation == gpu::BlendEquation::none);	vulkan:renderer:draw_pipeline	review-required
vulkan	renderer/src/vulkan/draw_pipeline_vulkan.cpp	395	failure-or-loss	assert	assert(props.drawType != gpu::DrawType::clipReset);	vulkan:renderer:draw_pipeline	review-required
vulkan	renderer/src/vulkan/draw_pipeline_vulkan.cpp	396	failure-or-loss	assert	assert(!enums::is_flag_set(	vulkan:renderer:draw_pipeline	review-required
vulkan	renderer/src/vulkan/draw_pipeline_vulkan.cpp	539	construction-or-allocation	CreateGraphicsPipelines	if (m_vk->CreateGraphicsPipelines(m_vk->device,	vulkan:renderer:draw_pipeline	review-required
vulkan	renderer/src/vulkan/draw_pipeline_vulkan.cpp	550	destruction-or-release	~DrawPipelineVulkan(	DrawPipelineVulkan::~DrawPipelineVulkan()	vulkan:renderer:draw_pipeline	review-required
vulkan	renderer/src/vulkan/draw_pipeline_vulkan.cpp	552	destruction-or-release	DestroyPipeline	m_vk->DestroyPipeline(m_vk->device, m_vkPipeline, nullptr);	vulkan:renderer:draw_pipeline	review-required
vulkan	renderer/src/vulkan/draw_pipeline_vulkan.hpp	46	construction-or-allocation	createKey	uint64_t createKey(const PlatformFeatures&) const;	vulkan:renderer:draw_pipeline	review-required
vulkan	renderer/src/vulkan/draw_pipeline_vulkan.hpp	62	destruction-or-release	~DrawPipelineVulkan(	~DrawPipelineVulkan();	vulkan:renderer:draw_pipeline	review-required
vulkan	renderer/src/vulkan/draw_pipeline_vulkan.hpp	64	destruction-or-release	delete	DrawPipelineVulkan(const DrawPipelineVulkan&) = delete;	vulkan:renderer:draw_pipeline	review-required
vulkan	renderer/src/vulkan/draw_pipeline_vulkan.hpp	65	destruction-or-release	delete	DrawPipelineVulkan& operator=(const DrawPipelineVulkan&) = delete;	vulkan:renderer:draw_pipeline	review-required
vulkan	renderer/src/vulkan/draw_shader_vulkan.cpp	19	construction-or-allocation	createInfo	VkShaderModuleCreateInfo createInfo = {	vulkan:renderer:draw_shader	review-required
vulkan	renderer/src/vulkan/draw_shader_vulkan.cpp	32	failure-or-loss	assert	assert(fixedFunctionColorOutput !=	vulkan:renderer:draw_shader	review-required
vulkan	renderer/src/vulkan/draw_shader_vulkan.cpp	88	thread-or-lock	atomics	case gpu::InterlockMode::atomics:	vulkan:renderer:draw_shader	review-required
vulkan	renderer/src/vulkan/draw_shader_vulkan.cpp	95	thread-or-lock	atomic_draw_path_vert	vertCode = spirv::atomic_draw_path_vert;	vulkan:renderer:draw_shader	review-required
vulkan	renderer/src/vulkan/draw_shader_vulkan.cpp	97	thread-or-lock	atomic_draw_path_fixedcolor_frag	? spirv::atomic_draw_path_fixedcolor_frag	vulkan:renderer:draw_shader	review-required
vulkan	renderer/src/vulkan/draw_shader_vulkan.cpp	98	thread-or-lock	atomic_draw_path_frag	: spirv::atomic_draw_path_frag;	vulkan:renderer:draw_shader	review-required
vulkan	renderer/src/vulkan/draw_shader_vulkan.cpp	102	thread-or-lock	atomic_draw_interior_triangles_vert	vertCode = spirv::atomic_draw_interior_triangles_vert;	vulkan:renderer:draw_shader	review-required
vulkan	renderer/src/vulkan/draw_shader_vulkan.cpp	106	thread-or-lock	atomic_draw_interior_triangles_fixedcolor_frag	atomic_draw_interior_triangles_fixedcolor_frag	vulkan:renderer:draw_shader	review-required
vulkan	renderer/src/vulkan/draw_shader_vulkan.cpp	107	thread-or-lock	atomic_draw_interior_triangles_frag	: spirv::atomic_draw_interior_triangles_frag;	vulkan:renderer:draw_shader	review-required
vulkan	renderer/src/vulkan/draw_shader_vulkan.cpp	111	thread-or-lock	atomic_draw_atlas_blit_vert	vertCode = spirv::atomic_draw_atlas_blit_vert;	vulkan:renderer:draw_shader	review-required
vulkan	renderer/src/vulkan/draw_shader_vulkan.cpp	114	thread-or-lock	atomic_draw_atlas_blit_fixedcolor_frag	? spirv::atomic_draw_atlas_blit_fixedcolor_frag	vulkan:renderer:draw_shader	review-required
vulkan	renderer/src/vulkan/draw_shader_vulkan.cpp	115	thread-or-lock	atomic_draw_atlas_blit_frag	: spirv::atomic_draw_atlas_blit_frag;	vulkan:renderer:draw_shader	review-required
vulkan	renderer/src/vulkan/draw_shader_vulkan.cpp	119	thread-or-lock	atomic_draw_image_rect_vert	vertCode = spirv::atomic_draw_image_rect_vert;	vulkan:renderer:draw_shader	review-required
vulkan	renderer/src/vulkan/draw_shader_vulkan.cpp	122	thread-or-lock	atomic_draw_image_rect_fixedcolor_frag	? spirv::atomic_draw_image_rect_fixedcolor_frag	vulkan:renderer:draw_shader	review-required
vulkan	renderer/src/vulkan/draw_shader_vulkan.cpp	123	thread-or-lock	atomic_draw_image_rect_frag	: spirv::atomic_draw_image_rect_frag;	vulkan:renderer:draw_shader	review-required
vulkan	renderer/src/vulkan/draw_shader_vulkan.cpp	127	thread-or-lock	atomic_draw_image_mesh_vert	vertCode = spirv::atomic_draw_image_mesh_vert;	vulkan:renderer:draw_shader	review-required
vulkan	renderer/src/vulkan/draw_shader_vulkan.cpp	130	thread-or-lock	atomic_draw_image_mesh_fixedcolor_frag	? spirv::atomic_draw_image_mesh_fixedcolor_frag	vulkan:renderer:draw_shader	review-required
vulkan	renderer/src/vulkan/draw_shader_vulkan.cpp	131	thread-or-lock	atomic_draw_image_mesh_frag	: spirv::atomic_draw_image_mesh_frag;	vulkan:renderer:draw_shader	review-required
vulkan	renderer/src/vulkan/draw_shader_vulkan.cpp	139	thread-or-lock	atomic_resolve_coalesced_vert	vertCode = spirv::atomic_resolve_coalesced_vert;	vulkan:renderer:draw_shader	review-required
vulkan	renderer/src/vulkan/draw_shader_vulkan.cpp	140	thread-or-lock	atomic_resolve_coalesced_frag	fragCode = spirv::atomic_resolve_coalesced_frag;	vulkan:renderer:draw_shader	review-required
vulkan	renderer/src/vulkan/draw_shader_vulkan.cpp	144	thread-or-lock	atomic_resolve_vert	vertCode = spirv::atomic_resolve_vert;	vulkan:renderer:draw_shader	review-required
vulkan	renderer/src/vulkan/draw_shader_vulkan.cpp	146	thread-or-lock	atomic_resolve_fixedcolor_frag	? spirv::atomic_resolve_fixedcolor_frag	vulkan:renderer:draw_shader	review-required
vulkan	renderer/src/vulkan/draw_shader_vulkan.cpp	147	thread-or-lock	atomic_resolve_frag	: spirv::atomic_resolve_frag;	vulkan:renderer:draw_shader	review-required
vulkan	renderer/src/vulkan/draw_shader_vulkan.cpp	257	failure-or-loss	assert	assert(fixedFunctionColorOutput);	vulkan:renderer:draw_shader	review-required
vulkan	renderer/src/vulkan/draw_shader_vulkan.cpp	258	failure-or-loss	assert	assert(!enums::any_flag_set(	vulkan:renderer:draw_shader	review-required
vulkan	renderer/src/vulkan/draw_shader_vulkan.cpp	262	failure-or-loss	assert	assert(!drawUsesAdvancedBlend);	vulkan:renderer:draw_shader	review-required
vulkan	renderer/src/vulkan/draw_shader_vulkan.cpp	295	failure-or-loss	assert	assert(fixedFunctionColorOutput);	vulkan:renderer:draw_shader	review-required
vulkan	renderer/src/vulkan/draw_shader_vulkan.cpp	296	failure-or-loss	assert	assert(!enums::any_flag_set(	vulkan:renderer:draw_shader	review-required
vulkan	renderer/src/vulkan/draw_shader_vulkan.cpp	300	failure-or-loss	assert	assert(!drawUsesAdvancedBlend);	vulkan:renderer:draw_shader	review-required
vulkan	renderer/src/vulkan/draw_shader_vulkan.cpp	468	failure-or-loss	assert	assert(code.size_bytes() > 0);	vulkan:renderer:draw_shader	review-required
vulkan	renderer/src/vulkan/draw_shader_vulkan.cpp	469	construction-or-allocation	createInfo	createInfo.pCode = code.data();	vulkan:renderer:draw_shader	review-required
vulkan	renderer/src/vulkan/draw_shader_vulkan.cpp	470	construction-or-allocation	createInfo	createInfo.codeSize = code.size_bytes();	vulkan:renderer:draw_shader	review-required
vulkan	renderer/src/vulkan/draw_shader_vulkan.cpp	472	construction-or-allocation	CreateShaderModule	if (m_vk->CreateShaderModule(m_vk->device,	vulkan:renderer:draw_shader	review-required
vulkan	renderer/src/vulkan/draw_shader_vulkan.cpp	473	construction-or-allocation	createInfo	&createInfo,	vulkan:renderer:draw_shader	review-required
vulkan	renderer/src/vulkan/draw_shader_vulkan.cpp	481	destruction-or-release	~DrawShaderVulkan(	DrawShaderVulkan::~DrawShaderVulkan()	vulkan:renderer:draw_shader	review-required
vulkan	renderer/src/vulkan/draw_shader_vulkan.cpp	483	destruction-or-release	DestroyShaderModule	m_vk->DestroyShaderModule(m_vk->device, m_module, nullptr);	vulkan:renderer:draw_shader	review-required
vulkan	renderer/src/vulkan/draw_shader_vulkan.hpp	33	destruction-or-release	~DrawShaderVulkan(	~DrawShaderVulkan();	vulkan:renderer:draw_shader	review-required
vulkan	renderer/src/vulkan/draw_shader_vulkan.hpp	35	destruction-or-release	delete	DrawShaderVulkan(const DrawShaderVulkan&) = delete;	vulkan:renderer:draw_shader	review-required
vulkan	renderer/src/vulkan/draw_shader_vulkan.hpp	36	destruction-or-release	delete	DrawShaderVulkan& operator=(const DrawShaderVulkan&) = delete;	vulkan:renderer:draw_shader	review-required
vulkan	renderer/src/vulkan/pipeline_manager_vulkan.cpp	70	construction-or-allocation	CreateSampler	VK_CHECK(m_vk->CreateSampler(m_vk->device,	vulkan:renderer:pipeline_manager	review-required
vulkan	renderer/src/vulkan/pipeline_manager_vulkan.cpp	93	construction-or-allocation	CreateSampler	VK_CHECK(m_vk->CreateSampler(m_vk->device,	vulkan:renderer:pipeline_manager	review-required
vulkan	renderer/src/vulkan/pipeline_manager_vulkan.cpp	176	construction-or-allocation	CreateDescriptorSetLayout	VK_CHECK(m_vk->CreateDescriptorSetLayout(m_vk->device,	vulkan:renderer:pipeline_manager	review-required
vulkan	renderer/src/vulkan/pipeline_manager_vulkan.cpp	197	construction-or-allocation	CreateDescriptorSetLayout	VK_CHECK(m_vk->CreateDescriptorSetLayout(m_vk->device,	vulkan:renderer:pipeline_manager	review-required
vulkan	renderer/src/vulkan/pipeline_manager_vulkan.cpp	208	construction-or-allocation	CreateDescriptorSetLayout	VK_CHECK(m_vk->CreateDescriptorSetLayout(m_vk->device,	vulkan:renderer:pipeline_manager	review-required
vulkan	renderer/src/vulkan/pipeline_manager_vulkan.cpp	229	construction-or-allocation	CreateDescriptorPool	VK_CHECK(m_vk->CreateDescriptorPool(m_vk->device,	vulkan:renderer:pipeline_manager	review-required
vulkan	renderer/src/vulkan/pipeline_manager_vulkan.cpp	243	construction-or-allocation	AllocateDescriptorSets	VK_CHECK(m_vk->AllocateDescriptorSets(m_vk->device,	vulkan:renderer:pipeline_manager	review-required
vulkan	renderer/src/vulkan/pipeline_manager_vulkan.cpp	260	destruction-or-release	~PipelineManagerVulkan(	PipelineManagerVulkan::~PipelineManagerVulkan()	vulkan:renderer:pipeline_manager	review-required
vulkan	renderer/src/vulkan/pipeline_manager_vulkan.cpp	264	destruction-or-release	DestroyDescriptorSetLayout	m_vk->DestroyDescriptorSetLayout(m_vk->device,	vulkan:renderer:pipeline_manager	review-required
vulkan	renderer/src/vulkan/pipeline_manager_vulkan.cpp	267	destruction-or-release	DestroyDescriptorSetLayout	m_vk->DestroyDescriptorSetLayout(m_vk->device,	vulkan:renderer:pipeline_manager	review-required
vulkan	renderer/src/vulkan/pipeline_manager_vulkan.cpp	270	destruction-or-release	DestroyDescriptorSetLayout	m_vk->DestroyDescriptorSetLayout(m_vk->device,	vulkan:renderer:pipeline_manager	review-required
vulkan	renderer/src/vulkan/pipeline_manager_vulkan.cpp	274	destruction-or-release	DestroyDescriptorPool	m_vk->DestroyDescriptorPool(m_vk->device, m_staticDescriptorPool, nullptr);	vulkan:renderer:pipeline_manager	review-required
vulkan	renderer/src/vulkan/pipeline_manager_vulkan.cpp	277	destruction-or-release	DestroySampler	m_vk->DestroySampler(m_vk->device, sampler, nullptr);	vulkan:renderer:pipeline_manager	review-required
vulkan	renderer/src/vulkan/pipeline_manager_vulkan.cpp	279	destruction-or-release	DestroySampler	m_vk->DestroySampler(m_vk->device, m_linearSampler, nullptr);	vulkan:renderer:pipeline_manager	review-required
vulkan	renderer/src/vulkan/pipeline_manager_vulkan.cpp	294	failure-or-loss	assert	assert(key >> RENDER_PASS_OPTION_COUNT ==	vulkan:renderer:pipeline_manager	review-required
vulkan	renderer/src/vulkan/pipeline_manager_vulkan.cpp	298	construction-or-allocation	make_unique	return std::make_unique<DrawPipelineLayoutVulkan>(this,	vulkan:renderer:pipeline_manager	review-required
vulkan	renderer/src/vulkan/pipeline_manager_vulkan.cpp	304	construction-or-allocation	createVertexShader	std::unique_ptr<DrawShaderVulkan> PipelineManagerVulkan::createVertexShader(	vulkan:renderer:pipeline_manager	review-required
vulkan	renderer/src/vulkan/pipeline_manager_vulkan.cpp	309	construction-or-allocation	make_unique	return std::make_unique<DrawShaderVulkan>(DrawShaderVulkan::Type::vertex,	vulkan:renderer:pipeline_manager	review-required
vulkan	renderer/src/vulkan/pipeline_manager_vulkan.cpp	317	construction-or-allocation	createFragmentShader	std::unique_ptr<DrawShaderVulkan> PipelineManagerVulkan::createFragmentShader(	vulkan:renderer:pipeline_manager	review-required
vulkan	renderer/src/vulkan/pipeline_manager_vulkan.cpp	323	construction-or-allocation	make_unique	return std::make_unique<DrawShaderVulkan>(DrawShaderVulkan::Type::fragment,	vulkan:renderer:pipeline_manager	review-required
vulkan	renderer/src/vulkan/pipeline_manager_vulkan.cpp	343	construction-or-allocation	make_unique	return std::make_unique<RenderPassVulkan>(this,	vulkan:renderer:pipeline_manager	review-required
vulkan	renderer/src/vulkan/pipeline_manager_vulkan.cpp	351	construction-or-allocation	createPipeline	std::unique_ptr<DrawPipelineVulkan> PipelineManagerVulkan::createPipeline(	vulkan:renderer:pipeline_manager	review-required
vulkan	renderer/src/vulkan/pipeline_manager_vulkan.cpp	352	construction-or-allocation	createType	PipelineCreateType createType,	vulkan:renderer:pipeline_manager	review-required
vulkan	renderer/src/vulkan/pipeline_manager_vulkan.cpp	357	callback-or-async	async	if (createType == PipelineCreateType::async)	vulkan:renderer:pipeline_manager	review-required
vulkan	renderer/src/vulkan/pipeline_manager_vulkan.cpp	357	construction-or-allocation	createType	if (createType == PipelineCreateType::async)	vulkan:renderer:pipeline_manager	review-required
vulkan	renderer/src/vulkan/pipeline_manager_vulkan.cpp	368	construction-or-allocation	createType	assert(createType == PipelineCreateType::sync);	vulkan:renderer:pipeline_manager	review-required
vulkan	renderer/src/vulkan/pipeline_manager_vulkan.cpp	368	failure-or-loss	assert	assert(createType == PipelineCreateType::sync);	vulkan:renderer:pipeline_manager	review-required
vulkan	renderer/src/vulkan/pipeline_manager_vulkan.cpp	369	construction-or-allocation	make_unique	return std::make_unique<DrawPipelineVulkan>(	vulkan:renderer:pipeline_manager	review-required
vulkan	renderer/src/vulkan/pipeline_manager_vulkan.cpp	385	failure-or-loss	errored	return (VkPipeline(pipeline) == VK_NULL_HANDLE) ? PipelineStatus::errored	vulkan:renderer:pipeline_manager	review-required
vulkan	renderer/src/vulkan/pipeline_manager_vulkan.cpp	407	thread-or-lock	atomics	case InterlockMode::atomics:	vulkan:renderer:pipeline_manager	review-required
vulkan	renderer/src/vulkan/pipeline_manager_vulkan.cpp	416	failure-or-loss	assert	assert(	vulkan:renderer:pipeline_manager	review-required
vulkan	renderer/src/vulkan/pipeline_manager_vulkan.cpp	482	thread-or-lock	atomics	case InterlockMode::atomics:	vulkan:renderer:pipeline_manager	review-required
vulkan	renderer/src/vulkan/pipeline_manager_vulkan.cpp	490	thread-or-lock	atomicCoalescedResolveAndTransfer	atomicCoalescedResolveAndTransfer;	vulkan:renderer:pipeline_manager	review-required
vulkan	renderer/src/vulkan/pipeline_manager_vulkan.cpp	561	thread-or-lock	atomicCoalescedResolveAndTransfer	atomicCoalescedResolveAndTransfer))	vulkan:renderer:pipeline_manager	review-required
vulkan	renderer/src/vulkan/pipeline_manager_vulkan.cpp	612	construction-or-allocation	createKey	auto curKey = props.createKey(platformFeatures);	vulkan:renderer:pipeline_manager	review-required
vulkan	renderer/src/vulkan/pipeline_manager_vulkan.cpp	619	thread-or-lock	atomicCoalescedResolveAndTransfer	RenderPassOptionsVulkan::atomicCoalescedResolveAndTransfer)	vulkan:renderer:pipeline_manager	review-required
vulkan	renderer/src/vulkan/pipeline_manager_vulkan.cpp	625	construction-or-allocation	createKey	auto testKey = validProps.createKey(platformFeatures);	vulkan:renderer:pipeline_manager	review-required
vulkan	renderer/src/vulkan/pipeline_manager_vulkan.hpp	7	callback-or-async	async_pipeline_manager	#include "rive/renderer/async_pipeline_manager.hpp"	vulkan:renderer:pipeline_manager	review-required
vulkan	renderer/src/vulkan/pipeline_manager_vulkan.hpp	13	callback-or-async	AsyncPipelineManager	class PipelineManagerVulkan : public AsyncPipelineManager<DrawPipelineVulkan>	vulkan:renderer:pipeline_manager	review-required
vulkan	renderer/src/vulkan/pipeline_manager_vulkan.hpp	15	callback-or-async	AsyncPipelineManager	using Super = AsyncPipelineManager<DrawPipelineVulkan>;	vulkan:renderer:pipeline_manager	review-required
vulkan	renderer/src/vulkan/pipeline_manager_vulkan.hpp	21	destruction-or-release	~PipelineManagerVulkan(	~PipelineManagerVulkan();	vulkan:renderer:pipeline_manager	review-required
vulkan	renderer/src/vulkan/pipeline_manager_vulkan.hpp	71	failure-or-loss	assert	assert(m_vk->features.fragmentShaderPixelInterlock);	vulkan:renderer:pipeline_manager	review-required
vulkan	renderer/src/vulkan/pipeline_manager_vulkan.hpp	98	construction-or-allocation	createVertexShader	virtual std::unique_ptr<DrawShaderVulkan> createVertexShader(	vulkan:renderer:pipeline_manager	review-required
vulkan	renderer/src/vulkan/pipeline_manager_vulkan.hpp	103	construction-or-allocation	createFragmentShader	virtual std::unique_ptr<DrawShaderVulkan> createFragmentShader(	vulkan:renderer:pipeline_manager	review-required
vulkan	renderer/src/vulkan/pipeline_manager_vulkan.hpp	109	construction-or-allocation	createPipeline	virtual std::unique_ptr<DrawPipelineVulkan> createPipeline(	vulkan:renderer:pipeline_manager	review-required
vulkan	renderer/src/vulkan/pipeline_manager_vulkan.hpp	110	construction-or-allocation	createType	PipelineCreateType createType,	vulkan:renderer:pipeline_manager	review-required
vulkan	renderer/src/vulkan/render_context_vulkan_impl.cpp	78	construction-or-allocation	acquire	m_currentBuffer = m_bufferPool->acquire();	vulkan:renderer:render_context_vulkan_impl	review-required
vulkan	renderer/src/vulkan/render_context_vulkan_impl.cpp	82	synchronization-or-submission	flushContents	void onUnmap() override { m_currentBuffer->flushContents(); }	vulkan:renderer:render_context_vulkan_impl	review-required
vulkan	renderer/src/vulkan/render_context_vulkan_impl.cpp	119	failure-or-loss	assert	assert(blockWidth == 1 && blockHeight == 1);	vulkan:renderer:render_context_vulkan_impl	review-required
vulkan	renderer/src/vulkan/render_context_vulkan_impl.cpp	136	failure-or-loss	assert	assert(!"unsupported ASTC block footprint");	vulkan:renderer:render_context_vulkan_impl	review-required
vulkan	renderer/src/vulkan/render_context_vulkan_impl.cpp	146	failure-or-loss	assert	assert(!"unsupported format");	vulkan:renderer:render_context_vulkan_impl	review-required
vulkan	renderer/src/vulkan/render_context_vulkan_impl.cpp	149	failure-or-loss	assert	assert(!(generateRemainingMips && isCompressed) &&	vulkan:renderer:render_context_vulkan_impl	review-required
vulkan	renderer/src/vulkan/render_context_vulkan_impl.cpp	161	failure-or-loss	assert	assert(!(generateRemainingMips && isCompressed) &&	vulkan:renderer:render_context_vulkan_impl	review-required
vulkan	renderer/src/vulkan/render_context_vulkan_impl.cpp	173	failure-or-loss	assert	assert(!(generateRemainingMips && isCompressed) &&	vulkan:renderer:render_context_vulkan_impl	review-required
vulkan	renderer/src/vulkan/render_context_vulkan_impl.cpp	198	failure-or-loss	assert	assert(!(generateRemainingMips && isCompressed) &&	vulkan:renderer:render_context_vulkan_impl	review-required
vulkan	renderer/src/vulkan/render_context_vulkan_impl.cpp	204	mapping-or-host-visibility	Mappability	vkutil::Mappability::writeOnly);	vulkan:renderer:render_context_vulkan_impl	review-required
vulkan	renderer/src/vulkan/render_context_vulkan_impl.cpp	206	synchronization-or-submission	flushContents	staging->flushContents();	vulkan:renderer:render_context_vulkan_impl	review-required
vulkan	renderer/src/vulkan/render_context_vulkan_impl.cpp	280	synchronization-or-submission	barrier	m_texture->barrier(commandBuffer, dstAccess, accessAction);	vulkan:renderer:render_context_vulkan_impl	review-required
vulkan	renderer/src/vulkan/render_context_vulkan_impl.cpp	289	synchronization-or-submission	barrier	m_texture->barrier(commandBuffer, dstAccess, accessAction);	vulkan:renderer:render_context_vulkan_impl	review-required
vulkan	renderer/src/vulkan/render_context_vulkan_impl.cpp	317	construction-or-allocation	new	auto renderTarget = rcp(new RenderTargetVulkanTexture(m_vk,	vulkan:renderer:render_context_vulkan_impl	review-required
vulkan	renderer/src/vulkan/render_context_vulkan_impl.cpp	329	construction-or-allocation	Make	return rive::ore::ContextVulkan::Make(m_vk);	vulkan:renderer:render_context_vulkan_impl	review-required
vulkan	renderer/src/vulkan/render_context_vulkan_impl.cpp	384	construction-or-allocation	CreateRenderPass	VK_CHECK(m_vk->CreateRenderPass(m_vk->device,	vulkan:renderer:render_context_vulkan_impl	review-required
vulkan	renderer/src/vulkan/render_context_vulkan_impl.cpp	410	construction-or-allocation	CreateRenderPass	VK_CHECK(m_vk->CreateRenderPass(m_vk->device,	vulkan:renderer:render_context_vulkan_impl	review-required
vulkan	renderer/src/vulkan/render_context_vulkan_impl.cpp	423	destruction-or-release	~ResourceTexturePipeline(	virtual ~ResourceTexturePipeline()	vulkan:renderer:render_context_vulkan_impl	review-required
vulkan	renderer/src/vulkan/render_context_vulkan_impl.cpp	425	destruction-or-release	DestroyRenderPass	m_vk->DestroyRenderPass(m_vk->device, m_renderPass, nullptr);	vulkan:renderer:render_context_vulkan_impl	review-required
vulkan	renderer/src/vulkan/render_context_vulkan_impl.cpp	428	destruction-or-release	DestroyRenderPass	m_vk->DestroyRenderPass(m_vk->device,	vulkan:renderer:render_context_vulkan_impl	review-required
vulkan	renderer/src/vulkan/render_context_vulkan_impl.cpp	455	failure-or-loss	assert	assert(m_instanceCountInCurrentRenderPass <=	vulkan:renderer:render_context_vulkan_impl	review-required
vulkan	renderer/src/vulkan/render_context_vulkan_impl.cpp	457	failure-or-loss	assert	assert(nextInstanceCount <= workarounds.maxInstancesPerRenderPass);	vulkan:renderer:render_context_vulkan_impl	review-required
vulkan	renderer/src/vulkan/render_context_vulkan_impl.cpp	495	failure-or-loss	assert	assert(renderPass != VK_NULL_HANDLE);	vulkan:renderer:render_context_vulkan_impl	review-required
vulkan	renderer/src/vulkan/render_context_vulkan_impl.cpp	540	construction-or-allocation	CreatePipelineLayout	VK_CHECK(m_vk->CreatePipelineLayout(m_vk->device,	vulkan:renderer:render_context_vulkan_impl	review-required
vulkan	renderer/src/vulkan/render_context_vulkan_impl.cpp	552	construction-or-allocation	CreateShaderModule	VK_CHECK(m_vk->CreateShaderModule(m_vk->device,	vulkan:renderer:render_context_vulkan_impl	review-required
vulkan	renderer/src/vulkan/render_context_vulkan_impl.cpp	564	construction-or-allocation	CreateShaderModule	VK_CHECK(m_vk->CreateShaderModule(m_vk->device,	vulkan:renderer:render_context_vulkan_impl	review-required
vulkan	renderer/src/vulkan/render_context_vulkan_impl.cpp	621	construction-or-allocation	CreateGraphicsPipelines	VK_CHECK(m_vk->CreateGraphicsPipelines(m_vk->device,	vulkan:renderer:render_context_vulkan_impl	review-required
vulkan	renderer/src/vulkan/render_context_vulkan_impl.cpp	631	destruction-or-release	DestroyShaderModule	m_vk->DestroyShaderModule(m_vk->device, vertexShader, nullptr);	vulkan:renderer:render_context_vulkan_impl	review-required
vulkan	renderer/src/vulkan/render_context_vulkan_impl.cpp	632	destruction-or-release	DestroyShaderModule	m_vk->DestroyShaderModule(m_vk->device, fragmentShader, nullptr);	vulkan:renderer:render_context_vulkan_impl	review-required
vulkan	renderer/src/vulkan/render_context_vulkan_impl.cpp	635	destruction-or-release	~ColorRampPipeline(	~ColorRampPipeline()	vulkan:renderer:render_context_vulkan_impl	review-required
vulkan	renderer/src/vulkan/render_context_vulkan_impl.cpp	637	destruction-or-release	DestroyPipelineLayout	m_vk->DestroyPipelineLayout(m_vk->device, m_pipelineLayout, nullptr);	vulkan:renderer:render_context_vulkan_impl	review-required
vulkan	renderer/src/vulkan/render_context_vulkan_impl.cpp	638	destruction-or-release	DestroyPipeline	m_vk->DestroyPipeline(m_vk->device, m_renderPipeline, nullptr);	vulkan:renderer:render_context_vulkan_impl	review-required
vulkan	renderer/src/vulkan/render_context_vulkan_impl.cpp	675	construction-or-allocation	CreatePipelineLayout	VK_CHECK(m_vk->CreatePipelineLayout(m_vk->device,	vulkan:renderer:render_context_vulkan_impl	review-required
vulkan	renderer/src/vulkan/render_context_vulkan_impl.cpp	687	construction-or-allocation	CreateShaderModule	VK_CHECK(m_vk->CreateShaderModule(m_vk->device,	vulkan:renderer:render_context_vulkan_impl	review-required
vulkan	renderer/src/vulkan/render_context_vulkan_impl.cpp	699	construction-or-allocation	CreateShaderModule	VK_CHECK(m_vk->CreateShaderModule(m_vk->device,	vulkan:renderer:render_context_vulkan_impl	review-required
vulkan	renderer/src/vulkan/render_context_vulkan_impl.cpp	777	construction-or-allocation	CreateGraphicsPipelines	VK_CHECK(m_vk->CreateGraphicsPipelines(m_vk->device,	vulkan:renderer:render_context_vulkan_impl	review-required
vulkan	renderer/src/vulkan/render_context_vulkan_impl.cpp	787	destruction-or-release	DestroyShaderModule	m_vk->DestroyShaderModule(m_vk->device, vertexShader, nullptr);	vulkan:renderer:render_context_vulkan_impl	review-required
vulkan	renderer/src/vulkan/render_context_vulkan_impl.cpp	788	destruction-or-release	DestroyShaderModule	m_vk->DestroyShaderModule(m_vk->device, fragmentShader, nullptr);	vulkan:renderer:render_context_vulkan_impl	review-required
vulkan	renderer/src/vulkan/render_context_vulkan_impl.cpp	791	destruction-or-release	~TessellatePipeline(	~TessellatePipeline() override	vulkan:renderer:render_context_vulkan_impl	review-required
vulkan	renderer/src/vulkan/render_context_vulkan_impl.cpp	793	destruction-or-release	DestroyPipelineLayout	m_vk->DestroyPipelineLayout(m_vk->device, m_pipelineLayout, nullptr);	vulkan:renderer:render_context_vulkan_impl	review-required
vulkan	renderer/src/vulkan/render_context_vulkan_impl.cpp	794	destruction-or-release	DestroyPipeline	m_vk->DestroyPipeline(m_vk->device, m_renderPipeline, nullptr);	vulkan:renderer:render_context_vulkan_impl	review-required
vulkan	renderer/src/vulkan/render_context_vulkan_impl.cpp	831	construction-or-allocation	CreatePipelineLayout	VK_CHECK(m_vk->CreatePipelineLayout(m_vk->device,	vulkan:renderer:render_context_vulkan_impl	review-required
vulkan	renderer/src/vulkan/render_context_vulkan_impl.cpp	843	construction-or-allocation	CreateShaderModule	VK_CHECK(m_vk->CreateShaderModule(m_vk->device,	vulkan:renderer:render_context_vulkan_impl	review-required
vulkan	renderer/src/vulkan/render_context_vulkan_impl.cpp	855	construction-or-allocation	CreateShaderModule	VK_CHECK(m_vk->CreateShaderModule(m_vk->device,	vulkan:renderer:render_context_vulkan_impl	review-required
vulkan	renderer/src/vulkan/render_context_vulkan_impl.cpp	867	construction-or-allocation	CreateShaderModule	VK_CHECK(m_vk->CreateShaderModule(m_vk->device,	vulkan:renderer:render_context_vulkan_impl	review-required
vulkan	renderer/src/vulkan/render_context_vulkan_impl.cpp	918	construction-or-allocation	CreateGraphicsPipelines	VK_CHECK(m_vk->CreateGraphicsPipelines(m_vk->device,	vulkan:renderer:render_context_vulkan_impl	review-required
vulkan	renderer/src/vulkan/render_context_vulkan_impl.cpp	930	construction-or-allocation	CreateGraphicsPipelines	VK_CHECK(m_vk->CreateGraphicsPipelines(m_vk->device,	vulkan:renderer:render_context_vulkan_impl	review-required
vulkan	renderer/src/vulkan/render_context_vulkan_impl.cpp	940	destruction-or-release	DestroyShaderModule	m_vk->DestroyShaderModule(m_vk->device, vertexShader, nullptr);	vulkan:renderer:render_context_vulkan_impl	review-required
vulkan	renderer/src/vulkan/render_context_vulkan_impl.cpp	941	destruction-or-release	DestroyShaderModule	m_vk->DestroyShaderModule(m_vk->device, fragmentFillShader, nullptr);	vulkan:renderer:render_context_vulkan_impl	review-required
vulkan	renderer/src/vulkan/render_context_vulkan_impl.cpp	942	destruction-or-release	DestroyShaderModule	m_vk->DestroyShaderModule(m_vk->device, fragmentStrokeShader, nullptr);	vulkan:renderer:render_context_vulkan_impl	review-required
vulkan	renderer/src/vulkan/render_context_vulkan_impl.cpp	945	destruction-or-release	~FeatherAtlasPipeline(	~FeatherAtlasPipeline() override	vulkan:renderer:render_context_vulkan_impl	review-required
vulkan	renderer/src/vulkan/render_context_vulkan_impl.cpp	947	destruction-or-release	DestroyPipelineLayout	m_vk->DestroyPipelineLayout(m_vk->device, m_pipelineLayout, nullptr);	vulkan:renderer:render_context_vulkan_impl	review-required
vulkan	renderer/src/vulkan/render_context_vulkan_impl.cpp	948	destruction-or-release	DestroyPipeline	m_vk->DestroyPipeline(m_vk->device, m_fillPipeline, nullptr);	vulkan:renderer:render_context_vulkan_impl	review-required
vulkan	renderer/src/vulkan/render_context_vulkan_impl.cpp	949	destruction-or-release	DestroyPipeline	m_vk->DestroyPipeline(m_vk->device, m_strokePipeline, nullptr);	vulkan:renderer:render_context_vulkan_impl	review-required
vulkan	renderer/src/vulkan/render_context_vulkan_impl.cpp	1143	construction-or-allocation	make_unique	m_pipelineManager = std::make_unique<PipelineManagerVulkan>(	vulkan:renderer:render_context_vulkan_impl	review-required
vulkan	renderer/src/vulkan/render_context_vulkan_impl.cpp	1150	construction-or-allocation	make_unique	std::make_unique<ColorRampPipeline>(m_pipelineManager.get(),	vulkan:renderer:render_context_vulkan_impl	review-required
vulkan	renderer/src/vulkan/render_context_vulkan_impl.cpp	1153	construction-or-allocation	make_unique	std::make_unique<TessellatePipeline>(m_pipelineManager.get(),	vulkan:renderer:render_context_vulkan_impl	review-required
vulkan	renderer/src/vulkan/render_context_vulkan_impl.cpp	1156	construction-or-allocation	make_unique	std::make_unique<FeatherAtlasPipeline>(m_pipelineManager.get(),	vulkan:renderer:render_context_vulkan_impl	review-required
vulkan	renderer/src/vulkan/render_context_vulkan_impl.cpp	1208	mapping-or-host-visibility	Mappability	vkutil::Mappability::writeOnly);	vulkan:renderer:render_context_vulkan_impl	review-required
vulkan	renderer/src/vulkan/render_context_vulkan_impl.cpp	1212	synchronization-or-submission	flushContents	m_tessSpanIndexBuffer->flushContents();	vulkan:renderer:render_context_vulkan_impl	review-required
vulkan	renderer/src/vulkan/render_context_vulkan_impl.cpp	1219	mapping-or-host-visibility	Mappability	vkutil::Mappability::writeOnly);	vulkan:renderer:render_context_vulkan_impl	review-required
vulkan	renderer/src/vulkan/render_context_vulkan_impl.cpp	1225	mapping-or-host-visibility	Mappability	vkutil::Mappability::writeOnly);	vulkan:renderer:render_context_vulkan_impl	review-required
vulkan	renderer/src/vulkan/render_context_vulkan_impl.cpp	1229	synchronization-or-submission	flushContents	m_pathPatchVertexBuffer->flushContents();	vulkan:renderer:render_context_vulkan_impl	review-required
vulkan	renderer/src/vulkan/render_context_vulkan_impl.cpp	1230	synchronization-or-submission	flushContents	m_pathPatchIndexBuffer->flushContents();	vulkan:renderer:render_context_vulkan_impl	review-required
vulkan	renderer/src/vulkan/render_context_vulkan_impl.cpp	1237	mapping-or-host-visibility	Mappability	vkutil::Mappability::writeOnly);	vulkan:renderer:render_context_vulkan_impl	review-required
vulkan	renderer/src/vulkan/render_context_vulkan_impl.cpp	1241	synchronization-or-submission	flushContents	m_imageRectVertexBuffer->flushContents();	vulkan:renderer:render_context_vulkan_impl	review-required
vulkan	renderer/src/vulkan/render_context_vulkan_impl.cpp	1247	mapping-or-host-visibility	Mappability	vkutil::Mappability::writeOnly);	vulkan:renderer:render_context_vulkan_impl	review-required
vulkan	renderer/src/vulkan/render_context_vulkan_impl.cpp	1251	synchronization-or-submission	flushContents	m_imageRectIndexBuffer->flushContents();	vulkan:renderer:render_context_vulkan_impl	review-required
vulkan	renderer/src/vulkan/render_context_vulkan_impl.cpp	1254	destruction-or-release	~RenderContextVulkanImpl(	RenderContextVulkanImpl::~RenderContextVulkanImpl()	vulkan:renderer:render_context_vulkan_impl	review-required
vulkan	renderer/src/vulkan/render_context_vulkan_impl.cpp	1257	failure-or-loss	assert	assert(m_flushUniformBuffer == nullptr);	vulkan:renderer:render_context_vulkan_impl	review-required
vulkan	renderer/src/vulkan/render_context_vulkan_impl.cpp	1258	failure-or-loss	assert	assert(m_pathBuffer == nullptr);	vulkan:renderer:render_context_vulkan_impl	review-required
vulkan	renderer/src/vulkan/render_context_vulkan_impl.cpp	1259	failure-or-loss	assert	assert(m_paintBuffer == nullptr);	vulkan:renderer:render_context_vulkan_impl	review-required
vulkan	renderer/src/vulkan/render_context_vulkan_impl.cpp	1260	failure-or-loss	assert	assert(m_paintAuxBuffer == nullptr);	vulkan:renderer:render_context_vulkan_impl	review-required
vulkan	renderer/src/vulkan/render_context_vulkan_impl.cpp	1261	failure-or-loss	assert	assert(m_contourBuffer == nullptr);	vulkan:renderer:render_context_vulkan_impl	review-required
vulkan	renderer/src/vulkan/render_context_vulkan_impl.cpp	1262	failure-or-loss	assert	assert(m_gradSpanBuffer == nullptr);	vulkan:renderer:render_context_vulkan_impl	review-required
vulkan	renderer/src/vulkan/render_context_vulkan_impl.cpp	1263	failure-or-loss	assert	assert(m_tessSpanBuffer == nullptr);	vulkan:renderer:render_context_vulkan_impl	review-required
vulkan	renderer/src/vulkan/render_context_vulkan_impl.cpp	1264	failure-or-loss	assert	assert(m_triangleBuffer == nullptr);	vulkan:renderer:render_context_vulkan_impl	review-required
vulkan	renderer/src/vulkan/render_context_vulkan_impl.cpp	1265	failure-or-loss	assert	assert(m_imageDrawInstanceBuffer == nullptr);	vulkan:renderer:render_context_vulkan_impl	review-required
vulkan	renderer/src/vulkan/render_context_vulkan_impl.cpp	1269	destruction-or-release	DestroyCommandPool	m_vk->DestroyCommandPool(m_vk->device, m_canvasCommandPool, nullptr);	vulkan:renderer:render_context_vulkan_impl	review-required
vulkan	renderer/src/vulkan/render_context_vulkan_impl.cpp	1370	destruction-or-release	reset	m_plsTransientImageArray.reset();	vulkan:renderer:render_context_vulkan_impl	review-required
vulkan	renderer/src/vulkan/render_context_vulkan_impl.cpp	1371	destruction-or-release	reset	m_plsTransientCoverageView.reset();	vulkan:renderer:render_context_vulkan_impl	review-required
vulkan	renderer/src/vulkan/render_context_vulkan_impl.cpp	1372	destruction-or-release	reset	m_plsTransientClipView.reset();	vulkan:renderer:render_context_vulkan_impl	review-required
vulkan	renderer/src/vulkan/render_context_vulkan_impl.cpp	1373	destruction-or-release	reset	m_plsTransientScratchColorTexture.reset();	vulkan:renderer:render_context_vulkan_impl	review-required
vulkan	renderer/src/vulkan/render_context_vulkan_impl.cpp	1374	destruction-or-release	reset	m_plsBlendStorageTexture_RGB10_A2.reset();	vulkan:renderer:render_context_vulkan_impl	review-required
vulkan	renderer/src/vulkan/render_context_vulkan_impl.cpp	1375	destruction-or-release	reset	m_plsTransientClipTexture_R16F.reset();	vulkan:renderer:render_context_vulkan_impl	review-required
vulkan	renderer/src/vulkan/render_context_vulkan_impl.cpp	1376	destruction-or-release	reset	m_plsOffscreenColorTexture.reset();	vulkan:renderer:render_context_vulkan_impl	review-required
vulkan	renderer/src/vulkan/render_context_vulkan_impl.cpp	1382	destruction-or-release	reset	m_plsAtomicCoverageTexture.reset();	vulkan:renderer:render_context_vulkan_impl	review-required
vulkan	renderer/src/vulkan/render_context_vulkan_impl.cpp	1394	thread-or-lock	atomic	"atomic coverage backing");	vulkan:renderer:render_context_vulkan_impl	review-required
vulkan	renderer/src/vulkan/render_context_vulkan_impl.cpp	1412	mapping-or-host-visibility	Mappability	vkutil::Mappability::none);	vulkan:renderer:render_context_vulkan_impl	review-required
vulkan	renderer/src/vulkan/render_context_vulkan_impl.cpp	1418	failure-or-loss	assert	assert(m_plsExtent.width != 0);	vulkan:renderer:render_context_vulkan_impl	review-required
vulkan	renderer/src/vulkan/render_context_vulkan_impl.cpp	1419	failure-or-loss	assert	assert(m_plsExtent.height != 0);	vulkan:renderer:render_context_vulkan_impl	review-required
vulkan	renderer/src/vulkan/render_context_vulkan_impl.cpp	1420	failure-or-loss	assert	assert(m_plsExtent.depth == 1);	vulkan:renderer:render_context_vulkan_impl	review-required
vulkan	renderer/src/vulkan/render_context_vulkan_impl.cpp	1421	failure-or-loss	assert	assert(m_plsTransientPlaneCount != 0);	vulkan:renderer:render_context_vulkan_impl	review-required
vulkan	renderer/src/vulkan/render_context_vulkan_impl.cpp	1491	failure-or-loss	assert	assert(m_plsExtent.width != 0);	vulkan:renderer:render_context_vulkan_impl	review-required
vulkan	renderer/src/vulkan/render_context_vulkan_impl.cpp	1492	failure-or-loss	assert	assert(m_plsExtent.height != 0);	vulkan:renderer:render_context_vulkan_impl	review-required
vulkan	renderer/src/vulkan/render_context_vulkan_impl.cpp	1493	failure-or-loss	assert	assert(m_plsExtent.depth == 1);	vulkan:renderer:render_context_vulkan_impl	review-required
vulkan	renderer/src/vulkan/render_context_vulkan_impl.cpp	1494	failure-or-loss	assert	assert(m_plsTransientPlaneCount != 0);	vulkan:renderer:render_context_vulkan_impl	review-required
vulkan	renderer/src/vulkan/render_context_vulkan_impl.cpp	1550	failure-or-loss	assert	assert(m_plsExtent.width != 0);	vulkan:renderer:render_context_vulkan_impl	review-required
vulkan	renderer/src/vulkan/render_context_vulkan_impl.cpp	1551	failure-or-loss	assert	assert(m_plsExtent.height != 0);	vulkan:renderer:render_context_vulkan_impl	review-required
vulkan	renderer/src/vulkan/render_context_vulkan_impl.cpp	1552	failure-or-loss	assert	assert(m_plsExtent.depth == 1);	vulkan:renderer:render_context_vulkan_impl	review-required
vulkan	renderer/src/vulkan/render_context_vulkan_impl.cpp	1553	failure-or-loss	assert	assert(m_plsTransientPlaneCount != 0);	vulkan:renderer:render_context_vulkan_impl	review-required
vulkan	renderer/src/vulkan/render_context_vulkan_impl.cpp	1570	synchronization-or-submission	barrier	m_plsOffscreenColorTexture->barrier(commandBuffer,	vulkan:renderer:render_context_vulkan_impl	review-required
vulkan	renderer/src/vulkan/render_context_vulkan_impl.cpp	1729	construction-or-allocation	CreateCommandPool	VK_CHECK(m_vk->CreateCommandPool(m_vk->device,	vulkan:renderer:render_context_vulkan_impl	review-required
vulkan	renderer/src/vulkan/render_context_vulkan_impl.cpp	1741	construction-or-allocation	AllocateCommandBuffers	if (m_vk->AllocateCommandBuffers(m_vk->device, &ai, &cmdBuf) != VK_SUCCESS)	vulkan:renderer:render_context_vulkan_impl	review-required
vulkan	renderer/src/vulkan/render_context_vulkan_impl.cpp	1771	destruction-or-release	FreeCommandBuffers	m_vk->FreeCommandBuffers(m_vk->device, m_canvasCommandPool, 1, &cmdBuf);	vulkan:renderer:render_context_vulkan_impl	review-required
vulkan	renderer/src/vulkan/render_context_vulkan_impl.cpp	1778	failure-or-loss	assert	assert(m_flushUniformBuffer == nullptr);	vulkan:renderer:render_context_vulkan_impl	review-required
vulkan	renderer/src/vulkan/render_context_vulkan_impl.cpp	1779	failure-or-loss	assert	assert(m_pathBuffer == nullptr);	vulkan:renderer:render_context_vulkan_impl	review-required
vulkan	renderer/src/vulkan/render_context_vulkan_impl.cpp	1780	failure-or-loss	assert	assert(m_paintBuffer == nullptr);	vulkan:renderer:render_context_vulkan_impl	review-required
vulkan	renderer/src/vulkan/render_context_vulkan_impl.cpp	1781	failure-or-loss	assert	assert(m_paintAuxBuffer == nullptr);	vulkan:renderer:render_context_vulkan_impl	review-required
vulkan	renderer/src/vulkan/render_context_vulkan_impl.cpp	1782	failure-or-loss	assert	assert(m_contourBuffer == nullptr);	vulkan:renderer:render_context_vulkan_impl	review-required
vulkan	renderer/src/vulkan/render_context_vulkan_impl.cpp	1783	failure-or-loss	assert	assert(m_gradSpanBuffer == nullptr);	vulkan:renderer:render_context_vulkan_impl	review-required
vulkan	renderer/src/vulkan/render_context_vulkan_impl.cpp	1784	failure-or-loss	assert	assert(m_tessSpanBuffer == nullptr);	vulkan:renderer:render_context_vulkan_impl	review-required
vulkan	renderer/src/vulkan/render_context_vulkan_impl.cpp	1785	failure-or-loss	assert	assert(m_triangleBuffer == nullptr);	vulkan:renderer:render_context_vulkan_impl	review-required
vulkan	renderer/src/vulkan/render_context_vulkan_impl.cpp	1786	failure-or-loss	assert	assert(m_imageDrawInstanceBuffer == nullptr);	vulkan:renderer:render_context_vulkan_impl	review-required
vulkan	renderer/src/vulkan/render_context_vulkan_impl.cpp	1800	construction-or-allocation	acquire	m_flushUniformBuffer = m_flushUniformBufferPool.acquire();	vulkan:renderer:render_context_vulkan_impl	review-required
vulkan	renderer/src/vulkan/render_context_vulkan_impl.cpp	1801	construction-or-allocation	acquire	m_pathBuffer = m_pathBufferPool.acquire();	vulkan:renderer:render_context_vulkan_impl	review-required
vulkan	renderer/src/vulkan/render_context_vulkan_impl.cpp	1802	construction-or-allocation	acquire	m_paintBuffer = m_paintBufferPool.acquire();	vulkan:renderer:render_context_vulkan_impl	review-required
vulkan	renderer/src/vulkan/render_context_vulkan_impl.cpp	1803	construction-or-allocation	acquire	m_paintAuxBuffer = m_paintAuxBufferPool.acquire();	vulkan:renderer:render_context_vulkan_impl	review-required
vulkan	renderer/src/vulkan/render_context_vulkan_impl.cpp	1804	construction-or-allocation	acquire	m_contourBuffer = m_contourBufferPool.acquire();	vulkan:renderer:render_context_vulkan_impl	review-required
vulkan	renderer/src/vulkan/render_context_vulkan_impl.cpp	1805	construction-or-allocation	acquire	m_gradSpanBuffer = m_gradSpanBufferPool.acquire();	vulkan:renderer:render_context_vulkan_impl	review-required
vulkan	renderer/src/vulkan/render_context_vulkan_impl.cpp	1806	construction-or-allocation	acquire	m_tessSpanBuffer = m_tessSpanBufferPool.acquire();	vulkan:renderer:render_context_vulkan_impl	review-required
vulkan	renderer/src/vulkan/render_context_vulkan_impl.cpp	1807	construction-or-allocation	acquire	m_triangleBuffer = m_triangleBufferPool.acquire();	vulkan:renderer:render_context_vulkan_impl	review-required
vulkan	renderer/src/vulkan/render_context_vulkan_impl.cpp	1808	construction-or-allocation	acquire	m_imageDrawInstanceBuffer = m_imageDrawInstanceBufferPool.acquire();	vulkan:renderer:render_context_vulkan_impl	review-required
vulkan	renderer/src/vulkan/render_context_vulkan_impl.cpp	1872	construction-or-allocation	CreateDescriptorPool	VK_CHECK(vk()->CreateDescriptorPool(vk()->device,	vulkan:renderer:render_context_vulkan_impl	review-required
vulkan	renderer/src/vulkan/render_context_vulkan_impl.cpp	1878	destruction-or-release	~DescriptorSetPool(	RenderContextVulkanImpl::DescriptorSetPool::~DescriptorSetPool()	vulkan:renderer:render_context_vulkan_impl	review-required
vulkan	renderer/src/vulkan/render_context_vulkan_impl.cpp	1880	destruction-or-release	DestroyDescriptorPool	vk()->DestroyDescriptorPool(vk()->device, m_vkDescriptorPool, nullptr);	vulkan:renderer:render_context_vulkan_impl	review-required
vulkan	renderer/src/vulkan/render_context_vulkan_impl.cpp	1884	construction-or-allocation	allocateDescriptorSet	allocateDescriptorSet(VkDescriptorSetLayout layout)	vulkan:renderer:render_context_vulkan_impl	review-required
vulkan	renderer/src/vulkan/render_context_vulkan_impl.cpp	1894	construction-or-allocation	AllocateDescriptorSets	VK_CHECK(vk()->AllocateDescriptorSets(vk()->device,	vulkan:renderer:render_context_vulkan_impl	review-required
vulkan	renderer/src/vulkan/render_context_vulkan_impl.cpp	1901	destruction-or-release	reset	void RenderContextVulkanImpl::DescriptorSetPool::reset()	vulkan:renderer:render_context_vulkan_impl	review-required
vulkan	renderer/src/vulkan/render_context_vulkan_impl.cpp	1903	destruction-or-release	ResetDescriptorPool	vk()->ResetDescriptorPool(vk()->device, m_vkDescriptorPool, 0);	vulkan:renderer:render_context_vulkan_impl	review-required
vulkan	renderer/src/vulkan/render_context_vulkan_impl.cpp	1907	construction-or-allocation	acquire	DescriptorSetPoolPool::acquire()	vulkan:renderer:render_context_vulkan_impl	review-required
vulkan	renderer/src/vulkan/render_context_vulkan_impl.cpp	1910	construction-or-allocation	acquire	static_rcp_cast<DescriptorSetPool>(GPUResourcePool::acquire());	vulkan:renderer:render_context_vulkan_impl	review-required
vulkan	renderer/src/vulkan/render_context_vulkan_impl.cpp	1918	destruction-or-release	reset	descriptorSetPool->reset();	vulkan:renderer:render_context_vulkan_impl	review-required
vulkan	renderer/src/vulkan/render_context_vulkan_impl.cpp	1926	construction-or-allocation	acquire	m_descriptorSetPool(m_descriptorSetPoolPool->acquire()),	vulkan:renderer:render_context_vulkan_impl	review-required
vulkan	renderer/src/vulkan/render_context_vulkan_impl.cpp	1927	construction-or-allocation	allocateDescriptorSet	m_perFlushDescriptorSet(m_descriptorSetPool->allocateDescriptorSet(	vulkan:renderer:render_context_vulkan_impl	review-required
vulkan	renderer/src/vulkan/render_context_vulkan_impl.cpp	1933	destruction-or-release	~DescriptorSetAllocator(	RenderContextVulkanImpl::DescriptorSetAllocator::~DescriptorSetAllocator()	vulkan:renderer:render_context_vulkan_impl	review-required
vulkan	renderer/src/vulkan/render_context_vulkan_impl.cpp	1939	construction-or-allocation	allocatePerDrawDescriptorSet	allocatePerDrawDescriptorSet()	vulkan:renderer:render_context_vulkan_impl	review-required
vulkan	renderer/src/vulkan/render_context_vulkan_impl.cpp	1946	construction-or-allocation	acquire	m_descriptorSetPool = m_descriptorSetPoolPool->acquire();	vulkan:renderer:render_context_vulkan_impl	review-required
vulkan	renderer/src/vulkan/render_context_vulkan_impl.cpp	1950	construction-or-allocation	allocateDescriptorSet	return m_descriptorSetPool->allocateDescriptorSet(	vulkan:renderer:render_context_vulkan_impl	review-required
vulkan	renderer/src/vulkan/render_context_vulkan_impl.cpp	1955	construction-or-allocation	allocateDescriptorSet	allocateDescriptorSet(VkDescriptorSetLayout layout)	vulkan:renderer:render_context_vulkan_impl	review-required
vulkan	renderer/src/vulkan/render_context_vulkan_impl.cpp	1957	construction-or-allocation	allocateDescriptorSet	return m_descriptorSetPool->allocateDescriptorSet(layout);	vulkan:renderer:render_context_vulkan_impl	review-required
vulkan	renderer/src/vulkan/render_context_vulkan_impl.cpp	1962	synchronization-or-submission	FlushDescriptor	const FlushDescriptor& desc,	vulkan:renderer:render_context_vulkan_impl	review-required
vulkan	renderer/src/vulkan/render_context_vulkan_impl.cpp	2009	failure-or-loss	assert	assert(framebufferViews.size() == COLOR_PLANE_IDX);	vulkan:renderer:render_context_vulkan_impl	review-required
vulkan	renderer/src/vulkan/render_context_vulkan_impl.cpp	2017	failure-or-loss	assert	assert(framebufferViews.size() == CLIP_PLANE_IDX);	vulkan:renderer:render_context_vulkan_impl	review-required
vulkan	renderer/src/vulkan/render_context_vulkan_impl.cpp	2021	failure-or-loss	assert	assert(framebufferViews.size() == SCRATCH_COLOR_PLANE_IDX);	vulkan:renderer:render_context_vulkan_impl	review-required
vulkan	renderer/src/vulkan/render_context_vulkan_impl.cpp	2026	failure-or-loss	assert	assert(framebufferViews.size() == COVERAGE_PLANE_IDX);	vulkan:renderer:render_context_vulkan_impl	review-required
vulkan	renderer/src/vulkan/render_context_vulkan_impl.cpp	2036	failure-or-loss	assert	assert(framebufferViews.size() == PLS_PLANE_COUNT);	vulkan:renderer:render_context_vulkan_impl	review-required
vulkan	renderer/src/vulkan/render_context_vulkan_impl.cpp	2050	thread-or-lock	atomics	case gpu::InterlockMode::atomics:	vulkan:renderer:render_context_vulkan_impl	review-required
vulkan	renderer/src/vulkan/render_context_vulkan_impl.cpp	2051	failure-or-loss	assert	assert(framebufferViews.size() == CLIP_PLANE_IDX);	vulkan:renderer:render_context_vulkan_impl	review-required
vulkan	renderer/src/vulkan/render_context_vulkan_impl.cpp	2058	thread-or-lock	atomicCoalescedResolveAndTransfer	RenderPassOptionsVulkan::atomicCoalescedResolveAndTransfer))	vulkan:renderer:render_context_vulkan_impl	review-required
vulkan	renderer/src/vulkan/render_context_vulkan_impl.cpp	2060	failure-or-loss	assert	assert(m_desc.interlockMode == gpu::InterlockMode::atomics);	vulkan:renderer:render_context_vulkan_impl	review-required
vulkan	renderer/src/vulkan/render_context_vulkan_impl.cpp	2060	thread-or-lock	atomics	assert(m_desc.interlockMode == gpu::InterlockMode::atomics);	vulkan:renderer:render_context_vulkan_impl	review-required
vulkan	renderer/src/vulkan/render_context_vulkan_impl.cpp	2061	failure-or-loss	assert	assert(framebufferViews.size() == COALESCED_ATOMIC_RESOLVE_IDX);	vulkan:renderer:render_context_vulkan_impl	review-required
vulkan	renderer/src/vulkan/render_context_vulkan_impl.cpp	2086	failure-or-loss	assert	assert(framebufferViews.size() == CLIP_PLANE_IDX);	vulkan:renderer:render_context_vulkan_impl	review-required
vulkan	renderer/src/vulkan/render_context_vulkan_impl.cpp	2093	failure-or-loss	assert	assert(framebufferViews.size() == MSAA_DEPTH_STENCIL_IDX);	vulkan:renderer:render_context_vulkan_impl	review-required
vulkan	renderer/src/vulkan/render_context_vulkan_impl.cpp	2099	failure-or-loss	assert	assert(framebufferViews.size() == MSAA_RESOLVE_IDX);	vulkan:renderer:render_context_vulkan_impl	review-required
vulkan	renderer/src/vulkan/render_context_vulkan_impl.cpp	2107	failure-or-loss	assert	assert(overrideColorLoadAction ==	vulkan:renderer:render_context_vulkan_impl	review-required
vulkan	renderer/src/vulkan/render_context_vulkan_impl.cpp	2109	failure-or-loss	assert	assert(m_msaaColorSeedImageView != VK_NULL_HANDLE);	vulkan:renderer:render_context_vulkan_impl	review-required
vulkan	renderer/src/vulkan/render_context_vulkan_impl.cpp	2110	failure-or-loss	assert	assert(m_msaaColorSeedImageView != m_msaaResolveImageView);	vulkan:renderer:render_context_vulkan_impl	review-required
vulkan	renderer/src/vulkan/render_context_vulkan_impl.cpp	2111	failure-or-loss	assert	assert(framebufferViews.size() == MSAA_COLOR_SEED_IDX);	vulkan:renderer:render_context_vulkan_impl	review-required
vulkan	renderer/src/vulkan/render_context_vulkan_impl.cpp	2127	failure-or-loss	assert	assert(clearValues.size() == framebufferViews.size());	vulkan:renderer:render_context_vulkan_impl	review-required
vulkan	renderer/src/vulkan/render_context_vulkan_impl.cpp	2176	failure-or-loss	assert	assert(&restartedLayout == &m_pipelineLayout);	vulkan:renderer:render_context_vulkan_impl	review-required
vulkan	renderer/src/vulkan/render_context_vulkan_impl.cpp	2184	failure-or-loss	assert	assert(nextTessPatchCount <= workarounds.maxInstancesPerRenderPass);	vulkan:renderer:render_context_vulkan_impl	review-required
vulkan	renderer/src/vulkan/render_context_vulkan_impl.cpp	2194	failure-or-loss	assert	assert(enums::is_flag_set(	vulkan:renderer:render_context_vulkan_impl	review-required
vulkan	renderer/src/vulkan/render_context_vulkan_impl.cpp	2199	failure-or-loss	assert	assert(!enums::is_flag_set(renderPassOptions,	vulkan:renderer:render_context_vulkan_impl	review-required
vulkan	renderer/src/vulkan/render_context_vulkan_impl.cpp	2217	synchronization-or-submission	FlushDescriptor	void RenderContextVulkanImpl::flush(const FlushDescriptor& desc)	vulkan:renderer:render_context_vulkan_impl	review-required
vulkan	renderer/src/vulkan/render_context_vulkan_impl.cpp	2217	synchronization-or-submission	flush	void RenderContextVulkanImpl::flush(const FlushDescriptor& desc)	vulkan:renderer:render_context_vulkan_impl	review-required
vulkan	renderer/src/vulkan/render_context_vulkan_impl.cpp	2249	failure-or-loss	assert	assert(desc.interlockMode != gpu::InterlockMode::msaa ||	vulkan:renderer:render_context_vulkan_impl	review-required
vulkan	renderer/src/vulkan/render_context_vulkan_impl.cpp	2254	failure-or-loss	assert	assert(commandBuffer != VK_NULL_HANDLE);	vulkan:renderer:render_context_vulkan_impl	review-required
vulkan	renderer/src/vulkan/render_context_vulkan_impl.cpp	2302	failure-or-loss	assert	assert(!(m_plsTransientUsageFlags &	vulkan:renderer:render_context_vulkan_impl	review-required
vulkan	renderer/src/vulkan/render_context_vulkan_impl.cpp	2306	failure-or-loss	assert	assert(!desc.manuallyResolved);	vulkan:renderer:render_context_vulkan_impl	review-required
vulkan	renderer/src/vulkan/render_context_vulkan_impl.cpp	2321	synchronization-or-submission	flushUniformDataOffsetInBytes	.offset = desc.flushUniformDataOffsetInBytes,	vulkan:renderer:render_context_vulkan_impl	review-required
vulkan	renderer/src/vulkan/render_context_vulkan_impl.cpp	2322	synchronization-or-submission	FlushUniforms	.range = sizeof(gpu::FlushUniforms),	vulkan:renderer:render_context_vulkan_impl	review-required
vulkan	renderer/src/vulkan/render_context_vulkan_impl.cpp	2527	synchronization-or-submission	barrier	m_tessTexture->barrier(	vulkan:renderer:render_context_vulkan_impl	review-required
vulkan	renderer/src/vulkan/render_context_vulkan_impl.cpp	2613	synchronization-or-submission	barrier	m_tessTexture->barrier(	vulkan:renderer:render_context_vulkan_impl	review-required
vulkan	renderer/src/vulkan/render_context_vulkan_impl.cpp	2626	synchronization-or-submission	barrier	m_tesselationSyncIssueWorkaroundTexture->barrier(	vulkan:renderer:render_context_vulkan_impl	review-required
vulkan	renderer/src/vulkan/render_context_vulkan_impl.cpp	2642	construction-or-allocation	MakeWH	IAABB::MakeWH(	vulkan:renderer:render_context_vulkan_impl	review-required
vulkan	renderer/src/vulkan/render_context_vulkan_impl.cpp	2660	synchronization-or-submission	barrier	m_tessTexture->barrier(	vulkan:renderer:render_context_vulkan_impl	review-required
vulkan	renderer/src/vulkan/render_context_vulkan_impl.cpp	2896	thread-or-lock	atomics	desc.interlockMode == gpu::InterlockMode::atomics) &&	vulkan:renderer:render_context_vulkan_impl	review-required
vulkan	renderer/src/vulkan/render_context_vulkan_impl.cpp	2994	thread-or-lock	atomics	if (desc.interlockMode == gpu::InterlockMode::atomics)	vulkan:renderer:render_context_vulkan_impl	review-required
vulkan	renderer/src/vulkan/render_context_vulkan_impl.cpp	2997	thread-or-lock	atomicCoalescedResolveAndTransfer	RenderPassOptionsVulkan::atomicCoalescedResolveAndTransfer;	vulkan:renderer:render_context_vulkan_impl	review-required
vulkan	renderer/src/vulkan/render_context_vulkan_impl.cpp	3003	thread-or-lock	atomics	desc.interlockMode == gpu::InterlockMode::atomics)	vulkan:renderer:render_context_vulkan_impl	review-required
vulkan	renderer/src/vulkan/render_context_vulkan_impl.cpp	3007	thread-or-lock	atomics	(desc.interlockMode == gpu::InterlockMode::atomics)	vulkan:renderer:render_context_vulkan_impl	review-required
vulkan	renderer/src/vulkan/render_context_vulkan_impl.cpp	3011	failure-or-loss	assert	assert(plsBackingType == PLSBackingType::inputAttachment ||	vulkan:renderer:render_context_vulkan_impl	review-required
vulkan	renderer/src/vulkan/render_context_vulkan_impl.cpp	3031	construction-or-allocation	newLayout	.newLayout = VK_IMAGE_LAYOUT_GENERAL,	vulkan:renderer:render_context_vulkan_impl	review-required
vulkan	renderer/src/vulkan/render_context_vulkan_impl.cpp	3040	thread-or-lock	atomics	if (desc.interlockMode == gpu::InterlockMode::atomics)	vulkan:renderer:render_context_vulkan_impl	review-required
vulkan	renderer/src/vulkan/render_context_vulkan_impl.cpp	3060	failure-or-loss	assert	assert(desc.coverageClearValue == 0);	vulkan:renderer:render_context_vulkan_impl	review-required
vulkan	renderer/src/vulkan/render_context_vulkan_impl.cpp	3094	construction-or-allocation	newLayout	.newLayout = VK_IMAGE_LAYOUT_GENERAL,	vulkan:renderer:render_context_vulkan_impl	review-required
vulkan	renderer/src/vulkan/render_context_vulkan_impl.cpp	3106	failure-or-loss	assert	assert(desc.interlockMode != gpu::InterlockMode::rasterOrdering ||	vulkan:renderer:render_context_vulkan_impl	review-required
vulkan	renderer/src/vulkan/render_context_vulkan_impl.cpp	3118	synchronization-or-submission	barrier	plsBlendStorageTexture_RGB10_A2()->barrier(	vulkan:renderer:render_context_vulkan_impl	review-required
vulkan	renderer/src/vulkan/render_context_vulkan_impl.cpp	3137	failure-or-loss	assert	assert(m_coverageBuffer != nullptr);	vulkan:renderer:render_context_vulkan_impl	review-required
vulkan	renderer/src/vulkan/render_context_vulkan_impl.cpp	3195	construction-or-allocation	MakeWH	IAABB::MakeWH(virtualTileWidth, virtualTileHeight)	vulkan:renderer:render_context_vulkan_impl	review-required
vulkan	renderer/src/vulkan/render_context_vulkan_impl.cpp	3222	construction-or-allocation	allocateDescriptorSet	descriptorSetAllocator.allocateDescriptorSet(	vulkan:renderer:render_context_vulkan_impl	review-required
vulkan	renderer/src/vulkan/render_context_vulkan_impl.cpp	3251	thread-or-lock	atomics	(desc.interlockMode == gpu::InterlockMode::atomics)	vulkan:renderer:render_context_vulkan_impl	review-required
vulkan	renderer/src/vulkan/render_context_vulkan_impl.cpp	3289	thread-or-lock	atomics	desc.interlockMode == gpu::InterlockMode::atomics ||	vulkan:renderer:render_context_vulkan_impl	review-required
vulkan	renderer/src/vulkan/render_context_vulkan_impl.cpp	3297	thread-or-lock	atomics	(desc.interlockMode == gpu::InterlockMode::atomics)	vulkan:renderer:render_context_vulkan_impl	review-required
vulkan	renderer/src/vulkan/render_context_vulkan_impl.cpp	3303	thread-or-lock	atomics	(desc.interlockMode == gpu::InterlockMode::atomics)	vulkan:renderer:render_context_vulkan_impl	review-required
vulkan	renderer/src/vulkan/render_context_vulkan_impl.cpp	3312	failure-or-loss	assert	assert(desc.interlockMode == gpu::InterlockMode::msaa &&	vulkan:renderer:render_context_vulkan_impl	review-required
vulkan	renderer/src/vulkan/render_context_vulkan_impl.cpp	3363	construction-or-allocation	MakeWH	IAABB::MakeWH(virtualTileWidth, virtualTileHeight)	vulkan:renderer:render_context_vulkan_impl	review-required
vulkan	renderer/src/vulkan/render_context_vulkan_impl.cpp	3375	synchronization-or-submission	submitDrawList	submitDrawList(desc,	vulkan:renderer:render_context_vulkan_impl	review-required
vulkan	renderer/src/vulkan/render_context_vulkan_impl.cpp	3390	thread-or-lock	atomicCoalescedResolveAndTransfer	RenderPassOptionsVulkan::atomicCoalescedResolveAndTransfer))	vulkan:renderer:render_context_vulkan_impl	review-required
vulkan	renderer/src/vulkan/render_context_vulkan_impl.cpp	3399	failure-or-loss	assert	assert(desc.interlockMode != gpu::InterlockMode::rasterOrdering ||	vulkan:renderer:render_context_vulkan_impl	review-required
vulkan	renderer/src/vulkan/render_context_vulkan_impl.cpp	3407	failure-or-loss	assert	assert(desc.interlockMode != gpu::InterlockMode::atomics);	vulkan:renderer:render_context_vulkan_impl	review-required
vulkan	renderer/src/vulkan/render_context_vulkan_impl.cpp	3407	thread-or-lock	atomics	assert(desc.interlockMode != gpu::InterlockMode::atomics);	vulkan:renderer:render_context_vulkan_impl	review-required
vulkan	renderer/src/vulkan/render_context_vulkan_impl.cpp	3410	failure-or-loss	assert	assert(desc.interlockMode != gpu::InterlockMode::msaa);	vulkan:renderer:render_context_vulkan_impl	review-required
vulkan	renderer/src/vulkan/render_context_vulkan_impl.cpp	3520	synchronization-or-submission	submitDrawList	void RenderContextVulkanImpl::submitDrawList(	vulkan:renderer:render_context_vulkan_impl	review-required
vulkan	renderer/src/vulkan/render_context_vulkan_impl.cpp	3521	synchronization-or-submission	FlushDescriptor	const FlushDescriptor& desc,	vulkan:renderer:render_context_vulkan_impl	review-required
vulkan	renderer/src/vulkan/render_context_vulkan_impl.cpp	3538	failure-or-loss	assert	assert(batch.elementCount > 0);	vulkan:renderer:render_context_vulkan_impl	review-required
vulkan	renderer/src/vulkan/render_context_vulkan_impl.cpp	3555	construction-or-allocation	allocatePerDrawDescriptorSet	descriptorSetAllocator->allocatePerDrawDescriptorSet();	vulkan:renderer:render_context_vulkan_impl	review-required
vulkan	renderer/src/vulkan/render_context_vulkan_impl.cpp	3589	thread-or-lock	atomics	desc.interlockMode == gpu::InterlockMode::atomics	vulkan:renderer:render_context_vulkan_impl	review-required
vulkan	renderer/src/vulkan/render_context_vulkan_impl.cpp	3596	thread-or-lock	atomicCoalescedResolveAndTransfer	RenderPassOptionsVulkan::atomicCoalescedResolveAndTransfer) &&	vulkan:renderer:render_context_vulkan_impl	review-required
vulkan	renderer/src/vulkan/render_context_vulkan_impl.cpp	3599	failure-or-loss	assert	assert(desc.interlockMode == gpu::InterlockMode::atomics);	vulkan:renderer:render_context_vulkan_impl	review-required
vulkan	renderer/src/vulkan/render_context_vulkan_impl.cpp	3599	thread-or-lock	atomics	assert(desc.interlockMode == gpu::InterlockMode::atomics);	vulkan:renderer:render_context_vulkan_impl	review-required
vulkan	renderer/src/vulkan/render_context_vulkan_impl.cpp	3610	synchronization-or-submission	barriers	if (enums::any_flag_set(batch.barriers,	vulkan:renderer:render_context_vulkan_impl	review-required
vulkan	renderer/src/vulkan/render_context_vulkan_impl.cpp	3611	synchronization-or-submission	BarrierFlags	gpu::BarrierFlags::plsAtomicPreResolve |	vulkan:renderer:render_context_vulkan_impl	review-required
vulkan	renderer/src/vulkan/render_context_vulkan_impl.cpp	3612	synchronization-or-submission	BarrierFlags	gpu::BarrierFlags::msaaPostInit |	vulkan:renderer:render_context_vulkan_impl	review-required
vulkan	renderer/src/vulkan/render_context_vulkan_impl.cpp	3613	synchronization-or-submission	BarrierFlags	gpu::BarrierFlags::preManualResolve |	vulkan:renderer:render_context_vulkan_impl	review-required
vulkan	renderer/src/vulkan/render_context_vulkan_impl.cpp	3614	synchronization-or-submission	BarrierFlags	BarrierFlags::clockwiseBorrowedCoverage))	vulkan:renderer:render_context_vulkan_impl	review-required
vulkan	renderer/src/vulkan/render_context_vulkan_impl.cpp	3619	synchronization-or-submission	barriers	if (enums::any_flag_set(batch.barriers,	vulkan:renderer:render_context_vulkan_impl	review-required
vulkan	renderer/src/vulkan/render_context_vulkan_impl.cpp	3620	synchronization-or-submission	BarrierFlags	BarrierFlags::plsAtomic |	vulkan:renderer:render_context_vulkan_impl	review-required
vulkan	renderer/src/vulkan/render_context_vulkan_impl.cpp	3621	synchronization-or-submission	BarrierFlags	BarrierFlags::dstBlend))	vulkan:renderer:render_context_vulkan_impl	review-required
vulkan	renderer/src/vulkan/render_context_vulkan_impl.cpp	3623	failure-or-loss	assert	assert(desc.interlockMode == gpu::InterlockMode::atomics ||	vulkan:renderer:render_context_vulkan_impl	review-required
vulkan	renderer/src/vulkan/render_context_vulkan_impl.cpp	3623	thread-or-lock	atomics	assert(desc.interlockMode == gpu::InterlockMode::atomics ||	vulkan:renderer:render_context_vulkan_impl	review-required
vulkan	renderer/src/vulkan/render_context_vulkan_impl.cpp	3626	synchronization-or-submission	barriers	enums::is_flag_set(batch.barriers,	vulkan:renderer:render_context_vulkan_impl	review-required
vulkan	renderer/src/vulkan/render_context_vulkan_impl.cpp	3627	synchronization-or-submission	BarrierFlags	BarrierFlags::plsAtomic))) ||	vulkan:renderer:render_context_vulkan_impl	review-required
vulkan	renderer/src/vulkan/render_context_vulkan_impl.cpp	3632	failure-or-loss	assert	assert(!enums::is_flag_set(	vulkan:renderer:render_context_vulkan_impl	review-required
vulkan	renderer/src/vulkan/render_context_vulkan_impl.cpp	3635	failure-or-loss	assert	assert(drawType != gpu::DrawType::renderPassResolve);	vulkan:renderer:render_context_vulkan_impl	review-required
vulkan	renderer/src/vulkan/render_context_vulkan_impl.cpp	3776	failure-or-loss	assert	assert(!m_workarounds.needsInterruptibleRenderPasses());	vulkan:renderer:render_context_vulkan_impl	review-required
vulkan	renderer/src/vulkan/render_context_vulkan_impl.cpp	3836	failure-or-loss	assert	assert(desc.interlockMode == gpu::InterlockMode::atomics);	vulkan:renderer:render_context_vulkan_impl	review-required
vulkan	renderer/src/vulkan/render_context_vulkan_impl.cpp	3836	thread-or-lock	atomics	assert(desc.interlockMode == gpu::InterlockMode::atomics);	vulkan:renderer:render_context_vulkan_impl	review-required
vulkan	renderer/src/vulkan/render_context_vulkan_impl.cpp	3923	synchronization-or-submission	BarrierFlags	gpu::BarrierFlags::clockwiseBorrowedCoverage))	vulkan:renderer:render_context_vulkan_impl	review-required
vulkan	renderer/src/vulkan/render_context_vulkan_impl.cpp	3931	failure-or-loss	assert	assert(pendingTessPatchCount == 0);	vulkan:renderer:render_context_vulkan_impl	review-required
vulkan	renderer/src/vulkan/render_context_vulkan_impl.cpp	3934	synchronization-or-submission	FlushResources	void RenderContextVulkanImpl::postFlush(const RenderContext::FlushResources&)	vulkan:renderer:render_context_vulkan_impl	review-required
vulkan	renderer/src/vulkan/render_context_vulkan_impl.cpp	3956	construction-or-allocation	make_unique	std::make_unique<ColorRampPipeline>(m_pipelineManager.get(),	vulkan:renderer:render_context_vulkan_impl	review-required
vulkan	renderer/src/vulkan/render_context_vulkan_impl.cpp	3959	construction-or-allocation	make_unique	std::make_unique<TessellatePipeline>(m_pipelineManager.get(),	vulkan:renderer:render_context_vulkan_impl	review-required
vulkan	renderer/src/vulkan/render_context_vulkan_impl.cpp	3962	construction-or-allocation	make_unique	std::make_unique<FeatherAtlasPipeline>(m_pipelineManager.get(),	vulkan:renderer:render_context_vulkan_impl	review-required
vulkan	renderer/src/vulkan/render_context_vulkan_impl.cpp	3992	synchronization-or-submission	waitForAsyncPipelineCreation	void RenderContextVulkanImpl::waitForAsyncPipelineCreation()	vulkan:renderer:render_context_vulkan_impl	review-required
vulkan	renderer/src/vulkan/render_context_vulkan_impl.cpp	3994	synchronization-or-submission	waitForAllBackgroundPipelineCreation	m_pipelineManager->waitForAllBackgroundPipelineCreation();	vulkan:renderer:render_context_vulkan_impl	review-required
vulkan	renderer/src/vulkan/render_context_vulkan_impl.cpp	3997	construction-or-allocation	MakeContext	std::unique_ptr<RenderContext> RenderContextVulkanImpl::MakeContext(	vulkan:renderer:render_context_vulkan_impl	review-required
vulkan	renderer/src/vulkan/render_context_vulkan_impl.cpp	4027	construction-or-allocation	newer	"ERROR: Rive Vulkan renderer requires Android 10 or newer.");	vulkan:renderer:render_context_vulkan_impl	review-required
vulkan	renderer/src/vulkan/render_context_vulkan_impl.cpp	4056	construction-or-allocation	new	new RenderContextVulkanImpl(std::move(vk), contextOptions));	vulkan:renderer:render_context_vulkan_impl	review-required
vulkan	renderer/src/vulkan/render_context_vulkan_impl.cpp	4062	thread-or-lock	atomic	"ERROR: Requested \"atomic\" mode but Vulkan does not support fragmentStoresAndAtomics on this platform.");	vulkan:renderer:render_context_vulkan_impl	review-required
vulkan	renderer/src/vulkan/render_context_vulkan_impl.cpp	4067	construction-or-allocation	make_unique	return std::make_unique<RenderContext>(std::move(impl));	vulkan:renderer:render_context_vulkan_impl	review-required
vulkan	renderer/src/vulkan/render_pass_vulkan.cpp	48	failure-or-loss	assert	assert(format > LAST_NON_SPARSE_VK_FORMAT);	vulkan:renderer:render_pass	review-required
vulkan	renderer/src/vulkan/render_pass_vulkan.cpp	143	failure-or-loss	assert	assert(false && "Given sparse VkFormat is not supported");	vulkan:renderer:render_pass	review-required
vulkan	renderer/src/vulkan/render_pass_vulkan.cpp	168	failure-or-loss	assert	assert(static_cast<uint32_t>(loadAction) < 1 << LOAD_OP_BIT_COUNT);	vulkan:renderer:render_pass	review-required
vulkan	renderer/src/vulkan/render_pass_vulkan.cpp	173	failure-or-loss	assert	assert(renderFormatKey < 1 << FORMAT_BIT_COUNT);	vulkan:renderer:render_pass	review-required
vulkan	renderer/src/vulkan/render_pass_vulkan.cpp	174	failure-or-loss	assert	assert(key << FORMAT_BIT_COUNT >> FORMAT_BIT_COUNT == key);	vulkan:renderer:render_pass	review-required
vulkan	renderer/src/vulkan/render_pass_vulkan.cpp	178	failure-or-loss	assert	assert(static_cast<uint32_t>(renderPassOptions) <	vulkan:renderer:render_pass	review-required
vulkan	renderer/src/vulkan/render_pass_vulkan.cpp	180	failure-or-loss	assert	assert(key << RENDER_PASS_OPTION_COUNT >> RENDER_PASS_OPTION_COUNT == key);	vulkan:renderer:render_pass	review-required
vulkan	renderer/src/vulkan/render_pass_vulkan.cpp	184	failure-or-loss	assert	assert(key < 1 << KEY_NO_INTERLOCK_MODE_BIT_COUNT);	vulkan:renderer:render_pass	review-required
vulkan	renderer/src/vulkan/render_pass_vulkan.cpp	197	failure-or-loss	assert	assert(key << gpu::INTERLOCK_MODE_BIT_COUNT >>	vulkan:renderer:render_pass	review-required
vulkan	renderer/src/vulkan/render_pass_vulkan.cpp	200	failure-or-loss	assert	assert(static_cast<uint32_t>(interlockMode) <	vulkan:renderer:render_pass	review-required
vulkan	renderer/src/vulkan/render_pass_vulkan.cpp	205	failure-or-loss	assert	assert(key < 1 << KEY_BIT_COUNT);	vulkan:renderer:render_pass	review-required
vulkan	renderer/src/vulkan/render_pass_vulkan.cpp	239	failure-or-loss	assert	assert(attachments.size() == COLOR_PLANE_IDX);	vulkan:renderer:render_pass	review-required
vulkan	renderer/src/vulkan/render_pass_vulkan.cpp	240	failure-or-loss	assert	assert(colorAttachmentRefs.size() == COLOR_PLANE_IDX);	vulkan:renderer:render_pass	review-required
vulkan	renderer/src/vulkan/render_pass_vulkan.cpp	249	thread-or-lock	atomicCoalescedResolveAndTransfer	atomicCoalescedResolveAndTransfer) ||	vulkan:renderer:render_pass	review-required
vulkan	renderer/src/vulkan/render_pass_vulkan.cpp	263	thread-or-lock	atomicCoalescedResolveAndTransfer	atomicCoalescedResolveAndTransfer) &&	vulkan:renderer:render_pass	review-required
vulkan	renderer/src/vulkan/render_pass_vulkan.cpp	277	thread-or-lock	atomics	interlockMode == gpu::InterlockMode::atomics ||	vulkan:renderer:render_pass	review-required
vulkan	renderer/src/vulkan/render_pass_vulkan.cpp	281	failure-or-loss	assert	assert(attachments.size() == CLIP_PLANE_IDX);	vulkan:renderer:render_pass	review-required
vulkan	renderer/src/vulkan/render_pass_vulkan.cpp	282	failure-or-loss	assert	assert(colorAttachmentRefs.size() == CLIP_PLANE_IDX);	vulkan:renderer:render_pass	review-required
vulkan	renderer/src/vulkan/render_pass_vulkan.cpp	285	thread-or-lock	atomics	(interlockMode == gpu::InterlockMode::atomics)	vulkan:renderer:render_pass	review-required
vulkan	renderer/src/vulkan/render_pass_vulkan.cpp	319	failure-or-loss	assert	assert(attachments.size() == SCRATCH_COLOR_PLANE_IDX);	vulkan:renderer:render_pass	review-required
vulkan	renderer/src/vulkan/render_pass_vulkan.cpp	320	failure-or-loss	assert	assert(colorAttachmentRefs.size() == SCRATCH_COLOR_PLANE_IDX);	vulkan:renderer:render_pass	review-required
vulkan	renderer/src/vulkan/render_pass_vulkan.cpp	347	failure-or-loss	assert	assert(attachments.size() == COVERAGE_PLANE_IDX);	vulkan:renderer:render_pass	review-required
vulkan	renderer/src/vulkan/render_pass_vulkan.cpp	348	failure-or-loss	assert	assert(colorAttachmentRefs.size() == COVERAGE_PLANE_IDX);	vulkan:renderer:render_pass	review-required
vulkan	renderer/src/vulkan/render_pass_vulkan.cpp	381	failure-or-loss	assert	assert(attachments.size() == PLS_PLANE_COUNT);	vulkan:renderer:render_pass	review-required
vulkan	renderer/src/vulkan/render_pass_vulkan.cpp	396	thread-or-lock	atomics	else if (interlockMode == gpu::InterlockMode::atomics)	vulkan:renderer:render_pass	review-required
vulkan	renderer/src/vulkan/render_pass_vulkan.cpp	400	thread-or-lock	atomicCoalescedResolveAndTransfer	RenderPassOptionsVulkan::atomicCoalescedResolveAndTransfer))	vulkan:renderer:render_pass	review-required
vulkan	renderer/src/vulkan/render_pass_vulkan.cpp	403	failure-or-loss	assert	assert(attachments.size() == COALESCED_ATOMIC_RESOLVE_IDX);	vulkan:renderer:render_pass	review-required
vulkan	renderer/src/vulkan/render_pass_vulkan.cpp	424	failure-or-loss	assert	assert(!resolveAttachmentRef.has_value());	vulkan:renderer:render_pass	review-required
vulkan	renderer/src/vulkan/render_pass_vulkan.cpp	435	failure-or-loss	assert	assert(!resolveAttachmentRef.has_value());	vulkan:renderer:render_pass	review-required
vulkan	renderer/src/vulkan/render_pass_vulkan.cpp	442	failure-or-loss	assert	assert(attachments.size() == MSAA_DEPTH_STENCIL_IDX);	vulkan:renderer:render_pass	review-required
vulkan	renderer/src/vulkan/render_pass_vulkan.cpp	469	failure-or-loss	assert	assert(attachments.size() == MSAA_RESOLVE_IDX);	vulkan:renderer:render_pass	review-required
vulkan	renderer/src/vulkan/render_pass_vulkan.cpp	493	failure-or-loss	assert	assert(colorAttachmentRefs.size() == 1);	vulkan:renderer:render_pass	review-required
vulkan	renderer/src/vulkan/render_pass_vulkan.cpp	500	failure-or-loss	assert	assert(loadAction == gpu::LoadAction::preserveRenderTarget);	vulkan:renderer:render_pass	review-required
vulkan	renderer/src/vulkan/render_pass_vulkan.cpp	501	failure-or-loss	assert	assert(attachments.size() == MSAA_COLOR_SEED_IDX);	vulkan:renderer:render_pass	review-required
vulkan	renderer/src/vulkan/render_pass_vulkan.cpp	590	failure-or-loss	assert	assert(msaaColorSeedInputAttachmentRef.size() ==	vulkan:renderer:render_pass	review-required
vulkan	renderer/src/vulkan/render_pass_vulkan.cpp	592	failure-or-loss	assert	assert(subpassDescs.size() == 0);	vulkan:renderer:render_pass	review-required
vulkan	renderer/src/vulkan/render_pass_vulkan.cpp	728	failure-or-loss	assert	assert(colorAttachmentRefs.size() ==	vulkan:renderer:render_pass	review-required
vulkan	renderer/src/vulkan/render_pass_vulkan.cpp	755	thread-or-lock	atomics	interlockMode == gpu::InterlockMode::atomics ||	vulkan:renderer:render_pass	review-required
vulkan	renderer/src/vulkan/render_pass_vulkan.cpp	803	thread-or-lock	atomics	if (interlockMode == gpu::InterlockMode::atomics)	vulkan:renderer:render_pass	review-required
vulkan	renderer/src/vulkan/render_pass_vulkan.cpp	809	failure-or-loss	assert	assert(subpassDescs.size() == 1);	vulkan:renderer:render_pass	review-required
vulkan	renderer/src/vulkan/render_pass_vulkan.cpp	810	failure-or-loss	assert	assert(	vulkan:renderer:render_pass	review-required
vulkan	renderer/src/vulkan/render_pass_vulkan.cpp	813	failure-or-loss	assert	assert(resolveAttachmentRef.has_value());	vulkan:renderer:render_pass	review-required
vulkan	renderer/src/vulkan/render_pass_vulkan.cpp	825	failure-or-loss	assert	assert(!enums::is_flag_set(	vulkan:renderer:render_pass	review-required
vulkan	renderer/src/vulkan/render_pass_vulkan.cpp	830	failure-or-loss	assert	assert(!enums::is_flag_set(	vulkan:renderer:render_pass	review-required
vulkan	renderer/src/vulkan/render_pass_vulkan.cpp	833	failure-or-loss	assert	assert(inputAttachmentRefs[0].attachment == COLOR_PLANE_IDX);	vulkan:renderer:render_pass	review-required
vulkan	renderer/src/vulkan/render_pass_vulkan.cpp	873	construction-or-allocation	CreateRenderPass	VK_CHECK(m_vk->CreateRenderPass(m_vk->device,	vulkan:renderer:render_pass	review-required
vulkan	renderer/src/vulkan/render_pass_vulkan.cpp	890	destruction-or-release	~RenderPassVulkan(	RenderPassVulkan::~RenderPassVulkan()	vulkan:renderer:render_pass	review-required
vulkan	renderer/src/vulkan/render_pass_vulkan.cpp	894	destruction-or-release	DestroyRenderPass	m_vk->DestroyRenderPass(m_vk->device, m_renderPass, VK_NULL_HANDLE);	vulkan:renderer:render_pass	review-required
vulkan	renderer/src/vulkan/render_pass_vulkan.hpp	41	thread-or-lock	atomicCoalescedResolveAndTransfer	atomicCoalescedResolveAndTransfer = 1 << 4,	vulkan:renderer:render_pass	review-required
vulkan	renderer/src/vulkan/render_pass_vulkan.hpp	87	destruction-or-release	~RenderPassVulkan(	~RenderPassVulkan();	vulkan:renderer:render_pass	review-required
vulkan	renderer/src/vulkan/render_pass_vulkan.hpp	89	destruction-or-release	delete	RenderPassVulkan(const RenderPassVulkan&) = delete;	vulkan:renderer:render_pass	review-required
vulkan	renderer/src/vulkan/render_pass_vulkan.hpp	90	destruction-or-release	delete	RenderPassVulkan& operator=(const RenderPassVulkan&) = delete;	vulkan:renderer:render_pass	review-required
vulkan	renderer/src/vulkan/render_target_vulkan.cpp	26	failure-or-loss	assert	assert((m_targetUsageFlags & VK_IMAGE_USAGE_INPUT_ATTACHMENT_BIT) ||	vulkan:renderer:render_target	review-required
vulkan	renderer/src/vulkan/render_target_vulkan.cpp	92	synchronization-or-submission	barrier	m_offscreenColorTexture->barrier(commandBuffer,	vulkan:renderer:render_target	review-required
vulkan	renderer/src/vulkan/render_target_vulkan.cpp	170	construction-or-allocation	new	return rcp(new RenderTargetVulkanImpl(m_vk,	vulkan:renderer:render_target	review-required
vulkan	renderer/src/vulkan/vkutil.cpp	58	mapping-or-host-visibility	Mappability	Mappability mappability) :	vulkan:renderer:vkutil	review-required
vulkan	renderer/src/vulkan/vkutil.cpp	58	mapping-or-host-visibility	mappability	Mappability mappability) :	vulkan:renderer:vkutil	review-required
vulkan	renderer/src/vulkan/vkutil.cpp	59	mapping-or-host-visibility	mappability	Resource(std::move(vk)), m_mappability(mappability), m_info(info)	vulkan:renderer:vkutil	review-required
vulkan	renderer/src/vulkan/vkutil.cpp	65	destruction-or-release	~Buffer(	Buffer::~Buffer() { resizeImmediately(0); }	vulkan:renderer:vkutil	review-required
vulkan	renderer/src/vulkan/vkutil.cpp	73	mapping-or-host-visibility	Mappability	if (m_mappability != Mappability::none)	vulkan:renderer:vkutil	review-required
vulkan	renderer/src/vulkan/vkutil.cpp	84	mapping-or-host-visibility	Mappability	VmaAllocationCreateFlags vma_flags_for_mappability(Mappability mappability)	vulkan:renderer:vkutil	review-required
vulkan	renderer/src/vulkan/vkutil.cpp	84	mapping-or-host-visibility	mappability	VmaAllocationCreateFlags vma_flags_for_mappability(Mappability mappability)	vulkan:renderer:vkutil	review-required
vulkan	renderer/src/vulkan/vkutil.cpp	86	mapping-or-host-visibility	mappability	switch (mappability)	vulkan:renderer:vkutil	review-required
vulkan	renderer/src/vulkan/vkutil.cpp	88	mapping-or-host-visibility	Mappability	case Mappability::none:	vulkan:renderer:vkutil	review-required
vulkan	renderer/src/vulkan/vkutil.cpp	90	mapping-or-host-visibility	Mappability	case Mappability::writeOnly:	vulkan:renderer:vkutil	review-required
vulkan	renderer/src/vulkan/vkutil.cpp	92	mapping-or-host-visibility	Mappability	case Mappability::readWrite:	vulkan:renderer:vkutil	review-required
vulkan	renderer/src/vulkan/vkutil.cpp	114	mapping-or-host-visibility	Mappability	if (m_mappability != Mappability::none)	vulkan:renderer:vkutil	review-required
vulkan	renderer/src/vulkan/vkutil.cpp	134	synchronization-or-submission	flushContents	void Buffer::flushContents(VkDeviceSize updatedSizeInBytes)	vulkan:renderer:vkutil	review-required
vulkan	renderer/src/vulkan/vkutil.cpp	173	failure-or-loss	assert	assert(size % 256 == 0);	vulkan:renderer:vkutil	review-required
vulkan	renderer/src/vulkan/vkutil.cpp	179	construction-or-allocation	acquire	rcp<vkutil::Buffer> BufferPool::acquire()	vulkan:renderer:vkutil	review-required
vulkan	renderer/src/vulkan/vkutil.cpp	181	construction-or-allocation	acquire	auto buffer = static_rcp_cast<vkutil::Buffer>(GPUResourcePool::acquire());	vulkan:renderer:vkutil	review-required
vulkan	renderer/src/vulkan/vkutil.cpp	189	mapping-or-host-visibility	Mappability	Mappability::writeOnly);	vulkan:renderer:vkutil	review-required
vulkan	renderer/src/vulkan/vkutil.cpp	276	destruction-or-release	~Image(	Image::~Image()	vulkan:renderer:vkutil	review-required
vulkan	renderer/src/vulkan/vkutil.cpp	294	failure-or-loss	assert	assert(m_textureRefOrNull != nullptr);	vulkan:renderer:vkutil	review-required
vulkan	renderer/src/vulkan/vkutil.cpp	299	failure-or-loss	assert	assert(m_textureRefOrNull == nullptr ||	vulkan:renderer:vkutil	review-required
vulkan	renderer/src/vulkan/vkutil.cpp	304	construction-or-allocation	CreateImageView	vk()->CreateImageView(vk()->device, &m_info, nullptr, &m_vkImageView));	vulkan:renderer:vkutil	review-required
vulkan	renderer/src/vulkan/vkutil.cpp	310	destruction-or-release	~ImageView(	ImageView::~ImageView()	vulkan:renderer:vkutil	review-required
vulkan	renderer/src/vulkan/vkutil.cpp	312	destruction-or-release	DestroyImageView	vk()->DestroyImageView(vk()->device, m_vkImageView, nullptr);	vulkan:renderer:vkutil	review-required
vulkan	renderer/src/vulkan/vkutil.cpp	325	failure-or-loss	assert	assert(info.imageType == 0 || info.imageType == VK_IMAGE_TYPE_2D);	vulkan:renderer:vkutil	review-required
vulkan	renderer/src/vulkan/vkutil.cpp	366	mapping-or-host-visibility	Mappability	vkutil::Mappability::writeOnly);	vulkan:renderer:vkutil	review-required
vulkan	renderer/src/vulkan/vkutil.cpp	370	synchronization-or-submission	flushContents	imageBufferRGBAPremul->flushContents();	vulkan:renderer:vkutil	review-required
vulkan	renderer/src/vulkan/vkutil.cpp	389	failure-or-loss	assert	assert(m_imageUploadBuffer != nullptr);	vulkan:renderer:vkutil	review-required
vulkan	renderer/src/vulkan/vkutil.cpp	391	synchronization-or-submission	barrier	barrier(commandBuffer,	vulkan:renderer:vkutil	review-required
vulkan	renderer/src/vulkan/vkutil.cpp	411	synchronization-or-submission	barrier	barrier(commandBuffer,	vulkan:renderer:vkutil	review-required
vulkan	renderer/src/vulkan/vkutil.cpp	450	synchronization-or-submission	barrier	void Texture2D::barrier(VkCommandBuffer commandBuffer,	vulkan:renderer:vkutil	review-required
vulkan	renderer/src/vulkan/vkutil.cpp	473	synchronization-or-submission	barrier	barrier(commandBuffer, dstAccess);	vulkan:renderer:vkutil	review-required
vulkan	renderer/src/vulkan/vkutil.cpp	477	synchronization-or-submission	barrier	barrier(commandBuffer,	vulkan:renderer:vkutil	review-required
vulkan	renderer/src/vulkan/vkutil.cpp	520	construction-or-allocation	newLayout	.newLayout = VK_IMAGE_LAYOUT_TRANSFER_SRC_OPTIMAL,	vulkan:renderer:vkutil	review-required
vulkan	renderer/src/vulkan/vkutil.cpp	539	synchronization-or-submission	barriers	VkImageMemoryBarrier barriers[] = {	vulkan:renderer:vkutil	review-required
vulkan	renderer/src/vulkan/vkutil.cpp	545	construction-or-allocation	newLayout	.newLayout = dstAccess.layout,	vulkan:renderer:vkutil	review-required
vulkan	renderer/src/vulkan/vkutil.cpp	558	construction-or-allocation	newLayout	.newLayout = dstAccess.layout,	vulkan:renderer:vkutil	review-required
vulkan	renderer/src/vulkan/vkutil.cpp	572	synchronization-or-submission	barriers	std::size(barriers),	vulkan:renderer:vkutil	review-required
vulkan	renderer/src/vulkan/vkutil.cpp	573	synchronization-or-submission	barriers	barriers);	vulkan:renderer:vkutil	review-required
vulkan	renderer/src/vulkan/vkutil.cpp	583	construction-or-allocation	CreateFramebuffer	VK_CHECK(vk()->CreateFramebuffer(vk()->device,	vulkan:renderer:vkutil	review-required
vulkan	renderer/src/vulkan/vkutil.cpp	589	destruction-or-release	~Framebuffer(	Framebuffer::~Framebuffer()	vulkan:renderer:vkutil	review-required
vulkan	renderer/src/vulkan/vkutil.cpp	591	destruction-or-release	DestroyFramebuffer	vk()->DestroyFramebuffer(vk()->device, m_vkFramebuffer, nullptr);	vulkan:renderer:vkutil	review-required
vulkan	renderer/src/vulkan/vulkan_context.cpp	60	failure-or-loss	assert	assert(m_physicalDeviceProperties.apiVersion >= features.apiVersion &&	vulkan:renderer:vulkan_context	review-required
vulkan	renderer/src/vulkan/vulkan_context.cpp	61	construction-or-allocation	newer	"Supplied API version should not be newer than the physical device");	vulkan:renderer:vulkan_context	review-required
vulkan	renderer/src/vulkan/vulkan_context.cpp	70	failure-or-loss	assert	assert((m_supportsD24S8 ||	vulkan:renderer:vulkan_context	review-required
vulkan	renderer/src/vulkan/vulkan_context.cpp	77	destruction-or-release	~VulkanContext(	VulkanContext::~VulkanContext() { vmaDestroyAllocator(m_vmaAllocator); }	vulkan:renderer:vulkan_context	review-required
vulkan	renderer/src/vulkan/vulkan_context.cpp	91	mapping-or-host-visibility	Mappability	vkutil::Mappability mappability)	vulkan:renderer:vulkan_context	review-required
vulkan	renderer/src/vulkan/vulkan_context.cpp	91	mapping-or-host-visibility	mappability	vkutil::Mappability mappability)	vulkan:renderer:vulkan_context	review-required
vulkan	renderer/src/vulkan/vulkan_context.cpp	93	construction-or-allocation	new	return rcp(new vkutil::Buffer(ref_rcp(this), info, mappability));	vulkan:renderer:vulkan_context	review-required
vulkan	renderer/src/vulkan/vulkan_context.cpp	93	mapping-or-host-visibility	mappability	return rcp(new vkutil::Buffer(ref_rcp(this), info, mappability));	vulkan:renderer:vulkan_context	review-required
vulkan	renderer/src/vulkan/vulkan_context.cpp	99	construction-or-allocation	new	return rcp(new vkutil::Image(ref_rcp(this), info, name));	vulkan:renderer:vulkan_context	review-required
vulkan	renderer/src/vulkan/vulkan_context.cpp	107	construction-or-allocation	new	return rcp(new vkutil::Image(ref_rcp(this), existingImage, info, name));	vulkan:renderer:vulkan_context	review-required
vulkan	renderer/src/vulkan/vulkan_context.cpp	113	construction-or-allocation	new	return rcp(new vkutil::Framebuffer(ref_rcp(this), info));	vulkan:renderer:vulkan_context	review-required
vulkan	renderer/src/vulkan/vulkan_context.cpp	170	failure-or-loss	assert	assert(image);	vulkan:renderer:vulkan_context	review-required
vulkan	renderer/src/vulkan/vulkan_context.cpp	172	construction-or-allocation	new	new vkutil::ImageView(ref_rcp(this), std::move(image), info, name));	vulkan:renderer:vulkan_context	review-required
vulkan	renderer/src/vulkan/vulkan_context.cpp	180	construction-or-allocation	new	new vkutil::ImageView(ref_rcp(this), nullptr, info, name));	vulkan:renderer:vulkan_context	review-required
vulkan	renderer/src/vulkan/vulkan_context.cpp	188	construction-or-allocation	new	new vkutil::Texture2D(ref_rcp(this), info, name));	vulkan:renderer:vulkan_context	review-required
vulkan	renderer/src/vulkan/vulkan_context.cpp	196	construction-or-allocation	new	new vkutil::Texture2D(ref_rcp(this), std::move(existingImage), name));	vulkan:renderer:vulkan_context	review-required
vulkan	renderer/src/vulkan/vulkan_context.cpp	292	failure-or-loss	assert	assert(image != VK_NULL_HANDLE);	vulkan:renderer:vulkan_context	review-required
vulkan	renderer/src/vulkan/vulkan_context.cpp	307	construction-or-allocation	newLayout	.newLayout = dstAccess.layout,	vulkan:renderer:vulkan_context	review-required
vulkan	renderer/src/vulkan/vulkan_shaders.cpp	33	thread-or-lock	atomic_draw_path	#include "generated/shaders/spirv/atomic_draw_path.vert.h"	vulkan:renderer:vulkan_shaders	review-required
vulkan	renderer/src/vulkan/vulkan_shaders.cpp	34	thread-or-lock	atomic_draw_path	#include "generated/shaders/spirv/atomic_draw_path.frag.h"	vulkan:renderer:vulkan_shaders	review-required
vulkan	renderer/src/vulkan/vulkan_shaders.cpp	35	thread-or-lock	atomic_draw_path	#include "generated/shaders/spirv/atomic_draw_path.fixedcolor_frag.h"	vulkan:renderer:vulkan_shaders	review-required
vulkan	renderer/src/vulkan/vulkan_shaders.cpp	36	thread-or-lock	atomic_draw_interior_triangles	#include "generated/shaders/spirv/atomic_draw_interior_triangles.vert.h"	vulkan:renderer:vulkan_shaders	review-required
vulkan	renderer/src/vulkan/vulkan_shaders.cpp	37	thread-or-lock	atomic_draw_interior_triangles	#include "generated/shaders/spirv/atomic_draw_interior_triangles.frag.h"	vulkan:renderer:vulkan_shaders	review-required
vulkan	renderer/src/vulkan/vulkan_shaders.cpp	38	thread-or-lock	atomic_draw_interior_triangles	#include "generated/shaders/spirv/atomic_draw_interior_triangles.fixedcolor_frag.h"	vulkan:renderer:vulkan_shaders	review-required
vulkan	renderer/src/vulkan/vulkan_shaders.cpp	39	thread-or-lock	atomic_draw_atlas_blit	#include "generated/shaders/spirv/atomic_draw_atlas_blit.vert.h"	vulkan:renderer:vulkan_shaders	review-required
vulkan	renderer/src/vulkan/vulkan_shaders.cpp	40	thread-or-lock	atomic_draw_atlas_blit	#include "generated/shaders/spirv/atomic_draw_atlas_blit.frag.h"	vulkan:renderer:vulkan_shaders	review-required
vulkan	renderer/src/vulkan/vulkan_shaders.cpp	41	thread-or-lock	atomic_draw_atlas_blit	#include "generated/shaders/spirv/atomic_draw_atlas_blit.fixedcolor_frag.h"	vulkan:renderer:vulkan_shaders	review-required
vulkan	renderer/src/vulkan/vulkan_shaders.cpp	42	thread-or-lock	atomic_draw_image_rect	#include "generated/shaders/spirv/atomic_draw_image_rect.vert.h"	vulkan:renderer:vulkan_shaders	review-required
vulkan	renderer/src/vulkan/vulkan_shaders.cpp	43	thread-or-lock	atomic_draw_image_rect	#include "generated/shaders/spirv/atomic_draw_image_rect.frag.h"	vulkan:renderer:vulkan_shaders	review-required
vulkan	renderer/src/vulkan/vulkan_shaders.cpp	44	thread-or-lock	atomic_draw_image_rect	#include "generated/shaders/spirv/atomic_draw_image_rect.fixedcolor_frag.h"	vulkan:renderer:vulkan_shaders	review-required
vulkan	renderer/src/vulkan/vulkan_shaders.cpp	45	thread-or-lock	atomic_draw_image_mesh	#include "generated/shaders/spirv/atomic_draw_image_mesh.vert.h"	vulkan:renderer:vulkan_shaders	review-required
vulkan	renderer/src/vulkan/vulkan_shaders.cpp	46	thread-or-lock	atomic_draw_image_mesh	#include "generated/shaders/spirv/atomic_draw_image_mesh.frag.h"	vulkan:renderer:vulkan_shaders	review-required
vulkan	renderer/src/vulkan/vulkan_shaders.cpp	47	thread-or-lock	atomic_draw_image_mesh	#include "generated/shaders/spirv/atomic_draw_image_mesh.fixedcolor_frag.h"	vulkan:renderer:vulkan_shaders	review-required
vulkan	renderer/src/vulkan/vulkan_shaders.cpp	48	thread-or-lock	atomic_resolve	#include "generated/shaders/spirv/atomic_resolve.vert.h"	vulkan:renderer:vulkan_shaders	review-required
vulkan	renderer/src/vulkan/vulkan_shaders.cpp	49	thread-or-lock	atomic_resolve	#include "generated/shaders/spirv/atomic_resolve.frag.h"	vulkan:renderer:vulkan_shaders	review-required
vulkan	renderer/src/vulkan/vulkan_shaders.cpp	50	thread-or-lock	atomic_resolve	#include "generated/shaders/spirv/atomic_resolve.fixedcolor_frag.h"	vulkan:renderer:vulkan_shaders	review-required
vulkan	renderer/src/vulkan/vulkan_shaders.cpp	51	thread-or-lock	atomic_resolve_coalesced	#include "generated/shaders/spirv/atomic_resolve_coalesced.vert.h"	vulkan:renderer:vulkan_shaders	review-required
vulkan	renderer/src/vulkan/vulkan_shaders.cpp	52	thread-or-lock	atomic_resolve_coalesced	#include "generated/shaders/spirv/atomic_resolve_coalesced.frag.h"	vulkan:renderer:vulkan_shaders	review-required
vulkan	renderer/src/vulkan/vulkan_shaders.cpp	156	thread-or-lock	atomic_draw_path_vert	rive::Span<const uint32_t> atomic_draw_path_vert =	vulkan:renderer:vulkan_shaders	review-required
vulkan	renderer/src/vulkan/vulkan_shaders.cpp	157	thread-or-lock	atomic_draw_path_vert	rive::make_span(embedded::atomic_draw_path_vert);	vulkan:renderer:vulkan_shaders	review-required
vulkan	renderer/src/vulkan/vulkan_shaders.cpp	158	thread-or-lock	atomic_draw_path_frag	rive::Span<const uint32_t> atomic_draw_path_frag =	vulkan:renderer:vulkan_shaders	review-required
vulkan	renderer/src/vulkan/vulkan_shaders.cpp	159	thread-or-lock	atomic_draw_path_frag	rive::make_span(embedded::atomic_draw_path_frag);	vulkan:renderer:vulkan_shaders	review-required
vulkan	renderer/src/vulkan/vulkan_shaders.cpp	160	thread-or-lock	atomic_draw_path_fixedcolor_frag	rive::Span<const uint32_t> atomic_draw_path_fixedcolor_frag =	vulkan:renderer:vulkan_shaders	review-required
vulkan	renderer/src/vulkan/vulkan_shaders.cpp	161	thread-or-lock	atomic_draw_path_fixedcolor_frag	rive::make_span(embedded::atomic_draw_path_fixedcolor_frag);	vulkan:renderer:vulkan_shaders	review-required
vulkan	renderer/src/vulkan/vulkan_shaders.cpp	162	thread-or-lock	atomic_draw_interior_triangles_vert	rive::Span<const uint32_t> atomic_draw_interior_triangles_vert =	vulkan:renderer:vulkan_shaders	review-required
vulkan	renderer/src/vulkan/vulkan_shaders.cpp	163	thread-or-lock	atomic_draw_interior_triangles_vert	rive::make_span(embedded::atomic_draw_interior_triangles_vert);	vulkan:renderer:vulkan_shaders	review-required
vulkan	renderer/src/vulkan/vulkan_shaders.cpp	164	thread-or-lock	atomic_draw_interior_triangles_frag	rive::Span<const uint32_t> atomic_draw_interior_triangles_frag =	vulkan:renderer:vulkan_shaders	review-required
vulkan	renderer/src/vulkan/vulkan_shaders.cpp	165	thread-or-lock	atomic_draw_interior_triangles_frag	rive::make_span(embedded::atomic_draw_interior_triangles_frag);	vulkan:renderer:vulkan_shaders	review-required
vulkan	renderer/src/vulkan/vulkan_shaders.cpp	166	thread-or-lock	atomic_draw_interior_triangles_fixedcolor_frag	rive::Span<const uint32_t> atomic_draw_interior_triangles_fixedcolor_frag =	vulkan:renderer:vulkan_shaders	review-required
vulkan	renderer/src/vulkan/vulkan_shaders.cpp	167	thread-or-lock	atomic_draw_interior_triangles_fixedcolor_frag	rive::make_span(embedded::atomic_draw_interior_triangles_fixedcolor_frag);	vulkan:renderer:vulkan_shaders	review-required
vulkan	renderer/src/vulkan/vulkan_shaders.cpp	168	thread-or-lock	atomic_draw_atlas_blit_vert	rive::Span<const uint32_t> atomic_draw_atlas_blit_vert =	vulkan:renderer:vulkan_shaders	review-required
vulkan	renderer/src/vulkan/vulkan_shaders.cpp	169	thread-or-lock	atomic_draw_atlas_blit_vert	rive::make_span(embedded::atomic_draw_atlas_blit_vert);	vulkan:renderer:vulkan_shaders	review-required
vulkan	renderer/src/vulkan/vulkan_shaders.cpp	170	thread-or-lock	atomic_draw_atlas_blit_frag	rive::Span<const uint32_t> atomic_draw_atlas_blit_frag =	vulkan:renderer:vulkan_shaders	review-required
vulkan	renderer/src/vulkan/vulkan_shaders.cpp	171	thread-or-lock	atomic_draw_atlas_blit_frag	rive::make_span(embedded::atomic_draw_atlas_blit_frag);	vulkan:renderer:vulkan_shaders	review-required
vulkan	renderer/src/vulkan/vulkan_shaders.cpp	172	thread-or-lock	atomic_draw_atlas_blit_fixedcolor_frag	rive::Span<const uint32_t> atomic_draw_atlas_blit_fixedcolor_frag =	vulkan:renderer:vulkan_shaders	review-required
vulkan	renderer/src/vulkan/vulkan_shaders.cpp	173	thread-or-lock	atomic_draw_atlas_blit_fixedcolor_frag	rive::make_span(embedded::atomic_draw_atlas_blit_fixedcolor_frag);	vulkan:renderer:vulkan_shaders	review-required
vulkan	renderer/src/vulkan/vulkan_shaders.cpp	174	thread-or-lock	atomic_draw_image_rect_vert	rive::Span<const uint32_t> atomic_draw_image_rect_vert =	vulkan:renderer:vulkan_shaders	review-required
vulkan	renderer/src/vulkan/vulkan_shaders.cpp	175	thread-or-lock	atomic_draw_image_rect_vert	rive::make_span(embedded::atomic_draw_image_rect_vert);	vulkan:renderer:vulkan_shaders	review-required
vulkan	renderer/src/vulkan/vulkan_shaders.cpp	176	thread-or-lock	atomic_draw_image_rect_frag	rive::Span<const uint32_t> atomic_draw_image_rect_frag =	vulkan:renderer:vulkan_shaders	review-required
vulkan	renderer/src/vulkan/vulkan_shaders.cpp	177	thread-or-lock	atomic_draw_image_rect_frag	rive::make_span(embedded::atomic_draw_image_rect_frag);	vulkan:renderer:vulkan_shaders	review-required
vulkan	renderer/src/vulkan/vulkan_shaders.cpp	178	thread-or-lock	atomic_draw_image_rect_fixedcolor_frag	rive::Span<const uint32_t> atomic_draw_image_rect_fixedcolor_frag =	vulkan:renderer:vulkan_shaders	review-required
vulkan	renderer/src/vulkan/vulkan_shaders.cpp	179	thread-or-lock	atomic_draw_image_rect_fixedcolor_frag	rive::make_span(embedded::atomic_draw_image_rect_fixedcolor_frag);	vulkan:renderer:vulkan_shaders	review-required
vulkan	renderer/src/vulkan/vulkan_shaders.cpp	180	thread-or-lock	atomic_draw_image_mesh_vert	rive::Span<const uint32_t> atomic_draw_image_mesh_vert =	vulkan:renderer:vulkan_shaders	review-required
vulkan	renderer/src/vulkan/vulkan_shaders.cpp	181	thread-or-lock	atomic_draw_image_mesh_vert	rive::make_span(embedded::atomic_draw_image_mesh_vert);	vulkan:renderer:vulkan_shaders	review-required
vulkan	renderer/src/vulkan/vulkan_shaders.cpp	182	thread-or-lock	atomic_draw_image_mesh_frag	rive::Span<const uint32_t> atomic_draw_image_mesh_frag =	vulkan:renderer:vulkan_shaders	review-required
vulkan	renderer/src/vulkan/vulkan_shaders.cpp	183	thread-or-lock	atomic_draw_image_mesh_frag	rive::make_span(embedded::atomic_draw_image_mesh_frag);	vulkan:renderer:vulkan_shaders	review-required
vulkan	renderer/src/vulkan/vulkan_shaders.cpp	184	thread-or-lock	atomic_draw_image_mesh_fixedcolor_frag	rive::Span<const uint32_t> atomic_draw_image_mesh_fixedcolor_frag =	vulkan:renderer:vulkan_shaders	review-required
vulkan	renderer/src/vulkan/vulkan_shaders.cpp	185	thread-or-lock	atomic_draw_image_mesh_fixedcolor_frag	rive::make_span(embedded::atomic_draw_image_mesh_fixedcolor_frag);	vulkan:renderer:vulkan_shaders	review-required
vulkan	renderer/src/vulkan/vulkan_shaders.cpp	186	thread-or-lock	atomic_resolve_vert	rive::Span<const uint32_t> atomic_resolve_vert =	vulkan:renderer:vulkan_shaders	review-required
vulkan	renderer/src/vulkan/vulkan_shaders.cpp	187	thread-or-lock	atomic_resolve_vert	rive::make_span(embedded::atomic_resolve_vert);	vulkan:renderer:vulkan_shaders	review-required
vulkan	renderer/src/vulkan/vulkan_shaders.cpp	188	thread-or-lock	atomic_resolve_frag	rive::Span<const uint32_t> atomic_resolve_frag =	vulkan:renderer:vulkan_shaders	review-required
vulkan	renderer/src/vulkan/vulkan_shaders.cpp	189	thread-or-lock	atomic_resolve_frag	rive::make_span(embedded::atomic_resolve_frag);	vulkan:renderer:vulkan_shaders	review-required
vulkan	renderer/src/vulkan/vulkan_shaders.cpp	190	thread-or-lock	atomic_resolve_fixedcolor_frag	rive::Span<const uint32_t> atomic_resolve_fixedcolor_frag =	vulkan:renderer:vulkan_shaders	review-required
vulkan	renderer/src/vulkan/vulkan_shaders.cpp	191	thread-or-lock	atomic_resolve_fixedcolor_frag	rive::make_span(embedded::atomic_resolve_fixedcolor_frag);	vulkan:renderer:vulkan_shaders	review-required
vulkan	renderer/src/vulkan/vulkan_shaders.cpp	192	thread-or-lock	atomic_resolve_coalesced_vert	rive::Span<const uint32_t> atomic_resolve_coalesced_vert =	vulkan:renderer:vulkan_shaders	review-required
vulkan	renderer/src/vulkan/vulkan_shaders.cpp	193	thread-or-lock	atomic_resolve_coalesced_vert	rive::make_span(embedded::atomic_resolve_coalesced_vert);	vulkan:renderer:vulkan_shaders	review-required
vulkan	renderer/src/vulkan/vulkan_shaders.cpp	194	thread-or-lock	atomic_resolve_coalesced_frag	rive::Span<const uint32_t> atomic_resolve_coalesced_frag =	vulkan:renderer:vulkan_shaders	review-required
vulkan	renderer/src/vulkan/vulkan_shaders.cpp	195	thread-or-lock	atomic_resolve_coalesced_frag	rive::make_span(embedded::atomic_resolve_coalesced_frag);	vulkan:renderer:vulkan_shaders	review-required
vulkan	renderer/src/vulkan/vulkan_shaders.cpp	358	thread-or-lock	atomic_draw_path_vert	spirv::atomic_draw_path_vert = readNextBytecodeSpan();	vulkan:renderer:vulkan_shaders	review-required
vulkan	renderer/src/vulkan/vulkan_shaders.cpp	359	thread-or-lock	atomic_draw_path_frag	spirv::atomic_draw_path_frag = readNextBytecodeSpan();	vulkan:renderer:vulkan_shaders	review-required
vulkan	renderer/src/vulkan/vulkan_shaders.cpp	360	thread-or-lock	atomic_draw_path_fixedcolor_frag	spirv::atomic_draw_path_fixedcolor_frag = readNextBytecodeSpan();	vulkan:renderer:vulkan_shaders	review-required
vulkan	renderer/src/vulkan/vulkan_shaders.cpp	361	thread-or-lock	atomic_draw_interior_triangles_vert	spirv::atomic_draw_interior_triangles_vert = readNextBytecodeSpan();	vulkan:renderer:vulkan_shaders	review-required
vulkan	renderer/src/vulkan/vulkan_shaders.cpp	362	thread-or-lock	atomic_draw_interior_triangles_frag	spirv::atomic_draw_interior_triangles_frag = readNextBytecodeSpan();	vulkan:renderer:vulkan_shaders	review-required
vulkan	renderer/src/vulkan/vulkan_shaders.cpp	363	thread-or-lock	atomic_draw_interior_triangles_fixedcolor_frag	spirv::atomic_draw_interior_triangles_fixedcolor_frag =	vulkan:renderer:vulkan_shaders	review-required
vulkan	renderer/src/vulkan/vulkan_shaders.cpp	365	thread-or-lock	atomic_draw_atlas_blit_vert	spirv::atomic_draw_atlas_blit_vert = readNextBytecodeSpan();	vulkan:renderer:vulkan_shaders	review-required
vulkan	renderer/src/vulkan/vulkan_shaders.cpp	366	thread-or-lock	atomic_draw_atlas_blit_frag	spirv::atomic_draw_atlas_blit_frag = readNextBytecodeSpan();	vulkan:renderer:vulkan_shaders	review-required
vulkan	renderer/src/vulkan/vulkan_shaders.cpp	367	thread-or-lock	atomic_draw_atlas_blit_fixedcolor_frag	spirv::atomic_draw_atlas_blit_fixedcolor_frag = readNextBytecodeSpan();	vulkan:renderer:vulkan_shaders	review-required
vulkan	renderer/src/vulkan/vulkan_shaders.cpp	368	thread-or-lock	atomic_draw_image_rect_vert	spirv::atomic_draw_image_rect_vert = readNextBytecodeSpan();	vulkan:renderer:vulkan_shaders	review-required
vulkan	renderer/src/vulkan/vulkan_shaders.cpp	369	thread-or-lock	atomic_draw_image_rect_frag	spirv::atomic_draw_image_rect_frag = readNextBytecodeSpan();	vulkan:renderer:vulkan_shaders	review-required
vulkan	renderer/src/vulkan/vulkan_shaders.cpp	370	thread-or-lock	atomic_draw_image_rect_fixedcolor_frag	spirv::atomic_draw_image_rect_fixedcolor_frag = readNextBytecodeSpan();	vulkan:renderer:vulkan_shaders	review-required
vulkan	renderer/src/vulkan/vulkan_shaders.cpp	371	thread-or-lock	atomic_draw_image_mesh_vert	spirv::atomic_draw_image_mesh_vert = readNextBytecodeSpan();	vulkan:renderer:vulkan_shaders	review-required
vulkan	renderer/src/vulkan/vulkan_shaders.cpp	372	thread-or-lock	atomic_draw_image_mesh_frag	spirv::atomic_draw_image_mesh_frag = readNextBytecodeSpan();	vulkan:renderer:vulkan_shaders	review-required
vulkan	renderer/src/vulkan/vulkan_shaders.cpp	373	thread-or-lock	atomic_draw_image_mesh_fixedcolor_frag	spirv::atomic_draw_image_mesh_fixedcolor_frag = readNextBytecodeSpan();	vulkan:renderer:vulkan_shaders	review-required
vulkan	renderer/src/vulkan/vulkan_shaders.cpp	374	thread-or-lock	atomic_resolve_vert	spirv::atomic_resolve_vert = readNextBytecodeSpan();	vulkan:renderer:vulkan_shaders	review-required
vulkan	renderer/src/vulkan/vulkan_shaders.cpp	375	thread-or-lock	atomic_resolve_frag	spirv::atomic_resolve_frag = readNextBytecodeSpan();	vulkan:renderer:vulkan_shaders	review-required
vulkan	renderer/src/vulkan/vulkan_shaders.cpp	376	thread-or-lock	atomic_resolve_fixedcolor_frag	spirv::atomic_resolve_fixedcolor_frag = readNextBytecodeSpan();	vulkan:renderer:vulkan_shaders	review-required
vulkan	renderer/src/vulkan/vulkan_shaders.cpp	377	thread-or-lock	atomic_resolve_coalesced_vert	spirv::atomic_resolve_coalesced_vert = readNextBytecodeSpan();	vulkan:renderer:vulkan_shaders	review-required
vulkan	renderer/src/vulkan/vulkan_shaders.cpp	378	thread-or-lock	atomic_resolve_coalesced_frag	spirv::atomic_resolve_coalesced_frag = readNextBytecodeSpan();	vulkan:renderer:vulkan_shaders	review-required
vulkan	renderer/src/vulkan/vulkan_shaders.hpp	32	thread-or-lock	atomic_draw_path_vert	extern rive::Span<const uint32_t> atomic_draw_path_vert;	vulkan:renderer:vulkan_shaders	review-required
vulkan	renderer/src/vulkan/vulkan_shaders.hpp	33	thread-or-lock	atomic_draw_path_frag	extern rive::Span<const uint32_t> atomic_draw_path_frag;	vulkan:renderer:vulkan_shaders	review-required
vulkan	renderer/src/vulkan/vulkan_shaders.hpp	34	thread-or-lock	atomic_draw_path_fixedcolor_frag	extern rive::Span<const uint32_t> atomic_draw_path_fixedcolor_frag;	vulkan:renderer:vulkan_shaders	review-required
vulkan	renderer/src/vulkan/vulkan_shaders.hpp	35	thread-or-lock	atomic_draw_interior_triangles_vert	extern rive::Span<const uint32_t> atomic_draw_interior_triangles_vert;	vulkan:renderer:vulkan_shaders	review-required
vulkan	renderer/src/vulkan/vulkan_shaders.hpp	36	thread-or-lock	atomic_draw_interior_triangles_frag	extern rive::Span<const uint32_t> atomic_draw_interior_triangles_frag;	vulkan:renderer:vulkan_shaders	review-required
vulkan	renderer/src/vulkan/vulkan_shaders.hpp	38	thread-or-lock	atomic_draw_interior_triangles_fixedcolor_frag	atomic_draw_interior_triangles_fixedcolor_frag;	vulkan:renderer:vulkan_shaders	review-required
vulkan	renderer/src/vulkan/vulkan_shaders.hpp	39	thread-or-lock	atomic_draw_atlas_blit_vert	extern rive::Span<const uint32_t> atomic_draw_atlas_blit_vert;	vulkan:renderer:vulkan_shaders	review-required
vulkan	renderer/src/vulkan/vulkan_shaders.hpp	40	thread-or-lock	atomic_draw_atlas_blit_frag	extern rive::Span<const uint32_t> atomic_draw_atlas_blit_frag;	vulkan:renderer:vulkan_shaders	review-required
vulkan	renderer/src/vulkan/vulkan_shaders.hpp	41	thread-or-lock	atomic_draw_atlas_blit_fixedcolor_frag	extern rive::Span<const uint32_t> atomic_draw_atlas_blit_fixedcolor_frag;	vulkan:renderer:vulkan_shaders	review-required
vulkan	renderer/src/vulkan/vulkan_shaders.hpp	42	thread-or-lock	atomic_draw_image_rect_vert	extern rive::Span<const uint32_t> atomic_draw_image_rect_vert;	vulkan:renderer:vulkan_shaders	review-required
vulkan	renderer/src/vulkan/vulkan_shaders.hpp	43	thread-or-lock	atomic_draw_image_rect_frag	extern rive::Span<const uint32_t> atomic_draw_image_rect_frag;	vulkan:renderer:vulkan_shaders	review-required
vulkan	renderer/src/vulkan/vulkan_shaders.hpp	44	thread-or-lock	atomic_draw_image_rect_fixedcolor_frag	extern rive::Span<const uint32_t> atomic_draw_image_rect_fixedcolor_frag;	vulkan:renderer:vulkan_shaders	review-required
vulkan	renderer/src/vulkan/vulkan_shaders.hpp	45	thread-or-lock	atomic_draw_image_mesh_vert	extern rive::Span<const uint32_t> atomic_draw_image_mesh_vert;	vulkan:renderer:vulkan_shaders	review-required
vulkan	renderer/src/vulkan/vulkan_shaders.hpp	46	thread-or-lock	atomic_draw_image_mesh_frag	extern rive::Span<const uint32_t> atomic_draw_image_mesh_frag;	vulkan:renderer:vulkan_shaders	review-required
vulkan	renderer/src/vulkan/vulkan_shaders.hpp	47	thread-or-lock	atomic_draw_image_mesh_fixedcolor_frag	extern rive::Span<const uint32_t> atomic_draw_image_mesh_fixedcolor_frag;	vulkan:renderer:vulkan_shaders	review-required
vulkan	renderer/src/vulkan/vulkan_shaders.hpp	48	thread-or-lock	atomic_resolve_vert	extern rive::Span<const uint32_t> atomic_resolve_vert;	vulkan:renderer:vulkan_shaders	review-required
vulkan	renderer/src/vulkan/vulkan_shaders.hpp	49	thread-or-lock	atomic_resolve_frag	extern rive::Span<const uint32_t> atomic_resolve_frag;	vulkan:renderer:vulkan_shaders	review-required
vulkan	renderer/src/vulkan/vulkan_shaders.hpp	50	thread-or-lock	atomic_resolve_fixedcolor_frag	extern rive::Span<const uint32_t> atomic_resolve_fixedcolor_frag;	vulkan:renderer:vulkan_shaders	review-required
vulkan	renderer/src/vulkan/vulkan_shaders.hpp	51	thread-or-lock	atomic_resolve_coalesced_vert	extern rive::Span<const uint32_t> atomic_resolve_coalesced_vert;	vulkan:renderer:vulkan_shaders	review-required
vulkan	renderer/src/vulkan/vulkan_shaders.hpp	52	thread-or-lock	atomic_resolve_coalesced_frag	extern rive::Span<const uint32_t> atomic_resolve_coalesced_frag;	vulkan:renderer:vulkan_shaders	review-required
webgl2	renderer/include/rive/renderer/gl/gl_state.hpp	60	destruction-or-release	deleteProgram	void deleteProgram(GLuint);	webgl2:renderer:gl_state	review-required
webgl2	renderer/include/rive/renderer/gl/gl_state.hpp	61	destruction-or-release	deleteVAO	void deleteVAO(GLuint);	webgl2:renderer:gl_state	review-required
webgl2	renderer/include/rive/renderer/gl/gl_state.hpp	62	destruction-or-release	deleteBuffer	void deleteBuffer(GLuint);	webgl2:renderer:gl_state	review-required
webgl2	renderer/include/rive/renderer/gl/gl_utils.hpp	82	destruction-or-release	delete	GLObject(const GLObject&) = delete;	webgl2:renderer:gl_utils	review-required
webgl2	renderer/include/rive/renderer/gl/gl_utils.hpp	83	destruction-or-release	delete	GLObject& operator=(const GLObject&) = delete;	webgl2:renderer:gl_utils	review-required
webgl2	renderer/include/rive/renderer/gl/gl_utils.hpp	97	destruction-or-release	~Buffer(	~Buffer() { glDeleteBuffers(1, &m_id); }	webgl2:renderer:gl_utils	review-required
webgl2	renderer/include/rive/renderer/gl/gl_utils.hpp	107	destruction-or-release	reset	reset(std::exchange(rhs.m_id, 0));	webgl2:renderer:gl_utils	review-required
webgl2	renderer/include/rive/renderer/gl/gl_utils.hpp	110	destruction-or-release	reset	~Texture() { reset(0); }	webgl2:renderer:gl_utils	review-required
webgl2	renderer/include/rive/renderer/gl/gl_utils.hpp	110	destruction-or-release	~Texture(	~Texture() { reset(0); }	webgl2:renderer:gl_utils	review-required
webgl2	renderer/include/rive/renderer/gl/gl_utils.hpp	118	destruction-or-release	reset	void reset(GLuint adoptedID)	webgl2:renderer:gl_utils	review-required
webgl2	renderer/include/rive/renderer/gl/gl_utils.hpp	135	destruction-or-release	reset	reset(std::exchange(rhs.m_id, 0));	webgl2:renderer:gl_utils	review-required
webgl2	renderer/include/rive/renderer/gl/gl_utils.hpp	138	destruction-or-release	reset	~Framebuffer() { reset(0); }	webgl2:renderer:gl_utils	review-required
webgl2	renderer/include/rive/renderer/gl/gl_utils.hpp	138	destruction-or-release	~Framebuffer(	~Framebuffer() { reset(0); }	webgl2:renderer:gl_utils	review-required
webgl2	renderer/include/rive/renderer/gl/gl_utils.hpp	145	destruction-or-release	reset	void reset(GLuint adoptedID)	webgl2:renderer:gl_utils	review-required
webgl2	renderer/include/rive/renderer/gl/gl_utils.hpp	162	destruction-or-release	reset	reset(std::exchange(rhs.m_id, 0));	webgl2:renderer:gl_utils	review-required
webgl2	renderer/include/rive/renderer/gl/gl_utils.hpp	165	destruction-or-release	reset	~Renderbuffer() { reset(0); }	webgl2:renderer:gl_utils	review-required
webgl2	renderer/include/rive/renderer/gl/gl_utils.hpp	165	destruction-or-release	~Renderbuffer(	~Renderbuffer() { reset(0); }	webgl2:renderer:gl_utils	review-required
webgl2	renderer/include/rive/renderer/gl/gl_utils.hpp	172	destruction-or-release	reset	void reset(GLuint adoptedID)	webgl2:renderer:gl_utils	review-required
webgl2	renderer/include/rive/renderer/gl/gl_utils.hpp	186	destruction-or-release	~VAO(	~VAO() { glDeleteVertexArrays(1, &m_id); }	webgl2:renderer:gl_utils	review-required
webgl2	renderer/include/rive/renderer/gl/gl_utils.hpp	196	destruction-or-release	reset	reset(std::exchange(rhs.m_id, 0));	webgl2:renderer:gl_utils	review-required
webgl2	renderer/include/rive/renderer/gl/gl_utils.hpp	199	destruction-or-release	reset	~Shader() { reset(0); }	webgl2:renderer:gl_utils	review-required
webgl2	renderer/include/rive/renderer/gl/gl_utils.hpp	199	destruction-or-release	~Shader(	~Shader() { reset(0); }	webgl2:renderer:gl_utils	review-required
webgl2	renderer/include/rive/renderer/gl/gl_utils.hpp	214	destruction-or-release	reset	void reset(GLuint adoptedID = 0)	webgl2:renderer:gl_utils	review-required
webgl2	renderer/include/rive/renderer/gl/gl_utils.hpp	230	destruction-or-release	reset	reset(std::exchange(rhs.m_id, 0));	webgl2:renderer:gl_utils	review-required
webgl2	renderer/include/rive/renderer/gl/gl_utils.hpp	235	destruction-or-release	reset	~Program() { reset(0); }	webgl2:renderer:gl_utils	review-required
webgl2	renderer/include/rive/renderer/gl/gl_utils.hpp	235	destruction-or-release	~Program(	~Program() { reset(0); }	webgl2:renderer:gl_utils	review-required
webgl2	renderer/include/rive/renderer/gl/gl_utils.hpp	257	destruction-or-release	reset	void reset(GLuint adoptedProgramID);	webgl2:renderer:gl_utils	review-required
webgl2	renderer/include/rive/renderer/gl/load_store_actions_ext.hpp	30	synchronization-or-submission	FlushDescriptor	LoadStoreActionsEXT BuildLoadActionsEXT(const gpu::FlushDescriptor&,	webgl2:renderer:load_store_actions_ext	review-required
webgl2	renderer/include/rive/renderer/gl/render_buffer_gl_impl.hpp	25	destruction-or-release	~RenderBufferGLImpl(	~RenderBufferGLImpl();	webgl2:renderer:render_buffer_gl_impl	review-required
webgl2	renderer/include/rive/renderer/gl/render_context_gl_impl.hpp	7	callback-or-async	async_pipeline_manager	#include "rive/renderer/async_pipeline_manager.hpp"	webgl2:renderer:render_context_gl_impl	review-required
webgl2	renderer/include/rive/renderer/gl/render_context_gl_impl.hpp	39	construction-or-allocation	MakeContext	static std::unique_ptr<RenderContext> MakeContext(const ContextOptions&);	webgl2:renderer:render_context_gl_impl	review-required
webgl2	renderer/include/rive/renderer/gl/render_context_gl_impl.hpp	40	construction-or-allocation	MakeContext	static std::unique_ptr<RenderContext> MakeContext()	webgl2:renderer:render_context_gl_impl	review-required
webgl2	renderer/include/rive/renderer/gl/render_context_gl_impl.hpp	42	construction-or-allocation	MakeContext	return MakeContext(ContextOptions());	webgl2:renderer:render_context_gl_impl	review-required
webgl2	renderer/include/rive/renderer/gl/render_context_gl_impl.hpp	45	destruction-or-release	~RenderContextGLImpl(	~RenderContextGLImpl() override;	webgl2:renderer:render_context_gl_impl	review-required
webgl2	renderer/include/rive/renderer/gl/render_context_gl_impl.hpp	213	synchronization-or-submission	FlushDescriptor	const gpu::FlushDescriptor&,	webgl2:renderer:render_context_gl_impl	review-required
webgl2	renderer/include/rive/renderer/gl/render_context_gl_impl.hpp	226	synchronization-or-submission	FlushDescriptor	const FlushDescriptor&,	webgl2:renderer:render_context_gl_impl	review-required
webgl2	renderer/include/rive/renderer/gl/render_context_gl_impl.hpp	232	synchronization-or-submission	FlushDescriptor	const FlushDescriptor&) = 0;	webgl2:renderer:render_context_gl_impl	review-required
webgl2	renderer/include/rive/renderer/gl/render_context_gl_impl.hpp	234	synchronization-or-submission	FlushDescriptor	const FlushDescriptor&) = 0;	webgl2:renderer:render_context_gl_impl	review-required
webgl2	renderer/include/rive/renderer/gl/render_context_gl_impl.hpp	237	synchronization-or-submission	FlushDescriptor	const gpu::FlushDescriptor&,	webgl2:renderer:render_context_gl_impl	review-required
webgl2	renderer/include/rive/renderer/gl/render_context_gl_impl.hpp	240	synchronization-or-submission	FlushDescriptor	void barrier(const gpu::FlushDescriptor& desc)	webgl2:renderer:render_context_gl_impl	review-required
webgl2	renderer/include/rive/renderer/gl/render_context_gl_impl.hpp	240	synchronization-or-submission	barrier	void barrier(const gpu::FlushDescriptor& desc)	webgl2:renderer:render_context_gl_impl	review-required
webgl2	renderer/include/rive/renderer/gl/render_context_gl_impl.hpp	242	failure-or-loss	assert	assert(m_rasterOrderingEnabled == gpu::TriState::no);	webgl2:renderer:render_context_gl_impl	review-required
webgl2	renderer/include/rive/renderer/gl/render_context_gl_impl.hpp	246	destruction-or-release	~PixelLocalStorageImpl(	virtual ~PixelLocalStorageImpl() {}	webgl2:renderer:render_context_gl_impl	review-required
webgl2	renderer/include/rive/renderer/gl/render_context_gl_impl.hpp	257	synchronization-or-submission	FlushDescriptor	virtual void onBarrier(const gpu::FlushDescriptor& desc) {}	webgl2:renderer:render_context_gl_impl	review-required
webgl2	renderer/include/rive/renderer/gl/render_context_gl_impl.hpp	266	construction-or-allocation	MakePLSImplEXTNative	static std::unique_ptr<PixelLocalStorageImpl> MakePLSImplEXTNative(	webgl2:renderer:render_context_gl_impl	review-required
webgl2	renderer/include/rive/renderer/gl/render_context_gl_impl.hpp	268	construction-or-allocation	MakePLSImplWebGL	static std::unique_ptr<PixelLocalStorageImpl> MakePLSImplWebGL();	webgl2:renderer:render_context_gl_impl	review-required
webgl2	renderer/include/rive/renderer/gl/render_context_gl_impl.hpp	269	construction-or-allocation	MakePLSImplRWTexture	static std::unique_ptr<PixelLocalStorageImpl> MakePLSImplRWTexture();	webgl2:renderer:render_context_gl_impl	review-required
webgl2	renderer/include/rive/renderer/gl/render_context_gl_impl.hpp	271	construction-or-allocation	MakeContext	static std::unique_ptr<RenderContext> MakeContext(	webgl2:renderer:render_context_gl_impl	review-required
webgl2	renderer/include/rive/renderer/gl/render_context_gl_impl.hpp	302	synchronization-or-submission	FlushDescriptor	void flush(const FlushDescriptor&) override;	webgl2:renderer:render_context_gl_impl	review-required
webgl2	renderer/include/rive/renderer/gl/render_context_gl_impl.hpp	302	synchronization-or-submission	flush	void flush(const FlushDescriptor&) override;	webgl2:renderer:render_context_gl_impl	review-required
webgl2	renderer/include/rive/renderer/gl/render_context_gl_impl.hpp	315	synchronization-or-submission	flushBeforeInstancedDrawIfNeeded	void flushBeforeInstancedDrawIfNeeded(uint32_t nextInstanceCount)	webgl2:renderer:render_context_gl_impl	review-required
webgl2	renderer/include/rive/renderer/gl/render_context_gl_impl.hpp	417	destruction-or-release	delete	DrawShader(const DrawShader&) = delete;	webgl2:renderer:render_context_gl_impl	review-required
webgl2	renderer/include/rive/renderer/gl/render_context_gl_impl.hpp	418	destruction-or-release	delete	DrawShader& operator=(const DrawShader&) = delete;	webgl2:renderer:render_context_gl_impl	review-required
webgl2	renderer/include/rive/renderer/gl/render_context_gl_impl.hpp	429	destruction-or-release	~DrawShader(	~DrawShader();	webgl2:renderer:render_context_gl_impl	review-required
webgl2	renderer/include/rive/renderer/gl/render_context_gl_impl.hpp	447	destruction-or-release	delete	DrawProgram(const DrawProgram&) = delete;	webgl2:renderer:render_context_gl_impl	review-required
webgl2	renderer/include/rive/renderer/gl/render_context_gl_impl.hpp	448	destruction-or-release	delete	DrawProgram& operator=(const DrawProgram&) = delete;	webgl2:renderer:render_context_gl_impl	review-required
webgl2	renderer/include/rive/renderer/gl/render_context_gl_impl.hpp	460	destruction-or-release	~DrawProgram(	~DrawProgram();	webgl2:renderer:render_context_gl_impl	review-required
webgl2	renderer/include/rive/renderer/gl/render_context_gl_impl.hpp	490	callback-or-async	AsyncPipelineManager	class GLPipelineManager : public AsyncPipelineManager<DrawProgram>	webgl2:renderer:render_context_gl_impl	review-required
webgl2	renderer/include/rive/renderer/gl/render_context_gl_impl.hpp	492	callback-or-async	AsyncPipelineManager	using Super = AsyncPipelineManager<DrawProgram>;	webgl2:renderer:render_context_gl_impl	review-required
webgl2	renderer/include/rive/renderer/gl/render_context_gl_impl.hpp	498	construction-or-allocation	createVertexShader	virtual std::unique_ptr<DrawShader> createVertexShader(	webgl2:renderer:render_context_gl_impl	review-required
webgl2	renderer/include/rive/renderer/gl/render_context_gl_impl.hpp	503	construction-or-allocation	createFragmentShader	virtual std::unique_ptr<DrawShader> createFragmentShader(	webgl2:renderer:render_context_gl_impl	review-required
webgl2	renderer/include/rive/renderer/gl/render_context_gl_impl.hpp	509	construction-or-allocation	createPipeline	virtual std::unique_ptr<DrawProgram> createPipeline(	webgl2:renderer:render_context_gl_impl	review-required
webgl2	renderer/include/rive/renderer/gl/render_context_gl_impl.hpp	510	construction-or-allocation	createType	PipelineCreateType createType,	webgl2:renderer:render_context_gl_impl	review-required
webgl2	renderer/include/rive/renderer/gl/render_target_gl.hpp	75	construction-or-allocation	allocateWebGLPLSBacking	virtual void allocateWebGLPLSBacking(const GLCapabilities&) = 0;	webgl2:renderer:render_target	review-required
webgl2	renderer/include/rive/renderer/gl/render_target_gl.hpp	104	destruction-or-release	~TextureRenderTargetGL(	~TextureRenderTargetGL();	webgl2:renderer:render_target	review-required
webgl2	renderer/include/rive/renderer/gl/render_target_gl.hpp	130	construction-or-allocation	allocateWebGLPLSBacking	void allocateWebGLPLSBacking(const GLCapabilities&) final;	webgl2:renderer:render_target	review-required
webgl2	renderer/include/rive/renderer/gl/render_target_gl.hpp	175	destruction-or-release	~FramebufferRenderTargetGL(	~FramebufferRenderTargetGL();	webgl2:renderer:render_target	review-required
webgl2	renderer/include/rive/renderer/gl/render_target_gl.hpp	182	construction-or-allocation	allocateOffscreenTargetTexture	void allocateOffscreenTargetTexture();	webgl2:renderer:render_target	review-required
webgl2	renderer/include/rive/renderer/gl/render_target_gl.hpp	194	construction-or-allocation	allocateWebGLPLSBacking	void allocateWebGLPLSBacking(const GLCapabilities&) final;	webgl2:renderer:render_target	review-required
webgl2	renderer/include/rive/renderer/ore/ore_context_gl.hpp	23	construction-or-allocation	Make	static std::unique_ptr<ContextGL> Make();	webgl2:ore:context	review-required
webgl2	renderer/include/rive/renderer/ore/ore_context_gl.hpp	25	destruction-or-release	~ContextGL(	~ContextGL() override;	webgl2:ore:context	review-required
webgl2	renderer/include/rive/renderer/ore/ore_context_gl.hpp	44	synchronization-or-submission	waitForGPU	void waitForGPU() override;	webgl2:ore:context	review-required
webgl2	renderer/include/rive/renderer/ore/ore_context_gl.hpp	53	destruction-or-release	delete	ContextGL(const ContextGL&) = delete;	webgl2:ore:context	review-required
webgl2	renderer/include/rive/renderer/ore/ore_context_gl.hpp	54	destruction-or-release	delete	ContextGL& operator=(const ContextGL&) = delete;	webgl2:ore:context	review-required
webgl2	renderer/src/gl/gl_state.cpp	86	failure-or-loss	assert	assert(scissor.left >= 0);	webgl2:renderer:gl_state	review-required
webgl2	renderer/src/gl/gl_state.cpp	87	failure-or-loss	assert	assert(scissor.right >= scissor.left);	webgl2:renderer:gl_state	review-required
webgl2	renderer/src/gl/gl_state.cpp	88	failure-or-loss	assert	assert(scissor.top >= 0);	webgl2:renderer:gl_state	review-required
webgl2	renderer/src/gl/gl_state.cpp	89	failure-or-loss	assert	assert(scissor.bottom >= scissor.top);	webgl2:renderer:gl_state	review-required
webgl2	renderer/src/gl/gl_state.cpp	98	failure-or-loss	assert	assert(scissor.right >= scissor.left);	webgl2:renderer:gl_state	review-required
webgl2	renderer/src/gl/gl_state.cpp	99	failure-or-loss	assert	assert(scissor.bottom >= scissor.top);	webgl2:renderer:gl_state	review-required
webgl2	renderer/src/gl/gl_state.cpp	469	destruction-or-release	deleteProgram	void GLState::deleteProgram(GLuint programID)	webgl2:renderer:gl_state	review-required
webgl2	renderer/src/gl/gl_state.cpp	476	destruction-or-release	deleteVAO	void GLState::deleteVAO(GLuint vao)	webgl2:renderer:gl_state	review-required
webgl2	renderer/src/gl/gl_state.cpp	483	destruction-or-release	deleteBuffer	void GLState::deleteBuffer(GLuint bufferID)	webgl2:renderer:gl_state	review-required
webgl2	renderer/src/gl/gl_utils.cpp	10	thread-or-lock	thread	#include <thread>	webgl2:renderer:gl_utils	review-required
webgl2	renderer/src/gl/gl_utils.cpp	148	failure-or-loss	Failed	fprintf(stderr, "Failed to compile shader\n");	webgl2:renderer:gl_utils	review-required
webgl2	renderer/src/gl/gl_utils.cpp	220	failure-or-loss	Failed	fprintf(stderr, "Failed to link program %s\n", &infoLog[0]);	webgl2:renderer:gl_utils	review-required
webgl2	renderer/src/gl/gl_utils.cpp	245	destruction-or-release	reset	void Program::reset(GLuint adoptedProgramID)	webgl2:renderer:gl_utils	review-required
webgl2	renderer/src/gl/gl_utils.cpp	247	destruction-or-release	reset	m_fragmentShader.reset();	webgl2:renderer:gl_utils	review-required
webgl2	renderer/src/gl/gl_utils.cpp	248	destruction-or-release	reset	m_vertexShader.reset();	webgl2:renderer:gl_utils	review-required
webgl2	renderer/src/gl/gl_utils.cpp	263	failure-or-loss	assert	assert(type == GL_VERTEX_SHADER || type == GL_FRAGMENT_SHADER);	webgl2:renderer:gl_utils	review-required
webgl2	renderer/src/gl/gl_utils.cpp	278	destruction-or-release	reset	reset(CompileShader(type,	webgl2:renderer:gl_utils	review-required
webgl2	renderer/src/gl/gl_utils.cpp	370	failure-or-loss	assert	assert(location != -1);	webgl2:renderer:gl_utils	review-required
webgl2	renderer/src/gl/load_gles_extensions.cpp	8	failure-or-loss	assert	#include <assert.h>	webgl2:renderer:load_gles_extensions	review-required
webgl2	renderer/src/gl/load_gles_extensions.cpp	29	failure-or-loss	assert	assert(extensions != nullptr);	webgl2:renderer:load_gles_extensions	review-required
webgl2	renderer/src/gl/load_store_actions_ext.cpp	11	synchronization-or-submission	FlushDescriptor	LoadStoreActionsEXT BuildLoadActionsEXT(const gpu::FlushDescriptor& desc,	webgl2:renderer:load_store_actions_ext	review-required
webgl2	renderer/src/gl/pls_impl_ext_native.cpp	11	mapping-or-host-visibility	map	#include <map>	webgl2:renderer:pls_impl_ext_native	review-required
webgl2	renderer/src/gl/pls_impl_ext_native.cpp	23	destruction-or-release	delete	PLSLoadStoreProgram(const PLSLoadStoreProgram&) = delete;	webgl2:renderer:pls_impl_ext_native	review-required
webgl2	renderer/src/gl/pls_impl_ext_native.cpp	24	destruction-or-release	delete	PLSLoadStoreProgram& operator=(const PLSLoadStoreProgram&) = delete;	webgl2:renderer:pls_impl_ext_native	review-required
webgl2	renderer/src/gl/pls_impl_ext_native.cpp	52	destruction-or-release	deleteProgram	~PLSLoadStoreProgram() { m_state->deleteProgram(m_id); }	webgl2:renderer:pls_impl_ext_native	review-required
webgl2	renderer/src/gl/pls_impl_ext_native.cpp	52	destruction-or-release	~PLSLoadStoreProgram(	~PLSLoadStoreProgram() { m_state->deleteProgram(m_id); }	webgl2:renderer:pls_impl_ext_native	review-required
webgl2	renderer/src/gl/pls_impl_ext_native.cpp	71	destruction-or-release	~PLSImplEXTNative(	~PLSImplEXTNative()	webgl2:renderer:pls_impl_ext_native	review-required
webgl2	renderer/src/gl/pls_impl_ext_native.cpp	77	destruction-or-release	deleteVAO	m_state->deleteVAO(m_plsLoadStoreVAO);	webgl2:renderer:pls_impl_ext_native	review-required
webgl2	renderer/src/gl/pls_impl_ext_native.cpp	86	failure-or-loss	assert	assert(capabilities.EXT_shader_pixel_local_storage);	webgl2:renderer:pls_impl_ext_native	review-required
webgl2	renderer/src/gl/pls_impl_ext_native.cpp	95	synchronization-or-submission	FlushDescriptor	const FlushDescriptor& desc,	webgl2:renderer:pls_impl_ext_native	review-required
webgl2	renderer/src/gl/pls_impl_ext_native.cpp	106	synchronization-or-submission	FlushDescriptor	const FlushDescriptor& desc) override	webgl2:renderer:pls_impl_ext_native	review-required
webgl2	renderer/src/gl/pls_impl_ext_native.cpp	108	failure-or-loss	assert	assert(impl->m_capabilities.EXT_shader_pixel_local_storage);	webgl2:renderer:pls_impl_ext_native	review-required
webgl2	renderer/src/gl/pls_impl_ext_native.cpp	109	failure-or-loss	assert	assert(impl->m_capabilities.EXT_shader_framebuffer_fetch ||	webgl2:renderer:pls_impl_ext_native	review-required
webgl2	renderer/src/gl/pls_impl_ext_native.cpp	118	failure-or-loss	assert	assert(impl->m_capabilities.EXT_shader_pixel_local_storage2);	webgl2:renderer:pls_impl_ext_native	review-required
webgl2	renderer/src/gl/pls_impl_ext_native.cpp	119	failure-or-loss	assert	assert(desc.interlockMode == gpu::InterlockMode::clockwise);	webgl2:renderer:pls_impl_ext_native	review-required
webgl2	renderer/src/gl/pls_impl_ext_native.cpp	120	failure-or-loss	assert	assert(!enums::is_flag_set(	webgl2:renderer:pls_impl_ext_native	review-required
webgl2	renderer/src/gl/pls_impl_ext_native.cpp	133	failure-or-loss	assert	assert(impl->m_capabilities.EXT_shader_pixel_local_storage2);	webgl2:renderer:pls_impl_ext_native	review-required
webgl2	renderer/src/gl/pls_impl_ext_native.cpp	150	failure-or-loss	assert	assert(impl->m_capabilities.EXT_shader_pixel_local_storage2);	webgl2:renderer:pls_impl_ext_native	review-required
webgl2	renderer/src/gl/pls_impl_ext_native.cpp	179	synchronization-or-submission	FlushDescriptor	const FlushDescriptor& desc) override	webgl2:renderer:pls_impl_ext_native	review-required
webgl2	renderer/src/gl/pls_impl_ext_native.cpp	232	mapping-or-host-visibility	map	std::map<uint32_t, PLSLoadStoreProgram> m_plsLoadStorePrograms;	webgl2:renderer:pls_impl_ext_native	review-required
webgl2	renderer/src/gl/pls_impl_ext_native.cpp	239	construction-or-allocation	MakePLSImplEXTNative	RenderContextGLImpl::MakePLSImplEXTNative(const GLCapabilities& capabilities)	webgl2:renderer:pls_impl_ext_native	review-required
webgl2	renderer/src/gl/pls_impl_ext_native.cpp	241	construction-or-allocation	make_unique	return std::make_unique<PLSImplEXTNative>(capabilities);	webgl2:renderer:pls_impl_ext_native	review-required
webgl2	renderer/src/gl/pls_impl_rw_texture.cpp	18	synchronization-or-submission	FlushDescriptor	const gpu::FlushDescriptor& desc)	webgl2:renderer:pls_impl_rw_texture	review-required
webgl2	renderer/src/gl/pls_impl_rw_texture.cpp	20	thread-or-lock	atomics	return desc.interlockMode == gpu::InterlockMode::atomics &&	webgl2:renderer:pls_impl_rw_texture	review-required
webgl2	renderer/src/gl/pls_impl_rw_texture.cpp	57	failure-or-loss	assert	assert(planeCount <= PLS_TRANSIENT_BACKING_MAX_PLANE_COUNT);	webgl2:renderer:pls_impl_rw_texture	review-required
webgl2	renderer/src/gl/pls_impl_rw_texture.cpp	113	synchronization-or-submission	FlushDescriptor	gpu::ShaderMiscFlags shaderMiscFlags(const gpu::FlushDescriptor& desc,	webgl2:renderer:pls_impl_rw_texture	review-required
webgl2	renderer/src/gl/pls_impl_rw_texture.cpp	127	synchronization-or-submission	FlushDescriptor	const FlushDescriptor& desc,	webgl2:renderer:pls_impl_rw_texture	review-required
webgl2	renderer/src/gl/pls_impl_rw_texture.cpp	141	synchronization-or-submission	FlushDescriptor	const FlushDescriptor& desc) override	webgl2:renderer:pls_impl_rw_texture	review-required
webgl2	renderer/src/gl/pls_impl_rw_texture.cpp	208	failure-or-loss	assert	assert(desc.interlockMode == gpu::InterlockMode::atomics);	webgl2:renderer:pls_impl_rw_texture	review-required
webgl2	renderer/src/gl/pls_impl_rw_texture.cpp	208	thread-or-lock	atomics	assert(desc.interlockMode == gpu::InterlockMode::atomics);	webgl2:renderer:pls_impl_rw_texture	review-required
webgl2	renderer/src/gl/pls_impl_rw_texture.cpp	254	failure-or-loss	assert	assert(nextTransientLayer <= m_plsTransientBackingPlaneCount);	webgl2:renderer:pls_impl_rw_texture	review-required
webgl2	renderer/src/gl/pls_impl_rw_texture.cpp	284	synchronization-or-submission	FlushDescriptor	const FlushDescriptor& desc) override	webgl2:renderer:pls_impl_rw_texture	review-required
webgl2	renderer/src/gl/pls_impl_rw_texture.cpp	316	synchronization-or-submission	FlushDescriptor	void onBarrier(const gpu::FlushDescriptor&) override	webgl2:renderer:pls_impl_rw_texture	review-required
webgl2	renderer/src/gl/pls_impl_rw_texture.cpp	336	construction-or-allocation	MakePLSImplRWTexture	RenderContextGLImpl::MakePLSImplRWTexture()	webgl2:renderer:pls_impl_rw_texture	review-required
webgl2	renderer/src/gl/pls_impl_rw_texture.cpp	338	construction-or-allocation	make_unique	return std::make_unique<PLSImplRWTexture>();	webgl2:renderer:pls_impl_rw_texture	review-required
webgl2	renderer/src/gl/pls_impl_webgl.cpp	234	failure-or-loss	assert	assert(capabilities.ANGLE_shader_pixel_local_storage);	webgl2:renderer:pls_impl_webgl	review-required
webgl2	renderer/src/gl/pls_impl_webgl.cpp	242	synchronization-or-submission	FlushDescriptor	const FlushDescriptor& desc) override	webgl2:renderer:pls_impl_webgl	review-required
webgl2	renderer/src/gl/pls_impl_webgl.cpp	245	construction-or-allocation	allocateWebGLPLSBacking	renderTarget->allocateWebGLPLSBacking(	webgl2:renderer:pls_impl_webgl	review-required
webgl2	renderer/src/gl/pls_impl_webgl.cpp	254	construction-or-allocation	allocateOffscreenTargetTexture	framebufferRenderTarget->allocateOffscreenTargetTexture();	webgl2:renderer:pls_impl_webgl	review-required
webgl2	renderer/src/gl/pls_impl_webgl.cpp	296	synchronization-or-submission	FlushDescriptor	const FlushDescriptor& desc) override	webgl2:renderer:pls_impl_webgl	review-required
webgl2	renderer/src/gl/pls_impl_webgl.cpp	333	construction-or-allocation	MakePLSImplWebGL	RenderContextGLImpl::MakePLSImplWebGL()	webgl2:renderer:pls_impl_webgl	review-required
webgl2	renderer/src/gl/pls_impl_webgl.cpp	335	construction-or-allocation	make_unique	return std::make_unique<PLSImplWebGL>();	webgl2:renderer:pls_impl_webgl	review-required
webgl2	renderer/src/gl/render_buffer_gl_impl.cpp	28	destruction-or-release	~RenderBufferGLImpl(	RenderBufferGLImpl::~RenderBufferGLImpl()	webgl2:renderer:render_buffer_gl_impl	review-required
webgl2	renderer/src/gl/render_buffer_gl_impl.cpp	32	destruction-or-release	deleteBuffer	m_state->deleteBuffer(m_bufferID);	webgl2:renderer:render_buffer_gl_impl	review-required
webgl2	renderer/src/gl/render_buffer_gl_impl.cpp	38	failure-or-loss	assert	assert(!m_state);	webgl2:renderer:render_buffer_gl_impl	review-required
webgl2	renderer/src/gl/render_buffer_gl_impl.cpp	39	failure-or-loss	assert	assert(m_bufferID == 0);	webgl2:renderer:render_buffer_gl_impl	review-required
webgl2	renderer/src/gl/render_buffer_gl_impl.cpp	49	mapping-or-host-visibility	mappedOnceAtInitialization	RenderBufferFlags::mappedOnceAtInitialization)	webgl2:renderer:render_buffer_gl_impl	review-required
webgl2	renderer/src/gl/render_buffer_gl_impl.cpp	77	construction-or-allocation	new	m_fallbackMappedMemory.reset(new uint8_t[sizeInBytes()]);	webgl2:renderer:render_buffer_gl_impl	review-required
webgl2	renderer/src/gl/render_buffer_gl_impl.cpp	77	destruction-or-release	reset	m_fallbackMappedMemory.reset(new uint8_t[sizeInBytes()]);	webgl2:renderer:render_buffer_gl_impl	review-required
webgl2	renderer/src/gl/render_buffer_gl_impl.cpp	100	mapping-or-host-visibility	mappedOnceAtInitialization	RenderBufferFlags::mappedOnceAtInitialization))	webgl2:renderer:render_buffer_gl_impl	review-required
webgl2	renderer/src/gl/render_buffer_gl_impl.cpp	103	destruction-or-release	reset	.reset(); // This buffer will only be mapped once.	webgl2:renderer:render_buffer_gl_impl	review-required
webgl2	renderer/src/gl/render_buffer_gl_impl.cpp	103	mapping-or-host-visibility	mapped	.reset(); // This buffer will only be mapped once.	webgl2:renderer:render_buffer_gl_impl	review-required
webgl2	renderer/src/gl/render_buffer_gl_impl.cpp	117	mapping-or-host-visibility	mappedOnceAtInitialization	RenderBufferFlags::mappedOnceAtInitialization);	webgl2:renderer:render_buffer_gl_impl	review-required
webgl2	renderer/src/gl/render_context_gl_impl.cpp	25	synchronization-or-submission	flush_uniforms	#include "generated/shaders/flush_uniforms.glsl.hpp"	webgl2:renderer:render_context_gl_impl	review-required
webgl2	renderer/src/gl/render_context_gl_impl.cpp	50	thread-or-lock	atomic_draw	const char atomic_draw[] = "";	webgl2:renderer:render_context_gl_impl	review-required
webgl2	renderer/src/gl/render_context_gl_impl.cpp	54	thread-or-lock	atomic_draw	#include "generated/shaders/atomic_draw.glsl.hpp"	webgl2:renderer:render_context_gl_impl	review-required
webgl2	renderer/src/gl/render_context_gl_impl.cpp	248	synchronization-or-submission	flush_uniforms	glsl::flush_uniforms,	webgl2:renderer:render_context_gl_impl	review-required
webgl2	renderer/src/gl/render_context_gl_impl.cpp	307	synchronization-or-submission	flush_uniforms	glsl::flush_uniforms,	webgl2:renderer:render_context_gl_impl	review-required
webgl2	renderer/src/gl/render_context_gl_impl.cpp	440	destruction-or-release	~RenderContextGLImpl(	RenderContextGLImpl::~RenderContextGLImpl()	webgl2:renderer:render_context_gl_impl	review-required
webgl2	renderer/src/gl/render_context_gl_impl.cpp	539	synchronization-or-submission	flush_uniforms	glsl::flush_uniforms,	webgl2:renderer:render_context_gl_impl	review-required
webgl2	renderer/src/gl/render_context_gl_impl.cpp	606	synchronization-or-submission	flush_uniforms	glsl::flush_uniforms,	webgl2:renderer:render_context_gl_impl	review-required
webgl2	renderer/src/gl/render_context_gl_impl.cpp	680	destruction-or-release	~TextureGLImpl(	virtual ~TextureGLImpl() = default;	webgl2:renderer:render_context_gl_impl	review-required
webgl2	renderer/src/gl/render_context_gl_impl.cpp	713	destruction-or-release	~CanvasSourceTextureGLImpl(	~CanvasSourceTextureGLImpl() override	webgl2:renderer:render_context_gl_impl	review-required
webgl2	renderer/src/gl/render_context_gl_impl.cpp	745	destruction-or-release	~CanvasMirrorTextureGLImpl(	~CanvasMirrorTextureGLImpl() override; // Defined below the class	webgl2:renderer:render_context_gl_impl	review-required
webgl2	renderer/src/gl/render_context_gl_impl.cpp	776	failure-or-loss	assert	assert(blockWidth == 1 && blockHeight == 1);	webgl2:renderer:render_context_gl_impl	review-required
webgl2	renderer/src/gl/render_context_gl_impl.cpp	793	failure-or-loss	assert	assert(!"unsupported ASTC block footprint");	webgl2:renderer:render_context_gl_impl	review-required
webgl2	renderer/src/gl/render_context_gl_impl.cpp	806	failure-or-loss	assert	assert(!"unsupported format");	webgl2:renderer:render_context_gl_impl	review-required
webgl2	renderer/src/gl/render_context_gl_impl.cpp	809	failure-or-loss	assert	assert(!(generateRemainingMips && isCompressed) &&	webgl2:renderer:render_context_gl_impl	review-required
webgl2	renderer/src/gl/render_context_gl_impl.cpp	891	construction-or-allocation	new	rcp<TextureGLImpl>(new CanvasSourceTextureGLImpl(width,	webgl2:renderer:render_context_gl_impl	review-required
webgl2	renderer/src/gl/render_context_gl_impl.cpp	918	construction-or-allocation	Make	return rive::ore::ContextGL::Make();	webgl2:renderer:render_context_gl_impl	review-required
webgl2	renderer/src/gl/render_context_gl_impl.cpp	1038	construction-or-allocation	new	rcp<TextureGLImpl>(new CanvasMirrorTextureGLImpl(width,	webgl2:renderer:render_context_gl_impl	review-required
webgl2	renderer/src/gl/render_context_gl_impl.cpp	1090	destruction-or-release	~CanvasMirrorTextureGLImpl(	CanvasMirrorTextureGLImpl::~CanvasMirrorTextureGLImpl()	webgl2:renderer:render_context_gl_impl	review-required
webgl2	renderer/src/gl/render_context_gl_impl.cpp	1126	construction-or-allocation	Make	static std::unique_ptr<BufferRingGLImpl> Make(size_t capacityInBytes,	webgl2:renderer:render_context_gl_impl	review-required
webgl2	renderer/src/gl/render_context_gl_impl.cpp	1132	construction-or-allocation	new	new BufferRingGLImpl(target,	webgl2:renderer:render_context_gl_impl	review-required
webgl2	renderer/src/gl/render_context_gl_impl.cpp	1138	destruction-or-release	deleteBuffer	~BufferRingGLImpl() { m_state->deleteBuffer(m_bufferID); }	webgl2:renderer:render_context_gl_impl	review-required
webgl2	renderer/src/gl/render_context_gl_impl.cpp	1138	destruction-or-release	~BufferRingGLImpl(	~BufferRingGLImpl() { m_state->deleteBuffer(m_bufferID); }	webgl2:renderer:render_context_gl_impl	review-required
webgl2	renderer/src/gl/render_context_gl_impl.cpp	1153	mapping-or-host-visibility	mapSizeInBytes	void* onMapBuffer(int bufferIdx, size_t mapSizeInBytes) override	webgl2:renderer:render_context_gl_impl	review-required
webgl2	renderer/src/gl/render_context_gl_impl.cpp	1164	mapping-or-host-visibility	mapSizeInBytes	mapSizeInBytes,	webgl2:renderer:render_context_gl_impl	review-required
webgl2	renderer/src/gl/render_context_gl_impl.cpp	1175	mapping-or-host-visibility	mapSizeInBytes	void onUnmapAndSubmitBuffer(int bufferIdx, size_t mapSizeInBytes) override	webgl2:renderer:render_context_gl_impl	review-required
webgl2	renderer/src/gl/render_context_gl_impl.cpp	1189	mapping-or-host-visibility	mapSizeInBytes	glBufferSubData(m_target, 0, mapSizeInBytes, shadowBuffer());	webgl2:renderer:render_context_gl_impl	review-required
webgl2	renderer/src/gl/render_context_gl_impl.cpp	1298	destruction-or-release	~TexelBufferRingWebGL(	~TexelBufferRingWebGL() { glDeleteTextures(1, &m_textureID); }	webgl2:renderer:render_context_gl_impl	review-required
webgl2	renderer/src/gl/render_context_gl_impl.cpp	1300	mapping-or-host-visibility	mapSizeInBytes	void* onMapBuffer(int bufferIdx, size_t mapSizeInBytes) override	webgl2:renderer:render_context_gl_impl	review-required
webgl2	renderer/src/gl/render_context_gl_impl.cpp	1304	mapping-or-host-visibility	mapSizeInBytes	void onUnmapAndSubmitBuffer(int bufferIdx, size_t mapSizeInBytes) override	webgl2:renderer:render_context_gl_impl	review-required
webgl2	renderer/src/gl/render_context_gl_impl.cpp	1335	construction-or-allocation	Make	return BufferRingGLImpl::Make(capacityInBytes, GL_UNIFORM_BUFFER, m_state);	webgl2:renderer:render_context_gl_impl	review-required
webgl2	renderer/src/gl/render_context_gl_impl.cpp	1348	construction-or-allocation	make_unique	return std::make_unique<StorageBufferRingGLImpl>(capacityInBytes,	webgl2:renderer:render_context_gl_impl	review-required
webgl2	renderer/src/gl/render_context_gl_impl.cpp	1354	construction-or-allocation	make_unique	return std::make_unique<TexelBufferRingWebGL>(capacityInBytes,	webgl2:renderer:render_context_gl_impl	review-required
webgl2	renderer/src/gl/render_context_gl_impl.cpp	1363	construction-or-allocation	Make	return BufferRingGLImpl::Make(capacityInBytes, GL_ARRAY_BUFFER, m_state);	webgl2:renderer:render_context_gl_impl	review-required
webgl2	renderer/src/gl/render_context_gl_impl.cpp	1607	failure-or-loss	assert	assert(m_featherAtlasRenderTexture != 0);	webgl2:renderer:render_context_gl_impl	review-required
webgl2	renderer/src/gl/render_context_gl_impl.cpp	1638	failure-or-loss	assert	assert((width | height | planeCount) == 0);	webgl2:renderer:render_context_gl_impl	review-required
webgl2	renderer/src/gl/render_context_gl_impl.cpp	1652	failure-or-loss	assert	assert((width | height) == 0);	webgl2:renderer:render_context_gl_impl	review-required
webgl2	renderer/src/gl/render_context_gl_impl.cpp	1665	thread-or-lock	atomics	if (interlockMode == gpu::InterlockMode::atomics)	webgl2:renderer:render_context_gl_impl	review-required
webgl2	renderer/src/gl/render_context_gl_impl.cpp	1679	thread-or-lock	atomics	if (interlockMode == gpu::InterlockMode::atomics)	webgl2:renderer:render_context_gl_impl	review-required
webgl2	renderer/src/gl/render_context_gl_impl.cpp	1704	failure-or-loss	assert	assert(enums::is_flag_set(kVertexShaderFeaturesMask, feature) ||	webgl2:renderer:render_context_gl_impl	review-required
webgl2	renderer/src/gl/render_context_gl_impl.cpp	1722	failure-or-loss	assert	assert(renderContextImpl->platformFeatures().framebufferBottomUp);	webgl2:renderer:render_context_gl_impl	review-required
webgl2	renderer/src/gl/render_context_gl_impl.cpp	1756	failure-or-loss	assert	assert(interlockMode == gpu::InterlockMode::atomics);	webgl2:renderer:render_context_gl_impl	review-required
webgl2	renderer/src/gl/render_context_gl_impl.cpp	1756	thread-or-lock	atomics	assert(interlockMode == gpu::InterlockMode::atomics);	webgl2:renderer:render_context_gl_impl	review-required
webgl2	renderer/src/gl/render_context_gl_impl.cpp	1765	failure-or-loss	assert	assert(interlockMode == gpu::InterlockMode::atomics);	webgl2:renderer:render_context_gl_impl	review-required
webgl2	renderer/src/gl/render_context_gl_impl.cpp	1765	thread-or-lock	atomics	assert(interlockMode == gpu::InterlockMode::atomics);	webgl2:renderer:render_context_gl_impl	review-required
webgl2	renderer/src/gl/render_context_gl_impl.cpp	1772	failure-or-loss	assert	assert(shaderType == GL_FRAGMENT_SHADER);	webgl2:renderer:render_context_gl_impl	review-required
webgl2	renderer/src/gl/render_context_gl_impl.cpp	1790	synchronization-or-submission	flush_uniforms	sources.push_back(glsl::flush_uniforms);	webgl2:renderer:render_context_gl_impl	review-required
webgl2	renderer/src/gl/render_context_gl_impl.cpp	1844	thread-or-lock	atomics	case gpu::InterlockMode::atomics:	webgl2:renderer:render_context_gl_impl	review-required
webgl2	renderer/src/gl/render_context_gl_impl.cpp	1846	thread-or-lock	atomic_draw	sources.push_back(gpu::glsl::atomic_draw);	webgl2:renderer:render_context_gl_impl	review-required
webgl2	renderer/src/gl/render_context_gl_impl.cpp	1920	destruction-or-release	~DrawShader(	RenderContextGLImpl::DrawShader::~DrawShader()	webgl2:renderer:render_context_gl_impl	review-required
webgl2	renderer/src/gl/render_context_gl_impl.cpp	1930	construction-or-allocation	createType	PipelineCreateType createType,	webgl2:renderer:render_context_gl_impl	review-required
webgl2	renderer/src/gl/render_context_gl_impl.cpp	1946	failure-or-loss	errored	m_pipelineStatus = PipelineStatus::errored;	webgl2:renderer:render_context_gl_impl	review-required
webgl2	renderer/src/gl/render_context_gl_impl.cpp	1975	construction-or-allocation	createType	createType,	webgl2:renderer:render_context_gl_impl	review-required
webgl2	renderer/src/gl/render_context_gl_impl.cpp	1984	construction-or-allocation	createType	PipelineCreateType createType,	webgl2:renderer:render_context_gl_impl	review-required
webgl2	renderer/src/gl/render_context_gl_impl.cpp	1991	failure-or-loss	assert	assert(m_pipelineStatus == PipelineStatus::notReady);	webgl2:renderer:render_context_gl_impl	review-required
webgl2	renderer/src/gl/render_context_gl_impl.cpp	1993	callback-or-async	async	if (createType == PipelineCreateType::async &&	webgl2:renderer:render_context_gl_impl	review-required
webgl2	renderer/src/gl/render_context_gl_impl.cpp	1993	construction-or-allocation	createType	if (createType == PipelineCreateType::async &&	webgl2:renderer:render_context_gl_impl	review-required
webgl2	renderer/src/gl/render_context_gl_impl.cpp	2010	failure-or-loss	errored	m_pipelineStatus = PipelineStatus::errored;	webgl2:renderer:render_context_gl_impl	review-required
webgl2	renderer/src/gl/render_context_gl_impl.cpp	2042	failure-or-loss	errored	m_pipelineStatus = PipelineStatus::errored;	webgl2:renderer:render_context_gl_impl	review-required
webgl2	renderer/src/gl/render_context_gl_impl.cpp	2069	thread-or-lock	atomics	if (isPaintDraw || interlockMode == gpu::InterlockMode::atomics)	webgl2:renderer:render_context_gl_impl	review-required
webgl2	renderer/src/gl/render_context_gl_impl.cpp	2076	failure-or-loss	assert	assert(isPaintDraw || interlockMode == gpu::InterlockMode::atomics);	webgl2:renderer:render_context_gl_impl	review-required
webgl2	renderer/src/gl/render_context_gl_impl.cpp	2076	thread-or-lock	atomics	assert(isPaintDraw || interlockMode == gpu::InterlockMode::atomics);	webgl2:renderer:render_context_gl_impl	review-required
webgl2	renderer/src/gl/render_context_gl_impl.cpp	2089	thread-or-lock	atomics	(isPaintDraw && interlockMode != gpu::InterlockMode::atomics))	webgl2:renderer:render_context_gl_impl	review-required
webgl2	renderer/src/gl/render_context_gl_impl.cpp	2101	thread-or-lock	atomics	if (isPaintDraw || interlockMode == gpu::InterlockMode::atomics)	webgl2:renderer:render_context_gl_impl	review-required
webgl2	renderer/src/gl/render_context_gl_impl.cpp	2138	destruction-or-release	~DrawProgram(	RenderContextGLImpl::DrawProgram::~DrawProgram()	webgl2:renderer:render_context_gl_impl	review-required
webgl2	renderer/src/gl/render_context_gl_impl.cpp	2142	destruction-or-release	deleteProgram	m_state->deleteProgram(m_id);	webgl2:renderer:render_context_gl_impl	review-required
webgl2	renderer/src/gl/render_context_gl_impl.cpp	2191	failure-or-loss	assert	assert(bufferRing != nullptr);	webgl2:renderer:render_context_gl_impl	review-required
webgl2	renderer/src/gl/render_context_gl_impl.cpp	2192	failure-or-loss	assert	assert(bindingSizeInBytes > 0);	webgl2:renderer:render_context_gl_impl	review-required
webgl2	renderer/src/gl/render_context_gl_impl.cpp	2211	synchronization-or-submission	FlushDescriptor	const gpu::FlushDescriptor& desc,	webgl2:renderer:render_context_gl_impl	review-required
webgl2	renderer/src/gl/render_context_gl_impl.cpp	2214	failure-or-loss	assert	assert(!enabled ||	webgl2:renderer:render_context_gl_impl	review-required
webgl2	renderer/src/gl/render_context_gl_impl.cpp	2284	synchronization-or-submission	flush	ctx->flush({.renderTarget = &rt});	webgl2:renderer:render_context_gl_impl	review-required
webgl2	renderer/src/gl/render_context_gl_impl.cpp	2318	synchronization-or-submission	FlushDescriptor	void RenderContextGLImpl::flush(const FlushDescriptor& desc)	webgl2:renderer:render_context_gl_impl	review-required
webgl2	renderer/src/gl/render_context_gl_impl.cpp	2318	synchronization-or-submission	flush	void RenderContextGLImpl::flush(const FlushDescriptor& desc)	webgl2:renderer:render_context_gl_impl	review-required
webgl2	renderer/src/gl/render_context_gl_impl.cpp	2320	failure-or-loss	assert	assert(desc.interlockMode != gpu::InterlockMode::clockwiseAtomic);	webgl2:renderer:render_context_gl_impl	review-required
webgl2	renderer/src/gl/render_context_gl_impl.cpp	2326	synchronization-or-submission	flushUniformBufferRing	gl_buffer_id(flushUniformBufferRing()),	webgl2:renderer:render_context_gl_impl	review-required
webgl2	renderer/src/gl/render_context_gl_impl.cpp	2327	synchronization-or-submission	flushUniformDataOffsetInBytes	desc.flushUniformDataOffsetInBytes,	webgl2:renderer:render_context_gl_impl	review-required
webgl2	renderer/src/gl/render_context_gl_impl.cpp	2328	synchronization-or-submission	FlushUniforms	sizeof(gpu::FlushUniforms));	webgl2:renderer:render_context_gl_impl	review-required
webgl2	renderer/src/gl/render_context_gl_impl.cpp	2361	synchronization-or-submission	flushInjector	GLFlushInjector flushInjector(m_capabilities);	webgl2:renderer:render_context_gl_impl	review-required
webgl2	renderer/src/gl/render_context_gl_impl.cpp	2405	synchronization-or-submission	flushBeforeInstancedDrawIfNeeded	flushInjector.flushBeforeInstancedDrawIfNeeded(chunkInstanceCount);	webgl2:renderer:render_context_gl_impl	review-required
webgl2	renderer/src/gl/render_context_gl_impl.cpp	2405	synchronization-or-submission	flushInjector	flushInjector.flushBeforeInstancedDrawIfNeeded(chunkInstanceCount);	webgl2:renderer:render_context_gl_impl	review-required
webgl2	renderer/src/gl/render_context_gl_impl.cpp	2451	synchronization-or-submission	flushBeforeInstancedDrawIfNeeded	flushInjector.flushBeforeInstancedDrawIfNeeded(chunkInstanceCount);	webgl2:renderer:render_context_gl_impl	review-required
webgl2	renderer/src/gl/render_context_gl_impl.cpp	2451	synchronization-or-submission	flushInjector	flushInjector.flushBeforeInstancedDrawIfNeeded(chunkInstanceCount);	webgl2:renderer:render_context_gl_impl	review-required
webgl2	renderer/src/gl/render_context_gl_impl.cpp	2570	synchronization-or-submission	flushInjector	&flushInjector);	webgl2:renderer:render_context_gl_impl	review-required
webgl2	renderer/src/gl/render_context_gl_impl.cpp	2595	synchronization-or-submission	flushInjector	&flushInjector);	webgl2:renderer:render_context_gl_impl	review-required
webgl2	renderer/src/gl/render_context_gl_impl.cpp	2741	failure-or-loss	assert	assert(desc.msaaSampleCount == 0);	webgl2:renderer:render_context_gl_impl	review-required
webgl2	renderer/src/gl/render_context_gl_impl.cpp	2742	failure-or-loss	assert	assert(m_plsImpl != nullptr);	webgl2:renderer:render_context_gl_impl	review-required
webgl2	renderer/src/gl/render_context_gl_impl.cpp	2744	thread-or-lock	atomics	if (desc.interlockMode == gpu::InterlockMode::atomics)	webgl2:renderer:render_context_gl_impl	review-required
webgl2	renderer/src/gl/render_context_gl_impl.cpp	2751	failure-or-loss	assert	assert(desc.msaaSampleCount > 0);	webgl2:renderer:render_context_gl_impl	review-required
webgl2	renderer/src/gl/render_context_gl_impl.cpp	2818	thread-or-lock	atomics	desc.interlockMode == gpu::InterlockMode::atomics	webgl2:renderer:render_context_gl_impl	review-required
webgl2	renderer/src/gl/render_context_gl_impl.cpp	2824	failure-or-loss	assert	assert(m_plsImpl != nullptr);	webgl2:renderer:render_context_gl_impl	review-required
webgl2	renderer/src/gl/render_context_gl_impl.cpp	2862	failure-or-loss	assert	assert(m_plsImpl != nullptr);	webgl2:renderer:render_context_gl_impl	review-required
webgl2	renderer/src/gl/render_context_gl_impl.cpp	2886	synchronization-or-submission	barriers	if (enums::any_flag_set(batch.barriers,	webgl2:renderer:render_context_gl_impl	review-required
webgl2	renderer/src/gl/render_context_gl_impl.cpp	2887	synchronization-or-submission	BarrierFlags	BarrierFlags::plsAtomic |	webgl2:renderer:render_context_gl_impl	review-required
webgl2	renderer/src/gl/render_context_gl_impl.cpp	2888	synchronization-or-submission	BarrierFlags	BarrierFlags::plsAtomicPreResolve))	webgl2:renderer:render_context_gl_impl	review-required
webgl2	renderer/src/gl/render_context_gl_impl.cpp	2890	failure-or-loss	assert	assert(desc.interlockMode == gpu::InterlockMode::atomics);	webgl2:renderer:render_context_gl_impl	review-required
webgl2	renderer/src/gl/render_context_gl_impl.cpp	2890	thread-or-lock	atomics	assert(desc.interlockMode == gpu::InterlockMode::atomics);	webgl2:renderer:render_context_gl_impl	review-required
webgl2	renderer/src/gl/render_context_gl_impl.cpp	2891	synchronization-or-submission	barrier	m_plsImpl->barrier(desc);	webgl2:renderer:render_context_gl_impl	review-required
webgl2	renderer/src/gl/render_context_gl_impl.cpp	2893	synchronization-or-submission	BarrierFlags	else if (enums::is_flag_set(batch.barriers, BarrierFlags::dstBlend))	webgl2:renderer:render_context_gl_impl	review-required
webgl2	renderer/src/gl/render_context_gl_impl.cpp	2893	synchronization-or-submission	barriers	else if (enums::is_flag_set(batch.barriers, BarrierFlags::dstBlend))	webgl2:renderer:render_context_gl_impl	review-required
webgl2	renderer/src/gl/render_context_gl_impl.cpp	2895	failure-or-loss	assert	assert(!m_capabilities.KHR_blend_equation_advanced_coherent);	webgl2:renderer:render_context_gl_impl	review-required
webgl2	renderer/src/gl/render_context_gl_impl.cpp	2904	failure-or-loss	assert	assert(desc.interlockMode == gpu::InterlockMode::msaa);	webgl2:renderer:render_context_gl_impl	review-required
webgl2	renderer/src/gl/render_context_gl_impl.cpp	2905	failure-or-loss	assert	assert(batch.dstReadList != nullptr);	webgl2:renderer:render_context_gl_impl	review-required
webgl2	renderer/src/gl/render_context_gl_impl.cpp	2915	construction-or-allocation	MakeWH	IAABB::MakeWH(renderTarget->width(),	webgl2:renderer:render_context_gl_impl	review-required
webgl2	renderer/src/gl/render_context_gl_impl.cpp	2924	failure-or-loss	assert	assert(draw->blendMode() != BlendMode::srcOver);	webgl2:renderer:render_context_gl_impl	review-required
webgl2	renderer/src/gl/render_context_gl_impl.cpp	2973	synchronization-or-submission	flushInjector	&flushInjector);	webgl2:renderer:render_context_gl_impl	review-required
webgl2	renderer/src/gl/render_context_gl_impl.cpp	3011	synchronization-or-submission	barrier	m_plsImpl->barrier(desc);	webgl2:renderer:render_context_gl_impl	review-required
webgl2	renderer/src/gl/render_context_gl_impl.cpp	3019	failure-or-loss	assert	assert(desc.interlockMode == gpu::InterlockMode::atomics);	webgl2:renderer:render_context_gl_impl	review-required
webgl2	renderer/src/gl/render_context_gl_impl.cpp	3019	thread-or-lock	atomics	assert(desc.interlockMode == gpu::InterlockMode::atomics);	webgl2:renderer:render_context_gl_impl	review-required
webgl2	renderer/src/gl/render_context_gl_impl.cpp	3020	failure-or-loss	assert	assert(m_plsImpl->rasterOrderingKnownDisabled());	webgl2:renderer:render_context_gl_impl	review-required
webgl2	renderer/src/gl/render_context_gl_impl.cpp	3021	failure-or-loss	assert	assert(m_imageRectVAO != 0);	webgl2:renderer:render_context_gl_impl	review-required
webgl2	renderer/src/gl/render_context_gl_impl.cpp	3075	failure-or-loss	assert	assert(desc.interlockMode == gpu::InterlockMode::atomics);	webgl2:renderer:render_context_gl_impl	review-required
webgl2	renderer/src/gl/render_context_gl_impl.cpp	3075	thread-or-lock	atomics	assert(desc.interlockMode == gpu::InterlockMode::atomics);	webgl2:renderer:render_context_gl_impl	review-required
webgl2	renderer/src/gl/render_context_gl_impl.cpp	3076	failure-or-loss	assert	assert(m_plsImpl->rasterOrderingKnownDisabled());	webgl2:renderer:render_context_gl_impl	review-required
webgl2	renderer/src/gl/render_context_gl_impl.cpp	3172	synchronization-or-submission	flushInjector	GLFlushInjector* flushInjector)	webgl2:renderer:render_context_gl_impl	review-required
webgl2	renderer/src/gl/render_context_gl_impl.cpp	3174	failure-or-loss	assert	assert(m_capabilities.ANGLE_base_vertex_base_instance_shader_builtin ==	webgl2:renderer:render_context_gl_impl	review-required
webgl2	renderer/src/gl/render_context_gl_impl.cpp	3183	synchronization-or-submission	flushBeforeInstancedDrawIfNeeded	flushInjector->flushBeforeInstancedDrawIfNeeded(chunkInstanceCount);	webgl2:renderer:render_context_gl_impl	review-required
webgl2	renderer/src/gl/render_context_gl_impl.cpp	3183	synchronization-or-submission	flushInjector	flushInjector->flushBeforeInstancedDrawIfNeeded(chunkInstanceCount);	webgl2:renderer:render_context_gl_impl	review-required
webgl2	renderer/src/gl/render_context_gl_impl.cpp	3215	synchronization-or-submission	flush_uniforms	glsl::flush_uniforms,	webgl2:renderer:render_context_gl_impl	review-required
webgl2	renderer/src/gl/render_context_gl_impl.cpp	3252	destruction-or-release	releaseResources	owningRenderContext->releaseResources();	webgl2:renderer:render_context_gl_impl	review-required
webgl2	renderer/src/gl/render_context_gl_impl.cpp	3254	failure-or-loss	assert	assert(m_featherAtlasRenderTexture == 0);	webgl2:renderer:render_context_gl_impl	review-required
webgl2	renderer/src/gl/render_context_gl_impl.cpp	3255	failure-or-loss	assert	assert(m_featherAtlasTexture == 0);	webgl2:renderer:render_context_gl_impl	review-required
webgl2	renderer/src/gl/render_context_gl_impl.cpp	3256	failure-or-loss	assert	assert(m_featherAtlasRenderFBO == 0);	webgl2:renderer:render_context_gl_impl	review-required
webgl2	renderer/src/gl/render_context_gl_impl.cpp	3257	failure-or-loss	assert	assert(m_featherAtlasResolveFBO == 0);	webgl2:renderer:render_context_gl_impl	review-required
webgl2	renderer/src/gl/render_context_gl_impl.cpp	3281	failure-or-loss	assert	assert(wasSupported == m_platformFeatures.supportsBlendAdvancedCoherentKHR);	webgl2:renderer:render_context_gl_impl	review-required
webgl2	renderer/src/gl/render_context_gl_impl.cpp	3296	failure-or-loss	assert	assert(wasSupported == m_platformFeatures.supportsBlendAdvancedKHR);	webgl2:renderer:render_context_gl_impl	review-required
webgl2	renderer/src/gl/render_context_gl_impl.cpp	3314	construction-or-allocation	MakeContext	std::unique_ptr<RenderContext> RenderContextGLImpl::MakeContext(	webgl2:renderer:render_context_gl_impl	review-required
webgl2	renderer/src/gl/render_context_gl_impl.cpp	3384	failure-or-loss	assert	assert(capabilities.contextVersionMajor == GLAD_GL_version_major);	webgl2:renderer:render_context_gl_impl	review-required
webgl2	renderer/src/gl/render_context_gl_impl.cpp	3385	failure-or-loss	assert	assert(capabilities.contextVersionMinor == GLAD_GL_version_minor);	webgl2:renderer:render_context_gl_impl	review-required
webgl2	renderer/src/gl/render_context_gl_impl.cpp	3386	failure-or-loss	assert	assert(capabilities.isGLES == static_cast<bool>(GLAD_GL_version_es));	webgl2:renderer:render_context_gl_impl	review-required
webgl2	renderer/src/gl/render_context_gl_impl.cpp	3847	construction-or-allocation	MakeContext	return MakeContext(rendererString,	webgl2:renderer:render_context_gl_impl	review-required
webgl2	renderer/src/gl/render_context_gl_impl.cpp	3849	construction-or-allocation	MakePLSImplEXTNative	MakePLSImplEXTNative(capabilities),	webgl2:renderer:render_context_gl_impl	review-required
webgl2	renderer/src/gl/render_context_gl_impl.cpp	3860	construction-or-allocation	MakeContext	return MakeContext(rendererString,	webgl2:renderer:render_context_gl_impl	review-required
webgl2	renderer/src/gl/render_context_gl_impl.cpp	3862	construction-or-allocation	MakePLSImplWebGL	MakePLSImplWebGL(),	webgl2:renderer:render_context_gl_impl	review-required
webgl2	renderer/src/gl/render_context_gl_impl.cpp	3871	construction-or-allocation	MakeContext	return MakeContext(rendererString,	webgl2:renderer:render_context_gl_impl	review-required
webgl2	renderer/src/gl/render_context_gl_impl.cpp	3873	construction-or-allocation	MakePLSImplRWTexture	MakePLSImplRWTexture(),	webgl2:renderer:render_context_gl_impl	review-required
webgl2	renderer/src/gl/render_context_gl_impl.cpp	3879	construction-or-allocation	MakeContext	return MakeContext(rendererString,	webgl2:renderer:render_context_gl_impl	review-required
webgl2	renderer/src/gl/render_context_gl_impl.cpp	3892	construction-or-allocation	createPipeline	GLPipelineManager::createPipeline(PipelineCreateType createType,	webgl2:renderer:render_context_gl_impl	review-required
webgl2	renderer/src/gl/render_context_gl_impl.cpp	3892	construction-or-allocation	createType	GLPipelineManager::createPipeline(PipelineCreateType createType,	webgl2:renderer:render_context_gl_impl	review-required
webgl2	renderer/src/gl/render_context_gl_impl.cpp	3897	construction-or-allocation	make_unique	return std::make_unique<DrawProgram>(m_context,	webgl2:renderer:render_context_gl_impl	review-required
webgl2	renderer/src/gl/render_context_gl_impl.cpp	3898	construction-or-allocation	createType	createType,	webgl2:renderer:render_context_gl_impl	review-required
webgl2	renderer/src/gl/render_context_gl_impl.cpp	3921	callback-or-async	async	PipelineCreateType::async,	webgl2:renderer:render_context_gl_impl	review-required
webgl2	renderer/src/gl/render_context_gl_impl.cpp	3929	construction-or-allocation	createVertexShader	GLPipelineManager::createVertexShader(DrawType drawType,	webgl2:renderer:render_context_gl_impl	review-required
webgl2	renderer/src/gl/render_context_gl_impl.cpp	3933	construction-or-allocation	make_unique	return std::make_unique<DrawShader>(m_context,	webgl2:renderer:render_context_gl_impl	review-required
webgl2	renderer/src/gl/render_context_gl_impl.cpp	3942	construction-or-allocation	createFragmentShader	GLPipelineManager::createFragmentShader(DrawType drawType,	webgl2:renderer:render_context_gl_impl	review-required
webgl2	renderer/src/gl/render_context_gl_impl.cpp	3947	construction-or-allocation	make_unique	return std::make_unique<DrawShader>(m_context,	webgl2:renderer:render_context_gl_impl	review-required
webgl2	renderer/src/gl/render_context_gl_impl.cpp	3955	construction-or-allocation	MakeContext	std::unique_ptr<RenderContext> RenderContextGLImpl::MakeContext(	webgl2:renderer:render_context_gl_impl	review-required
webgl2	renderer/src/gl/render_context_gl_impl.cpp	3962	construction-or-allocation	new	new RenderContextGLImpl(rendererString,	webgl2:renderer:render_context_gl_impl	review-required
webgl2	renderer/src/gl/render_context_gl_impl.cpp	3966	construction-or-allocation	make_unique	return std::make_unique<RenderContext>(std::move(renderContextImpl));	webgl2:renderer:render_context_gl_impl	review-required
webgl2	renderer/src/gl/render_target_gl.cpp	43	destruction-or-release	~TextureRenderTargetGL(	TextureRenderTargetGL::~TextureRenderTargetGL() {}	webgl2:renderer:render_target	review-required
webgl2	renderer/src/gl/render_target_gl.cpp	136	failure-or-loss	assert	assert(sampleCount > 0);	webgl2:renderer:render_target	review-required
webgl2	renderer/src/gl/render_target_gl.cpp	230	construction-or-allocation	allocateWebGLPLSBacking	void TextureRenderTargetGL::allocateWebGLPLSBacking(	webgl2:renderer:render_target	review-required
webgl2	renderer/src/gl/render_target_gl.cpp	270	destruction-or-release	~FramebufferRenderTargetGL(	FramebufferRenderTargetGL::~FramebufferRenderTargetGL() {}	webgl2:renderer:render_target	review-required
webgl2	renderer/src/gl/render_target_gl.cpp	277	construction-or-allocation	allocateOffscreenTargetTexture	void FramebufferRenderTargetGL::allocateOffscreenTargetTexture()	webgl2:renderer:render_target	review-required
webgl2	renderer/src/gl/render_target_gl.cpp	291	construction-or-allocation	allocateOffscreenTargetTexture	allocateOffscreenTargetTexture();	webgl2:renderer:render_target	review-required
webgl2	renderer/src/gl/render_target_gl.cpp	297	construction-or-allocation	allocateOffscreenTargetTexture	allocateOffscreenTargetTexture();	webgl2:renderer:render_target	review-required
webgl2	renderer/src/gl/render_target_gl.cpp	313	failure-or-loss	assert	assert(sampleCount > 0);	webgl2:renderer:render_target	review-required
webgl2	renderer/src/gl/render_target_gl.cpp	338	construction-or-allocation	allocateOffscreenTargetTexture	allocateOffscreenTargetTexture();	webgl2:renderer:render_target	review-required
webgl2	renderer/src/gl/render_target_gl.cpp	353	construction-or-allocation	allocateOffscreenTargetTexture	allocateOffscreenTargetTexture();	webgl2:renderer:render_target	review-required
webgl2	renderer/src/gl/render_target_gl.cpp	367	construction-or-allocation	allocateWebGLPLSBacking	void FramebufferRenderTargetGL::allocateWebGLPLSBacking(	webgl2:renderer:render_target	review-required
webgl2	renderer/src/gl/render_target_gl.cpp	370	construction-or-allocation	allocateWebGLPLSBacking	m_textureRenderTarget.allocateWebGLPLSBacking(capabilities);	webgl2:renderer:render_target	review-required
webgl2	renderer/src/ore/gl/ore_bind_group_gl.hpp	36	destruction-or-release	~BindGroupGL(	~BindGroupGL() override = default;	webgl2:ore:bind_group	review-required
webgl2	renderer/src/ore/gl/ore_buffer_gl.cpp	16	failure-or-loss	assert	assert(offset + size <= m_size);	webgl2:ore:buffer	review-required
webgl2	renderer/src/ore/gl/ore_buffer_gl.cpp	17	failure-or-loss	assert	assert(m_glBuffer != 0);	webgl2:ore:buffer	review-required
webgl2	renderer/src/ore/gl/ore_buffer_gl.cpp	42	destruction-or-release	~BufferGL(	BufferGL::~BufferGL()	webgl2:ore:buffer	review-required
webgl2	renderer/src/ore/gl/ore_buffer_gl.hpp	14	destruction-or-release	~BufferGL(	~BufferGL() override;	webgl2:ore:buffer	review-required
webgl2	renderer/src/ore/gl/ore_context_gl.cpp	186	destruction-or-release	~ContextGL(	ContextGL::~ContextGL() {}	webgl2:ore:context	review-required
webgl2	renderer/src/ore/gl/ore_context_gl.cpp	188	construction-or-allocation	Make	std::unique_ptr<ContextGL> ContextGL::Make()	webgl2:ore:context	review-required
webgl2	renderer/src/ore/gl/ore_context_gl.cpp	190	construction-or-allocation	new	auto ctx = std::unique_ptr<ContextGL>(new ContextGL());	webgl2:ore:context	review-required
webgl2	renderer/src/ore/gl/ore_context_gl.cpp	295	synchronization-or-submission	flush	void ContextGL::waitForGPU() {} // GL is synchronous after glFinish/flush.	webgl2:ore:context	review-required
webgl2	renderer/src/ore/gl/ore_context_gl.cpp	295	synchronization-or-submission	waitForGPU	void ContextGL::waitForGPU() {} // GL is synchronous after glFinish/flush.	webgl2:ore:context	review-required
webgl2	renderer/src/ore/gl/ore_context_gl.cpp	346	construction-or-allocation	new	auto buffer = rcp<BufferGL>(new BufferGL(desc.size, desc.usage));	webgl2:ore:context	review-required
webgl2	renderer/src/ore/gl/ore_context_gl.cpp	395	construction-or-allocation	new	auto texture = rcp<TextureGL>(new TextureGL(desc));	webgl2:ore:context	review-required
webgl2	renderer/src/ore/gl/ore_context_gl.cpp	495	construction-or-allocation	new	auto view = rcp<TextureViewGL>(new TextureViewGL(ref_rcp(tex), desc));	webgl2:ore:context	review-required
webgl2	renderer/src/ore/gl/ore_context_gl.cpp	511	construction-or-allocation	new	auto sampler = rcp<SamplerGL>(new SamplerGL());	webgl2:ore:context	review-required
webgl2	renderer/src/ore/gl/ore_context_gl.cpp	560	construction-or-allocation	new	auto module = rcp<ShaderModuleGL>(new ShaderModuleGL());	webgl2:ore:context	review-required
webgl2	renderer/src/ore/gl/ore_context_gl.cpp	611	failure-or-loss	error	setLastError("Ore GL shader compile error: %s", log);	webgl2:ore:context	review-required
webgl2	renderer/src/ore/gl/ore_context_gl.cpp	695	construction-or-allocation	new	auto pipeline = rcp<PipelineGL>(new PipelineGL(desc));	webgl2:ore:context	review-required
webgl2	renderer/src/ore/gl/ore_context_gl.cpp	718	failure-or-loss	assert	assert(vertMod);	webgl2:ore:context	review-required
webgl2	renderer/src/ore/gl/ore_context_gl.cpp	723	failure-or-loss	assert	assert(fragMod);	webgl2:ore:context	review-required
webgl2	renderer/src/ore/gl/ore_context_gl.cpp	762	failure-or-loss	error	setLastError("Ore GL program link error: %s", linkLog.c_str());	webgl2:ore:context	review-required
webgl2	renderer/src/ore/gl/ore_context_gl.cpp	798	construction-or-allocation	new	auto bg = rcp<BindGroupGL>(new BindGroupGL());	webgl2:ore:context	review-required
webgl2	renderer/src/ore/gl/ore_context_gl.cpp	856	failure-or-loss	assert	assert(buf);	webgl2:ore:context	review-required
webgl2	renderer/src/ore/gl/ore_context_gl.cpp	885	failure-or-loss	assert	assert(viewGL);	webgl2:ore:context	review-required
webgl2	renderer/src/ore/gl/ore_context_gl.cpp	887	failure-or-loss	assert	assert(texGL);	webgl2:ore:context	review-required
webgl2	renderer/src/ore/gl/ore_context_gl.cpp	904	failure-or-loss	assert	assert(samp);	webgl2:ore:context	review-required
webgl2	renderer/src/ore/gl/ore_context_gl.cpp	929	construction-or-allocation	new	auto layout = rcp<BindGroupLayout>(new BindGroupLayout(nullptr));	webgl2:ore:context	review-required
webgl2	renderer/src/ore/gl/ore_context_gl.cpp	947	synchronization-or-submission	finishActiveRenderPass	finishActiveRenderPass();	webgl2:ore:context	review-required
webgl2	renderer/src/ore/gl/ore_context_gl.cpp	949	construction-or-allocation	make_unique	auto pass = std::make_unique<RenderPassGL>(this);	webgl2:ore:context	review-required
webgl2	renderer/src/ore/gl/ore_context_gl.cpp	972	failure-or-loss	assert	assert(texGL);	webgl2:ore:context	review-required
webgl2	renderer/src/ore/gl/ore_context_gl.cpp	1014	failure-or-loss	assert	assert(resolveTexGL);	webgl2:ore:context	review-required
webgl2	renderer/src/ore/gl/ore_context_gl.cpp	1037	failure-or-loss	assert	assert(depthTexGL);	webgl2:ore:context	review-required
webgl2	renderer/src/ore/gl/ore_context_gl.cpp	1064	failure-or-loss	assert	assert(glCheckFramebufferStatus(GL_FRAMEBUFFER) ==	webgl2:ore:context	review-required
webgl2	renderer/src/ore/gl/ore_context_gl.cpp	1152	failure-or-loss	assert	assert(canvas != nullptr);	webgl2:ore:context	review-required
webgl2	renderer/src/ore/gl/ore_context_gl.cpp	1157	failure-or-loss	assert	assert(texID != 0);	webgl2:ore:context	review-required
webgl2	renderer/src/ore/gl/ore_context_gl.cpp	1168	construction-or-allocation	new	auto texture = rcp<TextureGL>(new TextureGL(texDesc));	webgl2:ore:context	review-required
webgl2	renderer/src/ore/gl/ore_context_gl.cpp	1181	construction-or-allocation	new	return rcp<TextureViewGL>(new TextureViewGL(std::move(texture), viewDesc));	webgl2:ore:context	review-required
webgl2	renderer/src/ore/gl/ore_context_gl.cpp	1205	construction-or-allocation	new	auto texture = rcp<TextureGL>(new TextureGL(texDesc));	webgl2:ore:context	review-required
webgl2	renderer/src/ore/gl/ore_context_gl.cpp	1218	construction-or-allocation	new	return rcp<TextureViewGL>(new TextureViewGL(std::move(texture), viewDesc));	webgl2:ore:context	review-required
webgl2	renderer/src/ore/gl/ore_pipeline_gl.cpp	13	destruction-or-release	~PipelineGL(	PipelineGL::~PipelineGL()	webgl2:ore:pipeline	review-required
webgl2	renderer/src/ore/gl/ore_pipeline_gl.hpp	13	destruction-or-release	~PipelineGL(	~PipelineGL() override;	webgl2:ore:pipeline	review-required
webgl2	renderer/src/ore/gl/ore_render_pass_gl.cpp	194	destruction-or-release	~RenderPassGL(	RenderPassGL::~RenderPassGL()	webgl2:ore:render_pass	review-required
webgl2	renderer/src/ore/gl/ore_render_pass_gl.cpp	198	synchronization-or-submission	finish	finish();	webgl2:ore:render_pass	review-required
webgl2	renderer/src/ore/gl/ore_render_pass_gl.cpp	204	failure-or-loss	assert	assert(!m_finished && "RenderPass already finished");	webgl2:ore:render_pass	review-required
webgl2	renderer/src/ore/gl/ore_render_pass_gl.cpp	204	synchronization-or-submission	finished	assert(!m_finished && "RenderPass already finished");	webgl2:ore:render_pass	review-required
webgl2	renderer/src/ore/gl/ore_render_pass_gl.cpp	205	failure-or-loss	assert	assert(m_context != nullptr);	webgl2:ore:render_pass	review-required
webgl2	renderer/src/ore/gl/ore_render_pass_gl.cpp	216	failure-or-loss	assert	assert(glPipeline);	webgl2:ore:render_pass	review-required
webgl2	renderer/src/ore/gl/ore_render_pass_gl.cpp	326	failure-or-loss	assert	assert(m_currentPipeline != nullptr && "setPipeline must be called first");	webgl2:ore:render_pass	review-required
webgl2	renderer/src/ore/gl/ore_render_pass_gl.cpp	327	failure-or-loss	assert	assert(slot < m_currentPipeline->desc().vertexBufferCount);	webgl2:ore:render_pass	review-required
webgl2	renderer/src/ore/gl/ore_render_pass_gl.cpp	331	failure-or-loss	assert	assert(glBuffer);	webgl2:ore:render_pass	review-required
webgl2	renderer/src/ore/gl/ore_render_pass_gl.cpp	387	failure-or-loss	assert	assert(glBuffer);	webgl2:ore:render_pass	review-required
webgl2	renderer/src/ore/gl/ore_render_pass_gl.cpp	399	failure-or-loss	assert	assert(bg != nullptr);	webgl2:ore:render_pass	review-required
webgl2	renderer/src/ore/gl/ore_render_pass_gl.cpp	404	failure-or-loss	assert	assert(glBg);	webgl2:ore:render_pass	review-required
webgl2	renderer/src/ore/gl/ore_render_pass_gl.cpp	499	failure-or-loss	assert	assert(m_currentPipeline != nullptr);	webgl2:ore:render_pass	review-required
webgl2	renderer/src/ore/gl/ore_render_pass_gl.cpp	519	failure-or-loss	assert	assert(m_currentPipeline != nullptr);	webgl2:ore:render_pass	review-required
webgl2	renderer/src/ore/gl/ore_render_pass_gl.cpp	545	synchronization-or-submission	finish	void RenderPassGL::finish()	webgl2:ore:render_pass	review-required
webgl2	renderer/src/ore/gl/ore_render_pass_gl.cpp	553	destruction-or-release	reset	bg.reset();	webgl2:ore:render_pass	review-required
webgl2	renderer/src/ore/gl/ore_render_pass_gl.hpp	46	synchronization-or-submission	finish	void finish() override;	webgl2:ore:render_pass	review-required
webgl2	renderer/src/ore/gl/ore_render_pass_gl.hpp	52	destruction-or-release	~RenderPassGL(	~RenderPassGL() override;	webgl2:ore:render_pass	review-required
webgl2	renderer/src/ore/gl/ore_sampler_gl.cpp	13	destruction-or-release	~SamplerGL(	SamplerGL::~SamplerGL()	webgl2:ore:sampler	review-required
webgl2	renderer/src/ore/gl/ore_sampler_gl.hpp	12	destruction-or-release	~SamplerGL(	~SamplerGL() override;	webgl2:ore:sampler	review-required
webgl2	renderer/src/ore/gl/ore_shader_module_gl.cpp	13	destruction-or-release	~ShaderModuleGL(	ShaderModuleGL::~ShaderModuleGL()	webgl2:ore:shader_module	review-required
webgl2	renderer/src/ore/gl/ore_shader_module_gl.hpp	12	destruction-or-release	~ShaderModuleGL(	~ShaderModuleGL() override;	webgl2:ore:shader_module	review-required
webgl2	renderer/src/ore/gl/ore_texture_gl.cpp	200	failure-or-loss	assert	assert(m_glTexture != 0);	webgl2:ore:texture	review-required
webgl2	renderer/src/ore/gl/ore_texture_gl.cpp	201	failure-or-loss	assert	assert(data.data != nullptr);	webgl2:ore:texture	review-required
webgl2	renderer/src/ore/gl/ore_texture_gl.cpp	203	failure-or-loss	assert	assert(m_format != TextureFormat::bgra8unorm &&	webgl2:ore:texture	review-required
webgl2	renderer/src/ore/gl/ore_texture_gl.cpp	324	destruction-or-release	~TextureGL(	TextureGL::~TextureGL()	webgl2:ore:texture	review-required
webgl2	renderer/src/ore/gl/ore_texture_gl.cpp	338	destruction-or-release	~TextureViewGL(	TextureViewGL::~TextureViewGL()	webgl2:ore:texture	review-required
webgl2	renderer/src/ore/gl/ore_texture_gl.hpp	12	destruction-or-release	~TextureGL(	~TextureGL() override;	webgl2:ore:texture	review-required
webgl2	renderer/src/ore/gl/ore_texture_gl.hpp	29	destruction-or-release	~TextureViewGL(	~TextureViewGL() override;	webgl2:ore:texture	review-required
webgpu	renderer/include/rive/renderer/ore/ore_context_wgpu.hpp	22	construction-or-allocation	Make	static std::unique_ptr<ContextWGPU> Make(wgpu::Device device,	webgpu:ore:context	review-required
webgpu	renderer/include/rive/renderer/ore/ore_context_wgpu.hpp	26	destruction-or-release	~ContextWGPU(	~ContextWGPU() override;	webgpu:ore:context	review-required
webgpu	renderer/include/rive/renderer/ore/ore_context_wgpu.hpp	45	synchronization-or-submission	waitForGPU	void waitForGPU() override;	webgpu:ore:context	review-required
webgpu	renderer/include/rive/renderer/ore/ore_context_wgpu.hpp	77	destruction-or-release	delete	ContextWGPU(const ContextWGPU&) = delete;	webgpu:ore:context	review-required
webgpu	renderer/include/rive/renderer/ore/ore_context_wgpu.hpp	78	destruction-or-release	delete	ContextWGPU& operator=(const ContextWGPU&) = delete;	webgpu:ore:context	review-required
webgpu	renderer/include/rive/renderer/webgpu/render_context_webgpu_impl.hpp	10	mapping-or-host-visibility	map	#include <map>	webgpu:renderer:render_context_webgpu_impl	review-required
webgpu	renderer/include/rive/renderer/webgpu/render_context_webgpu_impl.hpp	72	construction-or-allocation	MakeContext	static std::unique_ptr<RenderContext> MakeContext(wgpu::Adapter,	webgpu:renderer:render_context_webgpu_impl	review-required
webgpu	renderer/include/rive/renderer/webgpu/render_context_webgpu_impl.hpp	77	destruction-or-release	~RenderContextWebGPUImpl(	virtual ~RenderContextWebGPUImpl();	webgpu:renderer:render_context_webgpu_impl	review-required
webgpu	renderer/include/rive/renderer/webgpu/render_context_webgpu_impl.hpp	140	synchronization-or-submission	finish	finish,	webgpu:renderer:render_context_webgpu_impl	review-required
webgpu	renderer/include/rive/renderer/webgpu/render_context_webgpu_impl.hpp	150	thread-or-lock	AtomicDrawRenderPass	class AtomicDrawRenderPass;	webgpu:renderer:render_context_webgpu_impl	review-required
webgpu	renderer/include/rive/renderer/webgpu/render_context_webgpu_impl.hpp	155	synchronization-or-submission	FlushDescriptor	std::unique_ptr<DrawRenderPass> makeDrawRenderPass(const FlushDescriptor&,	webgpu:renderer:render_context_webgpu_impl	review-required
webgpu	renderer/include/rive/renderer/webgpu/render_context_webgpu_impl.hpp	183	thread-or-lock	atomicPLSColorBuffer	wgpu::Buffer atomicPLSColorBuffer();	webgpu:renderer:render_context_webgpu_impl	review-required
webgpu	renderer/include/rive/renderer/webgpu/render_context_webgpu_impl.hpp	184	thread-or-lock	atomicPLSClipBuffer	wgpu::Buffer atomicPLSClipBuffer();	webgpu:renderer:render_context_webgpu_impl	review-required
webgpu	renderer/include/rive/renderer/webgpu/render_context_webgpu_impl.hpp	185	thread-or-lock	atomicPLSCoverageBuffer	wgpu::Buffer atomicPLSCoverageBuffer();	webgpu:renderer:render_context_webgpu_impl	review-required
webgpu	renderer/include/rive/renderer/webgpu/render_context_webgpu_impl.hpp	187	synchronization-or-submission	FlushDescriptor	void flush(const FlushDescriptor&) override;	webgpu:renderer:render_context_webgpu_impl	review-required
webgpu	renderer/include/rive/renderer/webgpu/render_context_webgpu_impl.hpp	187	synchronization-or-submission	flush	void flush(const FlushDescriptor&) override;	webgpu:renderer:render_context_webgpu_impl	review-required
webgpu	renderer/include/rive/renderer/webgpu/render_context_webgpu_impl.hpp	205	mapping-or-host-visibility	map	std::map<uint32_t, LoadStoreEXTPipeline> m_loadStoreEXTPipelines;	webgpu:renderer:render_context_webgpu_impl	review-required
webgpu	renderer/include/rive/renderer/webgpu/render_context_webgpu_impl.hpp	237	mapping-or-host-visibility	map	std::map<uint64_t, DrawPipeline> m_drawPipelines;	webgpu:renderer:render_context_webgpu_impl	review-required
webgpu	renderer/include/rive/renderer/webgpu/render_context_webgpu_impl.hpp	329	construction-or-allocation	CreateView	m_textureView(m_texture.CreateView())	webgpu:renderer:render_context_webgpu_impl	review-required
webgpu	renderer/src/ore/wgpu/ore_bind_group_layout_wgpu.hpp	14	destruction-or-release	~BindGroupLayoutWGPU(	~BindGroupLayoutWGPU() override =	webgpu:ore:bind_group_layout	review-required
webgpu	renderer/src/ore/wgpu/ore_bind_group_layout_wgpu.hpp	15	destruction-or-release	releases	default; // wgpu::BindGroupLayout RAII destructor releases	webgpu:ore:bind_group_layout	review-required
webgpu	renderer/src/ore/wgpu/ore_bind_group_wgpu.cpp	73	construction-or-allocation	CreateBindGroup	cached.bindGroup = ctx->m_wgpuDevice.CreateBindGroup(&bgDesc);	webgpu:ore:bind_group	review-required
webgpu	renderer/src/ore/wgpu/ore_bind_group_wgpu.hpp	16	destruction-or-release	~BindGroupWGPU(	~BindGroupWGPU() override =	webgpu:ore:bind_group	review-required
webgpu	renderer/src/ore/wgpu/ore_bind_group_wgpu.hpp	17	destruction-or-release	releases	default; // wgpu::BindGroup RAII destructor releases	webgpu:ore:bind_group	review-required
webgpu	renderer/src/ore/wgpu/ore_buffer_wgpu.cpp	20	construction-or-allocation	acquireFreshBacking	bool BufferWGPU::acquireFreshBacking()	webgpu:ore:buffer	review-required
webgpu	renderer/src/ore/wgpu/ore_buffer_wgpu.cpp	44	mapping-or-host-visibility	mappedAtCreation	wDesc.mappedAtCreation = false;	webgpu:ore:buffer	review-required
webgpu	renderer/src/ore/wgpu/ore_buffer_wgpu.cpp	45	construction-or-allocation	CreateBuffer	wgpu::Buffer buffer = m_wgpuDevice.CreateBuffer(&wDesc);	webgpu:ore:buffer	review-required
webgpu	renderer/src/ore/wgpu/ore_buffer_wgpu.cpp	62	failure-or-loss	assert	assert(offset + size <= m_size);	webgpu:ore:buffer	review-required
webgpu	renderer/src/ore/wgpu/ore_buffer_wgpu.cpp	67	construction-or-allocation	acquireFreshBacking	if (acquireFreshBacking())	webgpu:ore:buffer	review-required
webgpu	renderer/src/ore/wgpu/ore_buffer_wgpu.hpp	20	destruction-or-release	releases	~BufferWGPU() override = default; // wgpu::Buffer RAII destructor releases	webgpu:ore:buffer	review-required
webgpu	renderer/src/ore/wgpu/ore_buffer_wgpu.hpp	20	destruction-or-release	~BufferWGPU(	~BufferWGPU() override = default; // wgpu::Buffer RAII destructor releases	webgpu:ore:buffer	review-required
webgpu	renderer/src/ore/wgpu/ore_buffer_wgpu.hpp	48	construction-or-allocation	acquireFreshBacking	bool acquireFreshBacking();	webgpu:ore:buffer	review-required
webgpu	renderer/src/ore/wgpu/ore_context_wgpu.cpp	417	construction-or-allocation	Acquire	return wgpu::ShaderModule::Acquire(	webgpu:ore:context	review-required
webgpu	renderer/src/ore/wgpu/ore_context_wgpu.cpp	432	construction-or-allocation	Acquire	return wgpu::ShaderModule::Acquire(	webgpu:ore:context	review-required
webgpu	renderer/src/ore/wgpu/ore_context_wgpu.cpp	441	destruction-or-release	~ContextWGPU(	ContextWGPU::~ContextWGPU() {}	webgpu:ore:context	review-required
webgpu	renderer/src/ore/wgpu/ore_context_wgpu.cpp	443	construction-or-allocation	Make	std::unique_ptr<ContextWGPU> ContextWGPU::Make(wgpu::Device device,	webgpu:ore:context	review-required
webgpu	renderer/src/ore/wgpu/ore_context_wgpu.cpp	447	construction-or-allocation	new	auto ctx = std::unique_ptr<ContextWGPU>(new ContextWGPU());	webgpu:ore:context	review-required
webgpu	renderer/src/ore/wgpu/ore_context_wgpu.cpp	484	failure-or-loss	assert	assert(desc.externalCommandBuffer != nullptr);	webgpu:ore:context	review-required
webgpu	renderer/src/ore/wgpu/ore_context_wgpu.cpp	490	synchronization-or-submission	submit	void ContextWGPU::waitForGPU() {} // WGPU submit is synchronous for Dawn.	webgpu:ore:context	review-required
webgpu	renderer/src/ore/wgpu/ore_context_wgpu.cpp	490	synchronization-or-submission	waitForGPU	void ContextWGPU::waitForGPU() {} // WGPU submit is synchronous for Dawn.	webgpu:ore:context	review-required
webgpu	renderer/src/ore/wgpu/ore_context_wgpu.cpp	494	failure-or-loss	assert	assert(m_wgpuCommandEncoder != nullptr);	webgpu:ore:context	review-required
webgpu	renderer/src/ore/wgpu/ore_context_wgpu.cpp	507	construction-or-allocation	new	auto buffer = rcp<BufferWGPU>(new BufferWGPU(desc.size, desc.usage));	webgpu:ore:context	review-required
webgpu	renderer/src/ore/wgpu/ore_context_wgpu.cpp	525	mapping-or-host-visibility	MapWrite	usage |= wgpu::BufferUsage::MapWrite | wgpu::BufferUsage::CopySrc;	webgpu:ore:context	review-required
webgpu	renderer/src/ore/wgpu/ore_context_wgpu.cpp	534	mapping-or-host-visibility	mappedAtCreation	wDesc.mappedAtCreation = false;	webgpu:ore:context	review-required
webgpu	renderer/src/ore/wgpu/ore_context_wgpu.cpp	536	construction-or-allocation	CreateBuffer	wgpu::Buffer wbuf = m_wgpuDevice.CreateBuffer(&wDesc);	webgpu:ore:context	review-required
webgpu	renderer/src/ore/wgpu/ore_context_wgpu.cpp	562	construction-or-allocation	new	auto texture = rcp<TextureWGPU>(new TextureWGPU(desc));	webgpu:ore:context	review-required
webgpu	renderer/src/ore/wgpu/ore_context_wgpu.cpp	579	construction-or-allocation	CreateTexture	texture->m_wgpuTexture = m_wgpuDevice.CreateTexture(&wDesc);	webgpu:ore:context	review-required
webgpu	renderer/src/ore/wgpu/ore_context_wgpu.cpp	594	construction-or-allocation	new	auto view = rcp<TextureViewWGPU>(new TextureViewWGPU(ref_rcp(tex), desc));	webgpu:ore:context	review-required
webgpu	renderer/src/ore/wgpu/ore_context_wgpu.cpp	605	construction-or-allocation	CreateView	view->m_wgpuTextureView = tex->m_wgpuTexture.CreateView(&wDesc);	webgpu:ore:context	review-required
webgpu	renderer/src/ore/wgpu/ore_context_wgpu.cpp	616	construction-or-allocation	new	auto sampler = rcp<SamplerWGPU>(new SamplerWGPU());	webgpu:ore:context	review-required
webgpu	renderer/src/ore/wgpu/ore_context_wgpu.cpp	635	construction-or-allocation	CreateSampler	sampler->m_wgpuSampler = m_wgpuDevice.CreateSampler(&wDesc);	webgpu:ore:context	review-required
webgpu	renderer/src/ore/wgpu/ore_context_wgpu.cpp	646	construction-or-allocation	new	auto module = rcp<ShaderModuleWGPU>(new ShaderModuleWGPU());	webgpu:ore:context	review-required
webgpu	renderer/src/ore/wgpu/ore_context_wgpu.cpp	671	failure-or-loss	assert	assert(module->m_wgpuShaderModule != nullptr &&	webgpu:ore:context	review-required
webgpu	renderer/src/ore/wgpu/ore_context_wgpu.cpp	674	failure-or-loss	assert	assert(desc.language == ShaderLanguage::wgsl &&	webgpu:ore:context	review-required
webgpu	renderer/src/ore/wgpu/ore_context_wgpu.cpp	678	failure-or-loss	assert	assert(module->m_wgpuShaderModule != nullptr &&	webgpu:ore:context	review-required
webgpu	renderer/src/ore/wgpu/ore_context_wgpu.cpp	693	construction-or-allocation	new	auto pipeline = rcp<PipelineWGPU>(new PipelineWGPU(desc));	webgpu:ore:context	review-required
webgpu	renderer/src/ore/wgpu/ore_context_wgpu.cpp	729	failure-or-loss	assert	assert(vertexModule != nullptr);	webgpu:ore:context	review-required
webgpu	renderer/src/ore/wgpu/ore_context_wgpu.cpp	841	failure-or-loss	assert	assert(fragmentModule != nullptr);	webgpu:ore:context	review-required
webgpu	renderer/src/ore/wgpu/ore_context_wgpu.cpp	887	construction-or-allocation	CreatePipelineLayout	pipeline->m_wgpuPipelineLayout = m_wgpuDevice.CreatePipelineLayout(&plDesc);	webgpu:ore:context	review-required
webgpu	renderer/src/ore/wgpu/ore_context_wgpu.cpp	901	construction-or-allocation	CreateRenderPipeline	pipeline->m_wgpuPipeline = m_wgpuDevice.CreateRenderPipeline(&rpDesc);	webgpu:ore:context	review-required
webgpu	renderer/src/ore/wgpu/ore_context_wgpu.cpp	905	construction-or-allocation	CreateRenderPipeline	*outError = "CreateRenderPipeline returned null";	webgpu:ore:context	review-required
webgpu	renderer/src/ore/wgpu/ore_context_wgpu.cpp	926	construction-or-allocation	new	auto layout = rcp<BindGroupLayoutWGPU>(new BindGroupLayoutWGPU());	webgpu:ore:context	review-required
webgpu	renderer/src/ore/wgpu/ore_context_wgpu.cpp	936	construction-or-allocation	CreateBindGroupLayout	setLastError("makeBindGroupLayout: CreateBindGroupLayout returned "	webgpu:ore:context	review-required
webgpu	renderer/src/ore/wgpu/ore_context_wgpu.cpp	956	failure-or-loss	assert	assert(layout != nullptr);	webgpu:ore:context	review-required
webgpu	renderer/src/ore/wgpu/ore_context_wgpu.cpp	966	construction-or-allocation	new	auto bg = rcp<BindGroupWGPU>(new BindGroupWGPU());	webgpu:ore:context	review-required
webgpu	renderer/src/ore/wgpu/ore_context_wgpu.cpp	1020	failure-or-loss	assert	assert(buffer != nullptr);	webgpu:ore:context	review-required
webgpu	renderer/src/ore/wgpu/ore_context_wgpu.cpp	1035	failure-or-loss	assert	assert(view != nullptr);	webgpu:ore:context	review-required
webgpu	renderer/src/ore/wgpu/ore_context_wgpu.cpp	1046	failure-or-loss	assert	assert(sampler != nullptr);	webgpu:ore:context	review-required
webgpu	renderer/src/ore/wgpu/ore_context_wgpu.cpp	1066	synchronization-or-submission	finishActiveRenderPass	finishActiveRenderPass();	webgpu:ore:context	review-required
webgpu	renderer/src/ore/wgpu/ore_context_wgpu.cpp	1068	failure-or-loss	assert	assert(m_wgpuCommandEncoder != nullptr &&	webgpu:ore:context	review-required
webgpu	renderer/src/ore/wgpu/ore_context_wgpu.cpp	1071	construction-or-allocation	make_unique	std::unique_ptr<RenderPassWGPU> pass = std::make_unique<RenderPassWGPU>();	webgpu:ore:context	review-required
webgpu	renderer/src/ore/wgpu/ore_context_wgpu.cpp	1108	failure-or-loss	assert	assert(view != nullptr);	webgpu:ore:context	review-required
webgpu	renderer/src/ore/wgpu/ore_context_wgpu.cpp	1157	failure-or-loss	assert	assert(canvas != nullptr);	webgpu:ore:context	review-required
webgpu	renderer/src/ore/wgpu/ore_context_wgpu.cpp	1192	construction-or-allocation	new	auto texture = rcp<TextureWGPU>(new TextureWGPU(texDesc));	webgpu:ore:context	review-required
webgpu	renderer/src/ore/wgpu/ore_context_wgpu.cpp	1204	construction-or-allocation	new	rcp<TextureViewWGPU>(new TextureViewWGPU(std::move(texture), viewDesc));	webgpu:ore:context	review-required
webgpu	renderer/src/ore/wgpu/ore_context_wgpu.cpp	1231	construction-or-allocation	Acquire	wgpu::Texture wgpuTex = wgpu::Texture::Acquire(rawTex);	webgpu:ore:context	review-required
webgpu	renderer/src/ore/wgpu/ore_context_wgpu.cpp	1242	construction-or-allocation	new	auto texture = rcp<TextureWGPU>(new TextureWGPU(texDesc));	webgpu:ore:context	review-required
webgpu	renderer/src/ore/wgpu/ore_context_wgpu.cpp	1254	construction-or-allocation	new	rcp<TextureViewWGPU>(new TextureViewWGPU(std::move(texture), viewDesc));	webgpu:ore:context	review-required
webgpu	renderer/src/ore/wgpu/ore_context_wgpu.cpp	1263	construction-or-allocation	CreateView	view->m_wgpuTextureView = wgpuTex.CreateView(&tvd);	webgpu:ore:context	review-required
webgpu	renderer/src/ore/wgpu/ore_pipeline_wgpu.hpp	13	destruction-or-release	release	~PipelineWGPU() override = default; // RAII destructors release wgpu objects	webgpu:ore:pipeline	review-required
webgpu	renderer/src/ore/wgpu/ore_pipeline_wgpu.hpp	13	destruction-or-release	~PipelineWGPU(	~PipelineWGPU() override = default; // RAII destructors release wgpu objects	webgpu:ore:pipeline	review-required
webgpu	renderer/src/ore/wgpu/ore_render_pass_wgpu.cpp	21	destruction-or-release	~RenderPassWGPU(	RenderPassWGPU::~RenderPassWGPU()	webgpu:ore:render_pass	review-required
webgpu	renderer/src/ore/wgpu/ore_render_pass_wgpu.cpp	25	synchronization-or-submission	finish	finish();	webgpu:ore:render_pass	review-required
webgpu	renderer/src/ore/wgpu/ore_render_pass_wgpu.cpp	45	synchronization-or-submission	finish	finish();	webgpu:ore:render_pass	review-required
webgpu	renderer/src/ore/wgpu/ore_render_pass_wgpu.cpp	61	failure-or-loss	assert	assert(!m_finished && "RenderPass already finished");	webgpu:ore:render_pass	review-required
webgpu	renderer/src/ore/wgpu/ore_render_pass_wgpu.cpp	61	synchronization-or-submission	finished	assert(!m_finished && "RenderPass already finished");	webgpu:ore:render_pass	review-required
webgpu	renderer/src/ore/wgpu/ore_render_pass_wgpu.cpp	62	failure-or-loss	assert	assert(m_wgpuPassEncoder != nullptr);	webgpu:ore:render_pass	review-required
webgpu	renderer/src/ore/wgpu/ore_render_pass_wgpu.cpp	71	failure-or-loss	assert	assert(pipeline);	webgpu:ore:render_pass	review-required
webgpu	renderer/src/ore/wgpu/ore_render_pass_wgpu.cpp	82	failure-or-loss	assert	assert(buffer);	webgpu:ore:render_pass	review-required
webgpu	renderer/src/ore/wgpu/ore_render_pass_wgpu.cpp	96	failure-or-loss	assert	assert(buffer);	webgpu:ore:render_pass	review-required
webgpu	renderer/src/ore/wgpu/ore_render_pass_wgpu.cpp	117	failure-or-loss	assert	assert(bg != nullptr);	webgpu:ore:render_pass	review-required
webgpu	renderer/src/ore/wgpu/ore_render_pass_wgpu.cpp	181	failure-or-loss	assert	assert(m_currentPipeline != nullptr && "setPipeline must be called first");	webgpu:ore:render_pass	review-required
webgpu	renderer/src/ore/wgpu/ore_render_pass_wgpu.cpp	196	failure-or-loss	assert	assert(m_currentPipeline != nullptr && "setPipeline must be called first");	webgpu:ore:render_pass	review-required
webgpu	renderer/src/ore/wgpu/ore_render_pass_wgpu.cpp	205	synchronization-or-submission	finish	void RenderPassWGPU::finish()	webgpu:ore:render_pass	review-required
webgpu	renderer/src/ore/wgpu/ore_render_pass_wgpu.hpp	47	synchronization-or-submission	finish	void finish() override;	webgpu:ore:render_pass	review-required
webgpu	renderer/src/ore/wgpu/ore_render_pass_wgpu.hpp	52	destruction-or-release	~RenderPassWGPU(	~RenderPassWGPU() override;	webgpu:ore:render_pass	review-required
webgpu	renderer/src/ore/wgpu/ore_sampler_wgpu.hpp	13	destruction-or-release	releases	~SamplerWGPU() override = default; // wgpu::Sampler RAII destructor releases	webgpu:ore:sampler	review-required
webgpu	renderer/src/ore/wgpu/ore_sampler_wgpu.hpp	13	destruction-or-release	~SamplerWGPU(	~SamplerWGPU() override = default; // wgpu::Sampler RAII destructor releases	webgpu:ore:sampler	review-required
webgpu	renderer/src/ore/wgpu/ore_shader_module_wgpu.hpp	14	destruction-or-release	~ShaderModuleWGPU(	~ShaderModuleWGPU() override =	webgpu:ore:shader_module	review-required
webgpu	renderer/src/ore/wgpu/ore_shader_module_wgpu.hpp	15	destruction-or-release	releases	default; // wgpu::ShaderModule RAII destructor releases	webgpu:ore:shader_module	review-required
webgpu	renderer/src/ore/wgpu/ore_texture_wgpu.cpp	24	failure-or-loss	assert	assert(m_wgpuTexture != nullptr);	webgpu:ore:texture	review-required
webgpu	renderer/src/ore/wgpu/ore_texture_wgpu.cpp	25	failure-or-loss	assert	assert(data.data != nullptr);	webgpu:ore:texture	review-required
webgpu	renderer/src/ore/wgpu/ore_texture_wgpu.cpp	38	failure-or-loss	assert	assert((bpt != 0 || data.bytesPerRow != 0) &&	webgpu:ore:texture	review-required
webgpu	renderer/src/ore/wgpu/ore_texture_wgpu.hpp	13	destruction-or-release	releases	~TextureWGPU() override = default; // wgpu::Texture RAII destructor releases	webgpu:ore:texture	review-required
webgpu	renderer/src/ore/wgpu/ore_texture_wgpu.hpp	13	destruction-or-release	~TextureWGPU(	~TextureWGPU() override = default; // wgpu::Texture RAII destructor releases	webgpu:ore:texture	review-required
webgpu	renderer/src/ore/wgpu/ore_texture_wgpu.hpp	28	destruction-or-release	~TextureViewWGPU(	~TextureViewWGPU() override =	webgpu:ore:texture	review-required
webgpu	renderer/src/ore/wgpu/ore_texture_wgpu.hpp	29	destruction-or-release	releases	default; // wgpu::TextureView RAII destructor releases	webgpu:ore:texture	review-required
webgpu	renderer/src/ore/wgpu/ore_wgpu_layout.hpp	19	mapping-or-host-visibility	map	* builds its layout from the binding map.	webgpu:ore:wgpu_layout	review-required
webgpu	renderer/src/ore/wgpu/ore_wgpu_layout.hpp	276	construction-or-allocation	CreateBindGroupLayout	return device.CreateBindGroupLayout(&bglDesc);	webgpu:ore:wgpu_layout	review-required
webgpu	renderer/src/webgpu/render_context_webgpu_impl.cpp	34	thread-or-lock	atomic_draw_path	#include "generated/shaders/wgsl/atomic_draw_path.webgpu_vert.hpp"	webgpu:renderer:render_context_webgpu_impl	review-required
webgpu	renderer/src/webgpu/render_context_webgpu_impl.cpp	35	thread-or-lock	atomic_draw_path	#include "generated/shaders/wgsl/atomic_draw_path.webgpu_frag.hpp"	webgpu:renderer:render_context_webgpu_impl	review-required
webgpu	renderer/src/webgpu/render_context_webgpu_impl.cpp	36	thread-or-lock	atomic_draw_path	#include "generated/shaders/wgsl/atomic_draw_path.webgpu_fixedcolor_frag.hpp"	webgpu:renderer:render_context_webgpu_impl	review-required
webgpu	renderer/src/webgpu/render_context_webgpu_impl.cpp	37	thread-or-lock	atomic_draw_interior_triangles	#include "generated/shaders/wgsl/atomic_draw_interior_triangles.webgpu_vert.hpp"	webgpu:renderer:render_context_webgpu_impl	review-required
webgpu	renderer/src/webgpu/render_context_webgpu_impl.cpp	38	thread-or-lock	atomic_draw_interior_triangles	#include "generated/shaders/wgsl/atomic_draw_interior_triangles.webgpu_frag.hpp"	webgpu:renderer:render_context_webgpu_impl	review-required
webgpu	renderer/src/webgpu/render_context_webgpu_impl.cpp	39	thread-or-lock	atomic_draw_interior_triangles	#include "generated/shaders/wgsl/atomic_draw_interior_triangles.webgpu_fixedcolor_frag.hpp"	webgpu:renderer:render_context_webgpu_impl	review-required
webgpu	renderer/src/webgpu/render_context_webgpu_impl.cpp	40	thread-or-lock	atomic_draw_atlas_blit	#include "generated/shaders/wgsl/atomic_draw_atlas_blit.webgpu_vert.hpp"	webgpu:renderer:render_context_webgpu_impl	review-required
webgpu	renderer/src/webgpu/render_context_webgpu_impl.cpp	41	thread-or-lock	atomic_draw_atlas_blit	#include "generated/shaders/wgsl/atomic_draw_atlas_blit.webgpu_frag.hpp"	webgpu:renderer:render_context_webgpu_impl	review-required
webgpu	renderer/src/webgpu/render_context_webgpu_impl.cpp	42	thread-or-lock	atomic_draw_atlas_blit	#include "generated/shaders/wgsl/atomic_draw_atlas_blit.webgpu_fixedcolor_frag.hpp"	webgpu:renderer:render_context_webgpu_impl	review-required
webgpu	renderer/src/webgpu/render_context_webgpu_impl.cpp	43	thread-or-lock	atomic_draw_image_rect	#include "generated/shaders/wgsl/atomic_draw_image_rect.webgpu_vert.hpp"	webgpu:renderer:render_context_webgpu_impl	review-required
webgpu	renderer/src/webgpu/render_context_webgpu_impl.cpp	44	thread-or-lock	atomic_draw_image_rect	#include "generated/shaders/wgsl/atomic_draw_image_rect.webgpu_frag.hpp"	webgpu:renderer:render_context_webgpu_impl	review-required
webgpu	renderer/src/webgpu/render_context_webgpu_impl.cpp	45	thread-or-lock	atomic_draw_image_rect	#include "generated/shaders/wgsl/atomic_draw_image_rect.webgpu_fixedcolor_frag.hpp"	webgpu:renderer:render_context_webgpu_impl	review-required
webgpu	renderer/src/webgpu/render_context_webgpu_impl.cpp	46	thread-or-lock	atomic_draw_image_mesh	#include "generated/shaders/wgsl/atomic_draw_image_mesh.webgpu_vert.hpp"	webgpu:renderer:render_context_webgpu_impl	review-required
webgpu	renderer/src/webgpu/render_context_webgpu_impl.cpp	47	thread-or-lock	atomic_draw_image_mesh	#include "generated/shaders/wgsl/atomic_draw_image_mesh.webgpu_frag.hpp"	webgpu:renderer:render_context_webgpu_impl	review-required
webgpu	renderer/src/webgpu/render_context_webgpu_impl.cpp	48	thread-or-lock	atomic_draw_image_mesh	#include "generated/shaders/wgsl/atomic_draw_image_mesh.webgpu_fixedcolor_frag.hpp"	webgpu:renderer:render_context_webgpu_impl	review-required
webgpu	renderer/src/webgpu/render_context_webgpu_impl.cpp	49	thread-or-lock	atomic_resolve	#include "generated/shaders/wgsl/atomic_resolve.webgpu_vert.hpp"	webgpu:renderer:render_context_webgpu_impl	review-required
webgpu	renderer/src/webgpu/render_context_webgpu_impl.cpp	50	thread-or-lock	atomic_resolve	#include "generated/shaders/wgsl/atomic_resolve.webgpu_fixedcolor_frag.hpp"	webgpu:renderer:render_context_webgpu_impl	review-required
webgpu	renderer/src/webgpu/render_context_webgpu_impl.cpp	51	thread-or-lock	atomic_resolve_coalesced	#include "generated/shaders/wgsl/atomic_resolve_coalesced.webgpu_vert.hpp"	webgpu:renderer:render_context_webgpu_impl	review-required
webgpu	renderer/src/webgpu/render_context_webgpu_impl.cpp	52	thread-or-lock	atomic_resolve_coalesced	#include "generated/shaders/wgsl/atomic_resolve_coalesced.webgpu_frag.hpp"	webgpu:renderer:render_context_webgpu_impl	review-required
webgpu	renderer/src/webgpu/render_context_webgpu_impl.cpp	53	thread-or-lock	atomic_init	#include "generated/shaders/wgsl/atomic_init.webgpu_vert.hpp"	webgpu:renderer:render_context_webgpu_impl	review-required
webgpu	renderer/src/webgpu/render_context_webgpu_impl.cpp	54	thread-or-lock	atomic_init	#include "generated/shaders/wgsl/atomic_init.webgpu_frag.hpp"	webgpu:renderer:render_context_webgpu_impl	review-required
webgpu	renderer/src/webgpu/render_context_webgpu_impl.cpp	55	thread-or-lock	atomic_init	#include "generated/shaders/wgsl/atomic_init.webgpu_fixedcolor_frag.hpp"	webgpu:renderer:render_context_webgpu_impl	review-required
webgpu	renderer/src/webgpu/render_context_webgpu_impl.cpp	241	construction-or-allocation	CreateShaderModule	return device.CreateShaderModule(&descriptor);	webgpu:renderer:render_context_webgpu_impl	review-required
webgpu	renderer/src/webgpu/render_context_webgpu_impl.cpp	251	synchronization-or-submission	flush_uniforms	#include "generated/shaders/flush_uniforms.glsl.hpp"	webgpu:renderer:render_context_webgpu_impl	review-required
webgpu	renderer/src/webgpu/render_context_webgpu_impl.cpp	287	construction-or-allocation	Acquire	return wgpu::ShaderModule::Acquire(ret);	webgpu:renderer:render_context_webgpu_impl	review-required
webgpu	renderer/src/webgpu/render_context_webgpu_impl.cpp	297	thread-or-lock	atomics	case rive::gpu::InterlockMode::atomics:	webgpu:renderer:render_context_webgpu_impl	review-required
webgpu	renderer/src/webgpu/render_context_webgpu_impl.cpp	319	failure-or-loss	assert	assert(key << LOAD_STORE_ACTIONS_EXT_COUNT >>	webgpu:renderer:render_context_webgpu_impl	review-required
webgpu	renderer/src/webgpu/render_context_webgpu_impl.cpp	322	failure-or-loss	assert	assert(static_cast<uint32_t>(actions) <	webgpu:renderer:render_context_webgpu_impl	review-required
webgpu	renderer/src/webgpu/render_context_webgpu_impl.cpp	356	construction-or-allocation	CreateBindGroupLayout	context->m_device.CreateBindGroupLayout(&bindingsDesc);	webgpu:renderer:render_context_webgpu_impl	review-required
webgpu	renderer/src/webgpu/render_context_webgpu_impl.cpp	372	construction-or-allocation	CreatePipelineLayout	context->m_device.CreatePipelineLayout(&pipelineLayoutDesc);	webgpu:renderer:render_context_webgpu_impl	review-required
webgpu	renderer/src/webgpu/render_context_webgpu_impl.cpp	415	construction-or-allocation	CreateRenderPipeline	m_renderPipeline = context->m_device.CreateRenderPipeline(&desc);	webgpu:renderer:render_context_webgpu_impl	review-required
webgpu	renderer/src/webgpu/render_context_webgpu_impl.cpp	420	failure-or-loss	assert	assert(m_bindGroupLayout); // We only have a bind group if there is a	webgpu:renderer:render_context_webgpu_impl	review-required
webgpu	renderer/src/webgpu/render_context_webgpu_impl.cpp	428	failure-or-loss	assert	assert(framebufferFormat == m_framebufferFormat);	webgpu:renderer:render_context_webgpu_impl	review-required
webgpu	renderer/src/webgpu/render_context_webgpu_impl.cpp	449	thread-or-lock	atomics	if (interlockMode == gpu::InterlockMode::atomics)	webgpu:renderer:render_context_webgpu_impl	review-required
webgpu	renderer/src/webgpu/render_context_webgpu_impl.cpp	597	construction-or-allocation	CreateBindGroupLayout	impl->m_device.CreateBindGroupLayout(&perFlushBindingsDesc);	webgpu:renderer:render_context_webgpu_impl	review-required
webgpu	renderer/src/webgpu/render_context_webgpu_impl.cpp	621	construction-or-allocation	CreateBindGroupLayout	impl->m_device.CreateBindGroupLayout(&perDrawBindingsDesc);	webgpu:renderer:render_context_webgpu_impl	review-required
webgpu	renderer/src/webgpu/render_context_webgpu_impl.cpp	623	thread-or-lock	atomics	if (interlockMode == gpu::InterlockMode::atomics)	webgpu:renderer:render_context_webgpu_impl	review-required
webgpu	renderer/src/webgpu/render_context_webgpu_impl.cpp	653	construction-or-allocation	CreateBindGroupLayout	impl->m_device.CreateBindGroupLayout(	webgpu:renderer:render_context_webgpu_impl	review-required
webgpu	renderer/src/webgpu/render_context_webgpu_impl.cpp	681	construction-or-allocation	Acquire	wgpu::BindGroupLayout::Acquire(wgpuDeviceCreateBindGroupLayout(	webgpu:renderer:render_context_webgpu_impl	review-required
webgpu	renderer/src/webgpu/render_context_webgpu_impl.cpp	716	construction-or-allocation	CreateBindGroupLayout	impl->m_device.CreateBindGroupLayout(&samplerBindingsDesc);	webgpu:renderer:render_context_webgpu_impl	review-required
webgpu	renderer/src/webgpu/render_context_webgpu_impl.cpp	725	construction-or-allocation	CreatePipelineLayout	impl->m_device.CreatePipelineLayout(&pipelineLayoutDesc);	webgpu:renderer:render_context_webgpu_impl	review-required
webgpu	renderer/src/webgpu/render_context_webgpu_impl.cpp	750	failure-or-loss	assert	assert(idx < m_drawPipelineLayouts.size());	webgpu:renderer:render_context_webgpu_impl	review-required
webgpu	renderer/src/webgpu/render_context_webgpu_impl.cpp	754	construction-or-allocation	make_unique	slot = std::make_unique<DrawPipelineLayout>(this, mode);	webgpu:renderer:render_context_webgpu_impl	review-required
webgpu	renderer/src/webgpu/render_context_webgpu_impl.cpp	775	construction-or-allocation	CreateBindGroupLayout	device.CreateBindGroupLayout(&colorRampBindingsDesc);	webgpu:renderer:render_context_webgpu_impl	review-required
webgpu	renderer/src/webgpu/render_context_webgpu_impl.cpp	783	construction-or-allocation	CreatePipelineLayout	device.CreatePipelineLayout(&pipelineLayoutDesc);	webgpu:renderer:render_context_webgpu_impl	review-required
webgpu	renderer/src/webgpu/render_context_webgpu_impl.cpp	797	synchronization-or-submission	flush_uniforms	glsl << glsl::flush_uniforms << '\n';	webgpu:renderer:render_context_webgpu_impl	review-required
webgpu	renderer/src/webgpu/render_context_webgpu_impl.cpp	875	construction-or-allocation	CreateRenderPipeline	m_renderPipeline = device.CreateRenderPipeline(&desc);	webgpu:renderer:render_context_webgpu_impl	review-required
webgpu	renderer/src/webgpu/render_context_webgpu_impl.cpp	905	construction-or-allocation	CreateBindGroupLayout	device.CreateBindGroupLayout(&perFlushBindingsDesc);	webgpu:renderer:render_context_webgpu_impl	review-required
webgpu	renderer/src/webgpu/render_context_webgpu_impl.cpp	920	construction-or-allocation	CreatePipelineLayout	device.CreatePipelineLayout(&pipelineLayoutDesc);	webgpu:renderer:render_context_webgpu_impl	review-required
webgpu	renderer/src/webgpu/render_context_webgpu_impl.cpp	939	synchronization-or-submission	flush_uniforms	glsl << glsl::flush_uniforms << "\n";	webgpu:renderer:render_context_webgpu_impl	review-required
webgpu	renderer/src/webgpu/render_context_webgpu_impl.cpp	1037	construction-or-allocation	CreateRenderPipeline	m_renderPipeline = device.CreateRenderPipeline(&desc);	webgpu:renderer:render_context_webgpu_impl	review-required
webgpu	renderer/src/webgpu/render_context_webgpu_impl.cpp	1067	construction-or-allocation	CreateBindGroupLayout	device.CreateBindGroupLayout(&perFlushBindingsDesc);	webgpu:renderer:render_context_webgpu_impl	review-required
webgpu	renderer/src/webgpu/render_context_webgpu_impl.cpp	1082	construction-or-allocation	CreatePipelineLayout	device.CreatePipelineLayout(&pipelineLayoutDesc);	webgpu:renderer:render_context_webgpu_impl	review-required
webgpu	renderer/src/webgpu/render_context_webgpu_impl.cpp	1107	synchronization-or-submission	flush_uniforms	glsl << glsl::flush_uniforms << '\n';	webgpu:renderer:render_context_webgpu_impl	review-required
webgpu	renderer/src/webgpu/render_context_webgpu_impl.cpp	1220	construction-or-allocation	CreateRenderPipeline	m_fillPipeline = device.CreateRenderPipeline(&desc);	webgpu:renderer:render_context_webgpu_impl	review-required
webgpu	renderer/src/webgpu/render_context_webgpu_impl.cpp	1224	construction-or-allocation	CreateRenderPipeline	m_strokePipeline = device.CreateRenderPipeline(&desc);	webgpu:renderer:render_context_webgpu_impl	review-required
webgpu	renderer/src/webgpu/render_context_webgpu_impl.cpp	1267	failure-or-loss	assert	assert(using_pls(interlockMode));	webgpu:renderer:render_context_webgpu_impl	review-required
webgpu	renderer/src/webgpu/render_context_webgpu_impl.cpp	1384	synchronization-or-submission	flush_uniforms	glsl << glsl::flush_uniforms << '\n';	webgpu:renderer:render_context_webgpu_impl	review-required
webgpu	renderer/src/webgpu/render_context_webgpu_impl.cpp	1412	failure-or-loss	assert	assert(interlockMode ==	webgpu:renderer:render_context_webgpu_impl	review-required
webgpu	renderer/src/webgpu/render_context_webgpu_impl.cpp	1471	thread-or-lock	atomics	case gpu::InterlockMode::atomics:	webgpu:renderer:render_context_webgpu_impl	review-required
webgpu	renderer/src/webgpu/render_context_webgpu_impl.cpp	1478	thread-or-lock	atomic_draw_path_webgpu_vert	vertexShader = &wgsl::atomic_draw_path_webgpu_vert;	webgpu:renderer:render_context_webgpu_impl	review-required
webgpu	renderer/src/webgpu/render_context_webgpu_impl.cpp	1481	thread-or-lock	atomic_draw_path_webgpu_fixedcolor_frag	? &wgsl::atomic_draw_path_webgpu_fixedcolor_frag	webgpu:renderer:render_context_webgpu_impl	review-required
webgpu	renderer/src/webgpu/render_context_webgpu_impl.cpp	1482	thread-or-lock	atomic_draw_path_webgpu_frag	: &wgsl::atomic_draw_path_webgpu_frag;	webgpu:renderer:render_context_webgpu_impl	review-required
webgpu	renderer/src/webgpu/render_context_webgpu_impl.cpp	1487	thread-or-lock	atomic_draw_interior_triangles_webgpu_vert	&wgsl::atomic_draw_interior_triangles_webgpu_vert;	webgpu:renderer:render_context_webgpu_impl	review-required
webgpu	renderer/src/webgpu/render_context_webgpu_impl.cpp	1491	thread-or-lock	atomic_draw_interior_triangles_webgpu_fixedcolor_frag	atomic_draw_interior_triangles_webgpu_fixedcolor_frag	webgpu:renderer:render_context_webgpu_impl	review-required
webgpu	renderer/src/webgpu/render_context_webgpu_impl.cpp	1493	thread-or-lock	atomic_draw_interior_triangles_webgpu_frag	atomic_draw_interior_triangles_webgpu_frag;	webgpu:renderer:render_context_webgpu_impl	review-required
webgpu	renderer/src/webgpu/render_context_webgpu_impl.cpp	1498	thread-or-lock	atomic_draw_atlas_blit_webgpu_vert	&wgsl::atomic_draw_atlas_blit_webgpu_vert;	webgpu:renderer:render_context_webgpu_impl	review-required
webgpu	renderer/src/webgpu/render_context_webgpu_impl.cpp	1502	thread-or-lock	atomic_draw_atlas_blit_webgpu_fixedcolor_frag	atomic_draw_atlas_blit_webgpu_fixedcolor_frag	webgpu:renderer:render_context_webgpu_impl	review-required
webgpu	renderer/src/webgpu/render_context_webgpu_impl.cpp	1503	thread-or-lock	atomic_draw_atlas_blit_webgpu_frag	: &wgsl::atomic_draw_atlas_blit_webgpu_frag;	webgpu:renderer:render_context_webgpu_impl	review-required
webgpu	renderer/src/webgpu/render_context_webgpu_impl.cpp	1508	thread-or-lock	atomic_draw_image_rect_webgpu_vert	&wgsl::atomic_draw_image_rect_webgpu_vert;	webgpu:renderer:render_context_webgpu_impl	review-required
webgpu	renderer/src/webgpu/render_context_webgpu_impl.cpp	1512	thread-or-lock	atomic_draw_image_rect_webgpu_fixedcolor_frag	atomic_draw_image_rect_webgpu_fixedcolor_frag	webgpu:renderer:render_context_webgpu_impl	review-required
webgpu	renderer/src/webgpu/render_context_webgpu_impl.cpp	1513	thread-or-lock	atomic_draw_image_rect_webgpu_frag	: &wgsl::atomic_draw_image_rect_webgpu_frag;	webgpu:renderer:render_context_webgpu_impl	review-required
webgpu	renderer/src/webgpu/render_context_webgpu_impl.cpp	1518	thread-or-lock	atomic_draw_image_mesh_webgpu_vert	&wgsl::atomic_draw_image_mesh_webgpu_vert;	webgpu:renderer:render_context_webgpu_impl	review-required
webgpu	renderer/src/webgpu/render_context_webgpu_impl.cpp	1522	thread-or-lock	atomic_draw_image_mesh_webgpu_fixedcolor_frag	atomic_draw_image_mesh_webgpu_fixedcolor_frag	webgpu:renderer:render_context_webgpu_impl	review-required
webgpu	renderer/src/webgpu/render_context_webgpu_impl.cpp	1523	thread-or-lock	atomic_draw_image_mesh_webgpu_frag	: &wgsl::atomic_draw_image_mesh_webgpu_frag;	webgpu:renderer:render_context_webgpu_impl	review-required
webgpu	renderer/src/webgpu/render_context_webgpu_impl.cpp	1529	thread-or-lock	atomic_resolve_webgpu_vert	vertexShader = &wgsl::atomic_resolve_webgpu_vert;	webgpu:renderer:render_context_webgpu_impl	review-required
webgpu	renderer/src/webgpu/render_context_webgpu_impl.cpp	1531	thread-or-lock	atomic_resolve_webgpu_fixedcolor_frag	&wgsl::atomic_resolve_webgpu_fixedcolor_frag;	webgpu:renderer:render_context_webgpu_impl	review-required
webgpu	renderer/src/webgpu/render_context_webgpu_impl.cpp	1538	failure-or-loss	assert	assert(enums::is_flag_set(	webgpu:renderer:render_context_webgpu_impl	review-required
webgpu	renderer/src/webgpu/render_context_webgpu_impl.cpp	1543	thread-or-lock	atomic_resolve_coalesced_webgpu_vert	&wgsl::atomic_resolve_coalesced_webgpu_vert;	webgpu:renderer:render_context_webgpu_impl	review-required
webgpu	renderer/src/webgpu/render_context_webgpu_impl.cpp	1545	thread-or-lock	atomic_resolve_coalesced_webgpu_frag	&wgsl::atomic_resolve_coalesced_webgpu_frag;	webgpu:renderer:render_context_webgpu_impl	review-required
webgpu	renderer/src/webgpu/render_context_webgpu_impl.cpp	1550	thread-or-lock	atomic_init_webgpu_vert	vertexShader = &wgsl::atomic_init_webgpu_vert;	webgpu:renderer:render_context_webgpu_impl	review-required
webgpu	renderer/src/webgpu/render_context_webgpu_impl.cpp	1553	thread-or-lock	atomic_init_webgpu_fixedcolor_frag	? &wgsl::atomic_init_webgpu_fixedcolor_frag	webgpu:renderer:render_context_webgpu_impl	review-required
webgpu	renderer/src/webgpu/render_context_webgpu_impl.cpp	1554	thread-or-lock	atomic_init_webgpu_frag	: &wgsl::atomic_init_webgpu_frag;	webgpu:renderer:render_context_webgpu_impl	review-required
webgpu	renderer/src/webgpu/render_context_webgpu_impl.cpp	1697	failure-or-loss	assert	assert(vertexShader != nullptr);	webgpu:renderer:render_context_webgpu_impl	review-required
webgpu	renderer/src/webgpu/render_context_webgpu_impl.cpp	1703	failure-or-loss	assert	assert(fragmentShader != nullptr);	webgpu:renderer:render_context_webgpu_impl	review-required
webgpu	renderer/src/webgpu/render_context_webgpu_impl.cpp	1735	failure-or-loss	assert	assert(framebufferFormat == wgpu::TextureFormat::BGRA8Unorm ||	webgpu:renderer:render_context_webgpu_impl	review-required
webgpu	renderer/src/webgpu/render_context_webgpu_impl.cpp	1857	failure-or-loss	assert	assert(m_contextOptions.compatibilityMode);	webgpu:renderer:render_context_webgpu_impl	review-required
webgpu	renderer/src/webgpu/render_context_webgpu_impl.cpp	1870	thread-or-lock	atomic	"WARNING: atomic mode disabled because deviceLimits.maxStorageBuffersPerShaderStage is not at least 3.");	webgpu:renderer:render_context_webgpu_impl	review-required
webgpu	renderer/src/webgpu/render_context_webgpu_impl.cpp	1872	thread-or-lock	atomicPLSInitNeedsDraw	m_platformFeatures.atomicPLSInitNeedsDraw = true;	webgpu:renderer:render_context_webgpu_impl	review-required
webgpu	renderer/src/webgpu/render_context_webgpu_impl.cpp	1905	construction-or-allocation	CreateBindGroupLayout	m_emptyBindingsLayout = m_device.CreateBindGroupLayout(&emptyBindingsDesc);	webgpu:renderer:render_context_webgpu_impl	review-required
webgpu	renderer/src/webgpu/render_context_webgpu_impl.cpp	1911	construction-or-allocation	CreateBuffer	m_nullStorageBuffer = m_device.CreateBuffer(&nullStorageBufferDesc);	webgpu:renderer:render_context_webgpu_impl	review-required
webgpu	renderer/src/webgpu/render_context_webgpu_impl.cpp	1921	construction-or-allocation	CreateSampler	m_linearSampler = m_device.CreateSampler(&linearSamplerDesc);	webgpu:renderer:render_context_webgpu_impl	review-required
webgpu	renderer/src/webgpu/render_context_webgpu_impl.cpp	1938	construction-or-allocation	CreateSampler	m_imageSamplers[i] = m_device.CreateSampler(&samplerDesc);	webgpu:renderer:render_context_webgpu_impl	review-required
webgpu	renderer/src/webgpu/render_context_webgpu_impl.cpp	1963	construction-or-allocation	CreateBindGroup	m_samplerBindings = m_device.CreateBindGroup(&samplerBindGroupDesc);	webgpu:renderer:render_context_webgpu_impl	review-required
webgpu	renderer/src/webgpu/render_context_webgpu_impl.cpp	1997	mapping-or-host-visibility	mappedAtCreation	.mappedAtCreation = true,	webgpu:renderer:render_context_webgpu_impl	review-required
webgpu	renderer/src/webgpu/render_context_webgpu_impl.cpp	1999	construction-or-allocation	CreateBuffer	m_tessSpanIndexBuffer = m_device.CreateBuffer(&tessSpanIndexBufferDesc);	webgpu:renderer:render_context_webgpu_impl	review-required
webgpu	renderer/src/webgpu/render_context_webgpu_impl.cpp	2003	mapping-or-host-visibility	Unmap	m_tessSpanIndexBuffer.Unmap();	webgpu:renderer:render_context_webgpu_impl	review-required
webgpu	renderer/src/webgpu/render_context_webgpu_impl.cpp	2008	mapping-or-host-visibility	mappedAtCreation	.mappedAtCreation = true,	webgpu:renderer:render_context_webgpu_impl	review-required
webgpu	renderer/src/webgpu/render_context_webgpu_impl.cpp	2010	construction-or-allocation	CreateBuffer	m_pathPatchVertexBuffer = m_device.CreateBuffer(&patchBufferDesc);	webgpu:renderer:render_context_webgpu_impl	review-required
webgpu	renderer/src/webgpu/render_context_webgpu_impl.cpp	2017	construction-or-allocation	CreateBuffer	m_pathPatchIndexBuffer = m_device.CreateBuffer(&patchBufferDesc);	webgpu:renderer:render_context_webgpu_impl	review-required
webgpu	renderer/src/webgpu/render_context_webgpu_impl.cpp	2024	mapping-or-host-visibility	Unmap	m_pathPatchVertexBuffer.Unmap();	webgpu:renderer:render_context_webgpu_impl	review-required
webgpu	renderer/src/webgpu/render_context_webgpu_impl.cpp	2025	mapping-or-host-visibility	Unmap	m_pathPatchIndexBuffer.Unmap();	webgpu:renderer:render_context_webgpu_impl	review-required
webgpu	renderer/src/webgpu/render_context_webgpu_impl.cpp	2030	mapping-or-host-visibility	mappedAtCreation	.mappedAtCreation = true,	webgpu:renderer:render_context_webgpu_impl	review-required
webgpu	renderer/src/webgpu/render_context_webgpu_impl.cpp	2032	construction-or-allocation	CreateBuffer	m_imageRectVertexBuffer = m_device.CreateBuffer(&imageRectVertexBufferDesc);	webgpu:renderer:render_context_webgpu_impl	review-required
webgpu	renderer/src/webgpu/render_context_webgpu_impl.cpp	2036	mapping-or-host-visibility	Unmap	m_imageRectVertexBuffer.Unmap();	webgpu:renderer:render_context_webgpu_impl	review-required
webgpu	renderer/src/webgpu/render_context_webgpu_impl.cpp	2043	mapping-or-host-visibility	mappedAtCreation	.mappedAtCreation = true,	webgpu:renderer:render_context_webgpu_impl	review-required
webgpu	renderer/src/webgpu/render_context_webgpu_impl.cpp	2045	construction-or-allocation	CreateBuffer	m_imageRectIndexBuffer = m_device.CreateBuffer(&imageRectIndexBufferDesc);	webgpu:renderer:render_context_webgpu_impl	review-required
webgpu	renderer/src/webgpu/render_context_webgpu_impl.cpp	2049	mapping-or-host-visibility	Unmap	m_imageRectIndexBuffer.Unmap();	webgpu:renderer:render_context_webgpu_impl	review-required
webgpu	renderer/src/webgpu/render_context_webgpu_impl.cpp	2061	construction-or-allocation	CreateTexture	m_device.CreateTexture(&gaussianIntegralTextureDesc);	webgpu:renderer:render_context_webgpu_impl	review-required
webgpu	renderer/src/webgpu/render_context_webgpu_impl.cpp	2081	construction-or-allocation	CreateView	m_gaussianIntegralTextureView = m_gaussianIntegralTexture.CreateView();	webgpu:renderer:render_context_webgpu_impl	review-required
webgpu	renderer/src/webgpu/render_context_webgpu_impl.cpp	2090	construction-or-allocation	CreateTexture	m_nullTexture = m_device.CreateTexture(&nullTextureDesc);	webgpu:renderer:render_context_webgpu_impl	review-required
webgpu	renderer/src/webgpu/render_context_webgpu_impl.cpp	2091	construction-or-allocation	CreateView	m_nullTextureView = m_nullTexture.CreateView();	webgpu:renderer:render_context_webgpu_impl	review-required
webgpu	renderer/src/webgpu/render_context_webgpu_impl.cpp	2093	construction-or-allocation	make_unique	m_colorRampPipeline = std::make_unique<ColorRampPipeline>(this);	webgpu:renderer:render_context_webgpu_impl	review-required
webgpu	renderer/src/webgpu/render_context_webgpu_impl.cpp	2094	construction-or-allocation	make_unique	m_tessellatePipeline = std::make_unique<TessellatePipeline>(this);	webgpu:renderer:render_context_webgpu_impl	review-required
webgpu	renderer/src/webgpu/render_context_webgpu_impl.cpp	2095	construction-or-allocation	make_unique	m_featherAtlasPipeline = std::make_unique<FeatherAtlasPipeline>(this);	webgpu:renderer:render_context_webgpu_impl	review-required
webgpu	renderer/src/webgpu/render_context_webgpu_impl.cpp	2098	destruction-or-release	~RenderContextWebGPUImpl(	RenderContextWebGPUImpl::~RenderContextWebGPUImpl() {}	webgpu:renderer:render_context_webgpu_impl	review-required
webgpu	renderer/src/webgpu/render_context_webgpu_impl.cpp	2162	construction-or-allocation	CreateTexture	m_coverageTexture = m_device.CreateTexture(&desc);	webgpu:renderer:render_context_webgpu_impl	review-required
webgpu	renderer/src/webgpu/render_context_webgpu_impl.cpp	2163	construction-or-allocation	CreateView	m_coverageTextureView = m_coverageTexture.CreateView();	webgpu:renderer:render_context_webgpu_impl	review-required
webgpu	renderer/src/webgpu/render_context_webgpu_impl.cpp	2178	construction-or-allocation	CreateTexture	m_clipTexture = m_device.CreateTexture(&desc);	webgpu:renderer:render_context_webgpu_impl	review-required
webgpu	renderer/src/webgpu/render_context_webgpu_impl.cpp	2179	construction-or-allocation	CreateView	m_clipTextureView = m_clipTexture.CreateView();	webgpu:renderer:render_context_webgpu_impl	review-required
webgpu	renderer/src/webgpu/render_context_webgpu_impl.cpp	2194	construction-or-allocation	CreateTexture	m_scratchColorTexture = m_device.CreateTexture(&desc);	webgpu:renderer:render_context_webgpu_impl	review-required
webgpu	renderer/src/webgpu/render_context_webgpu_impl.cpp	2195	construction-or-allocation	CreateView	m_scratchColorTextureView = m_scratchColorTexture.CreateView();	webgpu:renderer:render_context_webgpu_impl	review-required
webgpu	renderer/src/webgpu/render_context_webgpu_impl.cpp	2211	construction-or-allocation	CreateTexture	m_msaaColorTexture = m_device.CreateTexture(&desc);	webgpu:renderer:render_context_webgpu_impl	review-required
webgpu	renderer/src/webgpu/render_context_webgpu_impl.cpp	2212	construction-or-allocation	CreateView	m_msaaColorTextureView = m_msaaColorTexture.CreateView();	webgpu:renderer:render_context_webgpu_impl	review-required
webgpu	renderer/src/webgpu/render_context_webgpu_impl.cpp	2228	construction-or-allocation	CreateTexture	m_msaaDepthStencilTexture = m_device.CreateTexture(&desc);	webgpu:renderer:render_context_webgpu_impl	review-required
webgpu	renderer/src/webgpu/render_context_webgpu_impl.cpp	2229	construction-or-allocation	CreateView	m_msaaDepthStencilTextureView = m_msaaDepthStencilTexture.CreateView();	webgpu:renderer:render_context_webgpu_impl	review-required
webgpu	renderer/src/webgpu/render_context_webgpu_impl.cpp	2247	construction-or-allocation	CreateTexture	m_dstColorTexture = m_device.CreateTexture(&desc);	webgpu:renderer:render_context_webgpu_impl	review-required
webgpu	renderer/src/webgpu/render_context_webgpu_impl.cpp	2256	construction-or-allocation	CreateView	m_dstColorTextureView = dstColorTexture().CreateView();	webgpu:renderer:render_context_webgpu_impl	review-required
webgpu	renderer/src/webgpu/render_context_webgpu_impl.cpp	2289	construction-or-allocation	new	return rcp(new RenderTargetWebGPU(m_device,	webgpu:renderer:render_context_webgpu_impl	review-required
webgpu	renderer/src/webgpu/render_context_webgpu_impl.cpp	2313	construction-or-allocation	CreateTexture	m_device.CreateTexture(&textureDesc));	webgpu:renderer:render_context_webgpu_impl	review-required
webgpu	renderer/src/webgpu/render_context_webgpu_impl.cpp	2327	construction-or-allocation	Make	return rive::ore::ContextWGPU::Make(m_device,	webgpu:renderer:render_context_webgpu_impl	review-required
webgpu	renderer/src/webgpu/render_context_webgpu_impl.cpp	2345	mapping-or-host-visibility	mappedOnceAtInitialization	bool mappedOnceAtInitialization =	webgpu:renderer:render_context_webgpu_impl	review-required
webgpu	renderer/src/webgpu/render_context_webgpu_impl.cpp	2347	mapping-or-host-visibility	mappedOnceAtInitialization	RenderBufferFlags::mappedOnceAtInitialization);	webgpu:renderer:render_context_webgpu_impl	review-required
webgpu	renderer/src/webgpu/render_context_webgpu_impl.cpp	2348	mapping-or-host-visibility	mappedOnceAtInitialization	int bufferCount = mappedOnceAtInitialization ? 1 : gpu::kBufferRingSize;	webgpu:renderer:render_context_webgpu_impl	review-required
webgpu	renderer/src/webgpu/render_context_webgpu_impl.cpp	2355	mapping-or-host-visibility	mappedAtCreation	.mappedAtCreation = mappedOnceAtInitialization,	webgpu:renderer:render_context_webgpu_impl	review-required
webgpu	renderer/src/webgpu/render_context_webgpu_impl.cpp	2355	mapping-or-host-visibility	mappedOnceAtInitialization	.mappedAtCreation = mappedOnceAtInitialization,	webgpu:renderer:render_context_webgpu_impl	review-required
webgpu	renderer/src/webgpu/render_context_webgpu_impl.cpp	2357	mapping-or-host-visibility	mappedOnceAtInitialization	if (!mappedOnceAtInitialization)	webgpu:renderer:render_context_webgpu_impl	review-required
webgpu	renderer/src/webgpu/render_context_webgpu_impl.cpp	2363	construction-or-allocation	CreateBuffer	m_buffers[i] = device.CreateBuffer(&desc);	webgpu:renderer:render_context_webgpu_impl	review-required
webgpu	renderer/src/webgpu/render_context_webgpu_impl.cpp	2367	synchronization-or-submission	submittedBuffer	wgpu::Buffer submittedBuffer() const	webgpu:renderer:render_context_webgpu_impl	review-required
webgpu	renderer/src/webgpu/render_context_webgpu_impl.cpp	2377	failure-or-loss	assert	assert(m_buffers[m_submittedBufferIdx] != nullptr);	webgpu:renderer:render_context_webgpu_impl	review-required
webgpu	renderer/src/webgpu/render_context_webgpu_impl.cpp	2379	mapping-or-host-visibility	mappedOnceAtInitialization	RenderBufferFlags::mappedOnceAtInitialization))	webgpu:renderer:render_context_webgpu_impl	review-required
webgpu	renderer/src/webgpu/render_context_webgpu_impl.cpp	2387	construction-or-allocation	new	m_stagingBuffer.reset(new uint8_t[sizeInBytes()]);	webgpu:renderer:render_context_webgpu_impl	review-required
webgpu	renderer/src/webgpu/render_context_webgpu_impl.cpp	2387	destruction-or-release	reset	m_stagingBuffer.reset(new uint8_t[sizeInBytes()]);	webgpu:renderer:render_context_webgpu_impl	review-required
webgpu	renderer/src/webgpu/render_context_webgpu_impl.cpp	2396	mapping-or-host-visibility	mappedOnceAtInitialization	RenderBufferFlags::mappedOnceAtInitialization))	webgpu:renderer:render_context_webgpu_impl	review-required
webgpu	renderer/src/webgpu/render_context_webgpu_impl.cpp	2398	mapping-or-host-visibility	Unmap	m_buffers[m_submittedBufferIdx].Unmap();	webgpu:renderer:render_context_webgpu_impl	review-required
webgpu	renderer/src/webgpu/render_context_webgpu_impl.cpp	2463	construction-or-allocation	CreateBindGroupLayout	m_perDrawBindGroupLayout = device.CreateBindGroupLayout(&bindingsDesc);	webgpu:renderer:render_context_webgpu_impl	review-required
webgpu	renderer/src/webgpu/render_context_webgpu_impl.cpp	2477	construction-or-allocation	CreatePipelineLayout	device.CreatePipelineLayout(&pipelineLayoutDesc);	webgpu:renderer:render_context_webgpu_impl	review-required
webgpu	renderer/src/webgpu/render_context_webgpu_impl.cpp	2513	construction-or-allocation	CreateRenderPipeline	m_renderPipeline = device.CreateRenderPipeline(&desc);	webgpu:renderer:render_context_webgpu_impl	review-required
webgpu	renderer/src/webgpu/render_context_webgpu_impl.cpp	2530	construction-or-allocation	CreateCommandEncoder	wgpu::CommandEncoder mipEncoder = m_device.CreateCommandEncoder();	webgpu:renderer:render_context_webgpu_impl	review-required
webgpu	renderer/src/webgpu/render_context_webgpu_impl.cpp	2539	construction-or-allocation	make_unique	std::make_unique<BlitTextureAsDrawPipeline>(this);	webgpu:renderer:render_context_webgpu_impl	review-required
webgpu	renderer/src/webgpu/render_context_webgpu_impl.cpp	2547	construction-or-allocation	CreateView	wgpu::TextureView dstView, srcView = texture.CreateView(&textureViewDesc);	webgpu:renderer:render_context_webgpu_impl	review-required
webgpu	renderer/src/webgpu/render_context_webgpu_impl.cpp	2553	construction-or-allocation	CreateView	dstView = texture.CreateView(&textureViewDesc);	webgpu:renderer:render_context_webgpu_impl	review-required
webgpu	renderer/src/webgpu/render_context_webgpu_impl.cpp	2588	construction-or-allocation	CreateBindGroup	wgpu::BindGroup bindings = m_device.CreateBindGroup(&bindGroupDesc);	webgpu:renderer:render_context_webgpu_impl	review-required
webgpu	renderer/src/webgpu/render_context_webgpu_impl.cpp	2597	synchronization-or-submission	Finish	wgpu::CommandBuffer commands = mipEncoder.Finish();	webgpu:renderer:render_context_webgpu_impl	review-required
webgpu	renderer/src/webgpu/render_context_webgpu_impl.cpp	2598	synchronization-or-submission	Submit	m_queue.Submit(1, &commands);	webgpu:renderer:render_context_webgpu_impl	review-required
webgpu	renderer/src/webgpu/render_context_webgpu_impl.cpp	2620	failure-or-loss	assert	assert(blockWidth == 1 && blockHeight == 1);	webgpu:renderer:render_context_webgpu_impl	review-required
webgpu	renderer/src/webgpu/render_context_webgpu_impl.cpp	2634	failure-or-loss	assert	assert(!"unsupported ASTC block footprint");	webgpu:renderer:render_context_webgpu_impl	review-required
webgpu	renderer/src/webgpu/render_context_webgpu_impl.cpp	2652	failure-or-loss	assert	assert(!"unsupported format");	webgpu:renderer:render_context_webgpu_impl	review-required
webgpu	renderer/src/webgpu/render_context_webgpu_impl.cpp	2656	failure-or-loss	assert	assert(!(generateRemainingMips && isCompressed) &&	webgpu:renderer:render_context_webgpu_impl	review-required
webgpu	renderer/src/webgpu/render_context_webgpu_impl.cpp	2679	construction-or-allocation	CreateTexture	wgpu::Texture texture = m_device.CreateTexture(&textureDesc);	webgpu:renderer:render_context_webgpu_impl	review-required
webgpu	renderer/src/webgpu/render_context_webgpu_impl.cpp	2715	construction-or-allocation	Make	static std::unique_ptr<BufferWebGPU> Make(wgpu::Device device,	webgpu:renderer:render_context_webgpu_impl	review-required
webgpu	renderer/src/webgpu/render_context_webgpu_impl.cpp	2720	construction-or-allocation	make_unique	return std::make_unique<BufferWebGPU>(device,	webgpu:renderer:render_context_webgpu_impl	review-required
webgpu	renderer/src/webgpu/render_context_webgpu_impl.cpp	2741	construction-or-allocation	CreateBuffer	m_buffers[i] = device.CreateBuffer(&desc);	webgpu:renderer:render_context_webgpu_impl	review-required
webgpu	renderer/src/webgpu/render_context_webgpu_impl.cpp	2745	synchronization-or-submission	submittedBuffer	wgpu::Buffer submittedBuffer() const	webgpu:renderer:render_context_webgpu_impl	review-required
webgpu	renderer/src/webgpu/render_context_webgpu_impl.cpp	2747	synchronization-or-submission	submittedBufferIdx	return m_buffers[submittedBufferIdx()];	webgpu:renderer:render_context_webgpu_impl	review-required
webgpu	renderer/src/webgpu/render_context_webgpu_impl.cpp	2751	mapping-or-host-visibility	mapSizeInBytes	void* onMapBuffer(int bufferIdx, size_t mapSizeInBytes) override	webgpu:renderer:render_context_webgpu_impl	review-required
webgpu	renderer/src/webgpu/render_context_webgpu_impl.cpp	2756	mapping-or-host-visibility	mapSizeInBytes	void onUnmapAndSubmitBuffer(int bufferIdx, size_t mapSizeInBytes) override	webgpu:renderer:render_context_webgpu_impl	review-required
webgpu	renderer/src/webgpu/render_context_webgpu_impl.cpp	2761	mapping-or-host-visibility	mapSizeInBytes	mapSizeInBytes);	webgpu:renderer:render_context_webgpu_impl	review-required
webgpu	renderer/src/webgpu/render_context_webgpu_impl.cpp	2811	construction-or-allocation	CreateTexture	m_texture = device.CreateTexture(&desc);	webgpu:renderer:render_context_webgpu_impl	review-required
webgpu	renderer/src/webgpu/render_context_webgpu_impl.cpp	2812	construction-or-allocation	CreateView	m_textureView = m_texture.CreateView();	webgpu:renderer:render_context_webgpu_impl	review-required
webgpu	renderer/src/webgpu/render_context_webgpu_impl.cpp	2829	synchronization-or-submission	submittedBuffer	.buffer = submittedBuffer(),	webgpu:renderer:render_context_webgpu_impl	review-required
webgpu	renderer/src/webgpu/render_context_webgpu_impl.cpp	2855	failure-or-loss	assert	assert(capacityInBytes % 256 == 0);	webgpu:renderer:render_context_webgpu_impl	review-required
webgpu	renderer/src/webgpu/render_context_webgpu_impl.cpp	2856	construction-or-allocation	make_unique	return std::make_unique<BufferWebGPU>(m_device,	webgpu:renderer:render_context_webgpu_impl	review-required
webgpu	renderer/src/webgpu/render_context_webgpu_impl.cpp	2868	construction-or-allocation	make_unique	return std::make_unique<StorageTextureBufferWebGPU>(m_device,	webgpu:renderer:render_context_webgpu_impl	review-required
webgpu	renderer/src/webgpu/render_context_webgpu_impl.cpp	2875	construction-or-allocation	make_unique	return std::make_unique<BufferWebGPU>(m_device,	webgpu:renderer:render_context_webgpu_impl	review-required
webgpu	renderer/src/webgpu/render_context_webgpu_impl.cpp	2885	construction-or-allocation	make_unique	return std::make_unique<BufferWebGPU>(m_device,	webgpu:renderer:render_context_webgpu_impl	review-required
webgpu	renderer/src/webgpu/render_context_webgpu_impl.cpp	2904	construction-or-allocation	CreateTexture	m_gradientTexture = m_device.CreateTexture(&desc);	webgpu:renderer:render_context_webgpu_impl	review-required
webgpu	renderer/src/webgpu/render_context_webgpu_impl.cpp	2905	construction-or-allocation	CreateView	m_gradientTextureView = m_gradientTexture.CreateView();	webgpu:renderer:render_context_webgpu_impl	review-required
webgpu	renderer/src/webgpu/render_context_webgpu_impl.cpp	2921	construction-or-allocation	CreateTexture	m_tessVertexTexture = m_device.CreateTexture(&desc);	webgpu:renderer:render_context_webgpu_impl	review-required
webgpu	renderer/src/webgpu/render_context_webgpu_impl.cpp	2922	construction-or-allocation	CreateView	m_tessVertexTextureView = m_tessVertexTexture.CreateView();	webgpu:renderer:render_context_webgpu_impl	review-required
webgpu	renderer/src/webgpu/render_context_webgpu_impl.cpp	2938	construction-or-allocation	CreateTexture	m_featherAtlasTexture = m_device.CreateTexture(&desc);	webgpu:renderer:render_context_webgpu_impl	review-required
webgpu	renderer/src/webgpu/render_context_webgpu_impl.cpp	2939	construction-or-allocation	CreateView	m_featherAtlasTextureView = m_featherAtlasTexture.CreateView();	webgpu:renderer:render_context_webgpu_impl	review-required
webgpu	renderer/src/webgpu/render_context_webgpu_impl.cpp	2960	thread-or-lock	atomicPLSColorBuffer	wgpu::Buffer RenderContextWebGPUImpl::atomicPLSColorBuffer()	webgpu:renderer:render_context_webgpu_impl	review-required
webgpu	renderer/src/webgpu/render_context_webgpu_impl.cpp	2965	construction-or-allocation	CreateBuffer	m_atomicPLSColorBuffer = m_device.CreateBuffer(&desc);	webgpu:renderer:render_context_webgpu_impl	review-required
webgpu	renderer/src/webgpu/render_context_webgpu_impl.cpp	2970	thread-or-lock	atomicPLSClipBuffer	wgpu::Buffer RenderContextWebGPUImpl::atomicPLSClipBuffer()	webgpu:renderer:render_context_webgpu_impl	review-required
webgpu	renderer/src/webgpu/render_context_webgpu_impl.cpp	2975	construction-or-allocation	CreateBuffer	m_atomicPLSClipBuffer = m_device.CreateBuffer(&desc);	webgpu:renderer:render_context_webgpu_impl	review-required
webgpu	renderer/src/webgpu/render_context_webgpu_impl.cpp	2980	thread-or-lock	atomicPLSCoverageBuffer	wgpu::Buffer RenderContextWebGPUImpl::atomicPLSCoverageBuffer()	webgpu:renderer:render_context_webgpu_impl	review-required
webgpu	renderer/src/webgpu/render_context_webgpu_impl.cpp	2985	construction-or-allocation	CreateBuffer	m_atomicPLSCoverageBuffer = m_device.CreateBuffer(&desc);	webgpu:renderer:render_context_webgpu_impl	review-required
webgpu	renderer/src/webgpu/render_context_webgpu_impl.cpp	3206	failure-or-loss	assert	assert(attrs.size() == 1 + IMAGE_ATTRIB_COUNT);	webgpu:renderer:render_context_webgpu_impl	review-required
webgpu	renderer/src/webgpu/render_context_webgpu_impl.cpp	3241	failure-or-loss	assert	assert(attrs.size() == 2 + IMAGE_ATTRIB_COUNT);	webgpu:renderer:render_context_webgpu_impl	review-required
webgpu	renderer/src/webgpu/render_context_webgpu_impl.cpp	3289	failure-or-loss	assert	assert(colorAttachments.size() == COLOR_PLANE_IDX);	webgpu:renderer:render_context_webgpu_impl	review-required
webgpu	renderer/src/webgpu/render_context_webgpu_impl.cpp	3303	failure-or-loss	assert	assert(colorAttachments.size() == CLIP_PLANE_IDX);	webgpu:renderer:render_context_webgpu_impl	review-required
webgpu	renderer/src/webgpu/render_context_webgpu_impl.cpp	3310	failure-or-loss	assert	assert(colorAttachments.size() == SCRATCH_COLOR_PLANE_IDX);	webgpu:renderer:render_context_webgpu_impl	review-required
webgpu	renderer/src/webgpu/render_context_webgpu_impl.cpp	3317	failure-or-loss	assert	assert(colorAttachments.size() == COVERAGE_PLANE_IDX);	webgpu:renderer:render_context_webgpu_impl	review-required
webgpu	renderer/src/webgpu/render_context_webgpu_impl.cpp	3526	construction-or-allocation	Acquire	return wgpu::RenderPipeline::Acquire(	webgpu:renderer:render_context_webgpu_impl	review-required
webgpu	renderer/src/webgpu/render_context_webgpu_impl.cpp	3540	destruction-or-release	~DrawRenderPass(	virtual ~DrawRenderPass() { end(); }	webgpu:renderer:render_context_webgpu_impl	review-required
webgpu	renderer/src/webgpu/render_context_webgpu_impl.cpp	3547	synchronization-or-submission	barrier	virtual void barrier(const gpu::DrawBatch&) = 0;	webgpu:renderer:render_context_webgpu_impl	review-required
webgpu	renderer/src/webgpu/render_context_webgpu_impl.cpp	3561	synchronization-or-submission	FlushDescriptor	const FlushDescriptor& desc,	webgpu:renderer:render_context_webgpu_impl	review-required
webgpu	renderer/src/webgpu/render_context_webgpu_impl.cpp	3584	synchronization-or-submission	FlushDescriptor	const FlushDescriptor& m_desc;	webgpu:renderer:render_context_webgpu_impl	review-required
webgpu	renderer/src/webgpu/render_context_webgpu_impl.cpp	3598	synchronization-or-submission	FlushDescriptor	const FlushDescriptor& desc,	webgpu:renderer:render_context_webgpu_impl	review-required
webgpu	renderer/src/webgpu/render_context_webgpu_impl.cpp	3617	failure-or-loss	assert	assert(plsAttachments.size() == COLOR_PLANE_IDX);	webgpu:renderer:render_context_webgpu_impl	review-required
webgpu	renderer/src/webgpu/render_context_webgpu_impl.cpp	3639	failure-or-loss	assert	assert(inputAttachments.size() == COLOR_PLANE_IDX);	webgpu:renderer:render_context_webgpu_impl	review-required
webgpu	renderer/src/webgpu/render_context_webgpu_impl.cpp	3650	failure-or-loss	assert	assert(plsAttachments.size() == CLIP_PLANE_IDX);	webgpu:renderer:render_context_webgpu_impl	review-required
webgpu	renderer/src/webgpu/render_context_webgpu_impl.cpp	3658	failure-or-loss	assert	assert(inputAttachments.size() == CLIP_PLANE_IDX);	webgpu:renderer:render_context_webgpu_impl	review-required
webgpu	renderer/src/webgpu/render_context_webgpu_impl.cpp	3667	failure-or-loss	assert	assert(plsAttachments.size() == SCRATCH_COLOR_PLANE_IDX);	webgpu:renderer:render_context_webgpu_impl	review-required
webgpu	renderer/src/webgpu/render_context_webgpu_impl.cpp	3675	failure-or-loss	assert	assert(inputAttachments.size() == SCRATCH_COLOR_PLANE_IDX);	webgpu:renderer:render_context_webgpu_impl	review-required
webgpu	renderer/src/webgpu/render_context_webgpu_impl.cpp	3684	failure-or-loss	assert	assert(plsAttachments.size() == COVERAGE_PLANE_IDX);	webgpu:renderer:render_context_webgpu_impl	review-required
webgpu	renderer/src/webgpu/render_context_webgpu_impl.cpp	3692	failure-or-loss	assert	assert(inputAttachments.size() == COVERAGE_PLANE_IDX);	webgpu:renderer:render_context_webgpu_impl	review-required
webgpu	renderer/src/webgpu/render_context_webgpu_impl.cpp	3700	failure-or-loss	assert	assert(plsAttachments.size() == PLS_PLANE_COUNT);	webgpu:renderer:render_context_webgpu_impl	review-required
webgpu	renderer/src/webgpu/render_context_webgpu_impl.cpp	3701	failure-or-loss	assert	assert(inputAttachments.size() == PLS_PLANE_COUNT);	webgpu:renderer:render_context_webgpu_impl	review-required
webgpu	renderer/src/webgpu/render_context_webgpu_impl.cpp	3715	failure-or-loss	assert	assert(m_impl->m_capabilities	webgpu:renderer:render_context_webgpu_impl	review-required
webgpu	renderer/src/webgpu/render_context_webgpu_impl.cpp	3728	construction-or-allocation	Acquire	m_encoder = wgpu::RenderPassEncoder::Acquire(	webgpu:renderer:render_context_webgpu_impl	review-required
webgpu	renderer/src/webgpu/render_context_webgpu_impl.cpp	3734	synchronization-or-submission	barrier	void barrier(const gpu::DrawBatch& batch) override { RIVE_UNREACHABLE(); }	webgpu:renderer:render_context_webgpu_impl	review-required
webgpu	renderer/src/webgpu/render_context_webgpu_impl.cpp	3739	thread-or-lock	AtomicDrawRenderPass	class RenderContextWebGPUImpl::AtomicDrawRenderPass : public DrawRenderPass	webgpu:renderer:render_context_webgpu_impl	review-required
webgpu	renderer/src/webgpu/render_context_webgpu_impl.cpp	3742	thread-or-lock	AtomicDrawRenderPass	AtomicDrawRenderPass(RenderContextWebGPUImpl* impl,	webgpu:renderer:render_context_webgpu_impl	review-required
webgpu	renderer/src/webgpu/render_context_webgpu_impl.cpp	3743	synchronization-or-submission	FlushDescriptor	const FlushDescriptor& desc,	webgpu:renderer:render_context_webgpu_impl	review-required
webgpu	renderer/src/webgpu/render_context_webgpu_impl.cpp	3756	thread-or-lock	atomicPLSColorBuffer	: m_impl->atomicPLSColorBuffer(),	webgpu:renderer:render_context_webgpu_impl	review-required
webgpu	renderer/src/webgpu/render_context_webgpu_impl.cpp	3760	thread-or-lock	atomicPLSClipBuffer	.buffer = m_impl->atomicPLSClipBuffer(),	webgpu:renderer:render_context_webgpu_impl	review-required
webgpu	renderer/src/webgpu/render_context_webgpu_impl.cpp	3764	thread-or-lock	atomicPLSCoverageBuffer	.buffer = m_impl->atomicPLSCoverageBuffer(),	webgpu:renderer:render_context_webgpu_impl	review-required
webgpu	renderer/src/webgpu/render_context_webgpu_impl.cpp	3774	construction-or-allocation	CreateBindGroup	m_impl->m_device.CreateBindGroup(&plsBufferBindGroupDesc);	webgpu:renderer:render_context_webgpu_impl	review-required
webgpu	renderer/src/webgpu/render_context_webgpu_impl.cpp	3780	synchronization-or-submission	barrier	void barrier(const gpu::DrawBatch& batch) override	webgpu:renderer:render_context_webgpu_impl	review-required
webgpu	renderer/src/webgpu/render_context_webgpu_impl.cpp	3782	synchronization-or-submission	barriers	if (enums::any_flag_set(batch.barriers,	webgpu:renderer:render_context_webgpu_impl	review-required
webgpu	renderer/src/webgpu/render_context_webgpu_impl.cpp	3783	synchronization-or-submission	BarrierFlags	gpu::BarrierFlags::plsAtomic |	webgpu:renderer:render_context_webgpu_impl	review-required
webgpu	renderer/src/webgpu/render_context_webgpu_impl.cpp	3784	synchronization-or-submission	BarrierFlags	gpu::BarrierFlags::plsAtomicPreResolve))	webgpu:renderer:render_context_webgpu_impl	review-required
webgpu	renderer/src/webgpu/render_context_webgpu_impl.cpp	3786	failure-or-loss	assert	assert(batch.drawType != gpu::DrawType::renderPassInitialize);	webgpu:renderer:render_context_webgpu_impl	review-required
webgpu	renderer/src/webgpu/render_context_webgpu_impl.cpp	3836	failure-or-loss	assert	assert(drawType == gpu::DrawType::renderPassResolve);	webgpu:renderer:render_context_webgpu_impl	review-required
webgpu	renderer/src/webgpu/render_context_webgpu_impl.cpp	3891	synchronization-or-submission	FlushDescriptor	const FlushDescriptor& desc,	webgpu:renderer:render_context_webgpu_impl	review-required
webgpu	renderer/src/webgpu/render_context_webgpu_impl.cpp	3908	synchronization-or-submission	finish	: MSAAEndType::finish);	webgpu:renderer:render_context_webgpu_impl	review-required
webgpu	renderer/src/webgpu/render_context_webgpu_impl.cpp	3912	synchronization-or-submission	barrier	void barrier(const gpu::DrawBatch& batch) override	webgpu:renderer:render_context_webgpu_impl	review-required
webgpu	renderer/src/webgpu/render_context_webgpu_impl.cpp	3916	synchronization-or-submission	BarrierFlags	if (!enums::is_flag_set(batch.barriers, gpu::BarrierFlags::dstBlend))	webgpu:renderer:render_context_webgpu_impl	review-required
webgpu	renderer/src/webgpu/render_context_webgpu_impl.cpp	3916	synchronization-or-submission	barriers	if (!enums::is_flag_set(batch.barriers, gpu::BarrierFlags::dstBlend))	webgpu:renderer:render_context_webgpu_impl	review-required
webgpu	renderer/src/webgpu/render_context_webgpu_impl.cpp	3920	failure-or-loss	assert	assert(!m_desc.fixedFunctionColorOutput ||	webgpu:renderer:render_context_webgpu_impl	review-required
webgpu	renderer/src/webgpu/render_context_webgpu_impl.cpp	3926	failure-or-loss	assert	assert(m_encoder == nullptr);	webgpu:renderer:render_context_webgpu_impl	review-required
webgpu	renderer/src/webgpu/render_context_webgpu_impl.cpp	3927	failure-or-loss	assert	assert(m_desc.colorLoadAction ==	webgpu:renderer:render_context_webgpu_impl	review-required
webgpu	renderer/src/webgpu/render_context_webgpu_impl.cpp	3949	failure-or-loss	assert	assert(draw->blendMode() != BlendMode::srcOver);	webgpu:renderer:render_context_webgpu_impl	review-required
webgpu	renderer/src/webgpu/render_context_webgpu_impl.cpp	3963	synchronization-or-submission	finish	: MSAAEndType::finish);	webgpu:renderer:render_context_webgpu_impl	review-required
webgpu	renderer/src/webgpu/render_context_webgpu_impl.cpp	4029	synchronization-or-submission	FlushDescriptor	RenderContextWebGPUImpl::makeDrawRenderPass(const FlushDescriptor& desc,	webgpu:renderer:render_context_webgpu_impl	review-required
webgpu	renderer/src/webgpu/render_context_webgpu_impl.cpp	4032	thread-or-lock	atomics	if (desc.interlockMode == gpu::InterlockMode::atomics)	webgpu:renderer:render_context_webgpu_impl	review-required
webgpu	renderer/src/webgpu/render_context_webgpu_impl.cpp	4034	construction-or-allocation	make_unique	return std::make_unique<AtomicDrawRenderPass>(this,	webgpu:renderer:render_context_webgpu_impl	review-required
webgpu	renderer/src/webgpu/render_context_webgpu_impl.cpp	4034	thread-or-lock	AtomicDrawRenderPass	return std::make_unique<AtomicDrawRenderPass>(this,	webgpu:renderer:render_context_webgpu_impl	review-required
webgpu	renderer/src/webgpu/render_context_webgpu_impl.cpp	4040	construction-or-allocation	make_unique	return std::make_unique<MSAADrawRenderPass>(this, desc, commandEncoder);	webgpu:renderer:render_context_webgpu_impl	review-required
webgpu	renderer/src/webgpu/render_context_webgpu_impl.cpp	4042	construction-or-allocation	make_unique	return std::make_unique<PLSDrawRenderPass>(this, desc, commandEncoder);	webgpu:renderer:render_context_webgpu_impl	review-required
webgpu	renderer/src/webgpu/render_context_webgpu_impl.cpp	4047	failure-or-loss	assert	assert(bufferRing != nullptr);	webgpu:renderer:render_context_webgpu_impl	review-required
webgpu	renderer/src/webgpu/render_context_webgpu_impl.cpp	4048	synchronization-or-submission	submittedBuffer	return static_cast<const BufferWebGPU*>(bufferRing)->submittedBuffer();	webgpu:renderer:render_context_webgpu_impl	review-required
webgpu	renderer/src/webgpu/render_context_webgpu_impl.cpp	4057	failure-or-loss	assert	assert(bufferRing != nullptr);	webgpu:renderer:render_context_webgpu_impl	review-required
webgpu	renderer/src/webgpu/render_context_webgpu_impl.cpp	4068	failure-or-loss	assert	assert(bufferRing != nullptr);	webgpu:renderer:render_context_webgpu_impl	review-required
webgpu	renderer/src/webgpu/render_context_webgpu_impl.cpp	4073	synchronization-or-submission	FlushDescriptor	void RenderContextWebGPUImpl::flush(const FlushDescriptor& desc)	webgpu:renderer:render_context_webgpu_impl	review-required
webgpu	renderer/src/webgpu/render_context_webgpu_impl.cpp	4073	synchronization-or-submission	flush	void RenderContextWebGPUImpl::flush(const FlushDescriptor& desc)	webgpu:renderer:render_context_webgpu_impl	review-required
webgpu	renderer/src/webgpu/render_context_webgpu_impl.cpp	4084	failure-or-loss	assert	assert(wgpuEncoder != nullptr);	webgpu:renderer:render_context_webgpu_impl	review-required
webgpu	renderer/src/webgpu/render_context_webgpu_impl.cpp	4090	construction-or-allocation	Acquire	commandEncoder = wgpu::CommandEncoder::Acquire(wgpuEncoder);	webgpu:renderer:render_context_webgpu_impl	review-required
webgpu	renderer/src/webgpu/render_context_webgpu_impl.cpp	4124	synchronization-or-submission	flushUniformBufferRing	.buffer = webgpu_buffer(flushUniformBufferRing()),	webgpu:renderer:render_context_webgpu_impl	review-required
webgpu	renderer/src/webgpu/render_context_webgpu_impl.cpp	4125	synchronization-or-submission	flushUniformDataOffsetInBytes	.offset = desc.flushUniformDataOffsetInBytes,	webgpu:renderer:render_context_webgpu_impl	review-required
webgpu	renderer/src/webgpu/render_context_webgpu_impl.cpp	4228	construction-or-allocation	CreateBindGroup	m_device.CreateBindGroup(&colorRampBindGroupDesc));	webgpu:renderer:render_context_webgpu_impl	review-required
webgpu	renderer/src/webgpu/render_context_webgpu_impl.cpp	4273	construction-or-allocation	CreateBindGroup	m_device.CreateBindGroup(&tessBindGroupDesc));	webgpu:renderer:render_context_webgpu_impl	review-required
webgpu	renderer/src/webgpu/render_context_webgpu_impl.cpp	4317	construction-or-allocation	CreateBindGroup	m_device.CreateBindGroup(&atlasBindGroupDesc));	webgpu:renderer:render_context_webgpu_impl	review-required
webgpu	renderer/src/webgpu/render_context_webgpu_impl.cpp	4402	construction-or-allocation	CreateBindGroup	m_device.CreateBindGroup(&plsTextureBindingsGroupDesc);	webgpu:renderer:render_context_webgpu_impl	review-required
webgpu	renderer/src/webgpu/render_context_webgpu_impl.cpp	4417	failure-or-loss	assert	assert(m_capabilities.GL_EXT_shader_pixel_local_storage2);	webgpu:renderer:render_context_webgpu_impl	review-required
webgpu	renderer/src/webgpu/render_context_webgpu_impl.cpp	4449	mapping-or-host-visibility	mapBuffer	m_loadStoreEXTUniforms->mapBuffer(sizeof(clearColor));	webgpu:renderer:render_context_webgpu_impl	review-required
webgpu	renderer/src/webgpu/render_context_webgpu_impl.cpp	4451	mapping-or-host-visibility	unmapAndSubmitBuffer	m_loadStoreEXTUniforms->unmapAndSubmitBuffer();	webgpu:renderer:render_context_webgpu_impl	review-required
webgpu	renderer/src/webgpu/render_context_webgpu_impl.cpp	4467	construction-or-allocation	CreateBindGroup	m_device.CreateBindGroup(&uniformBindGroupDesc);	webgpu:renderer:render_context_webgpu_impl	review-required
webgpu	renderer/src/webgpu/render_context_webgpu_impl.cpp	4485	construction-or-allocation	CreateBindGroup	m_device.CreateBindGroup(&perFlushBindGroupDesc);	webgpu:renderer:render_context_webgpu_impl	review-required
webgpu	renderer/src/webgpu/render_context_webgpu_impl.cpp	4500	synchronization-or-submission	BarrierFlags	if (batch.barriers != gpu::BarrierFlags::none)	webgpu:renderer:render_context_webgpu_impl	review-required
webgpu	renderer/src/webgpu/render_context_webgpu_impl.cpp	4500	synchronization-or-submission	barriers	if (batch.barriers != gpu::BarrierFlags::none)	webgpu:renderer:render_context_webgpu_impl	review-required
webgpu	renderer/src/webgpu/render_context_webgpu_impl.cpp	4502	synchronization-or-submission	barrier	renderPass->barrier(batch);	webgpu:renderer:render_context_webgpu_impl	review-required
webgpu	renderer/src/webgpu/render_context_webgpu_impl.cpp	4533	thread-or-lock	atomics	if ((desc.interlockMode == gpu::InterlockMode::atomics &&	webgpu:renderer:render_context_webgpu_impl	review-required
webgpu	renderer/src/webgpu/render_context_webgpu_impl.cpp	4571	construction-or-allocation	CreateBindGroup	m_device.CreateBindGroup(&perDrawBindGroupDesc);	webgpu:renderer:render_context_webgpu_impl	review-required
webgpu	renderer/src/webgpu/render_context_webgpu_impl.cpp	4591	thread-or-lock	atomics	desc.interlockMode == gpu::InterlockMode::atomics	webgpu:renderer:render_context_webgpu_impl	review-required
webgpu	renderer/src/webgpu/render_context_webgpu_impl.cpp	4601	thread-or-lock	atomics	if (desc.interlockMode == gpu::InterlockMode::atomics &&	webgpu:renderer:render_context_webgpu_impl	review-required
webgpu	renderer/src/webgpu/render_context_webgpu_impl.cpp	4632	thread-or-lock	atomics	if (desc.interlockMode == gpu::InterlockMode::atomics &&	webgpu:renderer:render_context_webgpu_impl	review-required
webgpu	renderer/src/webgpu/render_context_webgpu_impl.cpp	4639	failure-or-loss	assert	assert(!pipelineState.colorWriteEnabled);	webgpu:renderer:render_context_webgpu_impl	review-required
webgpu	renderer/src/webgpu/render_context_webgpu_impl.cpp	4642	failure-or-loss	assert	assert(enums::is_flag_set(	webgpu:renderer:render_context_webgpu_impl	review-required
webgpu	renderer/src/webgpu/render_context_webgpu_impl.cpp	4655	failure-or-loss	assert	assert(!pipelineState.colorWriteEnabled);	webgpu:renderer:render_context_webgpu_impl	review-required
webgpu	renderer/src/webgpu/render_context_webgpu_impl.cpp	4728	failure-or-loss	assert	assert(desc.interlockMode == gpu::InterlockMode::atomics);	webgpu:renderer:render_context_webgpu_impl	review-required
webgpu	renderer/src/webgpu/render_context_webgpu_impl.cpp	4728	thread-or-lock	atomics	assert(desc.interlockMode == gpu::InterlockMode::atomics);	webgpu:renderer:render_context_webgpu_impl	review-required
webgpu	renderer/src/webgpu/render_context_webgpu_impl.cpp	4756	synchronization-or-submission	submittedBuffer	drawEncoder.SetVertexBuffer(0, vertexBuffer->submittedBuffer());	webgpu:renderer:render_context_webgpu_impl	review-required
webgpu	renderer/src/webgpu/render_context_webgpu_impl.cpp	4757	synchronization-or-submission	submittedBuffer	drawEncoder.SetVertexBuffer(1, uvBuffer->submittedBuffer());	webgpu:renderer:render_context_webgpu_impl	review-required
webgpu	renderer/src/webgpu/render_context_webgpu_impl.cpp	4766	synchronization-or-submission	submittedBuffer	drawEncoder.SetIndexBuffer(indexBuffer->submittedBuffer(),	webgpu:renderer:render_context_webgpu_impl	review-required
webgpu	renderer/src/webgpu/render_context_webgpu_impl.cpp	4805	construction-or-allocation	MakeContext	std::unique_ptr<RenderContext> RenderContextWebGPUImpl::MakeContext(	webgpu:renderer:render_context_webgpu_impl	review-required
webgpu	renderer/src/webgpu/render_context_webgpu_impl.cpp	4812	construction-or-allocation	new	new RenderContextWebGPUImpl(adapter, device, queue, contextOptions));	webgpu:renderer:render_context_webgpu_impl	review-required
webgpu	renderer/src/webgpu/render_context_webgpu_impl.cpp	4814	construction-or-allocation	make_unique	return std::make_unique<RenderContext>(std::move(impl));	webgpu:renderer:render_context_webgpu_impl	review-required
webgpu	renderer/src/webgpu/render_context_webgpu_impl.cpp	4819	construction-or-allocation	CreateCommandEncoder	wgpu::CommandEncoder encoder = m_device.CreateCommandEncoder();	webgpu:renderer:render_context_webgpu_impl	review-required
webgpu	renderer/src/webgpu/render_context_webgpu_impl.cpp	4832	construction-or-allocation	Acquire	wgpu::CommandEncoder encoder = wgpu::CommandEncoder::Acquire(	webgpu:renderer:render_context_webgpu_impl	review-required
webgpu	renderer/src/webgpu/render_context_webgpu_impl.cpp	4834	synchronization-or-submission	Finish	wgpu::CommandBuffer commands = encoder.Finish();	webgpu:renderer:render_context_webgpu_impl	review-required
webgpu	renderer/src/webgpu/render_context_webgpu_impl.cpp	4835	synchronization-or-submission	Submit	m_queue.Submit(1, &commands);	webgpu:renderer:render_context_webgpu_impl	review-required
webgpu	renderer/src/webgpu/wagyu-port/include/webgpu/webgpu.h	922	callback-or-async	callback	WGPUBufferMapCallback callback;	webgpu:wagyu:webgpu	review-required
webgpu	renderer/src/webgpu/wagyu-port/include/webgpu/webgpu.h	930	callback-or-async	callback	/*.callback=*/NULL _wgpu_COMMA \	webgpu:wagyu:webgpu	review-required
webgpu	renderer/src/webgpu/wagyu-port/include/webgpu/webgpu.h	938	callback-or-async	callback	WGPUCompilationInfoCallback callback;	webgpu:wagyu:webgpu	review-required
webgpu	renderer/src/webgpu/wagyu-port/include/webgpu/webgpu.h	946	callback-or-async	callback	/*.callback=*/NULL _wgpu_COMMA \	webgpu:wagyu:webgpu	review-required
webgpu	renderer/src/webgpu/wagyu-port/include/webgpu/webgpu.h	954	callback-or-async	callback	WGPUCreateComputePipelineAsyncCallback callback;	webgpu:wagyu:webgpu	review-required
webgpu	renderer/src/webgpu/wagyu-port/include/webgpu/webgpu.h	962	callback-or-async	callback	/*.callback=*/NULL _wgpu_COMMA \	webgpu:wagyu:webgpu	review-required
webgpu	renderer/src/webgpu/wagyu-port/include/webgpu/webgpu.h	970	callback-or-async	callback	WGPUCreateRenderPipelineAsyncCallback callback;	webgpu:wagyu:webgpu	review-required
webgpu	renderer/src/webgpu/wagyu-port/include/webgpu/webgpu.h	978	callback-or-async	callback	/*.callback=*/NULL _wgpu_COMMA \	webgpu:wagyu:webgpu	review-required
webgpu	renderer/src/webgpu/wagyu-port/include/webgpu/webgpu.h	986	callback-or-async	callback	WGPUDeviceLostCallback callback;	webgpu:wagyu:webgpu	review-required
webgpu	renderer/src/webgpu/wagyu-port/include/webgpu/webgpu.h	994	callback-or-async	callback	/*.callback=*/NULL _wgpu_COMMA \	webgpu:wagyu:webgpu	review-required
webgpu	renderer/src/webgpu/wagyu-port/include/webgpu/webgpu.h	1002	callback-or-async	callback	WGPUPopErrorScopeCallback callback;	webgpu:wagyu:webgpu	review-required
webgpu	renderer/src/webgpu/wagyu-port/include/webgpu/webgpu.h	1010	callback-or-async	callback	/*.callback=*/NULL _wgpu_COMMA \	webgpu:wagyu:webgpu	review-required
webgpu	renderer/src/webgpu/wagyu-port/include/webgpu/webgpu.h	1018	callback-or-async	callback	WGPUQueueWorkDoneCallback callback;	webgpu:wagyu:webgpu	review-required
webgpu	renderer/src/webgpu/wagyu-port/include/webgpu/webgpu.h	1026	callback-or-async	callback	/*.callback=*/NULL _wgpu_COMMA \	webgpu:wagyu:webgpu	review-required
webgpu	renderer/src/webgpu/wagyu-port/include/webgpu/webgpu.h	1034	callback-or-async	callback	WGPURequestAdapterCallback callback;	webgpu:wagyu:webgpu	review-required
webgpu	renderer/src/webgpu/wagyu-port/include/webgpu/webgpu.h	1042	callback-or-async	callback	/*.callback=*/NULL _wgpu_COMMA \	webgpu:wagyu:webgpu	review-required
webgpu	renderer/src/webgpu/wagyu-port/include/webgpu/webgpu.h	1050	callback-or-async	callback	WGPURequestDeviceCallback callback;	webgpu:wagyu:webgpu	review-required
webgpu	renderer/src/webgpu/wagyu-port/include/webgpu/webgpu.h	1058	callback-or-async	callback	/*.callback=*/NULL _wgpu_COMMA \	webgpu:wagyu:webgpu	review-required
webgpu	renderer/src/webgpu/wagyu-port/include/webgpu/webgpu.h	1065	callback-or-async	callback	WGPUUncapturedErrorCallback callback;	webgpu:wagyu:webgpu	review-required
webgpu	renderer/src/webgpu/wagyu-port/include/webgpu/webgpu.h	1072	callback-or-async	callback	/*.callback=*/NULL _wgpu_COMMA \	webgpu:wagyu:webgpu	review-required
webgpu	renderer/src/webgpu/wagyu-port/include/webgpu/webgpu.h	1156	mapping-or-host-visibility	mappedAtCreation	WGPUBool mappedAtCreation;	webgpu:wagyu:webgpu	review-required
webgpu	renderer/src/webgpu/wagyu-port/include/webgpu/webgpu.h	1164	mapping-or-host-visibility	mappedAtCreation	/*.mappedAtCreation=*/WGPU_FALSE _wgpu_COMMA \	webgpu:wagyu:webgpu	review-required
webgpu	renderer/src/webgpu/wagyu-port/include/webgpu/webgpu.h	2178	callback-or-async	deviceLostCallbackInfo	WGPUDeviceLostCallbackInfo deviceLostCallbackInfo;	webgpu:wagyu:webgpu	review-required
webgpu	renderer/src/webgpu/wagyu-port/include/webgpu/webgpu.h	2179	callback-or-async	uncapturedErrorCallbackInfo	WGPUUncapturedErrorCallbackInfo uncapturedErrorCallbackInfo;	webgpu:wagyu:webgpu	review-required
webgpu	renderer/src/webgpu/wagyu-port/include/webgpu/webgpu.h	2189	callback-or-async	deviceLostCallbackInfo	/*.deviceLostCallbackInfo=*/WGPU_DEVICE_LOST_CALLBACK_INFO_INIT _wgpu_COMMA \	webgpu:wagyu:webgpu	review-required
webgpu	renderer/src/webgpu/wagyu-port/include/webgpu/webgpu.h	2190	callback-or-async	uncapturedErrorCallbackInfo	/*.uncapturedErrorCallbackInfo=*/WGPU_UNCAPTURED_ERROR_CALLBACK_INFO_INIT _wgpu_COMMA \	webgpu:wagyu:webgpu	review-required
webgpu	renderer/src/webgpu/wagyu-port/include/webgpu/webgpu.h	2322	callback-or-async	callbackInfo	typedef WGPUFuture (*WGPUProcAdapterRequestDevice)(WGPUAdapter adapter, WGPU_NULLABLE WGPUDeviceDescriptor const * descriptor, WGPURequestDeviceCallbackInfo callbackInfo) WGPU_FUNCTION_ATTRIBUTE;	webgpu:wagyu:webgpu	review-required
webgpu	renderer/src/webgpu/wagyu-port/include/webgpu/webgpu.h	2346	callback-or-async	callbackInfo	typedef WGPUFuture (*WGPUProcBufferMapAsync)(WGPUBuffer buffer, WGPUMapMode mode, size_t offset, size_t size, WGPUBufferMapCallbackInfo callbackInfo) WGPU_FUNCTION_ATTRIBUTE;	webgpu:wagyu:webgpu	review-required
webgpu	renderer/src/webgpu/wagyu-port/include/webgpu/webgpu.h	2403	callback-or-async	callbackInfo	typedef WGPUFuture (*WGPUProcDeviceCreateComputePipelineAsync)(WGPUDevice device, WGPUComputePipelineDescriptor const * descriptor, WGPUCreateComputePipelineAsyncCallbackInfo callbackInfo) WGPU_FUNCTION_ATTRIBUTE;	webgpu:wagyu:webgpu	review-required
webgpu	renderer/src/webgpu/wagyu-port/include/webgpu/webgpu.h	2408	callback-or-async	callbackInfo	typedef WGPUFuture (*WGPUProcDeviceCreateRenderPipelineAsync)(WGPUDevice device, WGPURenderPipelineDescriptor const * descriptor, WGPUCreateRenderPipelineAsyncCallbackInfo callbackInfo) WGPU_FUNCTION_ATTRIBUTE;	webgpu:wagyu:webgpu	review-required
webgpu	renderer/src/webgpu/wagyu-port/include/webgpu/webgpu.h	2419	callback-or-async	callbackInfo	typedef WGPUFuture (*WGPUProcDevicePopErrorScope)(WGPUDevice device, WGPUPopErrorScopeCallbackInfo callbackInfo) WGPU_FUNCTION_ATTRIBUTE;	webgpu:wagyu:webgpu	review-required
webgpu	renderer/src/webgpu/wagyu-port/include/webgpu/webgpu.h	2430	callback-or-async	callbackInfo	typedef WGPUFuture (*WGPUProcInstanceRequestAdapter)(WGPUInstance instance, WGPU_NULLABLE WGPURequestAdapterOptions const * options, WGPURequestAdapterCallbackInfo callbackInfo) WGPU_FUNCTION_ATTRIBUTE;	webgpu:wagyu:webgpu	review-required
webgpu	renderer/src/webgpu/wagyu-port/include/webgpu/webgpu.h	2449	callback-or-async	callbackInfo	typedef WGPUFuture (*WGPUProcQueueOnSubmittedWorkDone)(WGPUQueue queue, WGPUQueueWorkDoneCallbackInfo callbackInfo) WGPU_FUNCTION_ATTRIBUTE;	webgpu:wagyu:webgpu	review-required
webgpu	renderer/src/webgpu/wagyu-port/include/webgpu/webgpu.h	2518	callback-or-async	callbackInfo	typedef WGPUFuture (*WGPUProcShaderModuleGetCompilationInfo)(WGPUShaderModule shaderModule, WGPUCompilationInfoCallbackInfo callbackInfo) WGPU_FUNCTION_ATTRIBUTE;	webgpu:wagyu:webgpu	review-required
webgpu	renderer/src/webgpu/wagyu-port/include/webgpu/webgpu.h	2579	callback-or-async	callbackInfo	WGPU_EXPORT WGPUFuture wgpuAdapterRequestDevice(WGPUAdapter adapter, WGPU_NULLABLE WGPUDeviceDescriptor const * descriptor, WGPURequestDeviceCallbackInfo callbackInfo) WGPU_FUNCTION_ATTRIBUTE;	webgpu:wagyu:webgpu	review-required
webgpu	renderer/src/webgpu/wagyu-port/include/webgpu/webgpu.h	2603	callback-or-async	callbackInfo	WGPU_EXPORT WGPUFuture wgpuBufferMapAsync(WGPUBuffer buffer, WGPUMapMode mode, size_t offset, size_t size, WGPUBufferMapCallbackInfo callbackInfo) WGPU_FUNCTION_ATTRIBUTE;	webgpu:wagyu:webgpu	review-required
webgpu	renderer/src/webgpu/wagyu-port/include/webgpu/webgpu.h	2660	callback-or-async	callbackInfo	WGPU_EXPORT WGPUFuture wgpuDeviceCreateComputePipelineAsync(WGPUDevice device, WGPUComputePipelineDescriptor const * descriptor, WGPUCreateComputePipelineAsyncCallbackInfo callbackInfo) WGPU_FUNCTION_ATTRIBUTE;	webgpu:wagyu:webgpu	review-required
webgpu	renderer/src/webgpu/wagyu-port/include/webgpu/webgpu.h	2665	callback-or-async	callbackInfo	WGPU_EXPORT WGPUFuture wgpuDeviceCreateRenderPipelineAsync(WGPUDevice device, WGPURenderPipelineDescriptor const * descriptor, WGPUCreateRenderPipelineAsyncCallbackInfo callbackInfo) WGPU_FUNCTION_ATTRIBUTE;	webgpu:wagyu:webgpu	review-required
webgpu	renderer/src/webgpu/wagyu-port/include/webgpu/webgpu.h	2676	callback-or-async	callbackInfo	WGPU_EXPORT WGPUFuture wgpuDevicePopErrorScope(WGPUDevice device, WGPUPopErrorScopeCallbackInfo callbackInfo) WGPU_FUNCTION_ATTRIBUTE;	webgpu:wagyu:webgpu	review-required
webgpu	renderer/src/webgpu/wagyu-port/include/webgpu/webgpu.h	2687	callback-or-async	callbackInfo	WGPU_EXPORT WGPUFuture wgpuInstanceRequestAdapter(WGPUInstance instance, WGPU_NULLABLE WGPURequestAdapterOptions const * options, WGPURequestAdapterCallbackInfo callbackInfo) WGPU_FUNCTION_ATTRIBUTE;	webgpu:wagyu:webgpu	review-required
webgpu	renderer/src/webgpu/wagyu-port/include/webgpu/webgpu.h	2706	callback-or-async	callbackInfo	WGPU_EXPORT WGPUFuture wgpuQueueOnSubmittedWorkDone(WGPUQueue queue, WGPUQueueWorkDoneCallbackInfo callbackInfo) WGPU_FUNCTION_ATTRIBUTE;	webgpu:wagyu:webgpu	review-required
webgpu	renderer/src/webgpu/wagyu-port/include/webgpu/webgpu.h	2775	callback-or-async	callbackInfo	WGPU_EXPORT WGPUFuture wgpuShaderModuleGetCompilationInfo(WGPUShaderModule shaderModule, WGPUCompilationInfoCallbackInfo callbackInfo) WGPU_FUNCTION_ATTRIBUTE;	webgpu:wagyu:webgpu	review-required
webgpu	renderer/src/webgpu/wagyu-port/include/webgpu/webgpu_cpp.h	139	mapping-or-host-visibility	Unmapped	Unmapped = WGPUBufferMapState_Unmapped,	webgpu:wagyu:webgpu_cpp	review-required
webgpu	renderer/src/webgpu/wagyu-port/include/webgpu/webgpu_cpp.h	141	mapping-or-host-visibility	Mapped	Mapped = WGPUBufferMapState_Mapped,	webgpu:wagyu:webgpu_cpp	review-required
webgpu	renderer/src/webgpu/wagyu-port/include/webgpu/webgpu_cpp.h	146	callback-or-async	CallbackMode	enum class CallbackMode : uint32_t {	webgpu:wagyu:webgpu_cpp	review-required
webgpu	renderer/src/webgpu/wagyu-port/include/webgpu/webgpu_cpp.h	147	synchronization-or-submission	WaitAnyOnly	WaitAnyOnly = WGPUCallbackMode_WaitAnyOnly,	webgpu:wagyu:webgpu_cpp	review-required
webgpu	renderer/src/webgpu/wagyu-port/include/webgpu/webgpu_cpp.h	151	callback-or-async	CallbackMode	static_assert(sizeof(CallbackMode) == sizeof(WGPUCallbackMode), "sizeof mismatch for CallbackMode");	webgpu:wagyu:webgpu_cpp	review-required
webgpu	renderer/src/webgpu/wagyu-port/include/webgpu/webgpu_cpp.h	152	callback-or-async	CallbackMode	static_assert(alignof(CallbackMode) == alignof(WGPUCallbackMode), "alignof mismatch for CallbackMode");	webgpu:wagyu:webgpu_cpp	review-required
webgpu	renderer/src/webgpu/wagyu-port/include/webgpu/webgpu_cpp.h	170	callback-or-async	CallbackCancelled	CallbackCancelled = WGPUCompilationInfoRequestStatus_CallbackCancelled,	webgpu:wagyu:webgpu_cpp	review-required
webgpu	renderer/src/webgpu/wagyu-port/include/webgpu/webgpu_cpp.h	176	failure-or-loss	Error	Error = WGPUCompilationMessageType_Error,	webgpu:wagyu:webgpu_cpp	review-required
webgpu	renderer/src/webgpu/wagyu-port/include/webgpu/webgpu_cpp.h	205	construction-or-allocation	CreatePipelineAsyncStatus	enum class CreatePipelineAsyncStatus : uint32_t {	webgpu:wagyu:webgpu_cpp	review-required
webgpu	renderer/src/webgpu/wagyu-port/include/webgpu/webgpu_cpp.h	207	callback-or-async	CallbackCancelled	CallbackCancelled = WGPUCreatePipelineAsyncStatus_CallbackCancelled,	webgpu:wagyu:webgpu_cpp	review-required
webgpu	renderer/src/webgpu/wagyu-port/include/webgpu/webgpu_cpp.h	211	construction-or-allocation	CreatePipelineAsyncStatus	static_assert(sizeof(CreatePipelineAsyncStatus) == sizeof(WGPUCreatePipelineAsyncStatus), "sizeof mismatch for CreatePipelineAsyncStatus");	webgpu:wagyu:webgpu_cpp	review-required
webgpu	renderer/src/webgpu/wagyu-port/include/webgpu/webgpu_cpp.h	212	construction-or-allocation	CreatePipelineAsyncStatus	static_assert(alignof(CreatePipelineAsyncStatus) == alignof(WGPUCreatePipelineAsyncStatus), "alignof mismatch for CreatePipelineAsyncStatus");	webgpu:wagyu:webgpu_cpp	review-required
webgpu	renderer/src/webgpu/wagyu-port/include/webgpu/webgpu_cpp.h	223	callback-or-async	DeviceLostReason	enum class DeviceLostReason : uint32_t {	webgpu:wagyu:webgpu_cpp	review-required
webgpu	renderer/src/webgpu/wagyu-port/include/webgpu/webgpu_cpp.h	225	destruction-or-release	Destroyed	Destroyed = WGPUDeviceLostReason_Destroyed,	webgpu:wagyu:webgpu_cpp	review-required
webgpu	renderer/src/webgpu/wagyu-port/include/webgpu/webgpu_cpp.h	226	callback-or-async	CallbackCancelled	CallbackCancelled = WGPUDeviceLostReason_CallbackCancelled,	webgpu:wagyu:webgpu_cpp	review-required
webgpu	renderer/src/webgpu/wagyu-port/include/webgpu/webgpu_cpp.h	227	failure-or-loss	FailedCreation	FailedCreation = WGPUDeviceLostReason_FailedCreation,	webgpu:wagyu:webgpu_cpp	review-required
webgpu	renderer/src/webgpu/wagyu-port/include/webgpu/webgpu_cpp.h	229	callback-or-async	DeviceLostReason	static_assert(sizeof(DeviceLostReason) == sizeof(WGPUDeviceLostReason), "sizeof mismatch for DeviceLostReason");	webgpu:wagyu:webgpu_cpp	review-required
webgpu	renderer/src/webgpu/wagyu-port/include/webgpu/webgpu_cpp.h	230	callback-or-async	DeviceLostReason	static_assert(alignof(DeviceLostReason) == alignof(WGPUDeviceLostReason), "alignof mismatch for DeviceLostReason");	webgpu:wagyu:webgpu_cpp	review-required
webgpu	renderer/src/webgpu/wagyu-port/include/webgpu/webgpu_cpp.h	232	failure-or-loss	ErrorFilter	enum class ErrorFilter : uint32_t {	webgpu:wagyu:webgpu_cpp	review-required
webgpu	renderer/src/webgpu/wagyu-port/include/webgpu/webgpu_cpp.h	234	failure-or-loss	OutOfMemory	OutOfMemory = WGPUErrorFilter_OutOfMemory,	webgpu:wagyu:webgpu_cpp	review-required
webgpu	renderer/src/webgpu/wagyu-port/include/webgpu/webgpu_cpp.h	237	failure-or-loss	ErrorFilter	static_assert(sizeof(ErrorFilter) == sizeof(WGPUErrorFilter), "sizeof mismatch for ErrorFilter");	webgpu:wagyu:webgpu_cpp	review-required
webgpu	renderer/src/webgpu/wagyu-port/include/webgpu/webgpu_cpp.h	238	failure-or-loss	ErrorFilter	static_assert(alignof(ErrorFilter) == alignof(WGPUErrorFilter), "alignof mismatch for ErrorFilter");	webgpu:wagyu:webgpu_cpp	review-required
webgpu	renderer/src/webgpu/wagyu-port/include/webgpu/webgpu_cpp.h	240	failure-or-loss	ErrorType	enum class ErrorType : uint32_t {	webgpu:wagyu:webgpu_cpp	review-required
webgpu	renderer/src/webgpu/wagyu-port/include/webgpu/webgpu_cpp.h	243	failure-or-loss	OutOfMemory	OutOfMemory = WGPUErrorType_OutOfMemory,	webgpu:wagyu:webgpu_cpp	review-required
webgpu	renderer/src/webgpu/wagyu-port/include/webgpu/webgpu_cpp.h	247	failure-or-loss	ErrorType	static_assert(sizeof(ErrorType) == sizeof(WGPUErrorType), "sizeof mismatch for ErrorType");	webgpu:wagyu:webgpu_cpp	review-required
webgpu	renderer/src/webgpu/wagyu-port/include/webgpu/webgpu_cpp.h	248	failure-or-loss	ErrorType	static_assert(alignof(ErrorType) == alignof(WGPUErrorType), "alignof mismatch for ErrorType");	webgpu:wagyu:webgpu_cpp	review-required
webgpu	renderer/src/webgpu/wagyu-port/include/webgpu/webgpu_cpp.h	328	mapping-or-host-visibility	MapAsyncStatus	enum class MapAsyncStatus : uint32_t {	webgpu:wagyu:webgpu_cpp	review-required
webgpu	renderer/src/webgpu/wagyu-port/include/webgpu/webgpu_cpp.h	330	callback-or-async	CallbackCancelled	CallbackCancelled = WGPUMapAsyncStatus_CallbackCancelled,	webgpu:wagyu:webgpu_cpp	review-required
webgpu	renderer/src/webgpu/wagyu-port/include/webgpu/webgpu_cpp.h	331	failure-or-loss	Error	Error = WGPUMapAsyncStatus_Error,	webgpu:wagyu:webgpu_cpp	review-required
webgpu	renderer/src/webgpu/wagyu-port/include/webgpu/webgpu_cpp.h	334	mapping-or-host-visibility	MapAsyncStatus	static_assert(sizeof(MapAsyncStatus) == sizeof(WGPUMapAsyncStatus), "sizeof mismatch for MapAsyncStatus");	webgpu:wagyu:webgpu_cpp	review-required
webgpu	renderer/src/webgpu/wagyu-port/include/webgpu/webgpu_cpp.h	335	mapping-or-host-visibility	MapAsyncStatus	static_assert(alignof(MapAsyncStatus) == alignof(WGPUMapAsyncStatus), "alignof mismatch for MapAsyncStatus");	webgpu:wagyu:webgpu_cpp	review-required
webgpu	renderer/src/webgpu/wagyu-port/include/webgpu/webgpu_cpp.h	347	callback-or-async	CallbackCancelled	CallbackCancelled = WGPUPopErrorScopeStatus_CallbackCancelled,	webgpu:wagyu:webgpu_cpp	review-required
webgpu	renderer/src/webgpu/wagyu-port/include/webgpu/webgpu_cpp.h	348	failure-or-loss	Error	Error = WGPUPopErrorScopeStatus_Error,	webgpu:wagyu:webgpu_cpp	review-required
webgpu	renderer/src/webgpu/wagyu-port/include/webgpu/webgpu_cpp.h	398	callback-or-async	CallbackCancelled	CallbackCancelled = WGPUQueueWorkDoneStatus_CallbackCancelled,	webgpu:wagyu:webgpu_cpp	review-required
webgpu	renderer/src/webgpu/wagyu-port/include/webgpu/webgpu_cpp.h	399	failure-or-loss	Error	Error = WGPUQueueWorkDoneStatus_Error,	webgpu:wagyu:webgpu_cpp	review-required
webgpu	renderer/src/webgpu/wagyu-port/include/webgpu/webgpu_cpp.h	406	callback-or-async	CallbackCancelled	CallbackCancelled = WGPURequestAdapterStatus_CallbackCancelled,	webgpu:wagyu:webgpu_cpp	review-required
webgpu	renderer/src/webgpu/wagyu-port/include/webgpu/webgpu_cpp.h	408	failure-or-loss	Error	Error = WGPURequestAdapterStatus_Error,	webgpu:wagyu:webgpu_cpp	review-required
webgpu	renderer/src/webgpu/wagyu-port/include/webgpu/webgpu_cpp.h	415	callback-or-async	CallbackCancelled	CallbackCancelled = WGPURequestDeviceStatus_CallbackCancelled,	webgpu:wagyu:webgpu_cpp	review-required
webgpu	renderer/src/webgpu/wagyu-port/include/webgpu/webgpu_cpp.h	416	failure-or-loss	Error	Error = WGPURequestDeviceStatus_Error,	webgpu:wagyu:webgpu_cpp	review-required
webgpu	renderer/src/webgpu/wagyu-port/include/webgpu/webgpu_cpp.h	433	failure-or-loss	Error	Error = WGPUStatus_Error,	webgpu:wagyu:webgpu_cpp	review-required
webgpu	renderer/src/webgpu/wagyu-port/include/webgpu/webgpu_cpp.h	496	failure-or-loss	Lost	Lost = WGPUSurfaceGetCurrentTextureStatus_Lost,	webgpu:wagyu:webgpu_cpp	review-required
webgpu	renderer/src/webgpu/wagyu-port/include/webgpu/webgpu_cpp.h	497	failure-or-loss	Error	Error = WGPUSurfaceGetCurrentTextureStatus_Error,	webgpu:wagyu:webgpu_cpp	review-required
webgpu	renderer/src/webgpu/wagyu-port/include/webgpu/webgpu_cpp.h	712	synchronization-or-submission	WaitStatus	enum class WaitStatus : uint32_t {	webgpu:wagyu:webgpu_cpp	review-required
webgpu	renderer/src/webgpu/wagyu-port/include/webgpu/webgpu_cpp.h	715	failure-or-loss	Error	Error = WGPUWaitStatus_Error,	webgpu:wagyu:webgpu_cpp	review-required
webgpu	renderer/src/webgpu/wagyu-port/include/webgpu/webgpu_cpp.h	717	synchronization-or-submission	WaitStatus	static_assert(sizeof(WaitStatus) == sizeof(WGPUWaitStatus), "sizeof mismatch for WaitStatus");	webgpu:wagyu:webgpu_cpp	review-required
webgpu	renderer/src/webgpu/wagyu-port/include/webgpu/webgpu_cpp.h	718	synchronization-or-submission	WaitStatus	static_assert(alignof(WaitStatus) == alignof(WGPUWaitStatus), "alignof mismatch for WaitStatus");	webgpu:wagyu:webgpu_cpp	review-required
webgpu	renderer/src/webgpu/wagyu-port/include/webgpu/webgpu_cpp.h	732	mapping-or-host-visibility	MapRead	MapRead = WGPUBufferUsage_MapRead,	webgpu:wagyu:webgpu_cpp	review-required
webgpu	renderer/src/webgpu/wagyu-port/include/webgpu/webgpu_cpp.h	733	mapping-or-host-visibility	MapWrite	MapWrite = WGPUBufferUsage_MapWrite,	webgpu:wagyu:webgpu_cpp	review-required
webgpu	renderer/src/webgpu/wagyu-port/include/webgpu/webgpu_cpp.h	757	mapping-or-host-visibility	MapMode	enum class MapMode : uint64_t {	webgpu:wagyu:webgpu_cpp	review-required
webgpu	renderer/src/webgpu/wagyu-port/include/webgpu/webgpu_cpp.h	762	mapping-or-host-visibility	MapMode	static_assert(sizeof(MapMode) == sizeof(WGPUMapMode), "sizeof mismatch for MapMode");	webgpu:wagyu:webgpu_cpp	review-required
webgpu	renderer/src/webgpu/wagyu-port/include/webgpu/webgpu_cpp.h	763	mapping-or-host-visibility	MapMode	static_assert(alignof(MapMode) == alignof(WGPUMapMode), "alignof mismatch for MapMode");	webgpu:wagyu:webgpu_cpp	review-required
webgpu	renderer/src/webgpu/wagyu-port/include/webgpu/webgpu_cpp.h	890	destruction-or-release	~ObjectBase(	~ObjectBase() {	webgpu:wagyu:webgpu_cpp	review-required
webgpu	renderer/src/webgpu/wagyu-port/include/webgpu/webgpu_cpp.h	948	construction-or-allocation	Acquire	static Derived Acquire(CType handle) {	webgpu:wagyu:webgpu_cpp	review-required
webgpu	renderer/src/webgpu/wagyu-port/include/webgpu/webgpu_cpp.h	1155	destruction-or-release	delete	~StringViewAdapter() { delete[] nullTerminated; }	webgpu:wagyu:webgpu_cpp	review-required
webgpu	renderer/src/webgpu/wagyu-port/include/webgpu/webgpu_cpp.h	1155	destruction-or-release	~StringViewAdapter(	~StringViewAdapter() { delete[] nullTerminated; }	webgpu:wagyu:webgpu_cpp	review-required
webgpu	renderer/src/webgpu/wagyu-port/include/webgpu/webgpu_cpp.h	1159	failure-or-loss	assert	assert(sv.length != WGPU_STRLEN);	webgpu:wagyu:webgpu_cpp	review-required
webgpu	renderer/src/webgpu/wagyu-port/include/webgpu/webgpu_cpp.h	1160	failure-or-loss	assert	assert(nullTerminated == nullptr);	webgpu:wagyu:webgpu_cpp	review-required
webgpu	renderer/src/webgpu/wagyu-port/include/webgpu/webgpu_cpp.h	1161	construction-or-allocation	new	nullTerminated = new char[sv.length + 1];	webgpu:wagyu:webgpu_cpp	review-required
webgpu	renderer/src/webgpu/wagyu-port/include/webgpu/webgpu_cpp.h	1178	callback-or-async	CallbackTypeBase	struct CallbackTypeBase;	webgpu:wagyu:webgpu_cpp	review-required
webgpu	renderer/src/webgpu/wagyu-port/include/webgpu/webgpu_cpp.h	1180	callback-or-async	CallbackTypeBase	struct CallbackTypeBase<std::tuple<Args...>> {	webgpu:wagyu:webgpu_cpp	review-required
webgpu	renderer/src/webgpu/wagyu-port/include/webgpu/webgpu_cpp.h	1181	callback-or-async	Callback	using Callback = std::function<void(Args...)>;	webgpu:wagyu:webgpu_cpp	review-required
webgpu	renderer/src/webgpu/wagyu-port/include/webgpu/webgpu_cpp.h	1184	callback-or-async	CallbackTypeBase	struct CallbackTypeBase<std::tuple<Args...>, void> {	webgpu:wagyu:webgpu_cpp	review-required
webgpu	renderer/src/webgpu/wagyu-port/include/webgpu/webgpu_cpp.h	1185	callback-or-async	Callback	using Callback = void (Args...);	webgpu:wagyu:webgpu_cpp	review-required
webgpu	renderer/src/webgpu/wagyu-port/include/webgpu/webgpu_cpp.h	1188	callback-or-async	CallbackTypeBase	struct CallbackTypeBase<std::tuple<Args...>, T> {	webgpu:wagyu:webgpu_cpp	review-required
webgpu	renderer/src/webgpu/wagyu-port/include/webgpu/webgpu_cpp.h	1189	callback-or-async	Callback	using Callback = void (Args..., T);	webgpu:wagyu:webgpu_cpp	review-required
webgpu	renderer/src/webgpu/wagyu-port/include/webgpu/webgpu_cpp.h	1195	callback-or-async	Callback	using BufferMapCallback = typename detail::CallbackTypeBase<std::tuple<MapAsyncStatus, StringView>, T...>::Callback;	webgpu:wagyu:webgpu_cpp	review-required
webgpu	renderer/src/webgpu/wagyu-port/include/webgpu/webgpu_cpp.h	1195	callback-or-async	CallbackTypeBase	using BufferMapCallback = typename detail::CallbackTypeBase<std::tuple<MapAsyncStatus, StringView>, T...>::Callback;	webgpu:wagyu:webgpu_cpp	review-required
webgpu	renderer/src/webgpu/wagyu-port/include/webgpu/webgpu_cpp.h	1195	mapping-or-host-visibility	MapAsyncStatus	using BufferMapCallback = typename detail::CallbackTypeBase<std::tuple<MapAsyncStatus, StringView>, T...>::Callback;	webgpu:wagyu:webgpu_cpp	review-required
webgpu	renderer/src/webgpu/wagyu-port/include/webgpu/webgpu_cpp.h	1197	callback-or-async	Callback	using CompilationInfoCallback = typename detail::CallbackTypeBase<std::tuple<CompilationInfoRequestStatus, CompilationInfo const *>, T...>::Callback;	webgpu:wagyu:webgpu_cpp	review-required
webgpu	renderer/src/webgpu/wagyu-port/include/webgpu/webgpu_cpp.h	1197	callback-or-async	CallbackTypeBase	using CompilationInfoCallback = typename detail::CallbackTypeBase<std::tuple<CompilationInfoRequestStatus, CompilationInfo const *>, T...>::Callback;	webgpu:wagyu:webgpu_cpp	review-required
webgpu	renderer/src/webgpu/wagyu-port/include/webgpu/webgpu_cpp.h	1199	callback-or-async	Callback	using CreateComputePipelineAsyncCallback = typename detail::CallbackTypeBase<std::tuple<CreatePipelineAsyncStatus, ComputePipeline, StringView>, T...>::Callback;	webgpu:wagyu:webgpu_cpp	review-required
webgpu	renderer/src/webgpu/wagyu-port/include/webgpu/webgpu_cpp.h	1199	callback-or-async	CallbackTypeBase	using CreateComputePipelineAsyncCallback = typename detail::CallbackTypeBase<std::tuple<CreatePipelineAsyncStatus, ComputePipeline, StringView>, T...>::Callback;	webgpu:wagyu:webgpu_cpp	review-required
webgpu	renderer/src/webgpu/wagyu-port/include/webgpu/webgpu_cpp.h	1199	construction-or-allocation	CreateComputePipelineAsyncCallback	using CreateComputePipelineAsyncCallback = typename detail::CallbackTypeBase<std::tuple<CreatePipelineAsyncStatus, ComputePipeline, StringView>, T...>::Callback;	webgpu:wagyu:webgpu_cpp	review-required
webgpu	renderer/src/webgpu/wagyu-port/include/webgpu/webgpu_cpp.h	1199	construction-or-allocation	CreatePipelineAsyncStatus	using CreateComputePipelineAsyncCallback = typename detail::CallbackTypeBase<std::tuple<CreatePipelineAsyncStatus, ComputePipeline, StringView>, T...>::Callback;	webgpu:wagyu:webgpu_cpp	review-required
webgpu	renderer/src/webgpu/wagyu-port/include/webgpu/webgpu_cpp.h	1201	callback-or-async	Callback	using CreateRenderPipelineAsyncCallback = typename detail::CallbackTypeBase<std::tuple<CreatePipelineAsyncStatus, RenderPipeline, StringView>, T...>::Callback;	webgpu:wagyu:webgpu_cpp	review-required
webgpu	renderer/src/webgpu/wagyu-port/include/webgpu/webgpu_cpp.h	1201	callback-or-async	CallbackTypeBase	using CreateRenderPipelineAsyncCallback = typename detail::CallbackTypeBase<std::tuple<CreatePipelineAsyncStatus, RenderPipeline, StringView>, T...>::Callback;	webgpu:wagyu:webgpu_cpp	review-required
webgpu	renderer/src/webgpu/wagyu-port/include/webgpu/webgpu_cpp.h	1201	construction-or-allocation	CreatePipelineAsyncStatus	using CreateRenderPipelineAsyncCallback = typename detail::CallbackTypeBase<std::tuple<CreatePipelineAsyncStatus, RenderPipeline, StringView>, T...>::Callback;	webgpu:wagyu:webgpu_cpp	review-required
webgpu	renderer/src/webgpu/wagyu-port/include/webgpu/webgpu_cpp.h	1201	construction-or-allocation	CreateRenderPipelineAsyncCallback	using CreateRenderPipelineAsyncCallback = typename detail::CallbackTypeBase<std::tuple<CreatePipelineAsyncStatus, RenderPipeline, StringView>, T...>::Callback;	webgpu:wagyu:webgpu_cpp	review-required
webgpu	renderer/src/webgpu/wagyu-port/include/webgpu/webgpu_cpp.h	1203	callback-or-async	Callback	using PopErrorScopeCallback = typename detail::CallbackTypeBase<std::tuple<PopErrorScopeStatus, ErrorType, StringView>, T...>::Callback;	webgpu:wagyu:webgpu_cpp	review-required
webgpu	renderer/src/webgpu/wagyu-port/include/webgpu/webgpu_cpp.h	1203	callback-or-async	CallbackTypeBase	using PopErrorScopeCallback = typename detail::CallbackTypeBase<std::tuple<PopErrorScopeStatus, ErrorType, StringView>, T...>::Callback;	webgpu:wagyu:webgpu_cpp	review-required
webgpu	renderer/src/webgpu/wagyu-port/include/webgpu/webgpu_cpp.h	1203	failure-or-loss	ErrorType	using PopErrorScopeCallback = typename detail::CallbackTypeBase<std::tuple<PopErrorScopeStatus, ErrorType, StringView>, T...>::Callback;	webgpu:wagyu:webgpu_cpp	review-required
webgpu	renderer/src/webgpu/wagyu-port/include/webgpu/webgpu_cpp.h	1205	callback-or-async	Callback	using QueueWorkDoneCallback = typename detail::CallbackTypeBase<std::tuple<QueueWorkDoneStatus, StringView>, T...>::Callback;	webgpu:wagyu:webgpu_cpp	review-required
webgpu	renderer/src/webgpu/wagyu-port/include/webgpu/webgpu_cpp.h	1205	callback-or-async	CallbackTypeBase	using QueueWorkDoneCallback = typename detail::CallbackTypeBase<std::tuple<QueueWorkDoneStatus, StringView>, T...>::Callback;	webgpu:wagyu:webgpu_cpp	review-required
webgpu	renderer/src/webgpu/wagyu-port/include/webgpu/webgpu_cpp.h	1207	callback-or-async	Callback	using RequestAdapterCallback = typename detail::CallbackTypeBase<std::tuple<RequestAdapterStatus, Adapter, StringView>, T...>::Callback;	webgpu:wagyu:webgpu_cpp	review-required
webgpu	renderer/src/webgpu/wagyu-port/include/webgpu/webgpu_cpp.h	1207	callback-or-async	CallbackTypeBase	using RequestAdapterCallback = typename detail::CallbackTypeBase<std::tuple<RequestAdapterStatus, Adapter, StringView>, T...>::Callback;	webgpu:wagyu:webgpu_cpp	review-required
webgpu	renderer/src/webgpu/wagyu-port/include/webgpu/webgpu_cpp.h	1209	callback-or-async	Callback	using RequestDeviceCallback = typename detail::CallbackTypeBase<std::tuple<RequestDeviceStatus, Device, StringView>, T...>::Callback;	webgpu:wagyu:webgpu_cpp	review-required
webgpu	renderer/src/webgpu/wagyu-port/include/webgpu/webgpu_cpp.h	1209	callback-or-async	CallbackTypeBase	using RequestDeviceCallback = typename detail::CallbackTypeBase<std::tuple<RequestDeviceStatus, Device, StringView>, T...>::Callback;	webgpu:wagyu:webgpu_cpp	review-required
webgpu	renderer/src/webgpu/wagyu-port/include/webgpu/webgpu_cpp.h	1211	callback-or-async	Callback	using DeviceLostCallback = typename detail::CallbackTypeBase<std::tuple<const Device&, DeviceLostReason, StringView>, T...>::Callback;	webgpu:wagyu:webgpu_cpp	review-required
webgpu	renderer/src/webgpu/wagyu-port/include/webgpu/webgpu_cpp.h	1211	callback-or-async	CallbackTypeBase	using DeviceLostCallback = typename detail::CallbackTypeBase<std::tuple<const Device&, DeviceLostReason, StringView>, T...>::Callback;	webgpu:wagyu:webgpu_cpp	review-required
webgpu	renderer/src/webgpu/wagyu-port/include/webgpu/webgpu_cpp.h	1211	callback-or-async	DeviceLostCallback	using DeviceLostCallback = typename detail::CallbackTypeBase<std::tuple<const Device&, DeviceLostReason, StringView>, T...>::Callback;	webgpu:wagyu:webgpu_cpp	review-required
webgpu	renderer/src/webgpu/wagyu-port/include/webgpu/webgpu_cpp.h	1211	callback-or-async	DeviceLostReason	using DeviceLostCallback = typename detail::CallbackTypeBase<std::tuple<const Device&, DeviceLostReason, StringView>, T...>::Callback;	webgpu:wagyu:webgpu_cpp	review-required
webgpu	renderer/src/webgpu/wagyu-port/include/webgpu/webgpu_cpp.h	1213	callback-or-async	Callback	using UncapturedErrorCallback = typename detail::CallbackTypeBase<std::tuple<const Device&, ErrorType, StringView>, T...>::Callback;	webgpu:wagyu:webgpu_cpp	review-required
webgpu	renderer/src/webgpu/wagyu-port/include/webgpu/webgpu_cpp.h	1213	callback-or-async	CallbackTypeBase	using UncapturedErrorCallback = typename detail::CallbackTypeBase<std::tuple<const Device&, ErrorType, StringView>, T...>::Callback;	webgpu:wagyu:webgpu_cpp	review-required
webgpu	renderer/src/webgpu/wagyu-port/include/webgpu/webgpu_cpp.h	1213	callback-or-async	UncapturedErrorCallback	using UncapturedErrorCallback = typename detail::CallbackTypeBase<std::tuple<const Device&, ErrorType, StringView>, T...>::Callback;	webgpu:wagyu:webgpu_cpp	review-required
webgpu	renderer/src/webgpu/wagyu-port/include/webgpu/webgpu_cpp.h	1213	failure-or-loss	ErrorType	using UncapturedErrorCallback = typename detail::CallbackTypeBase<std::tuple<const Device&, ErrorType, StringView>, T...>::Callback;	webgpu:wagyu:webgpu_cpp	review-required
webgpu	renderer/src/webgpu/wagyu-port/include/webgpu/webgpu_cpp.h	1231	callback-or-async	CallbackMode	Future RequestDevice(DeviceDescriptor const * descriptor, CallbackMode callbackMode,F callback, T userdata) const;	webgpu:wagyu:webgpu_cpp	review-required
webgpu	renderer/src/webgpu/wagyu-port/include/webgpu/webgpu_cpp.h	1231	callback-or-async	callback	Future RequestDevice(DeviceDescriptor const * descriptor, CallbackMode callbackMode,F callback, T userdata) const;	webgpu:wagyu:webgpu_cpp	review-required
webgpu	renderer/src/webgpu/wagyu-port/include/webgpu/webgpu_cpp.h	1231	callback-or-async	callbackMode	Future RequestDevice(DeviceDescriptor const * descriptor, CallbackMode callbackMode,F callback, T userdata) const;	webgpu:wagyu:webgpu_cpp	review-required
webgpu	renderer/src/webgpu/wagyu-port/include/webgpu/webgpu_cpp.h	1236	callback-or-async	CallbackMode	Future RequestDevice(DeviceDescriptor const * descriptor, CallbackMode callbackMode,L callback) const;	webgpu:wagyu:webgpu_cpp	review-required
webgpu	renderer/src/webgpu/wagyu-port/include/webgpu/webgpu_cpp.h	1236	callback-or-async	callback	Future RequestDevice(DeviceDescriptor const * descriptor, CallbackMode callbackMode,L callback) const;	webgpu:wagyu:webgpu_cpp	review-required
webgpu	renderer/src/webgpu/wagyu-port/include/webgpu/webgpu_cpp.h	1236	callback-or-async	callbackMode	Future RequestDevice(DeviceDescriptor const * descriptor, CallbackMode callbackMode,L callback) const;	webgpu:wagyu:webgpu_cpp	review-required
webgpu	renderer/src/webgpu/wagyu-port/include/webgpu/webgpu_cpp.h	1278	destruction-or-release	Destroy	inline void Destroy() const;	webgpu:wagyu:webgpu_cpp	review-required
webgpu	renderer/src/webgpu/wagyu-port/include/webgpu/webgpu_cpp.h	1286	mapping-or-host-visibility	MapAsyncStatus	typename CbChar = void (MapAsyncStatus status, const char* message, T userdata),	webgpu:wagyu:webgpu_cpp	review-required
webgpu	renderer/src/webgpu/wagyu-port/include/webgpu/webgpu_cpp.h	1288	callback-or-async	CallbackMode	Future MapAsync(MapMode mode, size_t offset, size_t size, CallbackMode callbackMode,F callback, T userdata) const;	webgpu:wagyu:webgpu_cpp	review-required
webgpu	renderer/src/webgpu/wagyu-port/include/webgpu/webgpu_cpp.h	1288	callback-or-async	callback	Future MapAsync(MapMode mode, size_t offset, size_t size, CallbackMode callbackMode,F callback, T userdata) const;	webgpu:wagyu:webgpu_cpp	review-required
webgpu	renderer/src/webgpu/wagyu-port/include/webgpu/webgpu_cpp.h	1288	callback-or-async	callbackMode	Future MapAsync(MapMode mode, size_t offset, size_t size, CallbackMode callbackMode,F callback, T userdata) const;	webgpu:wagyu:webgpu_cpp	review-required
webgpu	renderer/src/webgpu/wagyu-port/include/webgpu/webgpu_cpp.h	1288	mapping-or-host-visibility	MapAsync	Future MapAsync(MapMode mode, size_t offset, size_t size, CallbackMode callbackMode,F callback, T userdata) const;	webgpu:wagyu:webgpu_cpp	review-required
webgpu	renderer/src/webgpu/wagyu-port/include/webgpu/webgpu_cpp.h	1288	mapping-or-host-visibility	MapMode	Future MapAsync(MapMode mode, size_t offset, size_t size, CallbackMode callbackMode,F callback, T userdata) const;	webgpu:wagyu:webgpu_cpp	review-required
webgpu	renderer/src/webgpu/wagyu-port/include/webgpu/webgpu_cpp.h	1291	mapping-or-host-visibility	MapAsyncStatus	typename CbChar = std::function<void(MapAsyncStatus status, const char* message)>,	webgpu:wagyu:webgpu_cpp	review-required
webgpu	renderer/src/webgpu/wagyu-port/include/webgpu/webgpu_cpp.h	1293	callback-or-async	CallbackMode	Future MapAsync(MapMode mode, size_t offset, size_t size, CallbackMode callbackMode,L callback) const;	webgpu:wagyu:webgpu_cpp	review-required
webgpu	renderer/src/webgpu/wagyu-port/include/webgpu/webgpu_cpp.h	1293	callback-or-async	callback	Future MapAsync(MapMode mode, size_t offset, size_t size, CallbackMode callbackMode,L callback) const;	webgpu:wagyu:webgpu_cpp	review-required
webgpu	renderer/src/webgpu/wagyu-port/include/webgpu/webgpu_cpp.h	1293	callback-or-async	callbackMode	Future MapAsync(MapMode mode, size_t offset, size_t size, CallbackMode callbackMode,L callback) const;	webgpu:wagyu:webgpu_cpp	review-required
webgpu	renderer/src/webgpu/wagyu-port/include/webgpu/webgpu_cpp.h	1293	mapping-or-host-visibility	MapAsync	Future MapAsync(MapMode mode, size_t offset, size_t size, CallbackMode callbackMode,L callback) const;	webgpu:wagyu:webgpu_cpp	review-required
webgpu	renderer/src/webgpu/wagyu-port/include/webgpu/webgpu_cpp.h	1293	mapping-or-host-visibility	MapMode	Future MapAsync(MapMode mode, size_t offset, size_t size, CallbackMode callbackMode,L callback) const;	webgpu:wagyu:webgpu_cpp	review-required
webgpu	renderer/src/webgpu/wagyu-port/include/webgpu/webgpu_cpp.h	1296	mapping-or-host-visibility	Unmap	inline void Unmap() const;	webgpu:wagyu:webgpu_cpp	review-required
webgpu	renderer/src/webgpu/wagyu-port/include/webgpu/webgpu_cpp.h	1332	synchronization-or-submission	Finish	inline CommandBuffer Finish(CommandBufferDescriptor const * descriptor = nullptr) const;	webgpu:wagyu:webgpu_cpp	review-required
webgpu	renderer/src/webgpu/wagyu-port/include/webgpu/webgpu_cpp.h	1390	construction-or-allocation	CreateBindGroup	inline BindGroup CreateBindGroup(BindGroupDescriptor const * descriptor) const;	webgpu:wagyu:webgpu_cpp	review-required
webgpu	renderer/src/webgpu/wagyu-port/include/webgpu/webgpu_cpp.h	1391	construction-or-allocation	CreateBindGroupLayout	inline BindGroupLayout CreateBindGroupLayout(BindGroupLayoutDescriptor const * descriptor) const;	webgpu:wagyu:webgpu_cpp	review-required
webgpu	renderer/src/webgpu/wagyu-port/include/webgpu/webgpu_cpp.h	1392	construction-or-allocation	CreateBuffer	inline Buffer CreateBuffer(BufferDescriptor const * descriptor) const;	webgpu:wagyu:webgpu_cpp	review-required
webgpu	renderer/src/webgpu/wagyu-port/include/webgpu/webgpu_cpp.h	1393	construction-or-allocation	CreateCommandEncoder	inline CommandEncoder CreateCommandEncoder(CommandEncoderDescriptor const * descriptor = nullptr) const;	webgpu:wagyu:webgpu_cpp	review-required
webgpu	renderer/src/webgpu/wagyu-port/include/webgpu/webgpu_cpp.h	1394	construction-or-allocation	CreateComputePipeline	inline ComputePipeline CreateComputePipeline(ComputePipelineDescriptor const * descriptor) const;	webgpu:wagyu:webgpu_cpp	review-required
webgpu	renderer/src/webgpu/wagyu-port/include/webgpu/webgpu_cpp.h	1396	construction-or-allocation	CreateComputePipelineAsyncCallback	typename Cb = CreateComputePipelineAsyncCallback<T>,	webgpu:wagyu:webgpu_cpp	review-required
webgpu	renderer/src/webgpu/wagyu-port/include/webgpu/webgpu_cpp.h	1397	construction-or-allocation	CreatePipelineAsyncStatus	typename CbChar = void (CreatePipelineAsyncStatus status, ComputePipeline pipeline, const char* message, T userdata),	webgpu:wagyu:webgpu_cpp	review-required
webgpu	renderer/src/webgpu/wagyu-port/include/webgpu/webgpu_cpp.h	1399	callback-or-async	CallbackMode	Future CreateComputePipelineAsync(ComputePipelineDescriptor const * descriptor, CallbackMode callbackMode,F callback, T userdata) const;	webgpu:wagyu:webgpu_cpp	review-required
webgpu	renderer/src/webgpu/wagyu-port/include/webgpu/webgpu_cpp.h	1399	callback-or-async	callback	Future CreateComputePipelineAsync(ComputePipelineDescriptor const * descriptor, CallbackMode callbackMode,F callback, T userdata) const;	webgpu:wagyu:webgpu_cpp	review-required
webgpu	renderer/src/webgpu/wagyu-port/include/webgpu/webgpu_cpp.h	1399	callback-or-async	callbackMode	Future CreateComputePipelineAsync(ComputePipelineDescriptor const * descriptor, CallbackMode callbackMode,F callback, T userdata) const;	webgpu:wagyu:webgpu_cpp	review-required
webgpu	renderer/src/webgpu/wagyu-port/include/webgpu/webgpu_cpp.h	1399	construction-or-allocation	CreateComputePipelineAsync	Future CreateComputePipelineAsync(ComputePipelineDescriptor const * descriptor, CallbackMode callbackMode,F callback, T userdata) const;	webgpu:wagyu:webgpu_cpp	review-required
webgpu	renderer/src/webgpu/wagyu-port/include/webgpu/webgpu_cpp.h	1401	construction-or-allocation	CreateComputePipelineAsyncCallback	typename Cb = CreateComputePipelineAsyncCallback<>,	webgpu:wagyu:webgpu_cpp	review-required
webgpu	renderer/src/webgpu/wagyu-port/include/webgpu/webgpu_cpp.h	1402	construction-or-allocation	CreatePipelineAsyncStatus	typename CbChar = std::function<void(CreatePipelineAsyncStatus status, ComputePipeline pipeline, const char* message)>,	webgpu:wagyu:webgpu_cpp	review-required
webgpu	renderer/src/webgpu/wagyu-port/include/webgpu/webgpu_cpp.h	1404	callback-or-async	CallbackMode	Future CreateComputePipelineAsync(ComputePipelineDescriptor const * descriptor, CallbackMode callbackMode,L callback) const;	webgpu:wagyu:webgpu_cpp	review-required
webgpu	renderer/src/webgpu/wagyu-port/include/webgpu/webgpu_cpp.h	1404	callback-or-async	callback	Future CreateComputePipelineAsync(ComputePipelineDescriptor const * descriptor, CallbackMode callbackMode,L callback) const;	webgpu:wagyu:webgpu_cpp	review-required
webgpu	renderer/src/webgpu/wagyu-port/include/webgpu/webgpu_cpp.h	1404	callback-or-async	callbackMode	Future CreateComputePipelineAsync(ComputePipelineDescriptor const * descriptor, CallbackMode callbackMode,L callback) const;	webgpu:wagyu:webgpu_cpp	review-required
webgpu	renderer/src/webgpu/wagyu-port/include/webgpu/webgpu_cpp.h	1404	construction-or-allocation	CreateComputePipelineAsync	Future CreateComputePipelineAsync(ComputePipelineDescriptor const * descriptor, CallbackMode callbackMode,L callback) const;	webgpu:wagyu:webgpu_cpp	review-required
webgpu	renderer/src/webgpu/wagyu-port/include/webgpu/webgpu_cpp.h	1405	construction-or-allocation	CreatePipelineLayout	inline PipelineLayout CreatePipelineLayout(PipelineLayoutDescriptor const * descriptor) const;	webgpu:wagyu:webgpu_cpp	review-required
webgpu	renderer/src/webgpu/wagyu-port/include/webgpu/webgpu_cpp.h	1406	construction-or-allocation	CreateQuerySet	inline QuerySet CreateQuerySet(QuerySetDescriptor const * descriptor) const;	webgpu:wagyu:webgpu_cpp	review-required
webgpu	renderer/src/webgpu/wagyu-port/include/webgpu/webgpu_cpp.h	1407	construction-or-allocation	CreateRenderBundleEncoder	inline RenderBundleEncoder CreateRenderBundleEncoder(RenderBundleEncoderDescriptor const * descriptor) const;	webgpu:wagyu:webgpu_cpp	review-required
webgpu	renderer/src/webgpu/wagyu-port/include/webgpu/webgpu_cpp.h	1408	construction-or-allocation	CreateRenderPipeline	inline RenderPipeline CreateRenderPipeline(RenderPipelineDescriptor const * descriptor) const;	webgpu:wagyu:webgpu_cpp	review-required
webgpu	renderer/src/webgpu/wagyu-port/include/webgpu/webgpu_cpp.h	1410	construction-or-allocation	CreateRenderPipelineAsyncCallback	typename Cb = CreateRenderPipelineAsyncCallback<T>,	webgpu:wagyu:webgpu_cpp	review-required
webgpu	renderer/src/webgpu/wagyu-port/include/webgpu/webgpu_cpp.h	1411	construction-or-allocation	CreatePipelineAsyncStatus	typename CbChar = void (CreatePipelineAsyncStatus status, RenderPipeline pipeline, const char* message, T userdata),	webgpu:wagyu:webgpu_cpp	review-required
webgpu	renderer/src/webgpu/wagyu-port/include/webgpu/webgpu_cpp.h	1413	callback-or-async	CallbackMode	Future CreateRenderPipelineAsync(RenderPipelineDescriptor const * descriptor, CallbackMode callbackMode,F callback, T userdata) const;	webgpu:wagyu:webgpu_cpp	review-required
webgpu	renderer/src/webgpu/wagyu-port/include/webgpu/webgpu_cpp.h	1413	callback-or-async	callback	Future CreateRenderPipelineAsync(RenderPipelineDescriptor const * descriptor, CallbackMode callbackMode,F callback, T userdata) const;	webgpu:wagyu:webgpu_cpp	review-required
webgpu	renderer/src/webgpu/wagyu-port/include/webgpu/webgpu_cpp.h	1413	callback-or-async	callbackMode	Future CreateRenderPipelineAsync(RenderPipelineDescriptor const * descriptor, CallbackMode callbackMode,F callback, T userdata) const;	webgpu:wagyu:webgpu_cpp	review-required
webgpu	renderer/src/webgpu/wagyu-port/include/webgpu/webgpu_cpp.h	1413	construction-or-allocation	CreateRenderPipelineAsync	Future CreateRenderPipelineAsync(RenderPipelineDescriptor const * descriptor, CallbackMode callbackMode,F callback, T userdata) const;	webgpu:wagyu:webgpu_cpp	review-required
webgpu	renderer/src/webgpu/wagyu-port/include/webgpu/webgpu_cpp.h	1415	construction-or-allocation	CreateRenderPipelineAsyncCallback	typename Cb = CreateRenderPipelineAsyncCallback<>,	webgpu:wagyu:webgpu_cpp	review-required
webgpu	renderer/src/webgpu/wagyu-port/include/webgpu/webgpu_cpp.h	1416	construction-or-allocation	CreatePipelineAsyncStatus	typename CbChar = std::function<void(CreatePipelineAsyncStatus status, RenderPipeline pipeline, const char* message)>,	webgpu:wagyu:webgpu_cpp	review-required
webgpu	renderer/src/webgpu/wagyu-port/include/webgpu/webgpu_cpp.h	1418	callback-or-async	CallbackMode	Future CreateRenderPipelineAsync(RenderPipelineDescriptor const * descriptor, CallbackMode callbackMode,L callback) const;	webgpu:wagyu:webgpu_cpp	review-required
webgpu	renderer/src/webgpu/wagyu-port/include/webgpu/webgpu_cpp.h	1418	callback-or-async	callback	Future CreateRenderPipelineAsync(RenderPipelineDescriptor const * descriptor, CallbackMode callbackMode,L callback) const;	webgpu:wagyu:webgpu_cpp	review-required
webgpu	renderer/src/webgpu/wagyu-port/include/webgpu/webgpu_cpp.h	1418	callback-or-async	callbackMode	Future CreateRenderPipelineAsync(RenderPipelineDescriptor const * descriptor, CallbackMode callbackMode,L callback) const;	webgpu:wagyu:webgpu_cpp	review-required
webgpu	renderer/src/webgpu/wagyu-port/include/webgpu/webgpu_cpp.h	1418	construction-or-allocation	CreateRenderPipelineAsync	Future CreateRenderPipelineAsync(RenderPipelineDescriptor const * descriptor, CallbackMode callbackMode,L callback) const;	webgpu:wagyu:webgpu_cpp	review-required
webgpu	renderer/src/webgpu/wagyu-port/include/webgpu/webgpu_cpp.h	1419	construction-or-allocation	CreateSampler	inline Sampler CreateSampler(SamplerDescriptor const * descriptor = nullptr) const;	webgpu:wagyu:webgpu_cpp	review-required
webgpu	renderer/src/webgpu/wagyu-port/include/webgpu/webgpu_cpp.h	1420	construction-or-allocation	CreateShaderModule	inline ShaderModule CreateShaderModule(ShaderModuleDescriptor const * descriptor) const;	webgpu:wagyu:webgpu_cpp	review-required
webgpu	renderer/src/webgpu/wagyu-port/include/webgpu/webgpu_cpp.h	1421	construction-or-allocation	CreateTexture	inline Texture CreateTexture(TextureDescriptor const * descriptor) const;	webgpu:wagyu:webgpu_cpp	review-required
webgpu	renderer/src/webgpu/wagyu-port/include/webgpu/webgpu_cpp.h	1422	destruction-or-release	Destroy	inline void Destroy() const;	webgpu:wagyu:webgpu_cpp	review-required
webgpu	renderer/src/webgpu/wagyu-port/include/webgpu/webgpu_cpp.h	1431	failure-or-loss	ErrorType	typename CbChar = void (PopErrorScopeStatus status, ErrorType type, const char* message, T userdata),	webgpu:wagyu:webgpu_cpp	review-required
webgpu	renderer/src/webgpu/wagyu-port/include/webgpu/webgpu_cpp.h	1433	callback-or-async	CallbackMode	Future PopErrorScope(CallbackMode callbackMode,F callback, T userdata) const;	webgpu:wagyu:webgpu_cpp	review-required
webgpu	renderer/src/webgpu/wagyu-port/include/webgpu/webgpu_cpp.h	1433	callback-or-async	callback	Future PopErrorScope(CallbackMode callbackMode,F callback, T userdata) const;	webgpu:wagyu:webgpu_cpp	review-required
webgpu	renderer/src/webgpu/wagyu-port/include/webgpu/webgpu_cpp.h	1433	callback-or-async	callbackMode	Future PopErrorScope(CallbackMode callbackMode,F callback, T userdata) const;	webgpu:wagyu:webgpu_cpp	review-required
webgpu	renderer/src/webgpu/wagyu-port/include/webgpu/webgpu_cpp.h	1436	failure-or-loss	ErrorType	typename CbChar = std::function<void(PopErrorScopeStatus status, ErrorType type, const char* message)>,	webgpu:wagyu:webgpu_cpp	review-required
webgpu	renderer/src/webgpu/wagyu-port/include/webgpu/webgpu_cpp.h	1438	callback-or-async	CallbackMode	Future PopErrorScope(CallbackMode callbackMode,L callback) const;	webgpu:wagyu:webgpu_cpp	review-required
webgpu	renderer/src/webgpu/wagyu-port/include/webgpu/webgpu_cpp.h	1438	callback-or-async	callback	Future PopErrorScope(CallbackMode callbackMode,L callback) const;	webgpu:wagyu:webgpu_cpp	review-required
webgpu	renderer/src/webgpu/wagyu-port/include/webgpu/webgpu_cpp.h	1438	callback-or-async	callbackMode	Future PopErrorScope(CallbackMode callbackMode,L callback) const;	webgpu:wagyu:webgpu_cpp	review-required
webgpu	renderer/src/webgpu/wagyu-port/include/webgpu/webgpu_cpp.h	1439	failure-or-loss	ErrorFilter	inline void PushErrorScope(ErrorFilter filter) const;	webgpu:wagyu:webgpu_cpp	review-required
webgpu	renderer/src/webgpu/wagyu-port/include/webgpu/webgpu_cpp.h	1454	construction-or-allocation	CreateSurface	inline Surface CreateSurface(SurfaceDescriptor const * descriptor) const;	webgpu:wagyu:webgpu_cpp	review-required
webgpu	renderer/src/webgpu/wagyu-port/include/webgpu/webgpu_cpp.h	1462	callback-or-async	CallbackMode	Future RequestAdapter(RequestAdapterOptions const * options, CallbackMode callbackMode,F callback, T userdata) const;	webgpu:wagyu:webgpu_cpp	review-required
webgpu	renderer/src/webgpu/wagyu-port/include/webgpu/webgpu_cpp.h	1462	callback-or-async	callback	Future RequestAdapter(RequestAdapterOptions const * options, CallbackMode callbackMode,F callback, T userdata) const;	webgpu:wagyu:webgpu_cpp	review-required
webgpu	renderer/src/webgpu/wagyu-port/include/webgpu/webgpu_cpp.h	1462	callback-or-async	callbackMode	Future RequestAdapter(RequestAdapterOptions const * options, CallbackMode callbackMode,F callback, T userdata) const;	webgpu:wagyu:webgpu_cpp	review-required
webgpu	renderer/src/webgpu/wagyu-port/include/webgpu/webgpu_cpp.h	1467	callback-or-async	CallbackMode	Future RequestAdapter(RequestAdapterOptions const * options, CallbackMode callbackMode,L callback) const;	webgpu:wagyu:webgpu_cpp	review-required
webgpu	renderer/src/webgpu/wagyu-port/include/webgpu/webgpu_cpp.h	1467	callback-or-async	callback	Future RequestAdapter(RequestAdapterOptions const * options, CallbackMode callbackMode,L callback) const;	webgpu:wagyu:webgpu_cpp	review-required
webgpu	renderer/src/webgpu/wagyu-port/include/webgpu/webgpu_cpp.h	1467	callback-or-async	callbackMode	Future RequestAdapter(RequestAdapterOptions const * options, CallbackMode callbackMode,L callback) const;	webgpu:wagyu:webgpu_cpp	review-required
webgpu	renderer/src/webgpu/wagyu-port/include/webgpu/webgpu_cpp.h	1468	synchronization-or-submission	WaitAny	inline WaitStatus WaitAny(size_t futureCount, FutureWaitInfo * futures, uint64_t timeoutNS) const;	webgpu:wagyu:webgpu_cpp	review-required
webgpu	renderer/src/webgpu/wagyu-port/include/webgpu/webgpu_cpp.h	1468	synchronization-or-submission	WaitStatus	inline WaitStatus WaitAny(size_t futureCount, FutureWaitInfo * futures, uint64_t timeoutNS) const;	webgpu:wagyu:webgpu_cpp	review-required
webgpu	renderer/src/webgpu/wagyu-port/include/webgpu/webgpu_cpp.h	1470	synchronization-or-submission	WaitAny	inline WaitStatus WaitAny(Future f, uint64_t timeout) const;	webgpu:wagyu:webgpu_cpp	review-required
webgpu	renderer/src/webgpu/wagyu-port/include/webgpu/webgpu_cpp.h	1470	synchronization-or-submission	WaitStatus	inline WaitStatus WaitAny(Future f, uint64_t timeout) const;	webgpu:wagyu:webgpu_cpp	review-required
webgpu	renderer/src/webgpu/wagyu-port/include/webgpu/webgpu_cpp.h	1497	destruction-or-release	Destroy	inline void Destroy() const;	webgpu:wagyu:webgpu_cpp	review-required
webgpu	renderer/src/webgpu/wagyu-port/include/webgpu/webgpu_cpp.h	1518	callback-or-async	CallbackMode	Future OnSubmittedWorkDone(CallbackMode callbackMode,F callback, T userdata) const;	webgpu:wagyu:webgpu_cpp	review-required
webgpu	renderer/src/webgpu/wagyu-port/include/webgpu/webgpu_cpp.h	1518	callback-or-async	callback	Future OnSubmittedWorkDone(CallbackMode callbackMode,F callback, T userdata) const;	webgpu:wagyu:webgpu_cpp	review-required
webgpu	renderer/src/webgpu/wagyu-port/include/webgpu/webgpu_cpp.h	1518	callback-or-async	callbackMode	Future OnSubmittedWorkDone(CallbackMode callbackMode,F callback, T userdata) const;	webgpu:wagyu:webgpu_cpp	review-required
webgpu	renderer/src/webgpu/wagyu-port/include/webgpu/webgpu_cpp.h	1523	callback-or-async	CallbackMode	Future OnSubmittedWorkDone(CallbackMode callbackMode,L callback) const;	webgpu:wagyu:webgpu_cpp	review-required
webgpu	renderer/src/webgpu/wagyu-port/include/webgpu/webgpu_cpp.h	1523	callback-or-async	callback	Future OnSubmittedWorkDone(CallbackMode callbackMode,L callback) const;	webgpu:wagyu:webgpu_cpp	review-required
webgpu	renderer/src/webgpu/wagyu-port/include/webgpu/webgpu_cpp.h	1523	callback-or-async	callbackMode	Future OnSubmittedWorkDone(CallbackMode callbackMode,L callback) const;	webgpu:wagyu:webgpu_cpp	review-required
webgpu	renderer/src/webgpu/wagyu-port/include/webgpu/webgpu_cpp.h	1525	synchronization-or-submission	Submit	inline void Submit(size_t commandCount, CommandBuffer const * commands) const;	webgpu:wagyu:webgpu_cpp	review-required
webgpu	renderer/src/webgpu/wagyu-port/include/webgpu/webgpu_cpp.h	1559	synchronization-or-submission	Finish	inline RenderBundle Finish(RenderBundleDescriptor const * descriptor = nullptr) const;	webgpu:wagyu:webgpu_cpp	review-required
webgpu	renderer/src/webgpu/wagyu-port/include/webgpu/webgpu_cpp.h	1650	callback-or-async	CallbackMode	Future GetCompilationInfo(CallbackMode callbackMode,F callback, T userdata) const;	webgpu:wagyu:webgpu_cpp	review-required
webgpu	renderer/src/webgpu/wagyu-port/include/webgpu/webgpu_cpp.h	1650	callback-or-async	callback	Future GetCompilationInfo(CallbackMode callbackMode,F callback, T userdata) const;	webgpu:wagyu:webgpu_cpp	review-required
webgpu	renderer/src/webgpu/wagyu-port/include/webgpu/webgpu_cpp.h	1650	callback-or-async	callbackMode	Future GetCompilationInfo(CallbackMode callbackMode,F callback, T userdata) const;	webgpu:wagyu:webgpu_cpp	review-required
webgpu	renderer/src/webgpu/wagyu-port/include/webgpu/webgpu_cpp.h	1655	callback-or-async	CallbackMode	Future GetCompilationInfo(CallbackMode callbackMode,L callback) const;	webgpu:wagyu:webgpu_cpp	review-required
webgpu	renderer/src/webgpu/wagyu-port/include/webgpu/webgpu_cpp.h	1655	callback-or-async	callback	Future GetCompilationInfo(CallbackMode callbackMode,L callback) const;	webgpu:wagyu:webgpu_cpp	review-required
webgpu	renderer/src/webgpu/wagyu-port/include/webgpu/webgpu_cpp.h	1655	callback-or-async	callbackMode	Future GetCompilationInfo(CallbackMode callbackMode,L callback) const;	webgpu:wagyu:webgpu_cpp	review-required
webgpu	renderer/src/webgpu/wagyu-port/include/webgpu/webgpu_cpp.h	1689	construction-or-allocation	CreateView	inline TextureView CreateView(TextureViewDescriptor const * descriptor = nullptr) const;	webgpu:wagyu:webgpu_cpp	review-required
webgpu	renderer/src/webgpu/wagyu-port/include/webgpu/webgpu_cpp.h	1690	destruction-or-release	Destroy	inline void Destroy() const;	webgpu:wagyu:webgpu_cpp	review-required
webgpu	renderer/src/webgpu/wagyu-port/include/webgpu/webgpu_cpp.h	1736	destruction-or-release	~AdapterInfo(	inline ~AdapterInfo();	webgpu:wagyu:webgpu_cpp	review-required
webgpu	renderer/src/webgpu/wagyu-port/include/webgpu/webgpu_cpp.h	1737	destruction-or-release	delete	AdapterInfo(const AdapterInfo&) = delete;	webgpu:wagyu:webgpu_cpp	review-required
webgpu	renderer/src/webgpu/wagyu-port/include/webgpu/webgpu_cpp.h	1738	destruction-or-release	delete	AdapterInfo& operator=(const AdapterInfo&) = delete;	webgpu:wagyu:webgpu_cpp	review-required
webgpu	renderer/src/webgpu/wagyu-port/include/webgpu/webgpu_cpp.h	1756	destruction-or-release	FreeMembers	inline void FreeMembers();	webgpu:wagyu:webgpu_cpp	review-required
webgpu	renderer/src/webgpu/wagyu-port/include/webgpu/webgpu_cpp.h	1757	destruction-or-release	Reset	static inline void Reset(AdapterInfo& value);	webgpu:wagyu:webgpu_cpp	review-required
webgpu	renderer/src/webgpu/wagyu-port/include/webgpu/webgpu_cpp.h	1796	mapping-or-host-visibility	mappedAtCreation	Bool mappedAtCreation = false;	webgpu:wagyu:webgpu_cpp	review-required
webgpu	renderer/src/webgpu/wagyu-port/include/webgpu/webgpu_cpp.h	2089	destruction-or-release	~SupportedFeatures(	inline ~SupportedFeatures();	webgpu:wagyu:webgpu_cpp	review-required
webgpu	renderer/src/webgpu/wagyu-port/include/webgpu/webgpu_cpp.h	2090	destruction-or-release	delete	SupportedFeatures(const SupportedFeatures&) = delete;	webgpu:wagyu:webgpu_cpp	review-required
webgpu	renderer/src/webgpu/wagyu-port/include/webgpu/webgpu_cpp.h	2091	destruction-or-release	delete	SupportedFeatures& operator=(const SupportedFeatures&) = delete;	webgpu:wagyu:webgpu_cpp	review-required
webgpu	renderer/src/webgpu/wagyu-port/include/webgpu/webgpu_cpp.h	2100	destruction-or-release	FreeMembers	inline void FreeMembers();	webgpu:wagyu:webgpu_cpp	review-required
webgpu	renderer/src/webgpu/wagyu-port/include/webgpu/webgpu_cpp.h	2101	destruction-or-release	Reset	static inline void Reset(SupportedFeatures& value);	webgpu:wagyu:webgpu_cpp	review-required
webgpu	renderer/src/webgpu/wagyu-port/include/webgpu/webgpu_cpp.h	2106	destruction-or-release	~SupportedInstanceFeatures(	inline ~SupportedInstanceFeatures();	webgpu:wagyu:webgpu_cpp	review-required
webgpu	renderer/src/webgpu/wagyu-port/include/webgpu/webgpu_cpp.h	2107	destruction-or-release	delete	SupportedInstanceFeatures(const SupportedInstanceFeatures&) = delete;	webgpu:wagyu:webgpu_cpp	review-required
webgpu	renderer/src/webgpu/wagyu-port/include/webgpu/webgpu_cpp.h	2108	destruction-or-release	delete	SupportedInstanceFeatures& operator=(const SupportedInstanceFeatures&) = delete;	webgpu:wagyu:webgpu_cpp	review-required
webgpu	renderer/src/webgpu/wagyu-port/include/webgpu/webgpu_cpp.h	2117	destruction-or-release	FreeMembers	inline void FreeMembers();	webgpu:wagyu:webgpu_cpp	review-required
webgpu	renderer/src/webgpu/wagyu-port/include/webgpu/webgpu_cpp.h	2118	destruction-or-release	Reset	static inline void Reset(SupportedInstanceFeatures& value);	webgpu:wagyu:webgpu_cpp	review-required
webgpu	renderer/src/webgpu/wagyu-port/include/webgpu/webgpu_cpp.h	2123	destruction-or-release	~SupportedWGSLLanguageFeatures(	inline ~SupportedWGSLLanguageFeatures();	webgpu:wagyu:webgpu_cpp	review-required
webgpu	renderer/src/webgpu/wagyu-port/include/webgpu/webgpu_cpp.h	2124	destruction-or-release	delete	SupportedWGSLLanguageFeatures(const SupportedWGSLLanguageFeatures&) = delete;	webgpu:wagyu:webgpu_cpp	review-required
webgpu	renderer/src/webgpu/wagyu-port/include/webgpu/webgpu_cpp.h	2125	destruction-or-release	delete	SupportedWGSLLanguageFeatures& operator=(const SupportedWGSLLanguageFeatures&) = delete;	webgpu:wagyu:webgpu_cpp	review-required
webgpu	renderer/src/webgpu/wagyu-port/include/webgpu/webgpu_cpp.h	2134	destruction-or-release	FreeMembers	inline void FreeMembers();	webgpu:wagyu:webgpu_cpp	review-required
webgpu	renderer/src/webgpu/wagyu-port/include/webgpu/webgpu_cpp.h	2135	destruction-or-release	Reset	static inline void Reset(SupportedWGSLLanguageFeatures& value);	webgpu:wagyu:webgpu_cpp	review-required
webgpu	renderer/src/webgpu/wagyu-port/include/webgpu/webgpu_cpp.h	2140	destruction-or-release	~SurfaceCapabilities(	inline ~SurfaceCapabilities();	webgpu:wagyu:webgpu_cpp	review-required
webgpu	renderer/src/webgpu/wagyu-port/include/webgpu/webgpu_cpp.h	2141	destruction-or-release	delete	SurfaceCapabilities(const SurfaceCapabilities&) = delete;	webgpu:wagyu:webgpu_cpp	review-required
webgpu	renderer/src/webgpu/wagyu-port/include/webgpu/webgpu_cpp.h	2142	destruction-or-release	delete	SurfaceCapabilities& operator=(const SurfaceCapabilities&) = delete;	webgpu:wagyu:webgpu_cpp	review-required
webgpu	renderer/src/webgpu/wagyu-port/include/webgpu/webgpu_cpp.h	2157	destruction-or-release	FreeMembers	inline void FreeMembers();	webgpu:wagyu:webgpu_cpp	review-required
webgpu	renderer/src/webgpu/wagyu-port/include/webgpu/webgpu_cpp.h	2158	destruction-or-release	Reset	static inline void Reset(SurfaceCapabilities& value);	webgpu:wagyu:webgpu_cpp	review-required
webgpu	renderer/src/webgpu/wagyu-port/include/webgpu/webgpu_cpp.h	2572	callback-or-async	deviceLostCallbackInfo	WGPUDeviceLostCallbackInfo deviceLostCallbackInfo = WGPU_DEVICE_LOST_CALLBACK_INFO_INIT;	webgpu:wagyu:webgpu_cpp	review-required
webgpu	renderer/src/webgpu/wagyu-port/include/webgpu/webgpu_cpp.h	2573	callback-or-async	uncapturedErrorCallbackInfo	WGPUUncapturedErrorCallbackInfo uncapturedErrorCallbackInfo = WGPU_UNCAPTURED_ERROR_CALLBACK_INFO_INIT;	webgpu:wagyu:webgpu_cpp	review-required
webgpu	renderer/src/webgpu/wagyu-port/include/webgpu/webgpu_cpp.h	2591	callback-or-async	DeviceLostCallback	typename Cb = DeviceLostCallback<T>,	webgpu:wagyu:webgpu_cpp	review-required
webgpu	renderer/src/webgpu/wagyu-port/include/webgpu/webgpu_cpp.h	2593	callback-or-async	CallbackMode	void SetDeviceLostCallback(CallbackMode callbackMode, F callback, T userdata);	webgpu:wagyu:webgpu_cpp	review-required
webgpu	renderer/src/webgpu/wagyu-port/include/webgpu/webgpu_cpp.h	2593	callback-or-async	callback	void SetDeviceLostCallback(CallbackMode callbackMode, F callback, T userdata);	webgpu:wagyu:webgpu_cpp	review-required
webgpu	renderer/src/webgpu/wagyu-port/include/webgpu/webgpu_cpp.h	2593	callback-or-async	callbackMode	void SetDeviceLostCallback(CallbackMode callbackMode, F callback, T userdata);	webgpu:wagyu:webgpu_cpp	review-required
webgpu	renderer/src/webgpu/wagyu-port/include/webgpu/webgpu_cpp.h	2595	callback-or-async	DeviceLostCallback	typename Cb = DeviceLostCallback<>,	webgpu:wagyu:webgpu_cpp	review-required
webgpu	renderer/src/webgpu/wagyu-port/include/webgpu/webgpu_cpp.h	2597	callback-or-async	CallbackMode	void SetDeviceLostCallback(CallbackMode callbackMode, L callback);	webgpu:wagyu:webgpu_cpp	review-required
webgpu	renderer/src/webgpu/wagyu-port/include/webgpu/webgpu_cpp.h	2597	callback-or-async	callback	void SetDeviceLostCallback(CallbackMode callbackMode, L callback);	webgpu:wagyu:webgpu_cpp	review-required
webgpu	renderer/src/webgpu/wagyu-port/include/webgpu/webgpu_cpp.h	2597	callback-or-async	callbackMode	void SetDeviceLostCallback(CallbackMode callbackMode, L callback);	webgpu:wagyu:webgpu_cpp	review-required
webgpu	renderer/src/webgpu/wagyu-port/include/webgpu/webgpu_cpp.h	2600	callback-or-async	UncapturedErrorCallback	typename Cb = UncapturedErrorCallback<T>,	webgpu:wagyu:webgpu_cpp	review-required
webgpu	renderer/src/webgpu/wagyu-port/include/webgpu/webgpu_cpp.h	2602	callback-or-async	callback	void SetUncapturedErrorCallback(F callback, T userdata);	webgpu:wagyu:webgpu_cpp	review-required
webgpu	renderer/src/webgpu/wagyu-port/include/webgpu/webgpu_cpp.h	2604	callback-or-async	UncapturedErrorCallback	typename Cb = UncapturedErrorCallback<>,	webgpu:wagyu:webgpu_cpp	review-required
webgpu	renderer/src/webgpu/wagyu-port/include/webgpu/webgpu_cpp.h	2606	callback-or-async	callback	void SetUncapturedErrorCallback(L callback);	webgpu:wagyu:webgpu_cpp	review-required
webgpu	renderer/src/webgpu/wagyu-port/include/webgpu/webgpu_cpp.h	2617	destruction-or-release	~AdapterInfo(	AdapterInfo::~AdapterInfo() {	webgpu:wagyu:webgpu_cpp	review-required
webgpu	renderer/src/webgpu/wagyu-port/include/webgpu/webgpu_cpp.h	2618	destruction-or-release	FreeMembers	FreeMembers();	webgpu:wagyu:webgpu_cpp	review-required
webgpu	renderer/src/webgpu/wagyu-port/include/webgpu/webgpu_cpp.h	2632	destruction-or-release	Reset	Reset(rhs);	webgpu:wagyu:webgpu_cpp	review-required
webgpu	renderer/src/webgpu/wagyu-port/include/webgpu/webgpu_cpp.h	2639	destruction-or-release	FreeMembers	FreeMembers();	webgpu:wagyu:webgpu_cpp	review-required
webgpu	renderer/src/webgpu/wagyu-port/include/webgpu/webgpu_cpp.h	2650	destruction-or-release	Reset	Reset(rhs);	webgpu:wagyu:webgpu_cpp	review-required
webgpu	renderer/src/webgpu/wagyu-port/include/webgpu/webgpu_cpp.h	2654	destruction-or-release	FreeMembers	void AdapterInfo::FreeMembers() {	webgpu:wagyu:webgpu_cpp	review-required
webgpu	renderer/src/webgpu/wagyu-port/include/webgpu/webgpu_cpp.h	2662	destruction-or-release	Reset	void AdapterInfo::Reset(AdapterInfo& value) {	webgpu:wagyu:webgpu_cpp	review-required
webgpu	renderer/src/webgpu/wagyu-port/include/webgpu/webgpu_cpp.h	2776	mapping-or-host-visibility	mappedAtCreation	static_assert(offsetof(BufferDescriptor, mappedAtCreation) == offsetof(WGPUBufferDescriptor, mappedAtCreation),	webgpu:wagyu:webgpu_cpp	review-required
webgpu	renderer/src/webgpu/wagyu-port/include/webgpu/webgpu_cpp.h	2777	mapping-or-host-visibility	mappedAtCreation	"offsetof mismatch for BufferDescriptor::mappedAtCreation");	webgpu:wagyu:webgpu_cpp	review-required
webgpu	renderer/src/webgpu/wagyu-port/include/webgpu/webgpu_cpp.h	3319	destruction-or-release	~SupportedFeatures(	SupportedFeatures::~SupportedFeatures() {	webgpu:wagyu:webgpu_cpp	review-required
webgpu	renderer/src/webgpu/wagyu-port/include/webgpu/webgpu_cpp.h	3320	destruction-or-release	FreeMembers	FreeMembers();	webgpu:wagyu:webgpu_cpp	review-required
webgpu	renderer/src/webgpu/wagyu-port/include/webgpu/webgpu_cpp.h	3326	destruction-or-release	Reset	Reset(rhs);	webgpu:wagyu:webgpu_cpp	review-required
webgpu	renderer/src/webgpu/wagyu-port/include/webgpu/webgpu_cpp.h	3333	destruction-or-release	FreeMembers	FreeMembers();	webgpu:wagyu:webgpu_cpp	review-required
webgpu	renderer/src/webgpu/wagyu-port/include/webgpu/webgpu_cpp.h	3336	destruction-or-release	Reset	Reset(rhs);	webgpu:wagyu:webgpu_cpp	review-required
webgpu	renderer/src/webgpu/wagyu-port/include/webgpu/webgpu_cpp.h	3340	destruction-or-release	FreeMembers	void SupportedFeatures::FreeMembers() {	webgpu:wagyu:webgpu_cpp	review-required
webgpu	renderer/src/webgpu/wagyu-port/include/webgpu/webgpu_cpp.h	3348	destruction-or-release	Reset	void SupportedFeatures::Reset(SupportedFeatures& value) {	webgpu:wagyu:webgpu_cpp	review-required
webgpu	renderer/src/webgpu/wagyu-port/include/webgpu/webgpu_cpp.h	3367	destruction-or-release	~SupportedInstanceFeatures(	SupportedInstanceFeatures::~SupportedInstanceFeatures() {	webgpu:wagyu:webgpu_cpp	review-required
webgpu	renderer/src/webgpu/wagyu-port/include/webgpu/webgpu_cpp.h	3368	destruction-or-release	FreeMembers	FreeMembers();	webgpu:wagyu:webgpu_cpp	review-required
webgpu	renderer/src/webgpu/wagyu-port/include/webgpu/webgpu_cpp.h	3374	destruction-or-release	Reset	Reset(rhs);	webgpu:wagyu:webgpu_cpp	review-required
webgpu	renderer/src/webgpu/wagyu-port/include/webgpu/webgpu_cpp.h	3381	destruction-or-release	FreeMembers	FreeMembers();	webgpu:wagyu:webgpu_cpp	review-required
webgpu	renderer/src/webgpu/wagyu-port/include/webgpu/webgpu_cpp.h	3384	destruction-or-release	Reset	Reset(rhs);	webgpu:wagyu:webgpu_cpp	review-required
webgpu	renderer/src/webgpu/wagyu-port/include/webgpu/webgpu_cpp.h	3388	destruction-or-release	FreeMembers	void SupportedInstanceFeatures::FreeMembers() {	webgpu:wagyu:webgpu_cpp	review-required
webgpu	renderer/src/webgpu/wagyu-port/include/webgpu/webgpu_cpp.h	3396	destruction-or-release	Reset	void SupportedInstanceFeatures::Reset(SupportedInstanceFeatures& value) {	webgpu:wagyu:webgpu_cpp	review-required
webgpu	renderer/src/webgpu/wagyu-port/include/webgpu/webgpu_cpp.h	3415	destruction-or-release	~SupportedWGSLLanguageFeatures(	SupportedWGSLLanguageFeatures::~SupportedWGSLLanguageFeatures() {	webgpu:wagyu:webgpu_cpp	review-required
webgpu	renderer/src/webgpu/wagyu-port/include/webgpu/webgpu_cpp.h	3416	destruction-or-release	FreeMembers	FreeMembers();	webgpu:wagyu:webgpu_cpp	review-required
webgpu	renderer/src/webgpu/wagyu-port/include/webgpu/webgpu_cpp.h	3422	destruction-or-release	Reset	Reset(rhs);	webgpu:wagyu:webgpu_cpp	review-required
webgpu	renderer/src/webgpu/wagyu-port/include/webgpu/webgpu_cpp.h	3429	destruction-or-release	FreeMembers	FreeMembers();	webgpu:wagyu:webgpu_cpp	review-required
webgpu	renderer/src/webgpu/wagyu-port/include/webgpu/webgpu_cpp.h	3432	destruction-or-release	Reset	Reset(rhs);	webgpu:wagyu:webgpu_cpp	review-required
webgpu	renderer/src/webgpu/wagyu-port/include/webgpu/webgpu_cpp.h	3436	destruction-or-release	FreeMembers	void SupportedWGSLLanguageFeatures::FreeMembers() {	webgpu:wagyu:webgpu_cpp	review-required
webgpu	renderer/src/webgpu/wagyu-port/include/webgpu/webgpu_cpp.h	3444	destruction-or-release	Reset	void SupportedWGSLLanguageFeatures::Reset(SupportedWGSLLanguageFeatures& value) {	webgpu:wagyu:webgpu_cpp	review-required
webgpu	renderer/src/webgpu/wagyu-port/include/webgpu/webgpu_cpp.h	3463	destruction-or-release	~SurfaceCapabilities(	SurfaceCapabilities::~SurfaceCapabilities() {	webgpu:wagyu:webgpu_cpp	review-required
webgpu	renderer/src/webgpu/wagyu-port/include/webgpu/webgpu_cpp.h	3464	destruction-or-release	FreeMembers	FreeMembers();	webgpu:wagyu:webgpu_cpp	review-required
webgpu	renderer/src/webgpu/wagyu-port/include/webgpu/webgpu_cpp.h	3475	destruction-or-release	Reset	Reset(rhs);	webgpu:wagyu:webgpu_cpp	review-required
webgpu	renderer/src/webgpu/wagyu-port/include/webgpu/webgpu_cpp.h	3482	destruction-or-release	FreeMembers	FreeMembers();	webgpu:wagyu:webgpu_cpp	review-required
webgpu	renderer/src/webgpu/wagyu-port/include/webgpu/webgpu_cpp.h	3490	destruction-or-release	Reset	Reset(rhs);	webgpu:wagyu:webgpu_cpp	review-required
webgpu	renderer/src/webgpu/wagyu-port/include/webgpu/webgpu_cpp.h	3494	destruction-or-release	FreeMembers	void SurfaceCapabilities::FreeMembers() {	webgpu:wagyu:webgpu_cpp	review-required
webgpu	renderer/src/webgpu/wagyu-port/include/webgpu/webgpu_cpp.h	3502	destruction-or-release	Reset	void SurfaceCapabilities::Reset(SurfaceCapabilities& value) {	webgpu:wagyu:webgpu_cpp	review-required
webgpu	renderer/src/webgpu/wagyu-port/include/webgpu/webgpu_cpp.h	4316	callback-or-async	deviceLostCallbackInfo	static_assert(offsetof(DeviceDescriptor, deviceLostCallbackInfo) == offsetof(WGPUDeviceDescriptor, deviceLostCallbackInfo),	webgpu:wagyu:webgpu_cpp	review-required
webgpu	renderer/src/webgpu/wagyu-port/include/webgpu/webgpu_cpp.h	4317	callback-or-async	deviceLostCallbackInfo	"offsetof mismatch for DeviceDescriptor::deviceLostCallbackInfo");	webgpu:wagyu:webgpu_cpp	review-required
webgpu	renderer/src/webgpu/wagyu-port/include/webgpu/webgpu_cpp.h	4318	callback-or-async	uncapturedErrorCallbackInfo	static_assert(offsetof(DeviceDescriptor, uncapturedErrorCallbackInfo) == offsetof(WGPUDeviceDescriptor, uncapturedErrorCallbackInfo),	webgpu:wagyu:webgpu_cpp	review-required
webgpu	renderer/src/webgpu/wagyu-port/include/webgpu/webgpu_cpp.h	4319	callback-or-async	uncapturedErrorCallbackInfo	"offsetof mismatch for DeviceDescriptor::uncapturedErrorCallbackInfo");	webgpu:wagyu:webgpu_cpp	review-required
webgpu	renderer/src/webgpu/wagyu-port/include/webgpu/webgpu_cpp.h	4343	callback-or-async	CallbackMode	void DeviceDescriptor::SetDeviceLostCallback(CallbackMode callbackMode, F callback, T userdata) {	webgpu:wagyu:webgpu_cpp	review-required
webgpu	renderer/src/webgpu/wagyu-port/include/webgpu/webgpu_cpp.h	4343	callback-or-async	callback	void DeviceDescriptor::SetDeviceLostCallback(CallbackMode callbackMode, F callback, T userdata) {	webgpu:wagyu:webgpu_cpp	review-required
webgpu	renderer/src/webgpu/wagyu-port/include/webgpu/webgpu_cpp.h	4343	callback-or-async	callbackMode	void DeviceDescriptor::SetDeviceLostCallback(CallbackMode callbackMode, F callback, T userdata) {	webgpu:wagyu:webgpu_cpp	review-required
webgpu	renderer/src/webgpu/wagyu-port/include/webgpu/webgpu_cpp.h	4344	callback-or-async	callback	assert(deviceLostCallbackInfo.callback == nullptr);	webgpu:wagyu:webgpu_cpp	review-required
webgpu	renderer/src/webgpu/wagyu-port/include/webgpu/webgpu_cpp.h	4344	callback-or-async	deviceLostCallbackInfo	assert(deviceLostCallbackInfo.callback == nullptr);	webgpu:wagyu:webgpu_cpp	review-required
webgpu	renderer/src/webgpu/wagyu-port/include/webgpu/webgpu_cpp.h	4344	failure-or-loss	assert	assert(deviceLostCallbackInfo.callback == nullptr);	webgpu:wagyu:webgpu_cpp	review-required
webgpu	renderer/src/webgpu/wagyu-port/include/webgpu/webgpu_cpp.h	4346	callback-or-async	callbackMode	deviceLostCallbackInfo.mode = static_cast<WGPUCallbackMode>(callbackMode);	webgpu:wagyu:webgpu_cpp	review-required
webgpu	renderer/src/webgpu/wagyu-port/include/webgpu/webgpu_cpp.h	4346	callback-or-async	deviceLostCallbackInfo	deviceLostCallbackInfo.mode = static_cast<WGPUCallbackMode>(callbackMode);	webgpu:wagyu:webgpu_cpp	review-required
webgpu	renderer/src/webgpu/wagyu-port/include/webgpu/webgpu_cpp.h	4347	callback-or-async	callback	deviceLostCallbackInfo.callback = [](WGPUDevice const * device, WGPUDeviceLostReason reason, WGPUStringView message, void* callback_param, void* userdata_param) {	webgpu:wagyu:webgpu_cpp	review-required
webgpu	renderer/src/webgpu/wagyu-port/include/webgpu/webgpu_cpp.h	4347	callback-or-async	callback_param	deviceLostCallbackInfo.callback = [](WGPUDevice const * device, WGPUDeviceLostReason reason, WGPUStringView message, void* callback_param, void* userdata_param) {	webgpu:wagyu:webgpu_cpp	review-required
webgpu	renderer/src/webgpu/wagyu-port/include/webgpu/webgpu_cpp.h	4347	callback-or-async	deviceLostCallbackInfo	deviceLostCallbackInfo.callback = [](WGPUDevice const * device, WGPUDeviceLostReason reason, WGPUStringView message, void* callback_param, void* userdata_param) {	webgpu:wagyu:webgpu_cpp	review-required
webgpu	renderer/src/webgpu/wagyu-port/include/webgpu/webgpu_cpp.h	4348	callback-or-async	callback_param	auto cb = reinterpret_cast<Cb*>(callback_param);	webgpu:wagyu:webgpu_cpp	review-required
webgpu	renderer/src/webgpu/wagyu-port/include/webgpu/webgpu_cpp.h	4350	construction-or-allocation	Acquire	auto apiDevice = Device::Acquire(*device);	webgpu:wagyu:webgpu_cpp	review-required
webgpu	renderer/src/webgpu/wagyu-port/include/webgpu/webgpu_cpp.h	4351	callback-or-async	DeviceLostReason	(*cb)(apiDevice, static_cast<DeviceLostReason>(reason), message, static_cast<T>(userdata_param));	webgpu:wagyu:webgpu_cpp	review-required
webgpu	renderer/src/webgpu/wagyu-port/include/webgpu/webgpu_cpp.h	4354	callback-or-async	callback	deviceLostCallbackInfo.userdata1 = reinterpret_cast<void*>(+callback);	webgpu:wagyu:webgpu_cpp	review-required
webgpu	renderer/src/webgpu/wagyu-port/include/webgpu/webgpu_cpp.h	4354	callback-or-async	deviceLostCallbackInfo	deviceLostCallbackInfo.userdata1 = reinterpret_cast<void*>(+callback);	webgpu:wagyu:webgpu_cpp	review-required
webgpu	renderer/src/webgpu/wagyu-port/include/webgpu/webgpu_cpp.h	4355	callback-or-async	deviceLostCallbackInfo	deviceLostCallbackInfo.userdata2 = reinterpret_cast<void*>(userdata);	webgpu:wagyu:webgpu_cpp	review-required
webgpu	renderer/src/webgpu/wagyu-port/include/webgpu/webgpu_cpp.h	4359	callback-or-async	CallbackMode	void DeviceDescriptor::SetDeviceLostCallback(CallbackMode callbackMode, L callback) {	webgpu:wagyu:webgpu_cpp	review-required
webgpu	renderer/src/webgpu/wagyu-port/include/webgpu/webgpu_cpp.h	4359	callback-or-async	callback	void DeviceDescriptor::SetDeviceLostCallback(CallbackMode callbackMode, L callback) {	webgpu:wagyu:webgpu_cpp	review-required
webgpu	renderer/src/webgpu/wagyu-port/include/webgpu/webgpu_cpp.h	4359	callback-or-async	callbackMode	void DeviceDescriptor::SetDeviceLostCallback(CallbackMode callbackMode, L callback) {	webgpu:wagyu:webgpu_cpp	review-required
webgpu	renderer/src/webgpu/wagyu-port/include/webgpu/webgpu_cpp.h	4360	callback-or-async	callback	assert(deviceLostCallbackInfo.callback == nullptr);	webgpu:wagyu:webgpu_cpp	review-required
webgpu	renderer/src/webgpu/wagyu-port/include/webgpu/webgpu_cpp.h	4360	callback-or-async	deviceLostCallbackInfo	assert(deviceLostCallbackInfo.callback == nullptr);	webgpu:wagyu:webgpu_cpp	review-required
webgpu	renderer/src/webgpu/wagyu-port/include/webgpu/webgpu_cpp.h	4360	failure-or-loss	assert	assert(deviceLostCallbackInfo.callback == nullptr);	webgpu:wagyu:webgpu_cpp	review-required
webgpu	renderer/src/webgpu/wagyu-port/include/webgpu/webgpu_cpp.h	4361	callback-or-async	DeviceLostCallback	using F = DeviceLostCallback<void>;	webgpu:wagyu:webgpu_cpp	review-required
webgpu	renderer/src/webgpu/wagyu-port/include/webgpu/webgpu_cpp.h	4363	callback-or-async	callbackMode	deviceLostCallbackInfo.mode = static_cast<WGPUCallbackMode>(callbackMode);	webgpu:wagyu:webgpu_cpp	review-required
webgpu	renderer/src/webgpu/wagyu-port/include/webgpu/webgpu_cpp.h	4363	callback-or-async	deviceLostCallbackInfo	deviceLostCallbackInfo.mode = static_cast<WGPUCallbackMode>(callbackMode);	webgpu:wagyu:webgpu_cpp	review-required
webgpu	renderer/src/webgpu/wagyu-port/include/webgpu/webgpu_cpp.h	4365	callback-or-async	callback	deviceLostCallbackInfo.callback = [](WGPUDevice const * device, WGPUDeviceLostReason reason, WGPUStringView message, void* callback_param, void*) {	webgpu:wagyu:webgpu_cpp	review-required
webgpu	renderer/src/webgpu/wagyu-port/include/webgpu/webgpu_cpp.h	4365	callback-or-async	callback_param	deviceLostCallbackInfo.callback = [](WGPUDevice const * device, WGPUDeviceLostReason reason, WGPUStringView message, void* callback_param, void*) {	webgpu:wagyu:webgpu_cpp	review-required
webgpu	renderer/src/webgpu/wagyu-port/include/webgpu/webgpu_cpp.h	4365	callback-or-async	deviceLostCallbackInfo	deviceLostCallbackInfo.callback = [](WGPUDevice const * device, WGPUDeviceLostReason reason, WGPUStringView message, void* callback_param, void*) {	webgpu:wagyu:webgpu_cpp	review-required
webgpu	renderer/src/webgpu/wagyu-port/include/webgpu/webgpu_cpp.h	4366	callback-or-async	callback_param	auto cb = reinterpret_cast<F*>(callback_param);	webgpu:wagyu:webgpu_cpp	review-required
webgpu	renderer/src/webgpu/wagyu-port/include/webgpu/webgpu_cpp.h	4368	construction-or-allocation	Acquire	auto apiDevice = Device::Acquire(*device);	webgpu:wagyu:webgpu_cpp	review-required
webgpu	renderer/src/webgpu/wagyu-port/include/webgpu/webgpu_cpp.h	4369	callback-or-async	DeviceLostReason	(*cb)(apiDevice, static_cast<DeviceLostReason>(reason), message);	webgpu:wagyu:webgpu_cpp	review-required
webgpu	renderer/src/webgpu/wagyu-port/include/webgpu/webgpu_cpp.h	4372	callback-or-async	callback	deviceLostCallbackInfo.userdata1 = reinterpret_cast<void*>(+callback);	webgpu:wagyu:webgpu_cpp	review-required
webgpu	renderer/src/webgpu/wagyu-port/include/webgpu/webgpu_cpp.h	4372	callback-or-async	deviceLostCallbackInfo	deviceLostCallbackInfo.userdata1 = reinterpret_cast<void*>(+callback);	webgpu:wagyu:webgpu_cpp	review-required
webgpu	renderer/src/webgpu/wagyu-port/include/webgpu/webgpu_cpp.h	4373	callback-or-async	deviceLostCallbackInfo	deviceLostCallbackInfo.userdata2 = nullptr;	webgpu:wagyu:webgpu_cpp	review-required
webgpu	renderer/src/webgpu/wagyu-port/include/webgpu/webgpu_cpp.h	4375	callback-or-async	callback	auto* lambda = new L(std::move(callback));	webgpu:wagyu:webgpu_cpp	review-required
webgpu	renderer/src/webgpu/wagyu-port/include/webgpu/webgpu_cpp.h	4375	construction-or-allocation	new	auto* lambda = new L(std::move(callback));	webgpu:wagyu:webgpu_cpp	review-required
webgpu	renderer/src/webgpu/wagyu-port/include/webgpu/webgpu_cpp.h	4376	callback-or-async	callback	deviceLostCallbackInfo.callback = [](WGPUDevice const * device, WGPUDeviceLostReason reason, WGPUStringView message, void* callback_param, void*) {	webgpu:wagyu:webgpu_cpp	review-required
webgpu	renderer/src/webgpu/wagyu-port/include/webgpu/webgpu_cpp.h	4376	callback-or-async	callback_param	deviceLostCallbackInfo.callback = [](WGPUDevice const * device, WGPUDeviceLostReason reason, WGPUStringView message, void* callback_param, void*) {	webgpu:wagyu:webgpu_cpp	review-required
webgpu	renderer/src/webgpu/wagyu-port/include/webgpu/webgpu_cpp.h	4376	callback-or-async	deviceLostCallbackInfo	deviceLostCallbackInfo.callback = [](WGPUDevice const * device, WGPUDeviceLostReason reason, WGPUStringView message, void* callback_param, void*) {	webgpu:wagyu:webgpu_cpp	review-required
webgpu	renderer/src/webgpu/wagyu-port/include/webgpu/webgpu_cpp.h	4377	callback-or-async	callback_param	std::unique_ptr<L> the_lambda(reinterpret_cast<L*>(callback_param));	webgpu:wagyu:webgpu_cpp	review-required
webgpu	renderer/src/webgpu/wagyu-port/include/webgpu/webgpu_cpp.h	4379	construction-or-allocation	Acquire	auto apiDevice = Device::Acquire(*device);	webgpu:wagyu:webgpu_cpp	review-required
webgpu	renderer/src/webgpu/wagyu-port/include/webgpu/webgpu_cpp.h	4380	callback-or-async	DeviceLostReason	(*the_lambda)(apiDevice, static_cast<DeviceLostReason>(reason), message);	webgpu:wagyu:webgpu_cpp	review-required
webgpu	renderer/src/webgpu/wagyu-port/include/webgpu/webgpu_cpp.h	4383	callback-or-async	deviceLostCallbackInfo	deviceLostCallbackInfo.userdata1 = reinterpret_cast<void*>(lambda);	webgpu:wagyu:webgpu_cpp	review-required
webgpu	renderer/src/webgpu/wagyu-port/include/webgpu/webgpu_cpp.h	4384	callback-or-async	deviceLostCallbackInfo	deviceLostCallbackInfo.userdata2 = nullptr;	webgpu:wagyu:webgpu_cpp	review-required
webgpu	renderer/src/webgpu/wagyu-port/include/webgpu/webgpu_cpp.h	4389	callback-or-async	callback	void DeviceDescriptor::SetUncapturedErrorCallback(F callback, T userdata) {	webgpu:wagyu:webgpu_cpp	review-required
webgpu	renderer/src/webgpu/wagyu-port/include/webgpu/webgpu_cpp.h	4390	callback-or-async	callback	assert(uncapturedErrorCallbackInfo.callback == nullptr);	webgpu:wagyu:webgpu_cpp	review-required
webgpu	renderer/src/webgpu/wagyu-port/include/webgpu/webgpu_cpp.h	4390	callback-or-async	uncapturedErrorCallbackInfo	assert(uncapturedErrorCallbackInfo.callback == nullptr);	webgpu:wagyu:webgpu_cpp	review-required
webgpu	renderer/src/webgpu/wagyu-port/include/webgpu/webgpu_cpp.h	4390	failure-or-loss	assert	assert(uncapturedErrorCallbackInfo.callback == nullptr);	webgpu:wagyu:webgpu_cpp	review-required
webgpu	renderer/src/webgpu/wagyu-port/include/webgpu/webgpu_cpp.h	4392	callback-or-async	callback	uncapturedErrorCallbackInfo.callback = [](WGPUDevice const * device, WGPUErrorType type, WGPUStringView message, void* callback_param, void* userdata_param) {	webgpu:wagyu:webgpu_cpp	review-required
webgpu	renderer/src/webgpu/wagyu-port/include/webgpu/webgpu_cpp.h	4392	callback-or-async	callback_param	uncapturedErrorCallbackInfo.callback = [](WGPUDevice const * device, WGPUErrorType type, WGPUStringView message, void* callback_param, void* userdata_param) {	webgpu:wagyu:webgpu_cpp	review-required
webgpu	renderer/src/webgpu/wagyu-port/include/webgpu/webgpu_cpp.h	4392	callback-or-async	uncapturedErrorCallbackInfo	uncapturedErrorCallbackInfo.callback = [](WGPUDevice const * device, WGPUErrorType type, WGPUStringView message, void* callback_param, void* userdata_param) {	webgpu:wagyu:webgpu_cpp	review-required
webgpu	renderer/src/webgpu/wagyu-port/include/webgpu/webgpu_cpp.h	4393	callback-or-async	callback_param	auto cb = reinterpret_cast<Cb*>(callback_param);	webgpu:wagyu:webgpu_cpp	review-required
webgpu	renderer/src/webgpu/wagyu-port/include/webgpu/webgpu_cpp.h	4395	construction-or-allocation	Acquire	auto apiDevice = Device::Acquire(*device);	webgpu:wagyu:webgpu_cpp	review-required
webgpu	renderer/src/webgpu/wagyu-port/include/webgpu/webgpu_cpp.h	4396	failure-or-loss	ErrorType	(*cb)(apiDevice, static_cast<ErrorType>(type), message, static_cast<T>(userdata_param));	webgpu:wagyu:webgpu_cpp	review-required
webgpu	renderer/src/webgpu/wagyu-port/include/webgpu/webgpu_cpp.h	4399	callback-or-async	callback	uncapturedErrorCallbackInfo.userdata1 = reinterpret_cast<void*>(+callback);	webgpu:wagyu:webgpu_cpp	review-required
webgpu	renderer/src/webgpu/wagyu-port/include/webgpu/webgpu_cpp.h	4399	callback-or-async	uncapturedErrorCallbackInfo	uncapturedErrorCallbackInfo.userdata1 = reinterpret_cast<void*>(+callback);	webgpu:wagyu:webgpu_cpp	review-required
webgpu	renderer/src/webgpu/wagyu-port/include/webgpu/webgpu_cpp.h	4400	callback-or-async	uncapturedErrorCallbackInfo	uncapturedErrorCallbackInfo.userdata2 = reinterpret_cast<void*>(userdata);	webgpu:wagyu:webgpu_cpp	review-required
webgpu	renderer/src/webgpu/wagyu-port/include/webgpu/webgpu_cpp.h	4404	callback-or-async	callback	void DeviceDescriptor::SetUncapturedErrorCallback(L callback) {	webgpu:wagyu:webgpu_cpp	review-required
webgpu	renderer/src/webgpu/wagyu-port/include/webgpu/webgpu_cpp.h	4405	callback-or-async	callback	assert(uncapturedErrorCallbackInfo.callback == nullptr);	webgpu:wagyu:webgpu_cpp	review-required
webgpu	renderer/src/webgpu/wagyu-port/include/webgpu/webgpu_cpp.h	4405	callback-or-async	uncapturedErrorCallbackInfo	assert(uncapturedErrorCallbackInfo.callback == nullptr);	webgpu:wagyu:webgpu_cpp	review-required
webgpu	renderer/src/webgpu/wagyu-port/include/webgpu/webgpu_cpp.h	4405	failure-or-loss	assert	assert(uncapturedErrorCallbackInfo.callback == nullptr);	webgpu:wagyu:webgpu_cpp	review-required
webgpu	renderer/src/webgpu/wagyu-port/include/webgpu/webgpu_cpp.h	4406	callback-or-async	UncapturedErrorCallback	using F = UncapturedErrorCallback<void>;	webgpu:wagyu:webgpu_cpp	review-required
webgpu	renderer/src/webgpu/wagyu-port/include/webgpu/webgpu_cpp.h	4407	callback-or-async	callback	static_assert(std::is_convertible_v<L, F*>, "Uncaptured error callback cannot be a binding lambda");	webgpu:wagyu:webgpu_cpp	review-required
webgpu	renderer/src/webgpu/wagyu-port/include/webgpu/webgpu_cpp.h	4407	failure-or-loss	error	static_assert(std::is_convertible_v<L, F*>, "Uncaptured error callback cannot be a binding lambda");	webgpu:wagyu:webgpu_cpp	review-required
webgpu	renderer/src/webgpu/wagyu-port/include/webgpu/webgpu_cpp.h	4409	callback-or-async	callback	uncapturedErrorCallbackInfo.callback = [](WGPUDevice const * device, WGPUErrorType type, WGPUStringView message, void* callback_param, void*) {	webgpu:wagyu:webgpu_cpp	review-required
webgpu	renderer/src/webgpu/wagyu-port/include/webgpu/webgpu_cpp.h	4409	callback-or-async	callback_param	uncapturedErrorCallbackInfo.callback = [](WGPUDevice const * device, WGPUErrorType type, WGPUStringView message, void* callback_param, void*) {	webgpu:wagyu:webgpu_cpp	review-required
webgpu	renderer/src/webgpu/wagyu-port/include/webgpu/webgpu_cpp.h	4409	callback-or-async	uncapturedErrorCallbackInfo	uncapturedErrorCallbackInfo.callback = [](WGPUDevice const * device, WGPUErrorType type, WGPUStringView message, void* callback_param, void*) {	webgpu:wagyu:webgpu_cpp	review-required
webgpu	renderer/src/webgpu/wagyu-port/include/webgpu/webgpu_cpp.h	4410	callback-or-async	callback_param	auto cb = reinterpret_cast<F*>(callback_param);	webgpu:wagyu:webgpu_cpp	review-required
webgpu	renderer/src/webgpu/wagyu-port/include/webgpu/webgpu_cpp.h	4412	construction-or-allocation	Acquire	auto apiDevice = Device::Acquire(*device);	webgpu:wagyu:webgpu_cpp	review-required
webgpu	renderer/src/webgpu/wagyu-port/include/webgpu/webgpu_cpp.h	4413	failure-or-loss	ErrorType	(*cb)(apiDevice, static_cast<ErrorType>(type), message);	webgpu:wagyu:webgpu_cpp	review-required
webgpu	renderer/src/webgpu/wagyu-port/include/webgpu/webgpu_cpp.h	4416	callback-or-async	callback	uncapturedErrorCallbackInfo.userdata1 = reinterpret_cast<void*>(+callback);	webgpu:wagyu:webgpu_cpp	review-required
webgpu	renderer/src/webgpu/wagyu-port/include/webgpu/webgpu_cpp.h	4416	callback-or-async	uncapturedErrorCallbackInfo	uncapturedErrorCallbackInfo.userdata1 = reinterpret_cast<void*>(+callback);	webgpu:wagyu:webgpu_cpp	review-required
webgpu	renderer/src/webgpu/wagyu-port/include/webgpu/webgpu_cpp.h	4417	callback-or-async	uncapturedErrorCallbackInfo	uncapturedErrorCallbackInfo.userdata2 = nullptr;	webgpu:wagyu:webgpu_cpp	review-required
webgpu	renderer/src/webgpu/wagyu-port/include/webgpu/webgpu_cpp.h	4447	callback-or-async	CallbackMode	Future Adapter::RequestDevice(DeviceDescriptor const * descriptor, CallbackMode callbackMode,F callback, T userdata) const {	webgpu:wagyu:webgpu_cpp	review-required
webgpu	renderer/src/webgpu/wagyu-port/include/webgpu/webgpu_cpp.h	4447	callback-or-async	callback	Future Adapter::RequestDevice(DeviceDescriptor const * descriptor, CallbackMode callbackMode,F callback, T userdata) const {	webgpu:wagyu:webgpu_cpp	review-required
webgpu	renderer/src/webgpu/wagyu-port/include/webgpu/webgpu_cpp.h	4447	callback-or-async	callbackMode	Future Adapter::RequestDevice(DeviceDescriptor const * descriptor, CallbackMode callbackMode,F callback, T userdata) const {	webgpu:wagyu:webgpu_cpp	review-required
webgpu	renderer/src/webgpu/wagyu-port/include/webgpu/webgpu_cpp.h	4448	callback-or-async	callbackInfo	WGPURequestDeviceCallbackInfo callbackInfo = {};	webgpu:wagyu:webgpu_cpp	review-required
webgpu	renderer/src/webgpu/wagyu-port/include/webgpu/webgpu_cpp.h	4449	callback-or-async	callbackInfo	callbackInfo.mode = static_cast<WGPUCallbackMode>(callbackMode);	webgpu:wagyu:webgpu_cpp	review-required
webgpu	renderer/src/webgpu/wagyu-port/include/webgpu/webgpu_cpp.h	4449	callback-or-async	callbackMode	callbackInfo.mode = static_cast<WGPUCallbackMode>(callbackMode);	webgpu:wagyu:webgpu_cpp	review-required
webgpu	renderer/src/webgpu/wagyu-port/include/webgpu/webgpu_cpp.h	4451	callback-or-async	callback	callbackInfo.callback = [](WGPURequestDeviceStatus status, WGPUDevice device, WGPUStringView message, void* callback_param, void* userdata_param) {	webgpu:wagyu:webgpu_cpp	review-required
webgpu	renderer/src/webgpu/wagyu-port/include/webgpu/webgpu_cpp.h	4451	callback-or-async	callbackInfo	callbackInfo.callback = [](WGPURequestDeviceStatus status, WGPUDevice device, WGPUStringView message, void* callback_param, void* userdata_param) {	webgpu:wagyu:webgpu_cpp	review-required
webgpu	renderer/src/webgpu/wagyu-port/include/webgpu/webgpu_cpp.h	4451	callback-or-async	callback_param	callbackInfo.callback = [](WGPURequestDeviceStatus status, WGPUDevice device, WGPUStringView message, void* callback_param, void* userdata_param) {	webgpu:wagyu:webgpu_cpp	review-required
webgpu	renderer/src/webgpu/wagyu-port/include/webgpu/webgpu_cpp.h	4452	callback-or-async	callback_param	auto cb = reinterpret_cast<Cb*>(callback_param);	webgpu:wagyu:webgpu_cpp	review-required
webgpu	renderer/src/webgpu/wagyu-port/include/webgpu/webgpu_cpp.h	4453	construction-or-allocation	Acquire	(*cb)(static_cast<RequestDeviceStatus>(status), Device::Acquire(device), StringView {	webgpu:wagyu:webgpu_cpp	review-required
webgpu	renderer/src/webgpu/wagyu-port/include/webgpu/webgpu_cpp.h	4459	callback-or-async	callback	callbackInfo.callback = [](WGPURequestDeviceStatus status, WGPUDevice device, WGPUStringView message, void* callback_param, void* userdata_param) {	webgpu:wagyu:webgpu_cpp	review-required
webgpu	renderer/src/webgpu/wagyu-port/include/webgpu/webgpu_cpp.h	4459	callback-or-async	callbackInfo	callbackInfo.callback = [](WGPURequestDeviceStatus status, WGPUDevice device, WGPUStringView message, void* callback_param, void* userdata_param) {	webgpu:wagyu:webgpu_cpp	review-required
webgpu	renderer/src/webgpu/wagyu-port/include/webgpu/webgpu_cpp.h	4459	callback-or-async	callback_param	callbackInfo.callback = [](WGPURequestDeviceStatus status, WGPUDevice device, WGPUStringView message, void* callback_param, void* userdata_param) {	webgpu:wagyu:webgpu_cpp	review-required
webgpu	renderer/src/webgpu/wagyu-port/include/webgpu/webgpu_cpp.h	4460	callback-or-async	callback_param	auto cb = reinterpret_cast<CbChar*>(callback_param);	webgpu:wagyu:webgpu_cpp	review-required
webgpu	renderer/src/webgpu/wagyu-port/include/webgpu/webgpu_cpp.h	4461	construction-or-allocation	Acquire	(*cb)(static_cast<RequestDeviceStatus>(status), Device::Acquire(device), {detail::StringViewAdapter(message)}, static_cast<T>(userdata_param));	webgpu:wagyu:webgpu_cpp	review-required
webgpu	renderer/src/webgpu/wagyu-port/include/webgpu/webgpu_cpp.h	4464	callback-or-async	callback	callbackInfo.userdata1 = reinterpret_cast<void*>(+callback);	webgpu:wagyu:webgpu_cpp	review-required
webgpu	renderer/src/webgpu/wagyu-port/include/webgpu/webgpu_cpp.h	4464	callback-or-async	callbackInfo	callbackInfo.userdata1 = reinterpret_cast<void*>(+callback);	webgpu:wagyu:webgpu_cpp	review-required
webgpu	renderer/src/webgpu/wagyu-port/include/webgpu/webgpu_cpp.h	4465	callback-or-async	callbackInfo	callbackInfo.userdata2 = reinterpret_cast<void*>(userdata);	webgpu:wagyu:webgpu_cpp	review-required
webgpu	renderer/src/webgpu/wagyu-port/include/webgpu/webgpu_cpp.h	4466	callback-or-async	callbackInfo	auto result = wgpuAdapterRequestDevice(Get(), reinterpret_cast<WGPUDeviceDescriptor const *>(descriptor), callbackInfo);	webgpu:wagyu:webgpu_cpp	review-required
webgpu	renderer/src/webgpu/wagyu-port/include/webgpu/webgpu_cpp.h	4475	callback-or-async	CallbackMode	Future Adapter::RequestDevice(DeviceDescriptor const * descriptor, CallbackMode callbackMode,L callback) const {	webgpu:wagyu:webgpu_cpp	review-required
webgpu	renderer/src/webgpu/wagyu-port/include/webgpu/webgpu_cpp.h	4475	callback-or-async	callback	Future Adapter::RequestDevice(DeviceDescriptor const * descriptor, CallbackMode callbackMode,L callback) const {	webgpu:wagyu:webgpu_cpp	review-required
webgpu	renderer/src/webgpu/wagyu-port/include/webgpu/webgpu_cpp.h	4475	callback-or-async	callbackMode	Future Adapter::RequestDevice(DeviceDescriptor const * descriptor, CallbackMode callbackMode,L callback) const {	webgpu:wagyu:webgpu_cpp	review-required
webgpu	renderer/src/webgpu/wagyu-port/include/webgpu/webgpu_cpp.h	4478	callback-or-async	callbackInfo	WGPURequestDeviceCallbackInfo callbackInfo = {};	webgpu:wagyu:webgpu_cpp	review-required
webgpu	renderer/src/webgpu/wagyu-port/include/webgpu/webgpu_cpp.h	4479	callback-or-async	callbackInfo	callbackInfo.mode = static_cast<WGPUCallbackMode>(callbackMode);	webgpu:wagyu:webgpu_cpp	review-required
webgpu	renderer/src/webgpu/wagyu-port/include/webgpu/webgpu_cpp.h	4479	callback-or-async	callbackMode	callbackInfo.mode = static_cast<WGPUCallbackMode>(callbackMode);	webgpu:wagyu:webgpu_cpp	review-required
webgpu	renderer/src/webgpu/wagyu-port/include/webgpu/webgpu_cpp.h	4481	callback-or-async	callback	callbackInfo.callback = [](WGPURequestDeviceStatus status, WGPUDevice device, WGPUStringView message, void* callback_param, void*) {	webgpu:wagyu:webgpu_cpp	review-required
webgpu	renderer/src/webgpu/wagyu-port/include/webgpu/webgpu_cpp.h	4481	callback-or-async	callbackInfo	callbackInfo.callback = [](WGPURequestDeviceStatus status, WGPUDevice device, WGPUStringView message, void* callback_param, void*) {	webgpu:wagyu:webgpu_cpp	review-required
webgpu	renderer/src/webgpu/wagyu-port/include/webgpu/webgpu_cpp.h	4481	callback-or-async	callback_param	callbackInfo.callback = [](WGPURequestDeviceStatus status, WGPUDevice device, WGPUStringView message, void* callback_param, void*) {	webgpu:wagyu:webgpu_cpp	review-required
webgpu	renderer/src/webgpu/wagyu-port/include/webgpu/webgpu_cpp.h	4482	callback-or-async	callback_param	auto cb = reinterpret_cast<F*>(callback_param);	webgpu:wagyu:webgpu_cpp	review-required
webgpu	renderer/src/webgpu/wagyu-port/include/webgpu/webgpu_cpp.h	4483	construction-or-allocation	Acquire	(*cb)(static_cast<RequestDeviceStatus>(status), Device::Acquire(device), StringView {	webgpu:wagyu:webgpu_cpp	review-required
webgpu	renderer/src/webgpu/wagyu-port/include/webgpu/webgpu_cpp.h	4488	callback-or-async	callback	callbackInfo.userdata1 = reinterpret_cast<void*>(+callback);	webgpu:wagyu:webgpu_cpp	review-required
webgpu	renderer/src/webgpu/wagyu-port/include/webgpu/webgpu_cpp.h	4488	callback-or-async	callbackInfo	callbackInfo.userdata1 = reinterpret_cast<void*>(+callback);	webgpu:wagyu:webgpu_cpp	review-required
webgpu	renderer/src/webgpu/wagyu-port/include/webgpu/webgpu_cpp.h	4489	callback-or-async	callbackInfo	callbackInfo.userdata2 = nullptr;	webgpu:wagyu:webgpu_cpp	review-required
webgpu	renderer/src/webgpu/wagyu-port/include/webgpu/webgpu_cpp.h	4491	callback-or-async	callback	auto* lambda = new L(std::move(callback));	webgpu:wagyu:webgpu_cpp	review-required
webgpu	renderer/src/webgpu/wagyu-port/include/webgpu/webgpu_cpp.h	4491	construction-or-allocation	new	auto* lambda = new L(std::move(callback));	webgpu:wagyu:webgpu_cpp	review-required
webgpu	renderer/src/webgpu/wagyu-port/include/webgpu/webgpu_cpp.h	4492	callback-or-async	callback	callbackInfo.callback = [](WGPURequestDeviceStatus status, WGPUDevice device, WGPUStringView message, void* callback_param, void*) {	webgpu:wagyu:webgpu_cpp	review-required
webgpu	renderer/src/webgpu/wagyu-port/include/webgpu/webgpu_cpp.h	4492	callback-or-async	callbackInfo	callbackInfo.callback = [](WGPURequestDeviceStatus status, WGPUDevice device, WGPUStringView message, void* callback_param, void*) {	webgpu:wagyu:webgpu_cpp	review-required
webgpu	renderer/src/webgpu/wagyu-port/include/webgpu/webgpu_cpp.h	4492	callback-or-async	callback_param	callbackInfo.callback = [](WGPURequestDeviceStatus status, WGPUDevice device, WGPUStringView message, void* callback_param, void*) {	webgpu:wagyu:webgpu_cpp	review-required
webgpu	renderer/src/webgpu/wagyu-port/include/webgpu/webgpu_cpp.h	4493	callback-or-async	callback_param	std::unique_ptr<L> the_lambda(reinterpret_cast<L*>(callback_param));	webgpu:wagyu:webgpu_cpp	review-required
webgpu	renderer/src/webgpu/wagyu-port/include/webgpu/webgpu_cpp.h	4494	construction-or-allocation	Acquire	(*the_lambda)(static_cast<RequestDeviceStatus>(status), Device::Acquire(device), {detail::StringViewAdapter(message)});	webgpu:wagyu:webgpu_cpp	review-required
webgpu	renderer/src/webgpu/wagyu-port/include/webgpu/webgpu_cpp.h	4496	callback-or-async	callbackInfo	callbackInfo.userdata1 = reinterpret_cast<void*>(lambda);	webgpu:wagyu:webgpu_cpp	review-required
webgpu	renderer/src/webgpu/wagyu-port/include/webgpu/webgpu_cpp.h	4497	callback-or-async	callbackInfo	callbackInfo.userdata2 = nullptr;	webgpu:wagyu:webgpu_cpp	review-required
webgpu	renderer/src/webgpu/wagyu-port/include/webgpu/webgpu_cpp.h	4499	callback-or-async	callbackInfo	auto result = wgpuAdapterRequestDevice(Get(), reinterpret_cast<WGPUDeviceDescriptor const *>(descriptor), callbackInfo);	webgpu:wagyu:webgpu_cpp	review-required
webgpu	renderer/src/webgpu/wagyu-port/include/webgpu/webgpu_cpp.h	4561	destruction-or-release	Destroy	void Buffer::Destroy() const {	webgpu:wagyu:webgpu_cpp	review-required
webgpu	renderer/src/webgpu/wagyu-port/include/webgpu/webgpu_cpp.h	4588	callback-or-async	CallbackMode	Future Buffer::MapAsync(MapMode mode, size_t offset, size_t size, CallbackMode callbackMode,F callback, T userdata) const {	webgpu:wagyu:webgpu_cpp	review-required
webgpu	renderer/src/webgpu/wagyu-port/include/webgpu/webgpu_cpp.h	4588	callback-or-async	callback	Future Buffer::MapAsync(MapMode mode, size_t offset, size_t size, CallbackMode callbackMode,F callback, T userdata) const {	webgpu:wagyu:webgpu_cpp	review-required
webgpu	renderer/src/webgpu/wagyu-port/include/webgpu/webgpu_cpp.h	4588	callback-or-async	callbackMode	Future Buffer::MapAsync(MapMode mode, size_t offset, size_t size, CallbackMode callbackMode,F callback, T userdata) const {	webgpu:wagyu:webgpu_cpp	review-required
webgpu	renderer/src/webgpu/wagyu-port/include/webgpu/webgpu_cpp.h	4588	mapping-or-host-visibility	MapAsync	Future Buffer::MapAsync(MapMode mode, size_t offset, size_t size, CallbackMode callbackMode,F callback, T userdata) const {	webgpu:wagyu:webgpu_cpp	review-required
webgpu	renderer/src/webgpu/wagyu-port/include/webgpu/webgpu_cpp.h	4588	mapping-or-host-visibility	MapMode	Future Buffer::MapAsync(MapMode mode, size_t offset, size_t size, CallbackMode callbackMode,F callback, T userdata) const {	webgpu:wagyu:webgpu_cpp	review-required
webgpu	renderer/src/webgpu/wagyu-port/include/webgpu/webgpu_cpp.h	4589	callback-or-async	callbackInfo	WGPUBufferMapCallbackInfo callbackInfo = {};	webgpu:wagyu:webgpu_cpp	review-required
webgpu	renderer/src/webgpu/wagyu-port/include/webgpu/webgpu_cpp.h	4590	callback-or-async	callbackInfo	callbackInfo.mode = static_cast<WGPUCallbackMode>(callbackMode);	webgpu:wagyu:webgpu_cpp	review-required
webgpu	renderer/src/webgpu/wagyu-port/include/webgpu/webgpu_cpp.h	4590	callback-or-async	callbackMode	callbackInfo.mode = static_cast<WGPUCallbackMode>(callbackMode);	webgpu:wagyu:webgpu_cpp	review-required
webgpu	renderer/src/webgpu/wagyu-port/include/webgpu/webgpu_cpp.h	4592	callback-or-async	callback	callbackInfo.callback = [](WGPUMapAsyncStatus status, WGPUStringView message, void* callback_param, void* userdata_param) {	webgpu:wagyu:webgpu_cpp	review-required
webgpu	renderer/src/webgpu/wagyu-port/include/webgpu/webgpu_cpp.h	4592	callback-or-async	callbackInfo	callbackInfo.callback = [](WGPUMapAsyncStatus status, WGPUStringView message, void* callback_param, void* userdata_param) {	webgpu:wagyu:webgpu_cpp	review-required
webgpu	renderer/src/webgpu/wagyu-port/include/webgpu/webgpu_cpp.h	4592	callback-or-async	callback_param	callbackInfo.callback = [](WGPUMapAsyncStatus status, WGPUStringView message, void* callback_param, void* userdata_param) {	webgpu:wagyu:webgpu_cpp	review-required
webgpu	renderer/src/webgpu/wagyu-port/include/webgpu/webgpu_cpp.h	4593	callback-or-async	callback_param	auto cb = reinterpret_cast<Cb*>(callback_param);	webgpu:wagyu:webgpu_cpp	review-required
webgpu	renderer/src/webgpu/wagyu-port/include/webgpu/webgpu_cpp.h	4594	mapping-or-host-visibility	MapAsyncStatus	(*cb)(static_cast<MapAsyncStatus>(status), StringView {	webgpu:wagyu:webgpu_cpp	review-required
webgpu	renderer/src/webgpu/wagyu-port/include/webgpu/webgpu_cpp.h	4600	callback-or-async	callback	callbackInfo.callback = [](WGPUMapAsyncStatus status, WGPUStringView message, void* callback_param, void* userdata_param) {	webgpu:wagyu:webgpu_cpp	review-required
webgpu	renderer/src/webgpu/wagyu-port/include/webgpu/webgpu_cpp.h	4600	callback-or-async	callbackInfo	callbackInfo.callback = [](WGPUMapAsyncStatus status, WGPUStringView message, void* callback_param, void* userdata_param) {	webgpu:wagyu:webgpu_cpp	review-required
webgpu	renderer/src/webgpu/wagyu-port/include/webgpu/webgpu_cpp.h	4600	callback-or-async	callback_param	callbackInfo.callback = [](WGPUMapAsyncStatus status, WGPUStringView message, void* callback_param, void* userdata_param) {	webgpu:wagyu:webgpu_cpp	review-required
webgpu	renderer/src/webgpu/wagyu-port/include/webgpu/webgpu_cpp.h	4601	callback-or-async	callback_param	auto cb = reinterpret_cast<CbChar*>(callback_param);	webgpu:wagyu:webgpu_cpp	review-required
webgpu	renderer/src/webgpu/wagyu-port/include/webgpu/webgpu_cpp.h	4602	mapping-or-host-visibility	MapAsyncStatus	(*cb)(static_cast<MapAsyncStatus>(status), {detail::StringViewAdapter(message)}, static_cast<T>(userdata_param));	webgpu:wagyu:webgpu_cpp	review-required
webgpu	renderer/src/webgpu/wagyu-port/include/webgpu/webgpu_cpp.h	4605	callback-or-async	callback	callbackInfo.userdata1 = reinterpret_cast<void*>(+callback);	webgpu:wagyu:webgpu_cpp	review-required
webgpu	renderer/src/webgpu/wagyu-port/include/webgpu/webgpu_cpp.h	4605	callback-or-async	callbackInfo	callbackInfo.userdata1 = reinterpret_cast<void*>(+callback);	webgpu:wagyu:webgpu_cpp	review-required
webgpu	renderer/src/webgpu/wagyu-port/include/webgpu/webgpu_cpp.h	4606	callback-or-async	callbackInfo	callbackInfo.userdata2 = reinterpret_cast<void*>(userdata);	webgpu:wagyu:webgpu_cpp	review-required
webgpu	renderer/src/webgpu/wagyu-port/include/webgpu/webgpu_cpp.h	4607	callback-or-async	callbackInfo	auto result = wgpuBufferMapAsync(Get(), static_cast<WGPUMapMode>(mode), offset, size, callbackInfo);	webgpu:wagyu:webgpu_cpp	review-required
webgpu	renderer/src/webgpu/wagyu-port/include/webgpu/webgpu_cpp.h	4616	callback-or-async	CallbackMode	Future Buffer::MapAsync(MapMode mode, size_t offset, size_t size, CallbackMode callbackMode,L callback) const {	webgpu:wagyu:webgpu_cpp	review-required
webgpu	renderer/src/webgpu/wagyu-port/include/webgpu/webgpu_cpp.h	4616	callback-or-async	callback	Future Buffer::MapAsync(MapMode mode, size_t offset, size_t size, CallbackMode callbackMode,L callback) const {	webgpu:wagyu:webgpu_cpp	review-required
webgpu	renderer/src/webgpu/wagyu-port/include/webgpu/webgpu_cpp.h	4616	callback-or-async	callbackMode	Future Buffer::MapAsync(MapMode mode, size_t offset, size_t size, CallbackMode callbackMode,L callback) const {	webgpu:wagyu:webgpu_cpp	review-required
webgpu	renderer/src/webgpu/wagyu-port/include/webgpu/webgpu_cpp.h	4616	mapping-or-host-visibility	MapAsync	Future Buffer::MapAsync(MapMode mode, size_t offset, size_t size, CallbackMode callbackMode,L callback) const {	webgpu:wagyu:webgpu_cpp	review-required
webgpu	renderer/src/webgpu/wagyu-port/include/webgpu/webgpu_cpp.h	4616	mapping-or-host-visibility	MapMode	Future Buffer::MapAsync(MapMode mode, size_t offset, size_t size, CallbackMode callbackMode,L callback) const {	webgpu:wagyu:webgpu_cpp	review-required
webgpu	renderer/src/webgpu/wagyu-port/include/webgpu/webgpu_cpp.h	4619	callback-or-async	callbackInfo	WGPUBufferMapCallbackInfo callbackInfo = {};	webgpu:wagyu:webgpu_cpp	review-required
webgpu	renderer/src/webgpu/wagyu-port/include/webgpu/webgpu_cpp.h	4620	callback-or-async	callbackInfo	callbackInfo.mode = static_cast<WGPUCallbackMode>(callbackMode);	webgpu:wagyu:webgpu_cpp	review-required
webgpu	renderer/src/webgpu/wagyu-port/include/webgpu/webgpu_cpp.h	4620	callback-or-async	callbackMode	callbackInfo.mode = static_cast<WGPUCallbackMode>(callbackMode);	webgpu:wagyu:webgpu_cpp	review-required
webgpu	renderer/src/webgpu/wagyu-port/include/webgpu/webgpu_cpp.h	4622	callback-or-async	callback	callbackInfo.callback = [](WGPUMapAsyncStatus status, WGPUStringView message, void* callback_param, void*) {	webgpu:wagyu:webgpu_cpp	review-required
webgpu	renderer/src/webgpu/wagyu-port/include/webgpu/webgpu_cpp.h	4622	callback-or-async	callbackInfo	callbackInfo.callback = [](WGPUMapAsyncStatus status, WGPUStringView message, void* callback_param, void*) {	webgpu:wagyu:webgpu_cpp	review-required
webgpu	renderer/src/webgpu/wagyu-port/include/webgpu/webgpu_cpp.h	4622	callback-or-async	callback_param	callbackInfo.callback = [](WGPUMapAsyncStatus status, WGPUStringView message, void* callback_param, void*) {	webgpu:wagyu:webgpu_cpp	review-required
webgpu	renderer/src/webgpu/wagyu-port/include/webgpu/webgpu_cpp.h	4623	callback-or-async	callback_param	auto cb = reinterpret_cast<F*>(callback_param);	webgpu:wagyu:webgpu_cpp	review-required
webgpu	renderer/src/webgpu/wagyu-port/include/webgpu/webgpu_cpp.h	4624	mapping-or-host-visibility	MapAsyncStatus	(*cb)(static_cast<MapAsyncStatus>(status), StringView {	webgpu:wagyu:webgpu_cpp	review-required
webgpu	renderer/src/webgpu/wagyu-port/include/webgpu/webgpu_cpp.h	4629	callback-or-async	callback	callbackInfo.userdata1 = reinterpret_cast<void*>(+callback);	webgpu:wagyu:webgpu_cpp	review-required
webgpu	renderer/src/webgpu/wagyu-port/include/webgpu/webgpu_cpp.h	4629	callback-or-async	callbackInfo	callbackInfo.userdata1 = reinterpret_cast<void*>(+callback);	webgpu:wagyu:webgpu_cpp	review-required
webgpu	renderer/src/webgpu/wagyu-port/include/webgpu/webgpu_cpp.h	4630	callback-or-async	callbackInfo	callbackInfo.userdata2 = nullptr;	webgpu:wagyu:webgpu_cpp	review-required
webgpu	renderer/src/webgpu/wagyu-port/include/webgpu/webgpu_cpp.h	4632	callback-or-async	callback	auto* lambda = new L(std::move(callback));	webgpu:wagyu:webgpu_cpp	review-required
webgpu	renderer/src/webgpu/wagyu-port/include/webgpu/webgpu_cpp.h	4632	construction-or-allocation	new	auto* lambda = new L(std::move(callback));	webgpu:wagyu:webgpu_cpp	review-required
webgpu	renderer/src/webgpu/wagyu-port/include/webgpu/webgpu_cpp.h	4633	callback-or-async	callback	callbackInfo.callback = [](WGPUMapAsyncStatus status, WGPUStringView message, void* callback_param, void*) {	webgpu:wagyu:webgpu_cpp	review-required
webgpu	renderer/src/webgpu/wagyu-port/include/webgpu/webgpu_cpp.h	4633	callback-or-async	callbackInfo	callbackInfo.callback = [](WGPUMapAsyncStatus status, WGPUStringView message, void* callback_param, void*) {	webgpu:wagyu:webgpu_cpp	review-required
webgpu	renderer/src/webgpu/wagyu-port/include/webgpu/webgpu_cpp.h	4633	callback-or-async	callback_param	callbackInfo.callback = [](WGPUMapAsyncStatus status, WGPUStringView message, void* callback_param, void*) {	webgpu:wagyu:webgpu_cpp	review-required
webgpu	renderer/src/webgpu/wagyu-port/include/webgpu/webgpu_cpp.h	4634	callback-or-async	callback_param	std::unique_ptr<L> the_lambda(reinterpret_cast<L*>(callback_param));	webgpu:wagyu:webgpu_cpp	review-required
webgpu	renderer/src/webgpu/wagyu-port/include/webgpu/webgpu_cpp.h	4635	mapping-or-host-visibility	MapAsyncStatus	(*the_lambda)(static_cast<MapAsyncStatus>(status), {detail::StringViewAdapter(message)});	webgpu:wagyu:webgpu_cpp	review-required
webgpu	renderer/src/webgpu/wagyu-port/include/webgpu/webgpu_cpp.h	4637	callback-or-async	callbackInfo	callbackInfo.userdata1 = reinterpret_cast<void*>(lambda);	webgpu:wagyu:webgpu_cpp	review-required
webgpu	renderer/src/webgpu/wagyu-port/include/webgpu/webgpu_cpp.h	4638	callback-or-async	callbackInfo	callbackInfo.userdata2 = nullptr;	webgpu:wagyu:webgpu_cpp	review-required
webgpu	renderer/src/webgpu/wagyu-port/include/webgpu/webgpu_cpp.h	4640	callback-or-async	callbackInfo	auto result = wgpuBufferMapAsync(Get(), static_cast<WGPUMapMode>(mode), offset, size, callbackInfo);	webgpu:wagyu:webgpu_cpp	review-required
webgpu	renderer/src/webgpu/wagyu-port/include/webgpu/webgpu_cpp.h	4652	mapping-or-host-visibility	Unmap	void Buffer::Unmap() const {	webgpu:wagyu:webgpu_cpp	review-required
webgpu	renderer/src/webgpu/wagyu-port/include/webgpu/webgpu_cpp.h	4698	construction-or-allocation	Acquire	return ComputePassEncoder::Acquire(result);	webgpu:wagyu:webgpu_cpp	review-required
webgpu	renderer/src/webgpu/wagyu-port/include/webgpu/webgpu_cpp.h	4702	construction-or-allocation	Acquire	return RenderPassEncoder::Acquire(result);	webgpu:wagyu:webgpu_cpp	review-required
webgpu	renderer/src/webgpu/wagyu-port/include/webgpu/webgpu_cpp.h	4719	synchronization-or-submission	Finish	CommandBuffer CommandEncoder::Finish(CommandBufferDescriptor const * descriptor) const {	webgpu:wagyu:webgpu_cpp	review-required
webgpu	renderer/src/webgpu/wagyu-port/include/webgpu/webgpu_cpp.h	4721	construction-or-allocation	Acquire	return CommandBuffer::Acquire(result);	webgpu:wagyu:webgpu_cpp	review-required
webgpu	renderer/src/webgpu/wagyu-port/include/webgpu/webgpu_cpp.h	4807	construction-or-allocation	Acquire	return BindGroupLayout::Acquire(result);	webgpu:wagyu:webgpu_cpp	review-required
webgpu	renderer/src/webgpu/wagyu-port/include/webgpu/webgpu_cpp.h	4829	construction-or-allocation	CreateBindGroup	BindGroup Device::CreateBindGroup(BindGroupDescriptor const * descriptor) const {	webgpu:wagyu:webgpu_cpp	review-required
webgpu	renderer/src/webgpu/wagyu-port/include/webgpu/webgpu_cpp.h	4831	construction-or-allocation	Acquire	return BindGroup::Acquire(result);	webgpu:wagyu:webgpu_cpp	review-required
webgpu	renderer/src/webgpu/wagyu-port/include/webgpu/webgpu_cpp.h	4833	construction-or-allocation	CreateBindGroupLayout	BindGroupLayout Device::CreateBindGroupLayout(BindGroupLayoutDescriptor const * descriptor) const {	webgpu:wagyu:webgpu_cpp	review-required
webgpu	renderer/src/webgpu/wagyu-port/include/webgpu/webgpu_cpp.h	4835	construction-or-allocation	Acquire	return BindGroupLayout::Acquire(result);	webgpu:wagyu:webgpu_cpp	review-required
webgpu	renderer/src/webgpu/wagyu-port/include/webgpu/webgpu_cpp.h	4837	construction-or-allocation	CreateBuffer	Buffer Device::CreateBuffer(BufferDescriptor const * descriptor) const {	webgpu:wagyu:webgpu_cpp	review-required
webgpu	renderer/src/webgpu/wagyu-port/include/webgpu/webgpu_cpp.h	4839	construction-or-allocation	Acquire	return Buffer::Acquire(result);	webgpu:wagyu:webgpu_cpp	review-required
webgpu	renderer/src/webgpu/wagyu-port/include/webgpu/webgpu_cpp.h	4841	construction-or-allocation	CreateCommandEncoder	CommandEncoder Device::CreateCommandEncoder(CommandEncoderDescriptor const * descriptor) const {	webgpu:wagyu:webgpu_cpp	review-required
webgpu	renderer/src/webgpu/wagyu-port/include/webgpu/webgpu_cpp.h	4843	construction-or-allocation	Acquire	return CommandEncoder::Acquire(result);	webgpu:wagyu:webgpu_cpp	review-required
webgpu	renderer/src/webgpu/wagyu-port/include/webgpu/webgpu_cpp.h	4845	construction-or-allocation	CreateComputePipeline	ComputePipeline Device::CreateComputePipeline(ComputePipelineDescriptor const * descriptor) const {	webgpu:wagyu:webgpu_cpp	review-required
webgpu	renderer/src/webgpu/wagyu-port/include/webgpu/webgpu_cpp.h	4847	construction-or-allocation	Acquire	return ComputePipeline::Acquire(result);	webgpu:wagyu:webgpu_cpp	review-required
webgpu	renderer/src/webgpu/wagyu-port/include/webgpu/webgpu_cpp.h	4853	callback-or-async	CallbackMode	Future Device::CreateComputePipelineAsync(ComputePipelineDescriptor const * descriptor, CallbackMode callbackMode,F callback, T userdata) const {	webgpu:wagyu:webgpu_cpp	review-required
webgpu	renderer/src/webgpu/wagyu-port/include/webgpu/webgpu_cpp.h	4853	callback-or-async	callback	Future Device::CreateComputePipelineAsync(ComputePipelineDescriptor const * descriptor, CallbackMode callbackMode,F callback, T userdata) const {	webgpu:wagyu:webgpu_cpp	review-required
webgpu	renderer/src/webgpu/wagyu-port/include/webgpu/webgpu_cpp.h	4853	callback-or-async	callbackMode	Future Device::CreateComputePipelineAsync(ComputePipelineDescriptor const * descriptor, CallbackMode callbackMode,F callback, T userdata) const {	webgpu:wagyu:webgpu_cpp	review-required
webgpu	renderer/src/webgpu/wagyu-port/include/webgpu/webgpu_cpp.h	4853	construction-or-allocation	CreateComputePipelineAsync	Future Device::CreateComputePipelineAsync(ComputePipelineDescriptor const * descriptor, CallbackMode callbackMode,F callback, T userdata) const {	webgpu:wagyu:webgpu_cpp	review-required
webgpu	renderer/src/webgpu/wagyu-port/include/webgpu/webgpu_cpp.h	4854	callback-or-async	callbackInfo	WGPUCreateComputePipelineAsyncCallbackInfo callbackInfo = {};	webgpu:wagyu:webgpu_cpp	review-required
webgpu	renderer/src/webgpu/wagyu-port/include/webgpu/webgpu_cpp.h	4855	callback-or-async	callbackInfo	callbackInfo.mode = static_cast<WGPUCallbackMode>(callbackMode);	webgpu:wagyu:webgpu_cpp	review-required
webgpu	renderer/src/webgpu/wagyu-port/include/webgpu/webgpu_cpp.h	4855	callback-or-async	callbackMode	callbackInfo.mode = static_cast<WGPUCallbackMode>(callbackMode);	webgpu:wagyu:webgpu_cpp	review-required
webgpu	renderer/src/webgpu/wagyu-port/include/webgpu/webgpu_cpp.h	4857	callback-or-async	callback	callbackInfo.callback = [](WGPUCreatePipelineAsyncStatus status, WGPUComputePipeline pipeline, WGPUStringView message, void* callback_param, void* userdata_param) {	webgpu:wagyu:webgpu_cpp	review-required
webgpu	renderer/src/webgpu/wagyu-port/include/webgpu/webgpu_cpp.h	4857	callback-or-async	callbackInfo	callbackInfo.callback = [](WGPUCreatePipelineAsyncStatus status, WGPUComputePipeline pipeline, WGPUStringView message, void* callback_param, void* userdata_param) {	webgpu:wagyu:webgpu_cpp	review-required
webgpu	renderer/src/webgpu/wagyu-port/include/webgpu/webgpu_cpp.h	4857	callback-or-async	callback_param	callbackInfo.callback = [](WGPUCreatePipelineAsyncStatus status, WGPUComputePipeline pipeline, WGPUStringView message, void* callback_param, void* userdata_param) {	webgpu:wagyu:webgpu_cpp	review-required
webgpu	renderer/src/webgpu/wagyu-port/include/webgpu/webgpu_cpp.h	4858	callback-or-async	callback_param	auto cb = reinterpret_cast<Cb*>(callback_param);	webgpu:wagyu:webgpu_cpp	review-required
webgpu	renderer/src/webgpu/wagyu-port/include/webgpu/webgpu_cpp.h	4859	construction-or-allocation	Acquire	(*cb)(static_cast<CreatePipelineAsyncStatus>(status), ComputePipeline::Acquire(pipeline), StringView {	webgpu:wagyu:webgpu_cpp	review-required
webgpu	renderer/src/webgpu/wagyu-port/include/webgpu/webgpu_cpp.h	4859	construction-or-allocation	CreatePipelineAsyncStatus	(*cb)(static_cast<CreatePipelineAsyncStatus>(status), ComputePipeline::Acquire(pipeline), StringView {	webgpu:wagyu:webgpu_cpp	review-required
webgpu	renderer/src/webgpu/wagyu-port/include/webgpu/webgpu_cpp.h	4865	callback-or-async	callback	callbackInfo.callback = [](WGPUCreatePipelineAsyncStatus status, WGPUComputePipeline pipeline, WGPUStringView message, void* callback_param, void* userdata_param) {	webgpu:wagyu:webgpu_cpp	review-required
webgpu	renderer/src/webgpu/wagyu-port/include/webgpu/webgpu_cpp.h	4865	callback-or-async	callbackInfo	callbackInfo.callback = [](WGPUCreatePipelineAsyncStatus status, WGPUComputePipeline pipeline, WGPUStringView message, void* callback_param, void* userdata_param) {	webgpu:wagyu:webgpu_cpp	review-required
webgpu	renderer/src/webgpu/wagyu-port/include/webgpu/webgpu_cpp.h	4865	callback-or-async	callback_param	callbackInfo.callback = [](WGPUCreatePipelineAsyncStatus status, WGPUComputePipeline pipeline, WGPUStringView message, void* callback_param, void* userdata_param) {	webgpu:wagyu:webgpu_cpp	review-required
webgpu	renderer/src/webgpu/wagyu-port/include/webgpu/webgpu_cpp.h	4866	callback-or-async	callback_param	auto cb = reinterpret_cast<CbChar*>(callback_param);	webgpu:wagyu:webgpu_cpp	review-required
webgpu	renderer/src/webgpu/wagyu-port/include/webgpu/webgpu_cpp.h	4867	construction-or-allocation	Acquire	(*cb)(static_cast<CreatePipelineAsyncStatus>(status), ComputePipeline::Acquire(pipeline), {detail::StringViewAdapter(message)}, static_cast<T>(userdata_param));	webgpu:wagyu:webgpu_cpp	review-required
webgpu	renderer/src/webgpu/wagyu-port/include/webgpu/webgpu_cpp.h	4867	construction-or-allocation	CreatePipelineAsyncStatus	(*cb)(static_cast<CreatePipelineAsyncStatus>(status), ComputePipeline::Acquire(pipeline), {detail::StringViewAdapter(message)}, static_cast<T>(userdata_param));	webgpu:wagyu:webgpu_cpp	review-required
webgpu	renderer/src/webgpu/wagyu-port/include/webgpu/webgpu_cpp.h	4870	callback-or-async	callback	callbackInfo.userdata1 = reinterpret_cast<void*>(+callback);	webgpu:wagyu:webgpu_cpp	review-required
webgpu	renderer/src/webgpu/wagyu-port/include/webgpu/webgpu_cpp.h	4870	callback-or-async	callbackInfo	callbackInfo.userdata1 = reinterpret_cast<void*>(+callback);	webgpu:wagyu:webgpu_cpp	review-required
webgpu	renderer/src/webgpu/wagyu-port/include/webgpu/webgpu_cpp.h	4871	callback-or-async	callbackInfo	callbackInfo.userdata2 = reinterpret_cast<void*>(userdata);	webgpu:wagyu:webgpu_cpp	review-required
webgpu	renderer/src/webgpu/wagyu-port/include/webgpu/webgpu_cpp.h	4872	callback-or-async	callbackInfo	auto result = wgpuDeviceCreateComputePipelineAsync(Get(), reinterpret_cast<WGPUComputePipelineDescriptor const *>(descriptor), callbackInfo);	webgpu:wagyu:webgpu_cpp	review-required
webgpu	renderer/src/webgpu/wagyu-port/include/webgpu/webgpu_cpp.h	4881	callback-or-async	CallbackMode	Future Device::CreateComputePipelineAsync(ComputePipelineDescriptor const * descriptor, CallbackMode callbackMode,L callback) const {	webgpu:wagyu:webgpu_cpp	review-required
webgpu	renderer/src/webgpu/wagyu-port/include/webgpu/webgpu_cpp.h	4881	callback-or-async	callback	Future Device::CreateComputePipelineAsync(ComputePipelineDescriptor const * descriptor, CallbackMode callbackMode,L callback) const {	webgpu:wagyu:webgpu_cpp	review-required
webgpu	renderer/src/webgpu/wagyu-port/include/webgpu/webgpu_cpp.h	4881	callback-or-async	callbackMode	Future Device::CreateComputePipelineAsync(ComputePipelineDescriptor const * descriptor, CallbackMode callbackMode,L callback) const {	webgpu:wagyu:webgpu_cpp	review-required
webgpu	renderer/src/webgpu/wagyu-port/include/webgpu/webgpu_cpp.h	4881	construction-or-allocation	CreateComputePipelineAsync	Future Device::CreateComputePipelineAsync(ComputePipelineDescriptor const * descriptor, CallbackMode callbackMode,L callback) const {	webgpu:wagyu:webgpu_cpp	review-required
webgpu	renderer/src/webgpu/wagyu-port/include/webgpu/webgpu_cpp.h	4882	construction-or-allocation	CreateComputePipelineAsyncCallback	using F = CreateComputePipelineAsyncCallback<void>;	webgpu:wagyu:webgpu_cpp	review-required
webgpu	renderer/src/webgpu/wagyu-port/include/webgpu/webgpu_cpp.h	4884	callback-or-async	callbackInfo	WGPUCreateComputePipelineAsyncCallbackInfo callbackInfo = {};	webgpu:wagyu:webgpu_cpp	review-required
webgpu	renderer/src/webgpu/wagyu-port/include/webgpu/webgpu_cpp.h	4885	callback-or-async	callbackInfo	callbackInfo.mode = static_cast<WGPUCallbackMode>(callbackMode);	webgpu:wagyu:webgpu_cpp	review-required
webgpu	renderer/src/webgpu/wagyu-port/include/webgpu/webgpu_cpp.h	4885	callback-or-async	callbackMode	callbackInfo.mode = static_cast<WGPUCallbackMode>(callbackMode);	webgpu:wagyu:webgpu_cpp	review-required
webgpu	renderer/src/webgpu/wagyu-port/include/webgpu/webgpu_cpp.h	4887	callback-or-async	callback	callbackInfo.callback = [](WGPUCreatePipelineAsyncStatus status, WGPUComputePipeline pipeline, WGPUStringView message, void* callback_param, void*) {	webgpu:wagyu:webgpu_cpp	review-required
webgpu	renderer/src/webgpu/wagyu-port/include/webgpu/webgpu_cpp.h	4887	callback-or-async	callbackInfo	callbackInfo.callback = [](WGPUCreatePipelineAsyncStatus status, WGPUComputePipeline pipeline, WGPUStringView message, void* callback_param, void*) {	webgpu:wagyu:webgpu_cpp	review-required
webgpu	renderer/src/webgpu/wagyu-port/include/webgpu/webgpu_cpp.h	4887	callback-or-async	callback_param	callbackInfo.callback = [](WGPUCreatePipelineAsyncStatus status, WGPUComputePipeline pipeline, WGPUStringView message, void* callback_param, void*) {	webgpu:wagyu:webgpu_cpp	review-required
webgpu	renderer/src/webgpu/wagyu-port/include/webgpu/webgpu_cpp.h	4888	callback-or-async	callback_param	auto cb = reinterpret_cast<F*>(callback_param);	webgpu:wagyu:webgpu_cpp	review-required
webgpu	renderer/src/webgpu/wagyu-port/include/webgpu/webgpu_cpp.h	4889	construction-or-allocation	Acquire	(*cb)(static_cast<CreatePipelineAsyncStatus>(status), ComputePipeline::Acquire(pipeline), StringView {	webgpu:wagyu:webgpu_cpp	review-required
webgpu	renderer/src/webgpu/wagyu-port/include/webgpu/webgpu_cpp.h	4889	construction-or-allocation	CreatePipelineAsyncStatus	(*cb)(static_cast<CreatePipelineAsyncStatus>(status), ComputePipeline::Acquire(pipeline), StringView {	webgpu:wagyu:webgpu_cpp	review-required
webgpu	renderer/src/webgpu/wagyu-port/include/webgpu/webgpu_cpp.h	4894	callback-or-async	callback	callbackInfo.userdata1 = reinterpret_cast<void*>(+callback);	webgpu:wagyu:webgpu_cpp	review-required
webgpu	renderer/src/webgpu/wagyu-port/include/webgpu/webgpu_cpp.h	4894	callback-or-async	callbackInfo	callbackInfo.userdata1 = reinterpret_cast<void*>(+callback);	webgpu:wagyu:webgpu_cpp	review-required
webgpu	renderer/src/webgpu/wagyu-port/include/webgpu/webgpu_cpp.h	4895	callback-or-async	callbackInfo	callbackInfo.userdata2 = nullptr;	webgpu:wagyu:webgpu_cpp	review-required
webgpu	renderer/src/webgpu/wagyu-port/include/webgpu/webgpu_cpp.h	4897	callback-or-async	callback	auto* lambda = new L(std::move(callback));	webgpu:wagyu:webgpu_cpp	review-required
webgpu	renderer/src/webgpu/wagyu-port/include/webgpu/webgpu_cpp.h	4897	construction-or-allocation	new	auto* lambda = new L(std::move(callback));	webgpu:wagyu:webgpu_cpp	review-required
webgpu	renderer/src/webgpu/wagyu-port/include/webgpu/webgpu_cpp.h	4898	callback-or-async	callback	callbackInfo.callback = [](WGPUCreatePipelineAsyncStatus status, WGPUComputePipeline pipeline, WGPUStringView message, void* callback_param, void*) {	webgpu:wagyu:webgpu_cpp	review-required
webgpu	renderer/src/webgpu/wagyu-port/include/webgpu/webgpu_cpp.h	4898	callback-or-async	callbackInfo	callbackInfo.callback = [](WGPUCreatePipelineAsyncStatus status, WGPUComputePipeline pipeline, WGPUStringView message, void* callback_param, void*) {	webgpu:wagyu:webgpu_cpp	review-required
webgpu	renderer/src/webgpu/wagyu-port/include/webgpu/webgpu_cpp.h	4898	callback-or-async	callback_param	callbackInfo.callback = [](WGPUCreatePipelineAsyncStatus status, WGPUComputePipeline pipeline, WGPUStringView message, void* callback_param, void*) {	webgpu:wagyu:webgpu_cpp	review-required
webgpu	renderer/src/webgpu/wagyu-port/include/webgpu/webgpu_cpp.h	4899	callback-or-async	callback_param	std::unique_ptr<L> the_lambda(reinterpret_cast<L*>(callback_param));	webgpu:wagyu:webgpu_cpp	review-required
webgpu	renderer/src/webgpu/wagyu-port/include/webgpu/webgpu_cpp.h	4900	construction-or-allocation	Acquire	(*the_lambda)(static_cast<CreatePipelineAsyncStatus>(status), ComputePipeline::Acquire(pipeline), {detail::StringViewAdapter(message)});	webgpu:wagyu:webgpu_cpp	review-required
webgpu	renderer/src/webgpu/wagyu-port/include/webgpu/webgpu_cpp.h	4900	construction-or-allocation	CreatePipelineAsyncStatus	(*the_lambda)(static_cast<CreatePipelineAsyncStatus>(status), ComputePipeline::Acquire(pipeline), {detail::StringViewAdapter(message)});	webgpu:wagyu:webgpu_cpp	review-required
webgpu	renderer/src/webgpu/wagyu-port/include/webgpu/webgpu_cpp.h	4902	callback-or-async	callbackInfo	callbackInfo.userdata1 = reinterpret_cast<void*>(lambda);	webgpu:wagyu:webgpu_cpp	review-required
webgpu	renderer/src/webgpu/wagyu-port/include/webgpu/webgpu_cpp.h	4903	callback-or-async	callbackInfo	callbackInfo.userdata2 = nullptr;	webgpu:wagyu:webgpu_cpp	review-required
webgpu	renderer/src/webgpu/wagyu-port/include/webgpu/webgpu_cpp.h	4905	callback-or-async	callbackInfo	auto result = wgpuDeviceCreateComputePipelineAsync(Get(), reinterpret_cast<WGPUComputePipelineDescriptor const *>(descriptor), callbackInfo);	webgpu:wagyu:webgpu_cpp	review-required
webgpu	renderer/src/webgpu/wagyu-port/include/webgpu/webgpu_cpp.h	4910	construction-or-allocation	CreatePipelineLayout	PipelineLayout Device::CreatePipelineLayout(PipelineLayoutDescriptor const * descriptor) const {	webgpu:wagyu:webgpu_cpp	review-required
webgpu	renderer/src/webgpu/wagyu-port/include/webgpu/webgpu_cpp.h	4912	construction-or-allocation	Acquire	return PipelineLayout::Acquire(result);	webgpu:wagyu:webgpu_cpp	review-required
webgpu	renderer/src/webgpu/wagyu-port/include/webgpu/webgpu_cpp.h	4914	construction-or-allocation	CreateQuerySet	QuerySet Device::CreateQuerySet(QuerySetDescriptor const * descriptor) const {	webgpu:wagyu:webgpu_cpp	review-required
webgpu	renderer/src/webgpu/wagyu-port/include/webgpu/webgpu_cpp.h	4916	construction-or-allocation	Acquire	return QuerySet::Acquire(result);	webgpu:wagyu:webgpu_cpp	review-required
webgpu	renderer/src/webgpu/wagyu-port/include/webgpu/webgpu_cpp.h	4918	construction-or-allocation	CreateRenderBundleEncoder	RenderBundleEncoder Device::CreateRenderBundleEncoder(RenderBundleEncoderDescriptor const * descriptor) const {	webgpu:wagyu:webgpu_cpp	review-required
webgpu	renderer/src/webgpu/wagyu-port/include/webgpu/webgpu_cpp.h	4920	construction-or-allocation	Acquire	return RenderBundleEncoder::Acquire(result);	webgpu:wagyu:webgpu_cpp	review-required
webgpu	renderer/src/webgpu/wagyu-port/include/webgpu/webgpu_cpp.h	4922	construction-or-allocation	CreateRenderPipeline	RenderPipeline Device::CreateRenderPipeline(RenderPipelineDescriptor const * descriptor) const {	webgpu:wagyu:webgpu_cpp	review-required
webgpu	renderer/src/webgpu/wagyu-port/include/webgpu/webgpu_cpp.h	4924	construction-or-allocation	Acquire	return RenderPipeline::Acquire(result);	webgpu:wagyu:webgpu_cpp	review-required
webgpu	renderer/src/webgpu/wagyu-port/include/webgpu/webgpu_cpp.h	4930	callback-or-async	CallbackMode	Future Device::CreateRenderPipelineAsync(RenderPipelineDescriptor const * descriptor, CallbackMode callbackMode,F callback, T userdata) const {	webgpu:wagyu:webgpu_cpp	review-required
webgpu	renderer/src/webgpu/wagyu-port/include/webgpu/webgpu_cpp.h	4930	callback-or-async	callback	Future Device::CreateRenderPipelineAsync(RenderPipelineDescriptor const * descriptor, CallbackMode callbackMode,F callback, T userdata) const {	webgpu:wagyu:webgpu_cpp	review-required
webgpu	renderer/src/webgpu/wagyu-port/include/webgpu/webgpu_cpp.h	4930	callback-or-async	callbackMode	Future Device::CreateRenderPipelineAsync(RenderPipelineDescriptor const * descriptor, CallbackMode callbackMode,F callback, T userdata) const {	webgpu:wagyu:webgpu_cpp	review-required
webgpu	renderer/src/webgpu/wagyu-port/include/webgpu/webgpu_cpp.h	4930	construction-or-allocation	CreateRenderPipelineAsync	Future Device::CreateRenderPipelineAsync(RenderPipelineDescriptor const * descriptor, CallbackMode callbackMode,F callback, T userdata) const {	webgpu:wagyu:webgpu_cpp	review-required
webgpu	renderer/src/webgpu/wagyu-port/include/webgpu/webgpu_cpp.h	4931	callback-or-async	callbackInfo	WGPUCreateRenderPipelineAsyncCallbackInfo callbackInfo = {};	webgpu:wagyu:webgpu_cpp	review-required
webgpu	renderer/src/webgpu/wagyu-port/include/webgpu/webgpu_cpp.h	4932	callback-or-async	callbackInfo	callbackInfo.mode = static_cast<WGPUCallbackMode>(callbackMode);	webgpu:wagyu:webgpu_cpp	review-required
webgpu	renderer/src/webgpu/wagyu-port/include/webgpu/webgpu_cpp.h	4932	callback-or-async	callbackMode	callbackInfo.mode = static_cast<WGPUCallbackMode>(callbackMode);	webgpu:wagyu:webgpu_cpp	review-required
webgpu	renderer/src/webgpu/wagyu-port/include/webgpu/webgpu_cpp.h	4934	callback-or-async	callback	callbackInfo.callback = [](WGPUCreatePipelineAsyncStatus status, WGPURenderPipeline pipeline, WGPUStringView message, void* callback_param, void* userdata_param) {	webgpu:wagyu:webgpu_cpp	review-required
webgpu	renderer/src/webgpu/wagyu-port/include/webgpu/webgpu_cpp.h	4934	callback-or-async	callbackInfo	callbackInfo.callback = [](WGPUCreatePipelineAsyncStatus status, WGPURenderPipeline pipeline, WGPUStringView message, void* callback_param, void* userdata_param) {	webgpu:wagyu:webgpu_cpp	review-required
webgpu	renderer/src/webgpu/wagyu-port/include/webgpu/webgpu_cpp.h	4934	callback-or-async	callback_param	callbackInfo.callback = [](WGPUCreatePipelineAsyncStatus status, WGPURenderPipeline pipeline, WGPUStringView message, void* callback_param, void* userdata_param) {	webgpu:wagyu:webgpu_cpp	review-required
webgpu	renderer/src/webgpu/wagyu-port/include/webgpu/webgpu_cpp.h	4935	callback-or-async	callback_param	auto cb = reinterpret_cast<Cb*>(callback_param);	webgpu:wagyu:webgpu_cpp	review-required
webgpu	renderer/src/webgpu/wagyu-port/include/webgpu/webgpu_cpp.h	4936	construction-or-allocation	Acquire	(*cb)(static_cast<CreatePipelineAsyncStatus>(status), RenderPipeline::Acquire(pipeline), StringView {	webgpu:wagyu:webgpu_cpp	review-required
webgpu	renderer/src/webgpu/wagyu-port/include/webgpu/webgpu_cpp.h	4936	construction-or-allocation	CreatePipelineAsyncStatus	(*cb)(static_cast<CreatePipelineAsyncStatus>(status), RenderPipeline::Acquire(pipeline), StringView {	webgpu:wagyu:webgpu_cpp	review-required
webgpu	renderer/src/webgpu/wagyu-port/include/webgpu/webgpu_cpp.h	4942	callback-or-async	callback	callbackInfo.callback = [](WGPUCreatePipelineAsyncStatus status, WGPURenderPipeline pipeline, WGPUStringView message, void* callback_param, void* userdata_param) {	webgpu:wagyu:webgpu_cpp	review-required
webgpu	renderer/src/webgpu/wagyu-port/include/webgpu/webgpu_cpp.h	4942	callback-or-async	callbackInfo	callbackInfo.callback = [](WGPUCreatePipelineAsyncStatus status, WGPURenderPipeline pipeline, WGPUStringView message, void* callback_param, void* userdata_param) {	webgpu:wagyu:webgpu_cpp	review-required
webgpu	renderer/src/webgpu/wagyu-port/include/webgpu/webgpu_cpp.h	4942	callback-or-async	callback_param	callbackInfo.callback = [](WGPUCreatePipelineAsyncStatus status, WGPURenderPipeline pipeline, WGPUStringView message, void* callback_param, void* userdata_param) {	webgpu:wagyu:webgpu_cpp	review-required
webgpu	renderer/src/webgpu/wagyu-port/include/webgpu/webgpu_cpp.h	4943	callback-or-async	callback_param	auto cb = reinterpret_cast<CbChar*>(callback_param);	webgpu:wagyu:webgpu_cpp	review-required
webgpu	renderer/src/webgpu/wagyu-port/include/webgpu/webgpu_cpp.h	4944	construction-or-allocation	Acquire	(*cb)(static_cast<CreatePipelineAsyncStatus>(status), RenderPipeline::Acquire(pipeline), {detail::StringViewAdapter(message)}, static_cast<T>(userdata_param));	webgpu:wagyu:webgpu_cpp	review-required
webgpu	renderer/src/webgpu/wagyu-port/include/webgpu/webgpu_cpp.h	4944	construction-or-allocation	CreatePipelineAsyncStatus	(*cb)(static_cast<CreatePipelineAsyncStatus>(status), RenderPipeline::Acquire(pipeline), {detail::StringViewAdapter(message)}, static_cast<T>(userdata_param));	webgpu:wagyu:webgpu_cpp	review-required
webgpu	renderer/src/webgpu/wagyu-port/include/webgpu/webgpu_cpp.h	4947	callback-or-async	callback	callbackInfo.userdata1 = reinterpret_cast<void*>(+callback);	webgpu:wagyu:webgpu_cpp	review-required
webgpu	renderer/src/webgpu/wagyu-port/include/webgpu/webgpu_cpp.h	4947	callback-or-async	callbackInfo	callbackInfo.userdata1 = reinterpret_cast<void*>(+callback);	webgpu:wagyu:webgpu_cpp	review-required
webgpu	renderer/src/webgpu/wagyu-port/include/webgpu/webgpu_cpp.h	4948	callback-or-async	callbackInfo	callbackInfo.userdata2 = reinterpret_cast<void*>(userdata);	webgpu:wagyu:webgpu_cpp	review-required
webgpu	renderer/src/webgpu/wagyu-port/include/webgpu/webgpu_cpp.h	4949	callback-or-async	callbackInfo	auto result = wgpuDeviceCreateRenderPipelineAsync(Get(), reinterpret_cast<WGPURenderPipelineDescriptor const *>(descriptor), callbackInfo);	webgpu:wagyu:webgpu_cpp	review-required
webgpu	renderer/src/webgpu/wagyu-port/include/webgpu/webgpu_cpp.h	4958	callback-or-async	CallbackMode	Future Device::CreateRenderPipelineAsync(RenderPipelineDescriptor const * descriptor, CallbackMode callbackMode,L callback) const {	webgpu:wagyu:webgpu_cpp	review-required
webgpu	renderer/src/webgpu/wagyu-port/include/webgpu/webgpu_cpp.h	4958	callback-or-async	callback	Future Device::CreateRenderPipelineAsync(RenderPipelineDescriptor const * descriptor, CallbackMode callbackMode,L callback) const {	webgpu:wagyu:webgpu_cpp	review-required
webgpu	renderer/src/webgpu/wagyu-port/include/webgpu/webgpu_cpp.h	4958	callback-or-async	callbackMode	Future Device::CreateRenderPipelineAsync(RenderPipelineDescriptor const * descriptor, CallbackMode callbackMode,L callback) const {	webgpu:wagyu:webgpu_cpp	review-required
webgpu	renderer/src/webgpu/wagyu-port/include/webgpu/webgpu_cpp.h	4958	construction-or-allocation	CreateRenderPipelineAsync	Future Device::CreateRenderPipelineAsync(RenderPipelineDescriptor const * descriptor, CallbackMode callbackMode,L callback) const {	webgpu:wagyu:webgpu_cpp	review-required
webgpu	renderer/src/webgpu/wagyu-port/include/webgpu/webgpu_cpp.h	4959	construction-or-allocation	CreateRenderPipelineAsyncCallback	using F = CreateRenderPipelineAsyncCallback<void>;	webgpu:wagyu:webgpu_cpp	review-required
webgpu	renderer/src/webgpu/wagyu-port/include/webgpu/webgpu_cpp.h	4961	callback-or-async	callbackInfo	WGPUCreateRenderPipelineAsyncCallbackInfo callbackInfo = {};	webgpu:wagyu:webgpu_cpp	review-required
webgpu	renderer/src/webgpu/wagyu-port/include/webgpu/webgpu_cpp.h	4962	callback-or-async	callbackInfo	callbackInfo.mode = static_cast<WGPUCallbackMode>(callbackMode);	webgpu:wagyu:webgpu_cpp	review-required
webgpu	renderer/src/webgpu/wagyu-port/include/webgpu/webgpu_cpp.h	4962	callback-or-async	callbackMode	callbackInfo.mode = static_cast<WGPUCallbackMode>(callbackMode);	webgpu:wagyu:webgpu_cpp	review-required
webgpu	renderer/src/webgpu/wagyu-port/include/webgpu/webgpu_cpp.h	4964	callback-or-async	callback	callbackInfo.callback = [](WGPUCreatePipelineAsyncStatus status, WGPURenderPipeline pipeline, WGPUStringView message, void* callback_param, void*) {	webgpu:wagyu:webgpu_cpp	review-required
webgpu	renderer/src/webgpu/wagyu-port/include/webgpu/webgpu_cpp.h	4964	callback-or-async	callbackInfo	callbackInfo.callback = [](WGPUCreatePipelineAsyncStatus status, WGPURenderPipeline pipeline, WGPUStringView message, void* callback_param, void*) {	webgpu:wagyu:webgpu_cpp	review-required
webgpu	renderer/src/webgpu/wagyu-port/include/webgpu/webgpu_cpp.h	4964	callback-or-async	callback_param	callbackInfo.callback = [](WGPUCreatePipelineAsyncStatus status, WGPURenderPipeline pipeline, WGPUStringView message, void* callback_param, void*) {	webgpu:wagyu:webgpu_cpp	review-required
webgpu	renderer/src/webgpu/wagyu-port/include/webgpu/webgpu_cpp.h	4965	callback-or-async	callback_param	auto cb = reinterpret_cast<F*>(callback_param);	webgpu:wagyu:webgpu_cpp	review-required
webgpu	renderer/src/webgpu/wagyu-port/include/webgpu/webgpu_cpp.h	4966	construction-or-allocation	Acquire	(*cb)(static_cast<CreatePipelineAsyncStatus>(status), RenderPipeline::Acquire(pipeline), StringView {	webgpu:wagyu:webgpu_cpp	review-required
webgpu	renderer/src/webgpu/wagyu-port/include/webgpu/webgpu_cpp.h	4966	construction-or-allocation	CreatePipelineAsyncStatus	(*cb)(static_cast<CreatePipelineAsyncStatus>(status), RenderPipeline::Acquire(pipeline), StringView {	webgpu:wagyu:webgpu_cpp	review-required
webgpu	renderer/src/webgpu/wagyu-port/include/webgpu/webgpu_cpp.h	4971	callback-or-async	callback	callbackInfo.userdata1 = reinterpret_cast<void*>(+callback);	webgpu:wagyu:webgpu_cpp	review-required
webgpu	renderer/src/webgpu/wagyu-port/include/webgpu/webgpu_cpp.h	4971	callback-or-async	callbackInfo	callbackInfo.userdata1 = reinterpret_cast<void*>(+callback);	webgpu:wagyu:webgpu_cpp	review-required
webgpu	renderer/src/webgpu/wagyu-port/include/webgpu/webgpu_cpp.h	4972	callback-or-async	callbackInfo	callbackInfo.userdata2 = nullptr;	webgpu:wagyu:webgpu_cpp	review-required
webgpu	renderer/src/webgpu/wagyu-port/include/webgpu/webgpu_cpp.h	4974	callback-or-async	callback	auto* lambda = new L(std::move(callback));	webgpu:wagyu:webgpu_cpp	review-required
webgpu	renderer/src/webgpu/wagyu-port/include/webgpu/webgpu_cpp.h	4974	construction-or-allocation	new	auto* lambda = new L(std::move(callback));	webgpu:wagyu:webgpu_cpp	review-required
webgpu	renderer/src/webgpu/wagyu-port/include/webgpu/webgpu_cpp.h	4975	callback-or-async	callback	callbackInfo.callback = [](WGPUCreatePipelineAsyncStatus status, WGPURenderPipeline pipeline, WGPUStringView message, void* callback_param, void*) {	webgpu:wagyu:webgpu_cpp	review-required
webgpu	renderer/src/webgpu/wagyu-port/include/webgpu/webgpu_cpp.h	4975	callback-or-async	callbackInfo	callbackInfo.callback = [](WGPUCreatePipelineAsyncStatus status, WGPURenderPipeline pipeline, WGPUStringView message, void* callback_param, void*) {	webgpu:wagyu:webgpu_cpp	review-required
webgpu	renderer/src/webgpu/wagyu-port/include/webgpu/webgpu_cpp.h	4975	callback-or-async	callback_param	callbackInfo.callback = [](WGPUCreatePipelineAsyncStatus status, WGPURenderPipeline pipeline, WGPUStringView message, void* callback_param, void*) {	webgpu:wagyu:webgpu_cpp	review-required
webgpu	renderer/src/webgpu/wagyu-port/include/webgpu/webgpu_cpp.h	4976	callback-or-async	callback_param	std::unique_ptr<L> the_lambda(reinterpret_cast<L*>(callback_param));	webgpu:wagyu:webgpu_cpp	review-required
webgpu	renderer/src/webgpu/wagyu-port/include/webgpu/webgpu_cpp.h	4977	construction-or-allocation	Acquire	(*the_lambda)(static_cast<CreatePipelineAsyncStatus>(status), RenderPipeline::Acquire(pipeline), {detail::StringViewAdapter(message)});	webgpu:wagyu:webgpu_cpp	review-required
webgpu	renderer/src/webgpu/wagyu-port/include/webgpu/webgpu_cpp.h	4977	construction-or-allocation	CreatePipelineAsyncStatus	(*the_lambda)(static_cast<CreatePipelineAsyncStatus>(status), RenderPipeline::Acquire(pipeline), {detail::StringViewAdapter(message)});	webgpu:wagyu:webgpu_cpp	review-required
webgpu	renderer/src/webgpu/wagyu-port/include/webgpu/webgpu_cpp.h	4979	callback-or-async	callbackInfo	callbackInfo.userdata1 = reinterpret_cast<void*>(lambda);	webgpu:wagyu:webgpu_cpp	review-required
webgpu	renderer/src/webgpu/wagyu-port/include/webgpu/webgpu_cpp.h	4980	callback-or-async	callbackInfo	callbackInfo.userdata2 = nullptr;	webgpu:wagyu:webgpu_cpp	review-required
webgpu	renderer/src/webgpu/wagyu-port/include/webgpu/webgpu_cpp.h	4982	callback-or-async	callbackInfo	auto result = wgpuDeviceCreateRenderPipelineAsync(Get(), reinterpret_cast<WGPURenderPipelineDescriptor const *>(descriptor), callbackInfo);	webgpu:wagyu:webgpu_cpp	review-required
webgpu	renderer/src/webgpu/wagyu-port/include/webgpu/webgpu_cpp.h	4987	construction-or-allocation	CreateSampler	Sampler Device::CreateSampler(SamplerDescriptor const * descriptor) const {	webgpu:wagyu:webgpu_cpp	review-required
webgpu	renderer/src/webgpu/wagyu-port/include/webgpu/webgpu_cpp.h	4989	construction-or-allocation	Acquire	return Sampler::Acquire(result);	webgpu:wagyu:webgpu_cpp	review-required
webgpu	renderer/src/webgpu/wagyu-port/include/webgpu/webgpu_cpp.h	4991	construction-or-allocation	CreateShaderModule	ShaderModule Device::CreateShaderModule(ShaderModuleDescriptor const * descriptor) const {	webgpu:wagyu:webgpu_cpp	review-required
webgpu	renderer/src/webgpu/wagyu-port/include/webgpu/webgpu_cpp.h	4993	construction-or-allocation	Acquire	return ShaderModule::Acquire(result);	webgpu:wagyu:webgpu_cpp	review-required
webgpu	renderer/src/webgpu/wagyu-port/include/webgpu/webgpu_cpp.h	4995	construction-or-allocation	CreateTexture	Texture Device::CreateTexture(TextureDescriptor const * descriptor) const {	webgpu:wagyu:webgpu_cpp	review-required
webgpu	renderer/src/webgpu/wagyu-port/include/webgpu/webgpu_cpp.h	4997	construction-or-allocation	Acquire	return Texture::Acquire(result);	webgpu:wagyu:webgpu_cpp	review-required
webgpu	renderer/src/webgpu/wagyu-port/include/webgpu/webgpu_cpp.h	4999	destruction-or-release	Destroy	void Device::Destroy() const {	webgpu:wagyu:webgpu_cpp	review-required
webgpu	renderer/src/webgpu/wagyu-port/include/webgpu/webgpu_cpp.h	5023	construction-or-allocation	Acquire	return Queue::Acquire(result);	webgpu:wagyu:webgpu_cpp	review-required
webgpu	renderer/src/webgpu/wagyu-port/include/webgpu/webgpu_cpp.h	5033	callback-or-async	CallbackMode	Future Device::PopErrorScope(CallbackMode callbackMode,F callback, T userdata) const {	webgpu:wagyu:webgpu_cpp	review-required
webgpu	renderer/src/webgpu/wagyu-port/include/webgpu/webgpu_cpp.h	5033	callback-or-async	callback	Future Device::PopErrorScope(CallbackMode callbackMode,F callback, T userdata) const {	webgpu:wagyu:webgpu_cpp	review-required
webgpu	renderer/src/webgpu/wagyu-port/include/webgpu/webgpu_cpp.h	5033	callback-or-async	callbackMode	Future Device::PopErrorScope(CallbackMode callbackMode,F callback, T userdata) const {	webgpu:wagyu:webgpu_cpp	review-required
webgpu	renderer/src/webgpu/wagyu-port/include/webgpu/webgpu_cpp.h	5034	callback-or-async	callbackInfo	WGPUPopErrorScopeCallbackInfo callbackInfo = {};	webgpu:wagyu:webgpu_cpp	review-required
webgpu	renderer/src/webgpu/wagyu-port/include/webgpu/webgpu_cpp.h	5035	callback-or-async	callbackInfo	callbackInfo.mode = static_cast<WGPUCallbackMode>(callbackMode);	webgpu:wagyu:webgpu_cpp	review-required
webgpu	renderer/src/webgpu/wagyu-port/include/webgpu/webgpu_cpp.h	5035	callback-or-async	callbackMode	callbackInfo.mode = static_cast<WGPUCallbackMode>(callbackMode);	webgpu:wagyu:webgpu_cpp	review-required
webgpu	renderer/src/webgpu/wagyu-port/include/webgpu/webgpu_cpp.h	5037	callback-or-async	callback	callbackInfo.callback = [](WGPUPopErrorScopeStatus status, WGPUErrorType type, WGPUStringView message, void* callback_param, void* userdata_param) {	webgpu:wagyu:webgpu_cpp	review-required
webgpu	renderer/src/webgpu/wagyu-port/include/webgpu/webgpu_cpp.h	5037	callback-or-async	callbackInfo	callbackInfo.callback = [](WGPUPopErrorScopeStatus status, WGPUErrorType type, WGPUStringView message, void* callback_param, void* userdata_param) {	webgpu:wagyu:webgpu_cpp	review-required
webgpu	renderer/src/webgpu/wagyu-port/include/webgpu/webgpu_cpp.h	5037	callback-or-async	callback_param	callbackInfo.callback = [](WGPUPopErrorScopeStatus status, WGPUErrorType type, WGPUStringView message, void* callback_param, void* userdata_param) {	webgpu:wagyu:webgpu_cpp	review-required
webgpu	renderer/src/webgpu/wagyu-port/include/webgpu/webgpu_cpp.h	5038	callback-or-async	callback_param	auto cb = reinterpret_cast<Cb*>(callback_param);	webgpu:wagyu:webgpu_cpp	review-required
webgpu	renderer/src/webgpu/wagyu-port/include/webgpu/webgpu_cpp.h	5039	failure-or-loss	ErrorType	(*cb)(static_cast<PopErrorScopeStatus>(status), static_cast<ErrorType>(type), StringView {	webgpu:wagyu:webgpu_cpp	review-required
webgpu	renderer/src/webgpu/wagyu-port/include/webgpu/webgpu_cpp.h	5045	callback-or-async	callback	callbackInfo.callback = [](WGPUPopErrorScopeStatus status, WGPUErrorType type, WGPUStringView message, void* callback_param, void* userdata_param) {	webgpu:wagyu:webgpu_cpp	review-required
webgpu	renderer/src/webgpu/wagyu-port/include/webgpu/webgpu_cpp.h	5045	callback-or-async	callbackInfo	callbackInfo.callback = [](WGPUPopErrorScopeStatus status, WGPUErrorType type, WGPUStringView message, void* callback_param, void* userdata_param) {	webgpu:wagyu:webgpu_cpp	review-required
webgpu	renderer/src/webgpu/wagyu-port/include/webgpu/webgpu_cpp.h	5045	callback-or-async	callback_param	callbackInfo.callback = [](WGPUPopErrorScopeStatus status, WGPUErrorType type, WGPUStringView message, void* callback_param, void* userdata_param) {	webgpu:wagyu:webgpu_cpp	review-required
webgpu	renderer/src/webgpu/wagyu-port/include/webgpu/webgpu_cpp.h	5046	callback-or-async	callback_param	auto cb = reinterpret_cast<CbChar*>(callback_param);	webgpu:wagyu:webgpu_cpp	review-required
webgpu	renderer/src/webgpu/wagyu-port/include/webgpu/webgpu_cpp.h	5047	failure-or-loss	ErrorType	(*cb)(static_cast<PopErrorScopeStatus>(status), static_cast<ErrorType>(type), {detail::StringViewAdapter(message)}, static_cast<T>(userdata_param));	webgpu:wagyu:webgpu_cpp	review-required
webgpu	renderer/src/webgpu/wagyu-port/include/webgpu/webgpu_cpp.h	5050	callback-or-async	callback	callbackInfo.userdata1 = reinterpret_cast<void*>(+callback);	webgpu:wagyu:webgpu_cpp	review-required
webgpu	renderer/src/webgpu/wagyu-port/include/webgpu/webgpu_cpp.h	5050	callback-or-async	callbackInfo	callbackInfo.userdata1 = reinterpret_cast<void*>(+callback);	webgpu:wagyu:webgpu_cpp	review-required
webgpu	renderer/src/webgpu/wagyu-port/include/webgpu/webgpu_cpp.h	5051	callback-or-async	callbackInfo	callbackInfo.userdata2 = reinterpret_cast<void*>(userdata);	webgpu:wagyu:webgpu_cpp	review-required
webgpu	renderer/src/webgpu/wagyu-port/include/webgpu/webgpu_cpp.h	5052	callback-or-async	callbackInfo	auto result = wgpuDevicePopErrorScope(Get(), callbackInfo);	webgpu:wagyu:webgpu_cpp	review-required
webgpu	renderer/src/webgpu/wagyu-port/include/webgpu/webgpu_cpp.h	5061	callback-or-async	CallbackMode	Future Device::PopErrorScope(CallbackMode callbackMode,L callback) const {	webgpu:wagyu:webgpu_cpp	review-required
webgpu	renderer/src/webgpu/wagyu-port/include/webgpu/webgpu_cpp.h	5061	callback-or-async	callback	Future Device::PopErrorScope(CallbackMode callbackMode,L callback) const {	webgpu:wagyu:webgpu_cpp	review-required
webgpu	renderer/src/webgpu/wagyu-port/include/webgpu/webgpu_cpp.h	5061	callback-or-async	callbackMode	Future Device::PopErrorScope(CallbackMode callbackMode,L callback) const {	webgpu:wagyu:webgpu_cpp	review-required
webgpu	renderer/src/webgpu/wagyu-port/include/webgpu/webgpu_cpp.h	5064	callback-or-async	callbackInfo	WGPUPopErrorScopeCallbackInfo callbackInfo = {};	webgpu:wagyu:webgpu_cpp	review-required
webgpu	renderer/src/webgpu/wagyu-port/include/webgpu/webgpu_cpp.h	5065	callback-or-async	callbackInfo	callbackInfo.mode = static_cast<WGPUCallbackMode>(callbackMode);	webgpu:wagyu:webgpu_cpp	review-required
webgpu	renderer/src/webgpu/wagyu-port/include/webgpu/webgpu_cpp.h	5065	callback-or-async	callbackMode	callbackInfo.mode = static_cast<WGPUCallbackMode>(callbackMode);	webgpu:wagyu:webgpu_cpp	review-required
webgpu	renderer/src/webgpu/wagyu-port/include/webgpu/webgpu_cpp.h	5067	callback-or-async	callback	callbackInfo.callback = [](WGPUPopErrorScopeStatus status, WGPUErrorType type, WGPUStringView message, void* callback_param, void*) {	webgpu:wagyu:webgpu_cpp	review-required
webgpu	renderer/src/webgpu/wagyu-port/include/webgpu/webgpu_cpp.h	5067	callback-or-async	callbackInfo	callbackInfo.callback = [](WGPUPopErrorScopeStatus status, WGPUErrorType type, WGPUStringView message, void* callback_param, void*) {	webgpu:wagyu:webgpu_cpp	review-required
webgpu	renderer/src/webgpu/wagyu-port/include/webgpu/webgpu_cpp.h	5067	callback-or-async	callback_param	callbackInfo.callback = [](WGPUPopErrorScopeStatus status, WGPUErrorType type, WGPUStringView message, void* callback_param, void*) {	webgpu:wagyu:webgpu_cpp	review-required
webgpu	renderer/src/webgpu/wagyu-port/include/webgpu/webgpu_cpp.h	5068	callback-or-async	callback_param	auto cb = reinterpret_cast<F*>(callback_param);	webgpu:wagyu:webgpu_cpp	review-required
webgpu	renderer/src/webgpu/wagyu-port/include/webgpu/webgpu_cpp.h	5069	failure-or-loss	ErrorType	(*cb)(static_cast<PopErrorScopeStatus>(status), static_cast<ErrorType>(type), StringView {	webgpu:wagyu:webgpu_cpp	review-required
webgpu	renderer/src/webgpu/wagyu-port/include/webgpu/webgpu_cpp.h	5074	callback-or-async	callback	callbackInfo.userdata1 = reinterpret_cast<void*>(+callback);	webgpu:wagyu:webgpu_cpp	review-required
webgpu	renderer/src/webgpu/wagyu-port/include/webgpu/webgpu_cpp.h	5074	callback-or-async	callbackInfo	callbackInfo.userdata1 = reinterpret_cast<void*>(+callback);	webgpu:wagyu:webgpu_cpp	review-required
webgpu	renderer/src/webgpu/wagyu-port/include/webgpu/webgpu_cpp.h	5075	callback-or-async	callbackInfo	callbackInfo.userdata2 = nullptr;	webgpu:wagyu:webgpu_cpp	review-required
webgpu	renderer/src/webgpu/wagyu-port/include/webgpu/webgpu_cpp.h	5077	callback-or-async	callback	auto* lambda = new L(std::move(callback));	webgpu:wagyu:webgpu_cpp	review-required
webgpu	renderer/src/webgpu/wagyu-port/include/webgpu/webgpu_cpp.h	5077	construction-or-allocation	new	auto* lambda = new L(std::move(callback));	webgpu:wagyu:webgpu_cpp	review-required
webgpu	renderer/src/webgpu/wagyu-port/include/webgpu/webgpu_cpp.h	5078	callback-or-async	callback	callbackInfo.callback = [](WGPUPopErrorScopeStatus status, WGPUErrorType type, WGPUStringView message, void* callback_param, void*) {	webgpu:wagyu:webgpu_cpp	review-required
webgpu	renderer/src/webgpu/wagyu-port/include/webgpu/webgpu_cpp.h	5078	callback-or-async	callbackInfo	callbackInfo.callback = [](WGPUPopErrorScopeStatus status, WGPUErrorType type, WGPUStringView message, void* callback_param, void*) {	webgpu:wagyu:webgpu_cpp	review-required
webgpu	renderer/src/webgpu/wagyu-port/include/webgpu/webgpu_cpp.h	5078	callback-or-async	callback_param	callbackInfo.callback = [](WGPUPopErrorScopeStatus status, WGPUErrorType type, WGPUStringView message, void* callback_param, void*) {	webgpu:wagyu:webgpu_cpp	review-required
webgpu	renderer/src/webgpu/wagyu-port/include/webgpu/webgpu_cpp.h	5079	callback-or-async	callback_param	std::unique_ptr<L> the_lambda(reinterpret_cast<L*>(callback_param));	webgpu:wagyu:webgpu_cpp	review-required
webgpu	renderer/src/webgpu/wagyu-port/include/webgpu/webgpu_cpp.h	5080	failure-or-loss	ErrorType	(*the_lambda)(static_cast<PopErrorScopeStatus>(status), static_cast<ErrorType>(type), {detail::StringViewAdapter(message)});	webgpu:wagyu:webgpu_cpp	review-required
webgpu	renderer/src/webgpu/wagyu-port/include/webgpu/webgpu_cpp.h	5082	callback-or-async	callbackInfo	callbackInfo.userdata1 = reinterpret_cast<void*>(lambda);	webgpu:wagyu:webgpu_cpp	review-required
webgpu	renderer/src/webgpu/wagyu-port/include/webgpu/webgpu_cpp.h	5083	callback-or-async	callbackInfo	callbackInfo.userdata2 = nullptr;	webgpu:wagyu:webgpu_cpp	review-required
webgpu	renderer/src/webgpu/wagyu-port/include/webgpu/webgpu_cpp.h	5085	callback-or-async	callbackInfo	auto result = wgpuDevicePopErrorScope(Get(), callbackInfo);	webgpu:wagyu:webgpu_cpp	review-required
webgpu	renderer/src/webgpu/wagyu-port/include/webgpu/webgpu_cpp.h	5090	failure-or-loss	ErrorFilter	void Device::PushErrorScope(ErrorFilter filter) const {	webgpu:wagyu:webgpu_cpp	review-required
webgpu	renderer/src/webgpu/wagyu-port/include/webgpu/webgpu_cpp.h	5113	construction-or-allocation	CreateSurface	Surface Instance::CreateSurface(SurfaceDescriptor const * descriptor) const {	webgpu:wagyu:webgpu_cpp	review-required
webgpu	renderer/src/webgpu/wagyu-port/include/webgpu/webgpu_cpp.h	5115	construction-or-allocation	Acquire	return Surface::Acquire(result);	webgpu:wagyu:webgpu_cpp	review-required
webgpu	renderer/src/webgpu/wagyu-port/include/webgpu/webgpu_cpp.h	5132	callback-or-async	CallbackMode	Future Instance::RequestAdapter(RequestAdapterOptions const * options, CallbackMode callbackMode,F callback, T userdata) const {	webgpu:wagyu:webgpu_cpp	review-required
webgpu	renderer/src/webgpu/wagyu-port/include/webgpu/webgpu_cpp.h	5132	callback-or-async	callback	Future Instance::RequestAdapter(RequestAdapterOptions const * options, CallbackMode callbackMode,F callback, T userdata) const {	webgpu:wagyu:webgpu_cpp	review-required
webgpu	renderer/src/webgpu/wagyu-port/include/webgpu/webgpu_cpp.h	5132	callback-or-async	callbackMode	Future Instance::RequestAdapter(RequestAdapterOptions const * options, CallbackMode callbackMode,F callback, T userdata) const {	webgpu:wagyu:webgpu_cpp	review-required
webgpu	renderer/src/webgpu/wagyu-port/include/webgpu/webgpu_cpp.h	5133	callback-or-async	callbackInfo	WGPURequestAdapterCallbackInfo callbackInfo = {};	webgpu:wagyu:webgpu_cpp	review-required
webgpu	renderer/src/webgpu/wagyu-port/include/webgpu/webgpu_cpp.h	5134	callback-or-async	callbackInfo	callbackInfo.mode = static_cast<WGPUCallbackMode>(callbackMode);	webgpu:wagyu:webgpu_cpp	review-required
webgpu	renderer/src/webgpu/wagyu-port/include/webgpu/webgpu_cpp.h	5134	callback-or-async	callbackMode	callbackInfo.mode = static_cast<WGPUCallbackMode>(callbackMode);	webgpu:wagyu:webgpu_cpp	review-required
webgpu	renderer/src/webgpu/wagyu-port/include/webgpu/webgpu_cpp.h	5136	callback-or-async	callback	callbackInfo.callback = [](WGPURequestAdapterStatus status, WGPUAdapter adapter, WGPUStringView message, void* callback_param, void* userdata_param) {	webgpu:wagyu:webgpu_cpp	review-required
webgpu	renderer/src/webgpu/wagyu-port/include/webgpu/webgpu_cpp.h	5136	callback-or-async	callbackInfo	callbackInfo.callback = [](WGPURequestAdapterStatus status, WGPUAdapter adapter, WGPUStringView message, void* callback_param, void* userdata_param) {	webgpu:wagyu:webgpu_cpp	review-required
webgpu	renderer/src/webgpu/wagyu-port/include/webgpu/webgpu_cpp.h	5136	callback-or-async	callback_param	callbackInfo.callback = [](WGPURequestAdapterStatus status, WGPUAdapter adapter, WGPUStringView message, void* callback_param, void* userdata_param) {	webgpu:wagyu:webgpu_cpp	review-required
webgpu	renderer/src/webgpu/wagyu-port/include/webgpu/webgpu_cpp.h	5137	callback-or-async	callback_param	auto cb = reinterpret_cast<Cb*>(callback_param);	webgpu:wagyu:webgpu_cpp	review-required
webgpu	renderer/src/webgpu/wagyu-port/include/webgpu/webgpu_cpp.h	5138	construction-or-allocation	Acquire	(*cb)(static_cast<RequestAdapterStatus>(status), Adapter::Acquire(adapter), StringView {	webgpu:wagyu:webgpu_cpp	review-required
webgpu	renderer/src/webgpu/wagyu-port/include/webgpu/webgpu_cpp.h	5144	callback-or-async	callback	callbackInfo.callback = [](WGPURequestAdapterStatus status, WGPUAdapter adapter, WGPUStringView message, void* callback_param, void* userdata_param) {	webgpu:wagyu:webgpu_cpp	review-required
webgpu	renderer/src/webgpu/wagyu-port/include/webgpu/webgpu_cpp.h	5144	callback-or-async	callbackInfo	callbackInfo.callback = [](WGPURequestAdapterStatus status, WGPUAdapter adapter, WGPUStringView message, void* callback_param, void* userdata_param) {	webgpu:wagyu:webgpu_cpp	review-required
webgpu	renderer/src/webgpu/wagyu-port/include/webgpu/webgpu_cpp.h	5144	callback-or-async	callback_param	callbackInfo.callback = [](WGPURequestAdapterStatus status, WGPUAdapter adapter, WGPUStringView message, void* callback_param, void* userdata_param) {	webgpu:wagyu:webgpu_cpp	review-required
webgpu	renderer/src/webgpu/wagyu-port/include/webgpu/webgpu_cpp.h	5145	callback-or-async	callback_param	auto cb = reinterpret_cast<CbChar*>(callback_param);	webgpu:wagyu:webgpu_cpp	review-required
webgpu	renderer/src/webgpu/wagyu-port/include/webgpu/webgpu_cpp.h	5146	construction-or-allocation	Acquire	(*cb)(static_cast<RequestAdapterStatus>(status), Adapter::Acquire(adapter), {detail::StringViewAdapter(message)}, static_cast<T>(userdata_param));	webgpu:wagyu:webgpu_cpp	review-required
webgpu	renderer/src/webgpu/wagyu-port/include/webgpu/webgpu_cpp.h	5149	callback-or-async	callback	callbackInfo.userdata1 = reinterpret_cast<void*>(+callback);	webgpu:wagyu:webgpu_cpp	review-required
webgpu	renderer/src/webgpu/wagyu-port/include/webgpu/webgpu_cpp.h	5149	callback-or-async	callbackInfo	callbackInfo.userdata1 = reinterpret_cast<void*>(+callback);	webgpu:wagyu:webgpu_cpp	review-required
webgpu	renderer/src/webgpu/wagyu-port/include/webgpu/webgpu_cpp.h	5150	callback-or-async	callbackInfo	callbackInfo.userdata2 = reinterpret_cast<void*>(userdata);	webgpu:wagyu:webgpu_cpp	review-required
webgpu	renderer/src/webgpu/wagyu-port/include/webgpu/webgpu_cpp.h	5151	callback-or-async	callbackInfo	auto result = wgpuInstanceRequestAdapter(Get(), reinterpret_cast<WGPURequestAdapterOptions const *>(options), callbackInfo);	webgpu:wagyu:webgpu_cpp	review-required
webgpu	renderer/src/webgpu/wagyu-port/include/webgpu/webgpu_cpp.h	5160	callback-or-async	CallbackMode	Future Instance::RequestAdapter(RequestAdapterOptions const * options, CallbackMode callbackMode,L callback) const {	webgpu:wagyu:webgpu_cpp	review-required
webgpu	renderer/src/webgpu/wagyu-port/include/webgpu/webgpu_cpp.h	5160	callback-or-async	callback	Future Instance::RequestAdapter(RequestAdapterOptions const * options, CallbackMode callbackMode,L callback) const {	webgpu:wagyu:webgpu_cpp	review-required
webgpu	renderer/src/webgpu/wagyu-port/include/webgpu/webgpu_cpp.h	5160	callback-or-async	callbackMode	Future Instance::RequestAdapter(RequestAdapterOptions const * options, CallbackMode callbackMode,L callback) const {	webgpu:wagyu:webgpu_cpp	review-required
webgpu	renderer/src/webgpu/wagyu-port/include/webgpu/webgpu_cpp.h	5163	callback-or-async	callbackInfo	WGPURequestAdapterCallbackInfo callbackInfo = {};	webgpu:wagyu:webgpu_cpp	review-required
webgpu	renderer/src/webgpu/wagyu-port/include/webgpu/webgpu_cpp.h	5164	callback-or-async	callbackInfo	callbackInfo.mode = static_cast<WGPUCallbackMode>(callbackMode);	webgpu:wagyu:webgpu_cpp	review-required
webgpu	renderer/src/webgpu/wagyu-port/include/webgpu/webgpu_cpp.h	5164	callback-or-async	callbackMode	callbackInfo.mode = static_cast<WGPUCallbackMode>(callbackMode);	webgpu:wagyu:webgpu_cpp	review-required
webgpu	renderer/src/webgpu/wagyu-port/include/webgpu/webgpu_cpp.h	5166	callback-or-async	callback	callbackInfo.callback = [](WGPURequestAdapterStatus status, WGPUAdapter adapter, WGPUStringView message, void* callback_param, void*) {	webgpu:wagyu:webgpu_cpp	review-required
webgpu	renderer/src/webgpu/wagyu-port/include/webgpu/webgpu_cpp.h	5166	callback-or-async	callbackInfo	callbackInfo.callback = [](WGPURequestAdapterStatus status, WGPUAdapter adapter, WGPUStringView message, void* callback_param, void*) {	webgpu:wagyu:webgpu_cpp	review-required
webgpu	renderer/src/webgpu/wagyu-port/include/webgpu/webgpu_cpp.h	5166	callback-or-async	callback_param	callbackInfo.callback = [](WGPURequestAdapterStatus status, WGPUAdapter adapter, WGPUStringView message, void* callback_param, void*) {	webgpu:wagyu:webgpu_cpp	review-required
webgpu	renderer/src/webgpu/wagyu-port/include/webgpu/webgpu_cpp.h	5167	callback-or-async	callback_param	auto cb = reinterpret_cast<F*>(callback_param);	webgpu:wagyu:webgpu_cpp	review-required
webgpu	renderer/src/webgpu/wagyu-port/include/webgpu/webgpu_cpp.h	5168	construction-or-allocation	Acquire	(*cb)(static_cast<RequestAdapterStatus>(status), Adapter::Acquire(adapter), StringView {	webgpu:wagyu:webgpu_cpp	review-required
webgpu	renderer/src/webgpu/wagyu-port/include/webgpu/webgpu_cpp.h	5173	callback-or-async	callback	callbackInfo.userdata1 = reinterpret_cast<void*>(+callback);	webgpu:wagyu:webgpu_cpp	review-required
webgpu	renderer/src/webgpu/wagyu-port/include/webgpu/webgpu_cpp.h	5173	callback-or-async	callbackInfo	callbackInfo.userdata1 = reinterpret_cast<void*>(+callback);	webgpu:wagyu:webgpu_cpp	review-required
webgpu	renderer/src/webgpu/wagyu-port/include/webgpu/webgpu_cpp.h	5174	callback-or-async	callbackInfo	callbackInfo.userdata2 = nullptr;	webgpu:wagyu:webgpu_cpp	review-required
webgpu	renderer/src/webgpu/wagyu-port/include/webgpu/webgpu_cpp.h	5176	callback-or-async	callback	auto* lambda = new L(std::move(callback));	webgpu:wagyu:webgpu_cpp	review-required
webgpu	renderer/src/webgpu/wagyu-port/include/webgpu/webgpu_cpp.h	5176	construction-or-allocation	new	auto* lambda = new L(std::move(callback));	webgpu:wagyu:webgpu_cpp	review-required
webgpu	renderer/src/webgpu/wagyu-port/include/webgpu/webgpu_cpp.h	5177	callback-or-async	callback	callbackInfo.callback = [](WGPURequestAdapterStatus status, WGPUAdapter adapter, WGPUStringView message, void* callback_param, void*) {	webgpu:wagyu:webgpu_cpp	review-required
webgpu	renderer/src/webgpu/wagyu-port/include/webgpu/webgpu_cpp.h	5177	callback-or-async	callbackInfo	callbackInfo.callback = [](WGPURequestAdapterStatus status, WGPUAdapter adapter, WGPUStringView message, void* callback_param, void*) {	webgpu:wagyu:webgpu_cpp	review-required
webgpu	renderer/src/webgpu/wagyu-port/include/webgpu/webgpu_cpp.h	5177	callback-or-async	callback_param	callbackInfo.callback = [](WGPURequestAdapterStatus status, WGPUAdapter adapter, WGPUStringView message, void* callback_param, void*) {	webgpu:wagyu:webgpu_cpp	review-required
webgpu	renderer/src/webgpu/wagyu-port/include/webgpu/webgpu_cpp.h	5178	callback-or-async	callback_param	std::unique_ptr<L> the_lambda(reinterpret_cast<L*>(callback_param));	webgpu:wagyu:webgpu_cpp	review-required
webgpu	renderer/src/webgpu/wagyu-port/include/webgpu/webgpu_cpp.h	5179	construction-or-allocation	Acquire	(*the_lambda)(static_cast<RequestAdapterStatus>(status), Adapter::Acquire(adapter), {detail::StringViewAdapter(message)});	webgpu:wagyu:webgpu_cpp	review-required
webgpu	renderer/src/webgpu/wagyu-port/include/webgpu/webgpu_cpp.h	5181	callback-or-async	callbackInfo	callbackInfo.userdata1 = reinterpret_cast<void*>(lambda);	webgpu:wagyu:webgpu_cpp	review-required
webgpu	renderer/src/webgpu/wagyu-port/include/webgpu/webgpu_cpp.h	5182	callback-or-async	callbackInfo	callbackInfo.userdata2 = nullptr;	webgpu:wagyu:webgpu_cpp	review-required
webgpu	renderer/src/webgpu/wagyu-port/include/webgpu/webgpu_cpp.h	5184	callback-or-async	callbackInfo	auto result = wgpuInstanceRequestAdapter(Get(), reinterpret_cast<WGPURequestAdapterOptions const *>(options), callbackInfo);	webgpu:wagyu:webgpu_cpp	review-required
webgpu	renderer/src/webgpu/wagyu-port/include/webgpu/webgpu_cpp.h	5189	synchronization-or-submission	WaitAny	WaitStatus Instance::WaitAny(size_t futureCount, FutureWaitInfo * futures, uint64_t timeoutNS) const {	webgpu:wagyu:webgpu_cpp	review-required
webgpu	renderer/src/webgpu/wagyu-port/include/webgpu/webgpu_cpp.h	5189	synchronization-or-submission	WaitStatus	WaitStatus Instance::WaitAny(size_t futureCount, FutureWaitInfo * futures, uint64_t timeoutNS) const {	webgpu:wagyu:webgpu_cpp	review-required
webgpu	renderer/src/webgpu/wagyu-port/include/webgpu/webgpu_cpp.h	5191	synchronization-or-submission	WaitStatus	return static_cast<WaitStatus>(result);	webgpu:wagyu:webgpu_cpp	review-required
webgpu	renderer/src/webgpu/wagyu-port/include/webgpu/webgpu_cpp.h	5194	synchronization-or-submission	WaitAny	WaitStatus Instance::WaitAny(Future f, uint64_t timeout) const {	webgpu:wagyu:webgpu_cpp	review-required
webgpu	renderer/src/webgpu/wagyu-port/include/webgpu/webgpu_cpp.h	5194	synchronization-or-submission	WaitStatus	WaitStatus Instance::WaitAny(Future f, uint64_t timeout) const {	webgpu:wagyu:webgpu_cpp	review-required
webgpu	renderer/src/webgpu/wagyu-port/include/webgpu/webgpu_cpp.h	5195	synchronization-or-submission	waitInfo	FutureWaitInfo waitInfo { f };	webgpu:wagyu:webgpu_cpp	review-required
webgpu	renderer/src/webgpu/wagyu-port/include/webgpu/webgpu_cpp.h	5196	synchronization-or-submission	WaitAny	return WaitAny(1, &waitInfo, timeout);	webgpu:wagyu:webgpu_cpp	review-required
webgpu	renderer/src/webgpu/wagyu-port/include/webgpu/webgpu_cpp.h	5196	synchronization-or-submission	waitInfo	return WaitAny(1, &waitInfo, timeout);	webgpu:wagyu:webgpu_cpp	review-required
webgpu	renderer/src/webgpu/wagyu-port/include/webgpu/webgpu_cpp.h	5234	destruction-or-release	Destroy	void QuerySet::Destroy() const {	webgpu:wagyu:webgpu_cpp	review-required
webgpu	renderer/src/webgpu/wagyu-port/include/webgpu/webgpu_cpp.h	5269	callback-or-async	CallbackMode	Future Queue::OnSubmittedWorkDone(CallbackMode callbackMode,F callback, T userdata) const {	webgpu:wagyu:webgpu_cpp	review-required
webgpu	renderer/src/webgpu/wagyu-port/include/webgpu/webgpu_cpp.h	5269	callback-or-async	callback	Future Queue::OnSubmittedWorkDone(CallbackMode callbackMode,F callback, T userdata) const {	webgpu:wagyu:webgpu_cpp	review-required
webgpu	renderer/src/webgpu/wagyu-port/include/webgpu/webgpu_cpp.h	5269	callback-or-async	callbackMode	Future Queue::OnSubmittedWorkDone(CallbackMode callbackMode,F callback, T userdata) const {	webgpu:wagyu:webgpu_cpp	review-required
webgpu	renderer/src/webgpu/wagyu-port/include/webgpu/webgpu_cpp.h	5270	callback-or-async	callbackInfo	WGPUQueueWorkDoneCallbackInfo callbackInfo = {};	webgpu:wagyu:webgpu_cpp	review-required
webgpu	renderer/src/webgpu/wagyu-port/include/webgpu/webgpu_cpp.h	5271	callback-or-async	callbackInfo	callbackInfo.mode = static_cast<WGPUCallbackMode>(callbackMode);	webgpu:wagyu:webgpu_cpp	review-required
webgpu	renderer/src/webgpu/wagyu-port/include/webgpu/webgpu_cpp.h	5271	callback-or-async	callbackMode	callbackInfo.mode = static_cast<WGPUCallbackMode>(callbackMode);	webgpu:wagyu:webgpu_cpp	review-required
webgpu	renderer/src/webgpu/wagyu-port/include/webgpu/webgpu_cpp.h	5273	callback-or-async	callback	callbackInfo.callback = [](WGPUQueueWorkDoneStatus status, WGPUStringView message, void* callback_param, void* userdata_param) {	webgpu:wagyu:webgpu_cpp	review-required
webgpu	renderer/src/webgpu/wagyu-port/include/webgpu/webgpu_cpp.h	5273	callback-or-async	callbackInfo	callbackInfo.callback = [](WGPUQueueWorkDoneStatus status, WGPUStringView message, void* callback_param, void* userdata_param) {	webgpu:wagyu:webgpu_cpp	review-required
webgpu	renderer/src/webgpu/wagyu-port/include/webgpu/webgpu_cpp.h	5273	callback-or-async	callback_param	callbackInfo.callback = [](WGPUQueueWorkDoneStatus status, WGPUStringView message, void* callback_param, void* userdata_param) {	webgpu:wagyu:webgpu_cpp	review-required
webgpu	renderer/src/webgpu/wagyu-port/include/webgpu/webgpu_cpp.h	5274	callback-or-async	callback_param	auto cb = reinterpret_cast<Cb*>(callback_param);	webgpu:wagyu:webgpu_cpp	review-required
webgpu	renderer/src/webgpu/wagyu-port/include/webgpu/webgpu_cpp.h	5281	callback-or-async	callback	callbackInfo.callback = [](WGPUQueueWorkDoneStatus status, WGPUStringView message, void* callback_param, void* userdata_param) {	webgpu:wagyu:webgpu_cpp	review-required
webgpu	renderer/src/webgpu/wagyu-port/include/webgpu/webgpu_cpp.h	5281	callback-or-async	callbackInfo	callbackInfo.callback = [](WGPUQueueWorkDoneStatus status, WGPUStringView message, void* callback_param, void* userdata_param) {	webgpu:wagyu:webgpu_cpp	review-required
webgpu	renderer/src/webgpu/wagyu-port/include/webgpu/webgpu_cpp.h	5281	callback-or-async	callback_param	callbackInfo.callback = [](WGPUQueueWorkDoneStatus status, WGPUStringView message, void* callback_param, void* userdata_param) {	webgpu:wagyu:webgpu_cpp	review-required
webgpu	renderer/src/webgpu/wagyu-port/include/webgpu/webgpu_cpp.h	5282	callback-or-async	callback_param	auto cb = reinterpret_cast<CbChar*>(callback_param);	webgpu:wagyu:webgpu_cpp	review-required
webgpu	renderer/src/webgpu/wagyu-port/include/webgpu/webgpu_cpp.h	5286	callback-or-async	callback	callbackInfo.userdata1 = reinterpret_cast<void*>(+callback);	webgpu:wagyu:webgpu_cpp	review-required
webgpu	renderer/src/webgpu/wagyu-port/include/webgpu/webgpu_cpp.h	5286	callback-or-async	callbackInfo	callbackInfo.userdata1 = reinterpret_cast<void*>(+callback);	webgpu:wagyu:webgpu_cpp	review-required
webgpu	renderer/src/webgpu/wagyu-port/include/webgpu/webgpu_cpp.h	5287	callback-or-async	callbackInfo	callbackInfo.userdata2 = reinterpret_cast<void*>(userdata);	webgpu:wagyu:webgpu_cpp	review-required
webgpu	renderer/src/webgpu/wagyu-port/include/webgpu/webgpu_cpp.h	5288	callback-or-async	callbackInfo	auto result = wgpuQueueOnSubmittedWorkDone(Get(), callbackInfo);	webgpu:wagyu:webgpu_cpp	review-required
webgpu	renderer/src/webgpu/wagyu-port/include/webgpu/webgpu_cpp.h	5297	callback-or-async	CallbackMode	Future Queue::OnSubmittedWorkDone(CallbackMode callbackMode,L callback) const {	webgpu:wagyu:webgpu_cpp	review-required
webgpu	renderer/src/webgpu/wagyu-port/include/webgpu/webgpu_cpp.h	5297	callback-or-async	callback	Future Queue::OnSubmittedWorkDone(CallbackMode callbackMode,L callback) const {	webgpu:wagyu:webgpu_cpp	review-required
webgpu	renderer/src/webgpu/wagyu-port/include/webgpu/webgpu_cpp.h	5297	callback-or-async	callbackMode	Future Queue::OnSubmittedWorkDone(CallbackMode callbackMode,L callback) const {	webgpu:wagyu:webgpu_cpp	review-required
webgpu	renderer/src/webgpu/wagyu-port/include/webgpu/webgpu_cpp.h	5300	callback-or-async	callbackInfo	WGPUQueueWorkDoneCallbackInfo callbackInfo = {};	webgpu:wagyu:webgpu_cpp	review-required
webgpu	renderer/src/webgpu/wagyu-port/include/webgpu/webgpu_cpp.h	5301	callback-or-async	callbackInfo	callbackInfo.mode = static_cast<WGPUCallbackMode>(callbackMode);	webgpu:wagyu:webgpu_cpp	review-required
webgpu	renderer/src/webgpu/wagyu-port/include/webgpu/webgpu_cpp.h	5301	callback-or-async	callbackMode	callbackInfo.mode = static_cast<WGPUCallbackMode>(callbackMode);	webgpu:wagyu:webgpu_cpp	review-required
webgpu	renderer/src/webgpu/wagyu-port/include/webgpu/webgpu_cpp.h	5303	callback-or-async	callback	callbackInfo.callback = [](WGPUQueueWorkDoneStatus status, WGPUStringView message, void* callback_param, void*) {	webgpu:wagyu:webgpu_cpp	review-required
webgpu	renderer/src/webgpu/wagyu-port/include/webgpu/webgpu_cpp.h	5303	callback-or-async	callbackInfo	callbackInfo.callback = [](WGPUQueueWorkDoneStatus status, WGPUStringView message, void* callback_param, void*) {	webgpu:wagyu:webgpu_cpp	review-required
webgpu	renderer/src/webgpu/wagyu-port/include/webgpu/webgpu_cpp.h	5303	callback-or-async	callback_param	callbackInfo.callback = [](WGPUQueueWorkDoneStatus status, WGPUStringView message, void* callback_param, void*) {	webgpu:wagyu:webgpu_cpp	review-required
webgpu	renderer/src/webgpu/wagyu-port/include/webgpu/webgpu_cpp.h	5304	callback-or-async	callback_param	auto cb = reinterpret_cast<F*>(callback_param);	webgpu:wagyu:webgpu_cpp	review-required
webgpu	renderer/src/webgpu/wagyu-port/include/webgpu/webgpu_cpp.h	5310	callback-or-async	callback	callbackInfo.userdata1 = reinterpret_cast<void*>(+callback);	webgpu:wagyu:webgpu_cpp	review-required
webgpu	renderer/src/webgpu/wagyu-port/include/webgpu/webgpu_cpp.h	5310	callback-or-async	callbackInfo	callbackInfo.userdata1 = reinterpret_cast<void*>(+callback);	webgpu:wagyu:webgpu_cpp	review-required
webgpu	renderer/src/webgpu/wagyu-port/include/webgpu/webgpu_cpp.h	5311	callback-or-async	callbackInfo	callbackInfo.userdata2 = nullptr;	webgpu:wagyu:webgpu_cpp	review-required
webgpu	renderer/src/webgpu/wagyu-port/include/webgpu/webgpu_cpp.h	5313	callback-or-async	callback	auto* lambda = new L(std::move(callback));	webgpu:wagyu:webgpu_cpp	review-required
webgpu	renderer/src/webgpu/wagyu-port/include/webgpu/webgpu_cpp.h	5313	construction-or-allocation	new	auto* lambda = new L(std::move(callback));	webgpu:wagyu:webgpu_cpp	review-required
webgpu	renderer/src/webgpu/wagyu-port/include/webgpu/webgpu_cpp.h	5314	callback-or-async	callback	callbackInfo.callback = [](WGPUQueueWorkDoneStatus status, WGPUStringView message, void* callback_param, void*) {	webgpu:wagyu:webgpu_cpp	review-required
webgpu	renderer/src/webgpu/wagyu-port/include/webgpu/webgpu_cpp.h	5314	callback-or-async	callbackInfo	callbackInfo.callback = [](WGPUQueueWorkDoneStatus status, WGPUStringView message, void* callback_param, void*) {	webgpu:wagyu:webgpu_cpp	review-required
webgpu	renderer/src/webgpu/wagyu-port/include/webgpu/webgpu_cpp.h	5314	callback-or-async	callback_param	callbackInfo.callback = [](WGPUQueueWorkDoneStatus status, WGPUStringView message, void* callback_param, void*) {	webgpu:wagyu:webgpu_cpp	review-required
webgpu	renderer/src/webgpu/wagyu-port/include/webgpu/webgpu_cpp.h	5315	callback-or-async	callback_param	std::unique_ptr<L> the_lambda(reinterpret_cast<L*>(callback_param));	webgpu:wagyu:webgpu_cpp	review-required
webgpu	renderer/src/webgpu/wagyu-port/include/webgpu/webgpu_cpp.h	5318	callback-or-async	callbackInfo	callbackInfo.userdata1 = reinterpret_cast<void*>(lambda);	webgpu:wagyu:webgpu_cpp	review-required
webgpu	renderer/src/webgpu/wagyu-port/include/webgpu/webgpu_cpp.h	5319	callback-or-async	callbackInfo	callbackInfo.userdata2 = nullptr;	webgpu:wagyu:webgpu_cpp	review-required
webgpu	renderer/src/webgpu/wagyu-port/include/webgpu/webgpu_cpp.h	5321	callback-or-async	callbackInfo	auto result = wgpuQueueOnSubmittedWorkDone(Get(), callbackInfo);	webgpu:wagyu:webgpu_cpp	review-required
webgpu	renderer/src/webgpu/wagyu-port/include/webgpu/webgpu_cpp.h	5329	synchronization-or-submission	Submit	void Queue::Submit(size_t commandCount, CommandBuffer const * commands) const {	webgpu:wagyu:webgpu_cpp	review-required
webgpu	renderer/src/webgpu/wagyu-port/include/webgpu/webgpu_cpp.h	5387	synchronization-or-submission	Finish	RenderBundle RenderBundleEncoder::Finish(RenderBundleDescriptor const * descriptor) const {	webgpu:wagyu:webgpu_cpp	review-required
webgpu	renderer/src/webgpu/wagyu-port/include/webgpu/webgpu_cpp.h	5389	construction-or-allocation	Acquire	return RenderBundle::Acquire(result);	webgpu:wagyu:webgpu_cpp	review-required
webgpu	renderer/src/webgpu/wagyu-port/include/webgpu/webgpu_cpp.h	5520	construction-or-allocation	Acquire	return BindGroupLayout::Acquire(result);	webgpu:wagyu:webgpu_cpp	review-required
webgpu	renderer/src/webgpu/wagyu-port/include/webgpu/webgpu_cpp.h	5566	callback-or-async	CallbackMode	Future ShaderModule::GetCompilationInfo(CallbackMode callbackMode,F callback, T userdata) const {	webgpu:wagyu:webgpu_cpp	review-required
webgpu	renderer/src/webgpu/wagyu-port/include/webgpu/webgpu_cpp.h	5566	callback-or-async	callback	Future ShaderModule::GetCompilationInfo(CallbackMode callbackMode,F callback, T userdata) const {	webgpu:wagyu:webgpu_cpp	review-required
webgpu	renderer/src/webgpu/wagyu-port/include/webgpu/webgpu_cpp.h	5566	callback-or-async	callbackMode	Future ShaderModule::GetCompilationInfo(CallbackMode callbackMode,F callback, T userdata) const {	webgpu:wagyu:webgpu_cpp	review-required
webgpu	renderer/src/webgpu/wagyu-port/include/webgpu/webgpu_cpp.h	5567	callback-or-async	callbackInfo	WGPUCompilationInfoCallbackInfo callbackInfo = {};	webgpu:wagyu:webgpu_cpp	review-required
webgpu	renderer/src/webgpu/wagyu-port/include/webgpu/webgpu_cpp.h	5568	callback-or-async	callbackInfo	callbackInfo.mode = static_cast<WGPUCallbackMode>(callbackMode);	webgpu:wagyu:webgpu_cpp	review-required
webgpu	renderer/src/webgpu/wagyu-port/include/webgpu/webgpu_cpp.h	5568	callback-or-async	callbackMode	callbackInfo.mode = static_cast<WGPUCallbackMode>(callbackMode);	webgpu:wagyu:webgpu_cpp	review-required
webgpu	renderer/src/webgpu/wagyu-port/include/webgpu/webgpu_cpp.h	5570	callback-or-async	callback	callbackInfo.callback = [](WGPUCompilationInfoRequestStatus status, WGPUCompilationInfo const * compilationInfo, void* callback_param, void* userdata_param) {	webgpu:wagyu:webgpu_cpp	review-required
webgpu	renderer/src/webgpu/wagyu-port/include/webgpu/webgpu_cpp.h	5570	callback-or-async	callbackInfo	callbackInfo.callback = [](WGPUCompilationInfoRequestStatus status, WGPUCompilationInfo const * compilationInfo, void* callback_param, void* userdata_param) {	webgpu:wagyu:webgpu_cpp	review-required
webgpu	renderer/src/webgpu/wagyu-port/include/webgpu/webgpu_cpp.h	5570	callback-or-async	callback_param	callbackInfo.callback = [](WGPUCompilationInfoRequestStatus status, WGPUCompilationInfo const * compilationInfo, void* callback_param, void* userdata_param) {	webgpu:wagyu:webgpu_cpp	review-required
webgpu	renderer/src/webgpu/wagyu-port/include/webgpu/webgpu_cpp.h	5571	callback-or-async	callback_param	auto cb = reinterpret_cast<Cb*>(callback_param);	webgpu:wagyu:webgpu_cpp	review-required
webgpu	renderer/src/webgpu/wagyu-port/include/webgpu/webgpu_cpp.h	5575	callback-or-async	callback	callbackInfo.callback = [](WGPUCompilationInfoRequestStatus status, WGPUCompilationInfo const * compilationInfo, void* callback_param, void* userdata_param) {	webgpu:wagyu:webgpu_cpp	review-required
webgpu	renderer/src/webgpu/wagyu-port/include/webgpu/webgpu_cpp.h	5575	callback-or-async	callbackInfo	callbackInfo.callback = [](WGPUCompilationInfoRequestStatus status, WGPUCompilationInfo const * compilationInfo, void* callback_param, void* userdata_param) {	webgpu:wagyu:webgpu_cpp	review-required
webgpu	renderer/src/webgpu/wagyu-port/include/webgpu/webgpu_cpp.h	5575	callback-or-async	callback_param	callbackInfo.callback = [](WGPUCompilationInfoRequestStatus status, WGPUCompilationInfo const * compilationInfo, void* callback_param, void* userdata_param) {	webgpu:wagyu:webgpu_cpp	review-required
webgpu	renderer/src/webgpu/wagyu-port/include/webgpu/webgpu_cpp.h	5576	callback-or-async	callback_param	auto cb = reinterpret_cast<CbChar*>(callback_param);	webgpu:wagyu:webgpu_cpp	review-required
webgpu	renderer/src/webgpu/wagyu-port/include/webgpu/webgpu_cpp.h	5580	callback-or-async	callback	callbackInfo.userdata1 = reinterpret_cast<void*>(+callback);	webgpu:wagyu:webgpu_cpp	review-required
webgpu	renderer/src/webgpu/wagyu-port/include/webgpu/webgpu_cpp.h	5580	callback-or-async	callbackInfo	callbackInfo.userdata1 = reinterpret_cast<void*>(+callback);	webgpu:wagyu:webgpu_cpp	review-required
webgpu	renderer/src/webgpu/wagyu-port/include/webgpu/webgpu_cpp.h	5581	callback-or-async	callbackInfo	callbackInfo.userdata2 = reinterpret_cast<void*>(userdata);	webgpu:wagyu:webgpu_cpp	review-required
webgpu	renderer/src/webgpu/wagyu-port/include/webgpu/webgpu_cpp.h	5582	callback-or-async	callbackInfo	auto result = wgpuShaderModuleGetCompilationInfo(Get(), callbackInfo);	webgpu:wagyu:webgpu_cpp	review-required
webgpu	renderer/src/webgpu/wagyu-port/include/webgpu/webgpu_cpp.h	5591	callback-or-async	CallbackMode	Future ShaderModule::GetCompilationInfo(CallbackMode callbackMode,L callback) const {	webgpu:wagyu:webgpu_cpp	review-required
webgpu	renderer/src/webgpu/wagyu-port/include/webgpu/webgpu_cpp.h	5591	callback-or-async	callback	Future ShaderModule::GetCompilationInfo(CallbackMode callbackMode,L callback) const {	webgpu:wagyu:webgpu_cpp	review-required
webgpu	renderer/src/webgpu/wagyu-port/include/webgpu/webgpu_cpp.h	5591	callback-or-async	callbackMode	Future ShaderModule::GetCompilationInfo(CallbackMode callbackMode,L callback) const {	webgpu:wagyu:webgpu_cpp	review-required
webgpu	renderer/src/webgpu/wagyu-port/include/webgpu/webgpu_cpp.h	5594	callback-or-async	callbackInfo	WGPUCompilationInfoCallbackInfo callbackInfo = {};	webgpu:wagyu:webgpu_cpp	review-required
webgpu	renderer/src/webgpu/wagyu-port/include/webgpu/webgpu_cpp.h	5595	callback-or-async	callbackInfo	callbackInfo.mode = static_cast<WGPUCallbackMode>(callbackMode);	webgpu:wagyu:webgpu_cpp	review-required
webgpu	renderer/src/webgpu/wagyu-port/include/webgpu/webgpu_cpp.h	5595	callback-or-async	callbackMode	callbackInfo.mode = static_cast<WGPUCallbackMode>(callbackMode);	webgpu:wagyu:webgpu_cpp	review-required
webgpu	renderer/src/webgpu/wagyu-port/include/webgpu/webgpu_cpp.h	5597	callback-or-async	callback	callbackInfo.callback = [](WGPUCompilationInfoRequestStatus status, WGPUCompilationInfo const * compilationInfo, void* callback_param, void*) {	webgpu:wagyu:webgpu_cpp	review-required
webgpu	renderer/src/webgpu/wagyu-port/include/webgpu/webgpu_cpp.h	5597	callback-or-async	callbackInfo	callbackInfo.callback = [](WGPUCompilationInfoRequestStatus status, WGPUCompilationInfo const * compilationInfo, void* callback_param, void*) {	webgpu:wagyu:webgpu_cpp	review-required
webgpu	renderer/src/webgpu/wagyu-port/include/webgpu/webgpu_cpp.h	5597	callback-or-async	callback_param	callbackInfo.callback = [](WGPUCompilationInfoRequestStatus status, WGPUCompilationInfo const * compilationInfo, void* callback_param, void*) {	webgpu:wagyu:webgpu_cpp	review-required
webgpu	renderer/src/webgpu/wagyu-port/include/webgpu/webgpu_cpp.h	5598	callback-or-async	callback_param	auto cb = reinterpret_cast<F*>(callback_param);	webgpu:wagyu:webgpu_cpp	review-required
webgpu	renderer/src/webgpu/wagyu-port/include/webgpu/webgpu_cpp.h	5601	callback-or-async	callback	callbackInfo.userdata1 = reinterpret_cast<void*>(+callback);	webgpu:wagyu:webgpu_cpp	review-required
webgpu	renderer/src/webgpu/wagyu-port/include/webgpu/webgpu_cpp.h	5601	callback-or-async	callbackInfo	callbackInfo.userdata1 = reinterpret_cast<void*>(+callback);	webgpu:wagyu:webgpu_cpp	review-required
webgpu	renderer/src/webgpu/wagyu-port/include/webgpu/webgpu_cpp.h	5602	callback-or-async	callbackInfo	callbackInfo.userdata2 = nullptr;	webgpu:wagyu:webgpu_cpp	review-required
webgpu	renderer/src/webgpu/wagyu-port/include/webgpu/webgpu_cpp.h	5604	callback-or-async	callback	auto* lambda = new L(std::move(callback));	webgpu:wagyu:webgpu_cpp	review-required
webgpu	renderer/src/webgpu/wagyu-port/include/webgpu/webgpu_cpp.h	5604	construction-or-allocation	new	auto* lambda = new L(std::move(callback));	webgpu:wagyu:webgpu_cpp	review-required
webgpu	renderer/src/webgpu/wagyu-port/include/webgpu/webgpu_cpp.h	5605	callback-or-async	callback	callbackInfo.callback = [](WGPUCompilationInfoRequestStatus status, WGPUCompilationInfo const * compilationInfo, void* callback_param, void*) {	webgpu:wagyu:webgpu_cpp	review-required
webgpu	renderer/src/webgpu/wagyu-port/include/webgpu/webgpu_cpp.h	5605	callback-or-async	callbackInfo	callbackInfo.callback = [](WGPUCompilationInfoRequestStatus status, WGPUCompilationInfo const * compilationInfo, void* callback_param, void*) {	webgpu:wagyu:webgpu_cpp	review-required
webgpu	renderer/src/webgpu/wagyu-port/include/webgpu/webgpu_cpp.h	5605	callback-or-async	callback_param	callbackInfo.callback = [](WGPUCompilationInfoRequestStatus status, WGPUCompilationInfo const * compilationInfo, void* callback_param, void*) {	webgpu:wagyu:webgpu_cpp	review-required
webgpu	renderer/src/webgpu/wagyu-port/include/webgpu/webgpu_cpp.h	5606	callback-or-async	callback_param	std::unique_ptr<L> the_lambda(reinterpret_cast<L*>(callback_param));	webgpu:wagyu:webgpu_cpp	review-required
webgpu	renderer/src/webgpu/wagyu-port/include/webgpu/webgpu_cpp.h	5609	callback-or-async	callbackInfo	callbackInfo.userdata1 = reinterpret_cast<void*>(lambda);	webgpu:wagyu:webgpu_cpp	review-required
webgpu	renderer/src/webgpu/wagyu-port/include/webgpu/webgpu_cpp.h	5610	callback-or-async	callbackInfo	callbackInfo.userdata2 = nullptr;	webgpu:wagyu:webgpu_cpp	review-required
webgpu	renderer/src/webgpu/wagyu-port/include/webgpu/webgpu_cpp.h	5612	callback-or-async	callbackInfo	auto result = wgpuShaderModuleGetCompilationInfo(Get(), callbackInfo);	webgpu:wagyu:webgpu_cpp	review-required
webgpu	renderer/src/webgpu/wagyu-port/include/webgpu/webgpu_cpp.h	5675	construction-or-allocation	CreateView	TextureView Texture::CreateView(TextureViewDescriptor const * descriptor) const {	webgpu:wagyu:webgpu_cpp	review-required
webgpu	renderer/src/webgpu/wagyu-port/include/webgpu/webgpu_cpp.h	5677	construction-or-allocation	Acquire	return TextureView::Acquire(result);	webgpu:wagyu:webgpu_cpp	review-required
webgpu	renderer/src/webgpu/wagyu-port/include/webgpu/webgpu_cpp.h	5679	destruction-or-release	Destroy	void Texture::Destroy() const {	webgpu:wagyu:webgpu_cpp	review-required
webgpu	renderer/src/webgpu/wagyu-port/include/webgpu/webgpu_cpp.h	5756	construction-or-allocation	CreateInstance	static inline Instance CreateInstance(InstanceDescriptor const * descriptor = nullptr) {	webgpu:wagyu:webgpu_cpp	review-required
webgpu	renderer/src/webgpu/wagyu-port/include/webgpu/webgpu_cpp.h	5758	construction-or-allocation	Acquire	return Instance::Acquire(result);	webgpu:wagyu:webgpu_cpp	review-required
webgpu	renderer/src/webgpu/wagyu-port/include/webgpu/webgpu_cpp.h	5791	mapping-or-host-visibility	MapMode	struct IsWGPUBitmask<wgpu::MapMode> {	webgpu:wagyu:webgpu_cpp	review-required
webgpu	renderer/src/webgpu/wagyu-port/include/webgpu/webgpu_wagyu.h	227	callback-or-async	callback	WGPUWagyuDeviceFlushCallback callback;	webgpu:wagyu:webgpu_wagyu	review-required
webgpu	renderer/src/webgpu/wagyu-port/include/webgpu/webgpu_wagyu.h	233	callback-or-async	callback	WGPU_WAGYU_MAKE_INIT_STRUCT(WGPUWagyuDeviceFlushCallbackInfo, { /*.nextInChain = */ NULL _wgpu_COMMA /*.mode = */ WGPUCallbackMode_AllowSpontaneous _wgpu_COMMA /*.callback = */ NULL _wgpu_COMMA /*.userdata1 = */ NULL _wgpu_COMMA /*.userdata2 = */ NULL _wgpu_COMMA })	webgpu:wagyu:webgpu_wagyu	review-required
webgpu	renderer/src/webgpu/wagyu-port/include/webgpu/webgpu_wagyu.h	239	callback-or-async	callback	WGPUWagyuExecuteCallback callback;	webgpu:wagyu:webgpu_wagyu	review-required
webgpu	renderer/src/webgpu/wagyu-port/include/webgpu/webgpu_wagyu.h	245	callback-or-async	callback	WGPU_WAGYU_MAKE_INIT_STRUCT(WGPUWagyuExecuteCallbackInfo, { /*.nextInChain = */ NULL _wgpu_COMMA /*.mode = */ WGPUCallbackMode_AllowSpontaneous _wgpu_COMMA /*.callback = */ NULL _wgpu_COMMA /*.userdata1 = */ NULL _wgpu_COMMA /*.userdata2 = */ NULL _wgpu_COMMA })	webgpu:wagyu:webgpu_wagyu	review-required
webgpu	renderer/src/webgpu/wagyu-port/include/webgpu/webgpu_wagyu.h	283	failure-or-loss	errorCount	size_t errorCount;	webgpu:wagyu:webgpu_wagyu	review-required
webgpu	renderer/src/webgpu/wagyu-port/include/webgpu/webgpu_wagyu.h	284	failure-or-loss	errors	WGPUWagyuDevicePipelineBinaryCacheError *errors;	webgpu:wagyu:webgpu_wagyu	review-required
webgpu	renderer/src/webgpu/wagyu-port/include/webgpu/webgpu_wagyu.h	288	failure-or-loss	errorCount	WGPU_WAGYU_MAKE_INIT_STRUCT(WGPUWagyuDevicePipelineBinaryCacheStatistics, { /*.hits*/ 0 _wgpu_COMMA /*.misses*/ 0 _wgpu_COMMA /*.entryCount*/ 0 _wgpu_COMMA /*.entries*/ NULL _wgpu_COMMA /*.errorCount*/ 0 _wgpu_COMMA /*.errors*/ NULL _wgpu_COMMA })	webgpu:wagyu:webgpu_wagyu	review-required
webgpu	renderer/src/webgpu/wagyu-port/include/webgpu/webgpu_wagyu.h	288	failure-or-loss	errors	WGPU_WAGYU_MAKE_INIT_STRUCT(WGPUWagyuDevicePipelineBinaryCacheStatistics, { /*.hits*/ 0 _wgpu_COMMA /*.misses*/ 0 _wgpu_COMMA /*.entryCount*/ 0 _wgpu_COMMA /*.entries*/ NULL _wgpu_COMMA /*.errorCount*/ 0 _wgpu_COMMA /*.errors*/ NULL _wgpu_COMMA })	webgpu:wagyu:webgpu_wagyu	review-required
webgpu	renderer/src/webgpu/wagyu-port/include/webgpu/webgpu_wagyu.h	294	callback-or-async	callback	WGPUWagyuPipelineBinaryCacheStatisticsCallback callback;	webgpu:wagyu:webgpu_wagyu	review-required
webgpu	renderer/src/webgpu/wagyu-port/include/webgpu/webgpu_wagyu.h	300	callback-or-async	callback	WGPU_WAGYU_MAKE_INIT_STRUCT(WGPUWagyuPipelineBinaryCacheStatisticsCallbackInfo, { /*.nextInChain = */ NULL _wgpu_COMMA /*.mode = */ WGPUCallbackMode_AllowSpontaneous _wgpu_COMMA /*.callback = */ NULL _wgpu_COMMA /*.userdata1 = */ NULL _wgpu_COMMA /*.userdata2 = */ NULL _wgpu_COMMA })	webgpu:wagyu:webgpu_wagyu	review-required
webgpu	renderer/src/webgpu/wagyu-port/include/webgpu/webgpu_wagyu.h	399	callback-or-async	callback	WGPUWagyuPipelineBinaryCallback callback;	webgpu:wagyu:webgpu_wagyu	review-required
webgpu	renderer/src/webgpu/wagyu-port/include/webgpu/webgpu_wagyu.h	405	callback-or-async	callback	WGPU_WAGYU_MAKE_INIT_STRUCT(WGPUWagyuPipelineBinaryCallbackInfo, { /*.nextInChain = */ NULL _wgpu_COMMA /*.mode = */ WGPUCallbackMode_AllowSpontaneous _wgpu_COMMA /*.callback = */ NULL _wgpu_COMMA /*.userdata1 = */ NULL _wgpu_COMMA /*.userdata2 = */ NULL _wgpu_COMMA })	webgpu:wagyu:webgpu_wagyu	review-required
webgpu	renderer/src/webgpu/wagyu-port/include/webgpu/webgpu_wagyu.h	411	callback-or-async	callback	WGPUWagyuPipelineBinaryErrorCallback callback;	webgpu:wagyu:webgpu_wagyu	review-required
webgpu	renderer/src/webgpu/wagyu-port/include/webgpu/webgpu_wagyu.h	417	callback-or-async	callback	WGPU_WAGYU_MAKE_INIT_STRUCT(WGPUWagyuPipelineBinaryErrorCallbackInfo, { /*.nextInChain = */ NULL _wgpu_COMMA /*.mode = */ WGPUCallbackMode_AllowSpontaneous _wgpu_COMMA /*.callback = */ NULL _wgpu_COMMA /*.userdata1 = */ NULL _wgpu_COMMA /*.userdata2 = */ NULL _wgpu_COMMA })	webgpu:wagyu:webgpu_wagyu	review-required
webgpu	renderer/src/webgpu/wagyu-port/include/webgpu/webgpu_wagyu.h	466	callback-or-async	callback	WGPUWagyuShaderModuleEntryPointsCallback callback;	webgpu:wagyu:webgpu_wagyu	review-required
webgpu	renderer/src/webgpu/wagyu-port/include/webgpu/webgpu_wagyu.h	472	callback-or-async	callback	WGPU_WAGYU_MAKE_INIT_STRUCT(WGPUWagyuShaderModuleEntryPointsCallbackInfo, { /*.nextInChain = */ NULL _wgpu_COMMA /*.mode = */ WGPUCallbackMode_AllowSpontaneous _wgpu_COMMA /*.callback = */ NULL _wgpu_COMMA /*.userdata1 = */ NULL _wgpu_COMMA /*.userdata2 = */ NULL _wgpu_COMMA })	webgpu:wagyu:webgpu_wagyu	review-required
webgpu	renderer/src/webgpu/wagyu-port/include/webgpu/webgpu_wagyu.h	637	callback-or-async	callbackInfo	WGPU_EXPORT void wgpuWagyuCommandEncoderExecuteCallback(WGPUCommandEncoder commandEncoder, WGPUWagyuExecuteCallbackInfo callbackInfo) WGPU_FUNCTION_ATTRIBUTE;	webgpu:wagyu:webgpu_wagyu	review-required
webgpu	renderer/src/webgpu/wagyu-port/include/webgpu/webgpu_wagyu.h	640	callback-or-async	callbackInfo	WGPU_EXPORT void wgpuWagyuComputePassEncoderExecuteCallback(WGPUComputePassEncoder computePassEncoder, WGPUWagyuExecuteCallbackInfo callbackInfo) WGPU_FUNCTION_ATTRIBUTE;	webgpu:wagyu:webgpu_wagyu	review-required
webgpu	renderer/src/webgpu/wagyu-port/include/webgpu/webgpu_wagyu.h	645	callback-or-async	callbackInfo	WGPU_EXPORT WGPUFuture wgpuWagyuDeviceFlush(WGPUDevice device, WGPUWagyuDeviceFlushCallbackInfo callbackInfo) WGPU_FUNCTION_ATTRIBUTE;	webgpu:wagyu:webgpu_wagyu	review-required
webgpu	renderer/src/webgpu/wagyu-port/include/webgpu/webgpu_wagyu.h	648	callback-or-async	callbackInfo	WGPU_EXPORT WGPUFuture wgpuWagyuDevicePipelineBinaryCacheStatistics(WGPUDevice device, WGPUWagyuPipelineBinaryCacheStatisticsCallbackInfo callbackInfo) WGPU_FUNCTION_ATTRIBUTE;	webgpu:wagyu:webgpu_wagyu	review-required
webgpu	renderer/src/webgpu/wagyu-port/include/webgpu/webgpu_wagyu.h	650	callback-or-async	callbackInfo	WGPU_EXPORT void wgpuWagyuDeviceSetPipelineBinaryCallback(WGPUDevice device, WGPUWagyuPipelineBinaryCallbackInfo callbackInfo) WGPU_FUNCTION_ATTRIBUTE;	webgpu:wagyu:webgpu_wagyu	review-required
webgpu	renderer/src/webgpu/wagyu-port/include/webgpu/webgpu_wagyu.h	651	callback-or-async	callbackInfo	WGPU_EXPORT void wgpuWagyuDeviceSetPipelineBinaryErrorCallback(WGPUDevice device, WGPUWagyuPipelineBinaryErrorCallbackInfo callbackInfo) WGPU_FUNCTION_ATTRIBUTE;	webgpu:wagyu:webgpu_wagyu	review-required
webgpu	renderer/src/webgpu/wagyu-port/include/webgpu/webgpu_wagyu.h	679	callback-or-async	callbackInfo	WGPU_EXPORT void wgpuWagyuRenderBundleEncoderExecuteCallback(WGPURenderBundleEncoder renderBundleEncoder, WGPUWagyuExecuteCallbackInfo callbackInfo) WGPU_FUNCTION_ATTRIBUTE;	webgpu:wagyu:webgpu_wagyu	review-required
webgpu	renderer/src/webgpu/wagyu-port/include/webgpu/webgpu_wagyu.h	691	callback-or-async	callbackInfo	WGPU_EXPORT void wgpuWagyuRenderPassEncoderExecuteCallback(WGPURenderPassEncoder renderPassEncoder, WGPUWagyuExecuteCallbackInfo callbackInfo) WGPU_FUNCTION_ATTRIBUTE;	webgpu:wagyu:webgpu_wagyu	review-required
webgpu	renderer/src/webgpu/wagyu-port/include/webgpu/webgpu_wagyu.h	696	callback-or-async	callbackInfo	WGPU_EXPORT WGPUFuture wgpuWagyuShaderModuleEntryPoints(WGPUShaderModule shaderModule, uint32_t stage, WGPUWagyuShaderModuleEntryPointsCallbackInfo callbackInfo) WGPU_FUNCTION_ATTRIBUTE;	webgpu:wagyu:webgpu_wagyu	review-required
webgpu	renderer/src/webgpu/webgpu_compat.h	60	destruction-or-release	free	#define WGPU_STRING_VIEW_FREE(s) free(const_cast<char*>(s))	webgpu:renderer:webgpu_compat	review-required
webgpu	renderer/src/webgpu/webgpu_compat.h	152	mapping-or-host-visibility	mappedAtCreation	{} _wgpu_COMMA /*.mappedAtCreation=*/0 _wgpu_COMMA})	webgpu:renderer:webgpu_compat	review-required
webgpu	renderer/src/webgpu/webgpu_compat.h	158	callback-or-async	callback	_wgpu_COMMA /*.mode=*/{} _wgpu_COMMA /*.callback=*/NULL \	webgpu:renderer:webgpu_compat	review-required
webgpu	renderer/src/webgpu/webgpu_compat.h	258	callback-or-async	deviceLostCallback	_wgpu_COMMA /*.deviceLostCallback=*/NULL \	webgpu:renderer:webgpu_compat	review-required
webgpu	renderer/src/webgpu/webgpu_compat.h	259	callback-or-async	deviceLostUserdata	_wgpu_COMMA /*.deviceLostUserdata=*/NULL \	webgpu:renderer:webgpu_compat	review-required
webgpu	renderer/src/webgpu/webgpu_compat.h	628	callback-or-async	callback	{/*.nextInChain=*/NULL _wgpu_COMMA /*.callback=*/NULL \	webgpu:renderer:webgpu_compat	review-required
