campaign	source_path	line	dependency_syntax	dependency_token	resolution_kind	resolved_path	resolved_sha256	source_unit	dependency_unit
shader-build-authority	renderer/premake5_pls_renderer.lua	4	lua-require	dependency	external-tool-module	-	-	build:pls_renderer	-
shader-build-authority	renderer/src/shaders/minify.py	1	python-import	argparse	external-tool-module	-	-	shader:minifier	-
shader-build-authority	renderer/src/shaders/minify.py	2	python-import	glob	external-tool-module	-	-	shader:minifier	-
shader-build-authority	renderer/src/shaders/minify.py	3	python-import	io	external-tool-module	-	-	shader:minifier	-
shader-build-authority	renderer/src/shaders/minify.py	4	python-import	os	external-tool-module	-	-	shader:minifier	-
shader-build-authority	renderer/src/shaders/minify.py	5	python-import	re	external-tool-module	-	-	shader:minifier	-
shader-build-authority	renderer/src/shaders/minify.py	6	python-import	sys	external-tool-module	-	-	shader:minifier	-
shader-build-authority	renderer/src/shaders/minify.py	7	python-import	collections	external-tool-module	-	-	shader:minifier	-
shader-build-authority	renderer/src/shaders/minify.py	56	python-import	ply.lex	external-tool-module	-	-	shader:minifier	-
shader-build-authority	renderer/src/shaders/spirv/atomic_base.glsl	10	cpp-include	glsl.minified.glsl	generated-from-owned-source	renderer/src/shaders/glsl.glsl	d7e3b795badbe6e5108f268ddea4f7c0bb5af4ad1416e41c7304beca89a15523	shader:source:atomic_base	shader:source:glsl
shader-build-authority	renderer/src/shaders/spirv/atomic_base.glsl	11	cpp-include	constants.minified.glsl	generated-from-owned-source	renderer/src/shaders/constants.glsl	eefc0b9115beb4fe87b85431b0c683fdec73244c044278e97fdba0c96014bb56	shader:source:atomic_base	shader:source:constants
shader-build-authority	renderer/src/shaders/spirv/atomic_base.glsl	12	cpp-include	specialization.minified.glsl	generated-from-owned-source	renderer/src/shaders/specialization.glsl	e510983192e84c1cc69d990a14f606cfa92af234290636593d5be3e3f4e07f72	shader:source:atomic_base	shader:source:specialization
shader-build-authority	renderer/src/shaders/spirv/atomic_base.glsl	13	cpp-include	flush_uniforms.minified.glsl	generated-from-owned-source	renderer/src/shaders/flush_uniforms.glsl	1c22659c0e40233b0b06515287e122e06b73a4428d8e78721ca71e3419db961e	shader:source:atomic_base	shader:source:flush_uniforms
shader-build-authority	renderer/src/shaders/spirv/atomic_base.glsl	16	cpp-include	common.minified.glsl	generated-from-owned-source	renderer/src/shaders/common.glsl	37d9f72c2ec84a9a24b42d8798c56c77e396c7b57a39f24edece8c95fe8b3881	shader:source:atomic_base	shader:source:common
shader-build-authority	renderer/src/shaders/spirv/atomic_base.glsl	17	cpp-include	advanced_blend.minified.glsl	generated-from-owned-source	renderer/src/shaders/advanced_blend.glsl	d7f8d9cec8e095c7e6d331a9f3ba48cdb18ea63f961d9223e3dfc509bcd8794b	shader:source:atomic_base	shader:source:advanced_blend
shader-build-authority	renderer/src/shaders/spirv/atomic_base.glsl	18	cpp-include	draw_path_common.minified.glsl	generated-from-owned-source	renderer/src/shaders/draw_path_common.glsl	3a6e72e80eec81b2eb467134f62188e2a86f7debfb0798a8c4ed5873beb7e86e	shader:source:atomic_base	shader:source:draw_path_common
shader-build-authority	renderer/src/shaders/spirv/atomic_base.glsl	19	cpp-include	atomic_draw.minified.glsl	generated-from-owned-source	renderer/src/shaders/atomic_draw.glsl	fad587733e5990e4ba77e194326dacaf27022026f9621e58a1aac2c131935849	shader:source:atomic_base	shader:source:atomic_draw
shader-build-authority	renderer/src/shaders/spirv/atomic_draw_atlas_blit.main	5	cpp-include	atomic_base.glsl	owned-source	renderer/src/shaders/spirv/atomic_base.glsl	4f929858680a03c74e88b85b676d8020c7a588146367c7189eec791b2412365a	shader:source:atomic_draw_atlas_blit	shader:source:atomic_base
shader-build-authority	renderer/src/shaders/spirv/atomic_draw_image_mesh.main	5	cpp-include	atomic_base.glsl	owned-source	renderer/src/shaders/spirv/atomic_base.glsl	4f929858680a03c74e88b85b676d8020c7a588146367c7189eec791b2412365a	shader:source:atomic_draw_image_mesh	shader:source:atomic_base
shader-build-authority	renderer/src/shaders/spirv/atomic_draw_image_rect.main	5	cpp-include	atomic_base.glsl	owned-source	renderer/src/shaders/spirv/atomic_base.glsl	4f929858680a03c74e88b85b676d8020c7a588146367c7189eec791b2412365a	shader:source:atomic_draw_image_rect	shader:source:atomic_base
shader-build-authority	renderer/src/shaders/spirv/atomic_draw_interior_triangles.main	4	cpp-include	atomic_base.glsl	owned-source	renderer/src/shaders/spirv/atomic_base.glsl	4f929858680a03c74e88b85b676d8020c7a588146367c7189eec791b2412365a	shader:source:atomic_draw_interior_triangles	shader:source:atomic_base
shader-build-authority	renderer/src/shaders/spirv/atomic_draw_path.main	4	cpp-include	atomic_base.glsl	owned-source	renderer/src/shaders/spirv/atomic_base.glsl	4f929858680a03c74e88b85b676d8020c7a588146367c7189eec791b2412365a	shader:source:atomic_draw_path	shader:source:atomic_base
shader-build-authority	renderer/src/shaders/spirv/atomic_init.main	5	cpp-include	atomic_base.glsl	owned-source	renderer/src/shaders/spirv/atomic_base.glsl	4f929858680a03c74e88b85b676d8020c7a588146367c7189eec791b2412365a	shader:source:atomic_init	shader:source:atomic_base
shader-build-authority	renderer/src/shaders/spirv/atomic_resolve.main	5	cpp-include	atomic_base.glsl	owned-source	renderer/src/shaders/spirv/atomic_base.glsl	4f929858680a03c74e88b85b676d8020c7a588146367c7189eec791b2412365a	shader:source:atomic_resolve	shader:source:atomic_base
shader-build-authority	renderer/src/shaders/spirv/atomic_resolve_coalesced.main	6	cpp-include	atomic_base.glsl	owned-source	renderer/src/shaders/spirv/atomic_base.glsl	4f929858680a03c74e88b85b676d8020c7a588146367c7189eec791b2412365a	shader:source:atomic_resolve_coalesced	shader:source:atomic_base
shader-build-authority	renderer/src/shaders/spirv/blit_texture_as_draw_filtered.main	5	cpp-include	glsl.minified.glsl	generated-from-owned-source	renderer/src/shaders/glsl.glsl	d7e3b795badbe6e5108f268ddea4f7c0bb5af4ad1416e41c7304beca89a15523	shader:source:blit_texture_as_draw_filtered	shader:source:glsl
shader-build-authority	renderer/src/shaders/spirv/blit_texture_as_draw_filtered.main	6	cpp-include	constants.minified.glsl	generated-from-owned-source	renderer/src/shaders/constants.glsl	eefc0b9115beb4fe87b85431b0c683fdec73244c044278e97fdba0c96014bb56	shader:source:blit_texture_as_draw_filtered	shader:source:constants
shader-build-authority	renderer/src/shaders/spirv/blit_texture_as_draw_filtered.main	7	cpp-include	flush_uniforms.minified.glsl	generated-from-owned-source	renderer/src/shaders/flush_uniforms.glsl	1c22659c0e40233b0b06515287e122e06b73a4428d8e78721ca71e3419db961e	shader:source:blit_texture_as_draw_filtered	shader:source:flush_uniforms
shader-build-authority	renderer/src/shaders/spirv/blit_texture_as_draw_filtered.main	8	cpp-include	common.minified.glsl	generated-from-owned-source	renderer/src/shaders/common.glsl	37d9f72c2ec84a9a24b42d8798c56c77e396c7b57a39f24edece8c95fe8b3881	shader:source:blit_texture_as_draw_filtered	shader:source:common
shader-build-authority	renderer/src/shaders/spirv/blit_texture_as_draw_filtered.main	9	cpp-include	blit_texture_as_draw.minified.glsl	generated-from-owned-source	renderer/src/shaders/blit_texture_as_draw.glsl	c9d6ab3c8911900a246d22484ad4dbda0a050ba76d74353c9a514d3ca7da3515	shader:source:blit_texture_as_draw_filtered	shader:source:blit_texture_as_draw
shader-build-authority	renderer/src/shaders/spirv/clear_clockwise_atomic_clip.main	11	cpp-include	glsl.minified.glsl	generated-from-owned-source	renderer/src/shaders/glsl.glsl	d7e3b795badbe6e5108f268ddea4f7c0bb5af4ad1416e41c7304beca89a15523	shader:source:clear_clockwise_atomic_clip	shader:source:glsl
shader-build-authority	renderer/src/shaders/spirv/clear_clockwise_atomic_clip.main	12	cpp-include	constants.minified.glsl	generated-from-owned-source	renderer/src/shaders/constants.glsl	eefc0b9115beb4fe87b85431b0c683fdec73244c044278e97fdba0c96014bb56	shader:source:clear_clockwise_atomic_clip	shader:source:constants
shader-build-authority	renderer/src/shaders/spirv/clear_clockwise_atomic_clip.main	13	cpp-include	specialization.minified.glsl	generated-from-owned-source	renderer/src/shaders/specialization.glsl	e510983192e84c1cc69d990a14f606cfa92af234290636593d5be3e3f4e07f72	shader:source:clear_clockwise_atomic_clip	shader:source:specialization
shader-build-authority	renderer/src/shaders/spirv/clear_clockwise_atomic_clip.main	14	cpp-include	flush_uniforms.minified.glsl	generated-from-owned-source	renderer/src/shaders/flush_uniforms.glsl	1c22659c0e40233b0b06515287e122e06b73a4428d8e78721ca71e3419db961e	shader:source:clear_clockwise_atomic_clip	shader:source:flush_uniforms
shader-build-authority	renderer/src/shaders/spirv/clear_clockwise_atomic_clip.main	15	cpp-include	common.minified.glsl	generated-from-owned-source	renderer/src/shaders/common.glsl	37d9f72c2ec84a9a24b42d8798c56c77e396c7b57a39f24edece8c95fe8b3881	shader:source:clear_clockwise_atomic_clip	shader:source:common
shader-build-authority	renderer/src/shaders/spirv/clear_clockwise_atomic_clip.main	16	cpp-include	draw_path_common.minified.glsl	generated-from-owned-source	renderer/src/shaders/draw_path_common.glsl	3a6e72e80eec81b2eb467134f62188e2a86f7debfb0798a8c4ed5873beb7e86e	shader:source:clear_clockwise_atomic_clip	shader:source:draw_path_common
shader-build-authority	renderer/src/shaders/spirv/clear_clockwise_atomic_clip.main	17	cpp-include	advanced_blend.minified.glsl	generated-from-owned-source	renderer/src/shaders/advanced_blend.glsl	d7f8d9cec8e095c7e6d331a9f3ba48cdb18ea63f961d9223e3dfc509bcd8794b	shader:source:clear_clockwise_atomic_clip	shader:source:advanced_blend
shader-build-authority	renderer/src/shaders/spirv/clear_clockwise_atomic_clip.main	18	cpp-include	clear_clockwise_atomic_clip.minified.glsl	generated-from-owned-source	renderer/src/shaders/clear_clockwise_atomic_clip.glsl	75e9b26beb81bf9279a78e13c0510dca4e60f704ad9710ae368c116b1aa13da6	shader:source:clear_clockwise_atomic_clip	shader:source:clear_clockwise_atomic_clip
shader-build-authority	renderer/src/shaders/spirv/color_ramp.main	3	cpp-include	glsl.minified.glsl	generated-from-owned-source	renderer/src/shaders/glsl.glsl	d7e3b795badbe6e5108f268ddea4f7c0bb5af4ad1416e41c7304beca89a15523	shader:source:color_ramp	shader:source:glsl
shader-build-authority	renderer/src/shaders/spirv/color_ramp.main	4	cpp-include	constants.minified.glsl	generated-from-owned-source	renderer/src/shaders/constants.glsl	eefc0b9115beb4fe87b85431b0c683fdec73244c044278e97fdba0c96014bb56	shader:source:color_ramp	shader:source:constants
shader-build-authority	renderer/src/shaders/spirv/color_ramp.main	5	cpp-include	flush_uniforms.minified.glsl	generated-from-owned-source	renderer/src/shaders/flush_uniforms.glsl	1c22659c0e40233b0b06515287e122e06b73a4428d8e78721ca71e3419db961e	shader:source:color_ramp	shader:source:flush_uniforms
shader-build-authority	renderer/src/shaders/spirv/color_ramp.main	6	cpp-include	common.minified.glsl	generated-from-owned-source	renderer/src/shaders/common.glsl	37d9f72c2ec84a9a24b42d8798c56c77e396c7b57a39f24edece8c95fe8b3881	shader:source:color_ramp	shader:source:common
shader-build-authority	renderer/src/shaders/spirv/color_ramp.main	7	cpp-include	color_ramp.minified.glsl	generated-from-owned-source	renderer/src/shaders/color_ramp.glsl	65d0e8610193de1a7bf02722bcc153f04474e0d57644a35fd56291333ee8fde1	shader:source:color_ramp	shader:source:color_ramp
shader-build-authority	renderer/src/shaders/spirv/draw_atlas_blit.main	6	cpp-include	glsl.minified.glsl	generated-from-owned-source	renderer/src/shaders/glsl.glsl	d7e3b795badbe6e5108f268ddea4f7c0bb5af4ad1416e41c7304beca89a15523	shader:source:draw_atlas_blit	shader:source:glsl
shader-build-authority	renderer/src/shaders/spirv/draw_atlas_blit.main	7	cpp-include	constants.minified.glsl	generated-from-owned-source	renderer/src/shaders/constants.glsl	eefc0b9115beb4fe87b85431b0c683fdec73244c044278e97fdba0c96014bb56	shader:source:draw_atlas_blit	shader:source:constants
shader-build-authority	renderer/src/shaders/spirv/draw_atlas_blit.main	8	cpp-include	specialization.minified.glsl	generated-from-owned-source	renderer/src/shaders/specialization.glsl	e510983192e84c1cc69d990a14f606cfa92af234290636593d5be3e3f4e07f72	shader:source:draw_atlas_blit	shader:source:specialization
shader-build-authority	renderer/src/shaders/spirv/draw_atlas_blit.main	9	cpp-include	flush_uniforms.minified.glsl	generated-from-owned-source	renderer/src/shaders/flush_uniforms.glsl	1c22659c0e40233b0b06515287e122e06b73a4428d8e78721ca71e3419db961e	shader:source:draw_atlas_blit	shader:source:flush_uniforms
shader-build-authority	renderer/src/shaders/spirv/draw_atlas_blit.main	10	cpp-include	common.minified.glsl	generated-from-owned-source	renderer/src/shaders/common.glsl	37d9f72c2ec84a9a24b42d8798c56c77e396c7b57a39f24edece8c95fe8b3881	shader:source:draw_atlas_blit	shader:source:common
shader-build-authority	renderer/src/shaders/spirv/draw_atlas_blit.main	11	cpp-include	draw_path_common.minified.glsl	generated-from-owned-source	renderer/src/shaders/draw_path_common.glsl	3a6e72e80eec81b2eb467134f62188e2a86f7debfb0798a8c4ed5873beb7e86e	shader:source:draw_atlas_blit	shader:source:draw_path_common
shader-build-authority	renderer/src/shaders/spirv/draw_atlas_blit.main	12	cpp-include	advanced_blend.minified.glsl	generated-from-owned-source	renderer/src/shaders/advanced_blend.glsl	d7f8d9cec8e095c7e6d331a9f3ba48cdb18ea63f961d9223e3dfc509bcd8794b	shader:source:draw_atlas_blit	shader:source:advanced_blend
shader-build-authority	renderer/src/shaders/spirv/draw_atlas_blit.main	13	cpp-include	draw_path.minified.vert	generated-from-owned-source	renderer/src/shaders/draw_path.vert	b247e0f8a6016df848814454ce0fdf2d4b2a6a81a70484bb223b5d939059ae71	shader:source:draw_atlas_blit	shader:source:draw_path
shader-build-authority	renderer/src/shaders/spirv/draw_atlas_blit.main	14	cpp-include	draw_mesh.minified.frag	generated-from-owned-source	renderer/src/shaders/draw_mesh.frag	d3a060c05d66e187ca2a0edab03788e7d885364ba833237e2e89f39a2b5e9c1f	shader:source:draw_atlas_blit	shader:source:draw_mesh
shader-build-authority	renderer/src/shaders/spirv/draw_clockwise_atlas_blit.main	7	cpp-include	glsl.minified.glsl	generated-from-owned-source	renderer/src/shaders/glsl.glsl	d7e3b795badbe6e5108f268ddea4f7c0bb5af4ad1416e41c7304beca89a15523	shader:source:draw_clockwise_atlas_blit	shader:source:glsl
shader-build-authority	renderer/src/shaders/spirv/draw_clockwise_atlas_blit.main	8	cpp-include	constants.minified.glsl	generated-from-owned-source	renderer/src/shaders/constants.glsl	eefc0b9115beb4fe87b85431b0c683fdec73244c044278e97fdba0c96014bb56	shader:source:draw_clockwise_atlas_blit	shader:source:constants
shader-build-authority	renderer/src/shaders/spirv/draw_clockwise_atlas_blit.main	9	cpp-include	specialization.minified.glsl	generated-from-owned-source	renderer/src/shaders/specialization.glsl	e510983192e84c1cc69d990a14f606cfa92af234290636593d5be3e3f4e07f72	shader:source:draw_clockwise_atlas_blit	shader:source:specialization
shader-build-authority	renderer/src/shaders/spirv/draw_clockwise_atlas_blit.main	10	cpp-include	flush_uniforms.minified.glsl	generated-from-owned-source	renderer/src/shaders/flush_uniforms.glsl	1c22659c0e40233b0b06515287e122e06b73a4428d8e78721ca71e3419db961e	shader:source:draw_clockwise_atlas_blit	shader:source:flush_uniforms
shader-build-authority	renderer/src/shaders/spirv/draw_clockwise_atlas_blit.main	11	cpp-include	common.minified.glsl	generated-from-owned-source	renderer/src/shaders/common.glsl	37d9f72c2ec84a9a24b42d8798c56c77e396c7b57a39f24edece8c95fe8b3881	shader:source:draw_clockwise_atlas_blit	shader:source:common
shader-build-authority	renderer/src/shaders/spirv/draw_clockwise_atlas_blit.main	12	cpp-include	draw_path_common.minified.glsl	generated-from-owned-source	renderer/src/shaders/draw_path_common.glsl	3a6e72e80eec81b2eb467134f62188e2a86f7debfb0798a8c4ed5873beb7e86e	shader:source:draw_clockwise_atlas_blit	shader:source:draw_path_common
shader-build-authority	renderer/src/shaders/spirv/draw_clockwise_atlas_blit.main	13	cpp-include	advanced_blend.minified.glsl	generated-from-owned-source	renderer/src/shaders/advanced_blend.glsl	d7f8d9cec8e095c7e6d331a9f3ba48cdb18ea63f961d9223e3dfc509bcd8794b	shader:source:draw_clockwise_atlas_blit	shader:source:advanced_blend
shader-build-authority	renderer/src/shaders/spirv/draw_clockwise_atlas_blit.main	14	cpp-include	draw_path.minified.vert	generated-from-owned-source	renderer/src/shaders/draw_path.vert	b247e0f8a6016df848814454ce0fdf2d4b2a6a81a70484bb223b5d939059ae71	shader:source:draw_clockwise_atlas_blit	shader:source:draw_path
shader-build-authority	renderer/src/shaders/spirv/draw_clockwise_atlas_blit.main	15	cpp-include	draw_mesh.minified.frag	generated-from-owned-source	renderer/src/shaders/draw_mesh.frag	d3a060c05d66e187ca2a0edab03788e7d885364ba833237e2e89f39a2b5e9c1f	shader:source:draw_clockwise_atlas_blit	shader:source:draw_mesh
shader-build-authority	renderer/src/shaders/spirv/draw_clockwise_atomic_atlas_blit.main	8	cpp-include	glsl.minified.glsl	generated-from-owned-source	renderer/src/shaders/glsl.glsl	d7e3b795badbe6e5108f268ddea4f7c0bb5af4ad1416e41c7304beca89a15523	shader:source:draw_clockwise_atomic_atlas_blit	shader:source:glsl
shader-build-authority	renderer/src/shaders/spirv/draw_clockwise_atomic_atlas_blit.main	9	cpp-include	constants.minified.glsl	generated-from-owned-source	renderer/src/shaders/constants.glsl	eefc0b9115beb4fe87b85431b0c683fdec73244c044278e97fdba0c96014bb56	shader:source:draw_clockwise_atomic_atlas_blit	shader:source:constants
shader-build-authority	renderer/src/shaders/spirv/draw_clockwise_atomic_atlas_blit.main	10	cpp-include	specialization.minified.glsl	generated-from-owned-source	renderer/src/shaders/specialization.glsl	e510983192e84c1cc69d990a14f606cfa92af234290636593d5be3e3f4e07f72	shader:source:draw_clockwise_atomic_atlas_blit	shader:source:specialization
shader-build-authority	renderer/src/shaders/spirv/draw_clockwise_atomic_atlas_blit.main	11	cpp-include	flush_uniforms.minified.glsl	generated-from-owned-source	renderer/src/shaders/flush_uniforms.glsl	1c22659c0e40233b0b06515287e122e06b73a4428d8e78721ca71e3419db961e	shader:source:draw_clockwise_atomic_atlas_blit	shader:source:flush_uniforms
shader-build-authority	renderer/src/shaders/spirv/draw_clockwise_atomic_atlas_blit.main	12	cpp-include	common.minified.glsl	generated-from-owned-source	renderer/src/shaders/common.glsl	37d9f72c2ec84a9a24b42d8798c56c77e396c7b57a39f24edece8c95fe8b3881	shader:source:draw_clockwise_atomic_atlas_blit	shader:source:common
shader-build-authority	renderer/src/shaders/spirv/draw_clockwise_atomic_atlas_blit.main	13	cpp-include	draw_path_common.minified.glsl	generated-from-owned-source	renderer/src/shaders/draw_path_common.glsl	3a6e72e80eec81b2eb467134f62188e2a86f7debfb0798a8c4ed5873beb7e86e	shader:source:draw_clockwise_atomic_atlas_blit	shader:source:draw_path_common
shader-build-authority	renderer/src/shaders/spirv/draw_clockwise_atomic_atlas_blit.main	14	cpp-include	advanced_blend.minified.glsl	generated-from-owned-source	renderer/src/shaders/advanced_blend.glsl	d7f8d9cec8e095c7e6d331a9f3ba48cdb18ea63f961d9223e3dfc509bcd8794b	shader:source:draw_clockwise_atomic_atlas_blit	shader:source:advanced_blend
shader-build-authority	renderer/src/shaders/spirv/draw_clockwise_atomic_atlas_blit.main	15	cpp-include	draw_path.minified.vert	generated-from-owned-source	renderer/src/shaders/draw_path.vert	b247e0f8a6016df848814454ce0fdf2d4b2a6a81a70484bb223b5d939059ae71	shader:source:draw_clockwise_atomic_atlas_blit	shader:source:draw_path
shader-build-authority	renderer/src/shaders/spirv/draw_clockwise_atomic_atlas_blit.main	16	cpp-include	draw_mesh.minified.frag	generated-from-owned-source	renderer/src/shaders/draw_mesh.frag	d3a060c05d66e187ca2a0edab03788e7d885364ba833237e2e89f39a2b5e9c1f	shader:source:draw_clockwise_atomic_atlas_blit	shader:source:draw_mesh
shader-build-authority	renderer/src/shaders/spirv/draw_clockwise_atomic_borrowed_coverage.frag	9	cpp-include	glsl.minified.glsl	generated-from-owned-source	renderer/src/shaders/glsl.glsl	d7e3b795badbe6e5108f268ddea4f7c0bb5af4ad1416e41c7304beca89a15523	shader:source:draw_clockwise_atomic_borrowed_coverage	shader:source:glsl
shader-build-authority	renderer/src/shaders/spirv/draw_clockwise_atomic_borrowed_coverage.frag	10	cpp-include	constants.minified.glsl	generated-from-owned-source	renderer/src/shaders/constants.glsl	eefc0b9115beb4fe87b85431b0c683fdec73244c044278e97fdba0c96014bb56	shader:source:draw_clockwise_atomic_borrowed_coverage	shader:source:constants
shader-build-authority	renderer/src/shaders/spirv/draw_clockwise_atomic_borrowed_coverage.frag	11	cpp-include	specialization.minified.glsl	generated-from-owned-source	renderer/src/shaders/specialization.glsl	e510983192e84c1cc69d990a14f606cfa92af234290636593d5be3e3f4e07f72	shader:source:draw_clockwise_atomic_borrowed_coverage	shader:source:specialization
shader-build-authority	renderer/src/shaders/spirv/draw_clockwise_atomic_borrowed_coverage.frag	12	cpp-include	flush_uniforms.minified.glsl	generated-from-owned-source	renderer/src/shaders/flush_uniforms.glsl	1c22659c0e40233b0b06515287e122e06b73a4428d8e78721ca71e3419db961e	shader:source:draw_clockwise_atomic_borrowed_coverage	shader:source:flush_uniforms
shader-build-authority	renderer/src/shaders/spirv/draw_clockwise_atomic_borrowed_coverage.frag	13	cpp-include	common.minified.glsl	generated-from-owned-source	renderer/src/shaders/common.glsl	37d9f72c2ec84a9a24b42d8798c56c77e396c7b57a39f24edece8c95fe8b3881	shader:source:draw_clockwise_atomic_borrowed_coverage	shader:source:common
shader-build-authority	renderer/src/shaders/spirv/draw_clockwise_atomic_borrowed_coverage.frag	14	cpp-include	draw_path_common.minified.glsl	generated-from-owned-source	renderer/src/shaders/draw_path_common.glsl	3a6e72e80eec81b2eb467134f62188e2a86f7debfb0798a8c4ed5873beb7e86e	shader:source:draw_clockwise_atomic_borrowed_coverage	shader:source:draw_path_common
shader-build-authority	renderer/src/shaders/spirv/draw_clockwise_atomic_borrowed_coverage.frag	15	cpp-include	advanced_blend.minified.glsl	generated-from-owned-source	renderer/src/shaders/advanced_blend.glsl	d7f8d9cec8e095c7e6d331a9f3ba48cdb18ea63f961d9223e3dfc509bcd8794b	shader:source:draw_clockwise_atomic_borrowed_coverage	shader:source:advanced_blend
shader-build-authority	renderer/src/shaders/spirv/draw_clockwise_atomic_borrowed_coverage.frag	16	cpp-include	draw_path.minified.vert	generated-from-owned-source	renderer/src/shaders/draw_path.vert	b247e0f8a6016df848814454ce0fdf2d4b2a6a81a70484bb223b5d939059ae71	shader:source:draw_clockwise_atomic_borrowed_coverage	shader:source:draw_path
shader-build-authority	renderer/src/shaders/spirv/draw_clockwise_atomic_borrowed_coverage.frag	17	cpp-include	draw_clockwise_atomic_borrowed_coverage.minified.frag	generated-from-owned-source	renderer/src/shaders/draw_clockwise_atomic_borrowed_coverage.frag	ddb9ef796b76b9d6bd2e743a0766aaf6b66732f124d1ddfcc80d2951db970a92	shader:source:draw_clockwise_atomic_borrowed_coverage	shader:source:draw_clockwise_atomic_borrowed_coverage
shader-build-authority	renderer/src/shaders/spirv/draw_clockwise_atomic_borrowed_coverage_interior_triangles.frag	8	cpp-include	glsl.minified.glsl	generated-from-owned-source	renderer/src/shaders/glsl.glsl	d7e3b795badbe6e5108f268ddea4f7c0bb5af4ad1416e41c7304beca89a15523	shader:source:draw_clockwise_atomic_borrowed_coverage_interior_triangles	shader:source:glsl
shader-build-authority	renderer/src/shaders/spirv/draw_clockwise_atomic_borrowed_coverage_interior_triangles.frag	9	cpp-include	constants.minified.glsl	generated-from-owned-source	renderer/src/shaders/constants.glsl	eefc0b9115beb4fe87b85431b0c683fdec73244c044278e97fdba0c96014bb56	shader:source:draw_clockwise_atomic_borrowed_coverage_interior_triangles	shader:source:constants
shader-build-authority	renderer/src/shaders/spirv/draw_clockwise_atomic_borrowed_coverage_interior_triangles.frag	10	cpp-include	specialization.minified.glsl	generated-from-owned-source	renderer/src/shaders/specialization.glsl	e510983192e84c1cc69d990a14f606cfa92af234290636593d5be3e3f4e07f72	shader:source:draw_clockwise_atomic_borrowed_coverage_interior_triangles	shader:source:specialization
shader-build-authority	renderer/src/shaders/spirv/draw_clockwise_atomic_borrowed_coverage_interior_triangles.frag	11	cpp-include	flush_uniforms.minified.glsl	generated-from-owned-source	renderer/src/shaders/flush_uniforms.glsl	1c22659c0e40233b0b06515287e122e06b73a4428d8e78721ca71e3419db961e	shader:source:draw_clockwise_atomic_borrowed_coverage_interior_triangles	shader:source:flush_uniforms
shader-build-authority	renderer/src/shaders/spirv/draw_clockwise_atomic_borrowed_coverage_interior_triangles.frag	12	cpp-include	common.minified.glsl	generated-from-owned-source	renderer/src/shaders/common.glsl	37d9f72c2ec84a9a24b42d8798c56c77e396c7b57a39f24edece8c95fe8b3881	shader:source:draw_clockwise_atomic_borrowed_coverage_interior_triangles	shader:source:common
shader-build-authority	renderer/src/shaders/spirv/draw_clockwise_atomic_borrowed_coverage_interior_triangles.frag	13	cpp-include	draw_path_common.minified.glsl	generated-from-owned-source	renderer/src/shaders/draw_path_common.glsl	3a6e72e80eec81b2eb467134f62188e2a86f7debfb0798a8c4ed5873beb7e86e	shader:source:draw_clockwise_atomic_borrowed_coverage_interior_triangles	shader:source:draw_path_common
shader-build-authority	renderer/src/shaders/spirv/draw_clockwise_atomic_borrowed_coverage_interior_triangles.frag	14	cpp-include	advanced_blend.minified.glsl	generated-from-owned-source	renderer/src/shaders/advanced_blend.glsl	d7f8d9cec8e095c7e6d331a9f3ba48cdb18ea63f961d9223e3dfc509bcd8794b	shader:source:draw_clockwise_atomic_borrowed_coverage_interior_triangles	shader:source:advanced_blend
shader-build-authority	renderer/src/shaders/spirv/draw_clockwise_atomic_borrowed_coverage_interior_triangles.frag	15	cpp-include	draw_path.minified.vert	generated-from-owned-source	renderer/src/shaders/draw_path.vert	b247e0f8a6016df848814454ce0fdf2d4b2a6a81a70484bb223b5d939059ae71	shader:source:draw_clockwise_atomic_borrowed_coverage_interior_triangles	shader:source:draw_path
shader-build-authority	renderer/src/shaders/spirv/draw_clockwise_atomic_borrowed_coverage_interior_triangles.frag	16	cpp-include	draw_clockwise_atomic_borrowed_coverage.minified.frag	generated-from-owned-source	renderer/src/shaders/draw_clockwise_atomic_borrowed_coverage.frag	ddb9ef796b76b9d6bd2e743a0766aaf6b66732f124d1ddfcc80d2951db970a92	shader:source:draw_clockwise_atomic_borrowed_coverage_interior_triangles	shader:source:draw_clockwise_atomic_borrowed_coverage
shader-build-authority	renderer/src/shaders/spirv/draw_clockwise_atomic_clip.frag	9	cpp-include	glsl.minified.glsl	generated-from-owned-source	renderer/src/shaders/glsl.glsl	d7e3b795badbe6e5108f268ddea4f7c0bb5af4ad1416e41c7304beca89a15523	shader:source:draw_clockwise_atomic_clip	shader:source:glsl
shader-build-authority	renderer/src/shaders/spirv/draw_clockwise_atomic_clip.frag	10	cpp-include	constants.minified.glsl	generated-from-owned-source	renderer/src/shaders/constants.glsl	eefc0b9115beb4fe87b85431b0c683fdec73244c044278e97fdba0c96014bb56	shader:source:draw_clockwise_atomic_clip	shader:source:constants
shader-build-authority	renderer/src/shaders/spirv/draw_clockwise_atomic_clip.frag	11	cpp-include	specialization.minified.glsl	generated-from-owned-source	renderer/src/shaders/specialization.glsl	e510983192e84c1cc69d990a14f606cfa92af234290636593d5be3e3f4e07f72	shader:source:draw_clockwise_atomic_clip	shader:source:specialization
shader-build-authority	renderer/src/shaders/spirv/draw_clockwise_atomic_clip.frag	12	cpp-include	flush_uniforms.minified.glsl	generated-from-owned-source	renderer/src/shaders/flush_uniforms.glsl	1c22659c0e40233b0b06515287e122e06b73a4428d8e78721ca71e3419db961e	shader:source:draw_clockwise_atomic_clip	shader:source:flush_uniforms
shader-build-authority	renderer/src/shaders/spirv/draw_clockwise_atomic_clip.frag	13	cpp-include	common.minified.glsl	generated-from-owned-source	renderer/src/shaders/common.glsl	37d9f72c2ec84a9a24b42d8798c56c77e396c7b57a39f24edece8c95fe8b3881	shader:source:draw_clockwise_atomic_clip	shader:source:common
shader-build-authority	renderer/src/shaders/spirv/draw_clockwise_atomic_clip.frag	14	cpp-include	draw_path_common.minified.glsl	generated-from-owned-source	renderer/src/shaders/draw_path_common.glsl	3a6e72e80eec81b2eb467134f62188e2a86f7debfb0798a8c4ed5873beb7e86e	shader:source:draw_clockwise_atomic_clip	shader:source:draw_path_common
shader-build-authority	renderer/src/shaders/spirv/draw_clockwise_atomic_clip.frag	15	cpp-include	advanced_blend.minified.glsl	generated-from-owned-source	renderer/src/shaders/advanced_blend.glsl	d7f8d9cec8e095c7e6d331a9f3ba48cdb18ea63f961d9223e3dfc509bcd8794b	shader:source:draw_clockwise_atomic_clip	shader:source:advanced_blend
shader-build-authority	renderer/src/shaders/spirv/draw_clockwise_atomic_clip.frag	16	cpp-include	draw_path.minified.vert	generated-from-owned-source	renderer/src/shaders/draw_path.vert	b247e0f8a6016df848814454ce0fdf2d4b2a6a81a70484bb223b5d939059ae71	shader:source:draw_clockwise_atomic_clip	shader:source:draw_path
shader-build-authority	renderer/src/shaders/spirv/draw_clockwise_atomic_clip.frag	17	cpp-include	draw_clockwise_atomic_clip.minified.frag	generated-from-owned-source	renderer/src/shaders/draw_clockwise_atomic_clip.frag	c50f3d97fa389ef3e68ac2a20579f022ea688079ab97956d66e4c4b62310ceb4	shader:source:draw_clockwise_atomic_clip	shader:source:draw_clockwise_atomic_clip
shader-build-authority	renderer/src/shaders/spirv/draw_clockwise_atomic_clip_interior_triangles.frag	8	cpp-include	glsl.minified.glsl	generated-from-owned-source	renderer/src/shaders/glsl.glsl	d7e3b795badbe6e5108f268ddea4f7c0bb5af4ad1416e41c7304beca89a15523	shader:source:draw_clockwise_atomic_clip_interior_triangles	shader:source:glsl
shader-build-authority	renderer/src/shaders/spirv/draw_clockwise_atomic_clip_interior_triangles.frag	9	cpp-include	constants.minified.glsl	generated-from-owned-source	renderer/src/shaders/constants.glsl	eefc0b9115beb4fe87b85431b0c683fdec73244c044278e97fdba0c96014bb56	shader:source:draw_clockwise_atomic_clip_interior_triangles	shader:source:constants
shader-build-authority	renderer/src/shaders/spirv/draw_clockwise_atomic_clip_interior_triangles.frag	10	cpp-include	specialization.minified.glsl	generated-from-owned-source	renderer/src/shaders/specialization.glsl	e510983192e84c1cc69d990a14f606cfa92af234290636593d5be3e3f4e07f72	shader:source:draw_clockwise_atomic_clip_interior_triangles	shader:source:specialization
shader-build-authority	renderer/src/shaders/spirv/draw_clockwise_atomic_clip_interior_triangles.frag	11	cpp-include	flush_uniforms.minified.glsl	generated-from-owned-source	renderer/src/shaders/flush_uniforms.glsl	1c22659c0e40233b0b06515287e122e06b73a4428d8e78721ca71e3419db961e	shader:source:draw_clockwise_atomic_clip_interior_triangles	shader:source:flush_uniforms
shader-build-authority	renderer/src/shaders/spirv/draw_clockwise_atomic_clip_interior_triangles.frag	12	cpp-include	common.minified.glsl	generated-from-owned-source	renderer/src/shaders/common.glsl	37d9f72c2ec84a9a24b42d8798c56c77e396c7b57a39f24edece8c95fe8b3881	shader:source:draw_clockwise_atomic_clip_interior_triangles	shader:source:common
shader-build-authority	renderer/src/shaders/spirv/draw_clockwise_atomic_clip_interior_triangles.frag	13	cpp-include	draw_path_common.minified.glsl	generated-from-owned-source	renderer/src/shaders/draw_path_common.glsl	3a6e72e80eec81b2eb467134f62188e2a86f7debfb0798a8c4ed5873beb7e86e	shader:source:draw_clockwise_atomic_clip_interior_triangles	shader:source:draw_path_common
shader-build-authority	renderer/src/shaders/spirv/draw_clockwise_atomic_clip_interior_triangles.frag	14	cpp-include	advanced_blend.minified.glsl	generated-from-owned-source	renderer/src/shaders/advanced_blend.glsl	d7f8d9cec8e095c7e6d331a9f3ba48cdb18ea63f961d9223e3dfc509bcd8794b	shader:source:draw_clockwise_atomic_clip_interior_triangles	shader:source:advanced_blend
shader-build-authority	renderer/src/shaders/spirv/draw_clockwise_atomic_clip_interior_triangles.frag	15	cpp-include	draw_path.minified.vert	generated-from-owned-source	renderer/src/shaders/draw_path.vert	b247e0f8a6016df848814454ce0fdf2d4b2a6a81a70484bb223b5d939059ae71	shader:source:draw_clockwise_atomic_clip_interior_triangles	shader:source:draw_path
shader-build-authority	renderer/src/shaders/spirv/draw_clockwise_atomic_clip_interior_triangles.frag	16	cpp-include	draw_clockwise_atomic_clip.minified.frag	generated-from-owned-source	renderer/src/shaders/draw_clockwise_atomic_clip.frag	c50f3d97fa389ef3e68ac2a20579f022ea688079ab97956d66e4c4b62310ceb4	shader:source:draw_clockwise_atomic_clip_interior_triangles	shader:source:draw_clockwise_atomic_clip
shader-build-authority	renderer/src/shaders/spirv/draw_clockwise_atomic_image_mesh.main	9	cpp-include	glsl.minified.glsl	generated-from-owned-source	renderer/src/shaders/glsl.glsl	d7e3b795badbe6e5108f268ddea4f7c0bb5af4ad1416e41c7304beca89a15523	shader:source:draw_clockwise_atomic_image_mesh	shader:source:glsl
shader-build-authority	renderer/src/shaders/spirv/draw_clockwise_atomic_image_mesh.main	10	cpp-include	constants.minified.glsl	generated-from-owned-source	renderer/src/shaders/constants.glsl	eefc0b9115beb4fe87b85431b0c683fdec73244c044278e97fdba0c96014bb56	shader:source:draw_clockwise_atomic_image_mesh	shader:source:constants
shader-build-authority	renderer/src/shaders/spirv/draw_clockwise_atomic_image_mesh.main	11	cpp-include	specialization.minified.glsl	generated-from-owned-source	renderer/src/shaders/specialization.glsl	e510983192e84c1cc69d990a14f606cfa92af234290636593d5be3e3f4e07f72	shader:source:draw_clockwise_atomic_image_mesh	shader:source:specialization
shader-build-authority	renderer/src/shaders/spirv/draw_clockwise_atomic_image_mesh.main	12	cpp-include	flush_uniforms.minified.glsl	generated-from-owned-source	renderer/src/shaders/flush_uniforms.glsl	1c22659c0e40233b0b06515287e122e06b73a4428d8e78721ca71e3419db961e	shader:source:draw_clockwise_atomic_image_mesh	shader:source:flush_uniforms
shader-build-authority	renderer/src/shaders/spirv/draw_clockwise_atomic_image_mesh.main	13	cpp-include	common.minified.glsl	generated-from-owned-source	renderer/src/shaders/common.glsl	37d9f72c2ec84a9a24b42d8798c56c77e396c7b57a39f24edece8c95fe8b3881	shader:source:draw_clockwise_atomic_image_mesh	shader:source:common
shader-build-authority	renderer/src/shaders/spirv/draw_clockwise_atomic_image_mesh.main	14	cpp-include	advanced_blend.minified.glsl	generated-from-owned-source	renderer/src/shaders/advanced_blend.glsl	d7f8d9cec8e095c7e6d331a9f3ba48cdb18ea63f961d9223e3dfc509bcd8794b	shader:source:draw_clockwise_atomic_image_mesh	shader:source:advanced_blend
shader-build-authority	renderer/src/shaders/spirv/draw_clockwise_atomic_image_mesh.main	15	cpp-include	draw_image_mesh.minified.vert	generated-from-owned-source	renderer/src/shaders/draw_image_mesh.vert	f8c9d0c3a50cd3d42af1e67f8acb4258ac8c05833210d0b4556c95dff3312166	shader:source:draw_clockwise_atomic_image_mesh	shader:source:draw_image_mesh
shader-build-authority	renderer/src/shaders/spirv/draw_clockwise_atomic_image_mesh.main	16	cpp-include	draw_mesh.minified.frag	generated-from-owned-source	renderer/src/shaders/draw_mesh.frag	d3a060c05d66e187ca2a0edab03788e7d885364ba833237e2e89f39a2b5e9c1f	shader:source:draw_clockwise_atomic_image_mesh	shader:source:draw_mesh
shader-build-authority	renderer/src/shaders/spirv/draw_clockwise_atomic_interior_triangles.main	11	cpp-include	glsl.minified.glsl	generated-from-owned-source	renderer/src/shaders/glsl.glsl	d7e3b795badbe6e5108f268ddea4f7c0bb5af4ad1416e41c7304beca89a15523	shader:source:draw_clockwise_atomic_interior_triangles	shader:source:glsl
shader-build-authority	renderer/src/shaders/spirv/draw_clockwise_atomic_interior_triangles.main	12	cpp-include	constants.minified.glsl	generated-from-owned-source	renderer/src/shaders/constants.glsl	eefc0b9115beb4fe87b85431b0c683fdec73244c044278e97fdba0c96014bb56	shader:source:draw_clockwise_atomic_interior_triangles	shader:source:constants
shader-build-authority	renderer/src/shaders/spirv/draw_clockwise_atomic_interior_triangles.main	13	cpp-include	specialization.minified.glsl	generated-from-owned-source	renderer/src/shaders/specialization.glsl	e510983192e84c1cc69d990a14f606cfa92af234290636593d5be3e3f4e07f72	shader:source:draw_clockwise_atomic_interior_triangles	shader:source:specialization
shader-build-authority	renderer/src/shaders/spirv/draw_clockwise_atomic_interior_triangles.main	15	cpp-include	flush_uniforms.minified.glsl	generated-from-owned-source	renderer/src/shaders/flush_uniforms.glsl	1c22659c0e40233b0b06515287e122e06b73a4428d8e78721ca71e3419db961e	shader:source:draw_clockwise_atomic_interior_triangles	shader:source:flush_uniforms
shader-build-authority	renderer/src/shaders/spirv/draw_clockwise_atomic_interior_triangles.main	16	cpp-include	common.minified.glsl	generated-from-owned-source	renderer/src/shaders/common.glsl	37d9f72c2ec84a9a24b42d8798c56c77e396c7b57a39f24edece8c95fe8b3881	shader:source:draw_clockwise_atomic_interior_triangles	shader:source:common
shader-build-authority	renderer/src/shaders/spirv/draw_clockwise_atomic_interior_triangles.main	17	cpp-include	draw_path_common.minified.glsl	generated-from-owned-source	renderer/src/shaders/draw_path_common.glsl	3a6e72e80eec81b2eb467134f62188e2a86f7debfb0798a8c4ed5873beb7e86e	shader:source:draw_clockwise_atomic_interior_triangles	shader:source:draw_path_common
shader-build-authority	renderer/src/shaders/spirv/draw_clockwise_atomic_interior_triangles.main	18	cpp-include	advanced_blend.minified.glsl	generated-from-owned-source	renderer/src/shaders/advanced_blend.glsl	d7f8d9cec8e095c7e6d331a9f3ba48cdb18ea63f961d9223e3dfc509bcd8794b	shader:source:draw_clockwise_atomic_interior_triangles	shader:source:advanced_blend
shader-build-authority	renderer/src/shaders/spirv/draw_clockwise_atomic_interior_triangles.main	19	cpp-include	draw_path.minified.vert	generated-from-owned-source	renderer/src/shaders/draw_path.vert	b247e0f8a6016df848814454ce0fdf2d4b2a6a81a70484bb223b5d939059ae71	shader:source:draw_clockwise_atomic_interior_triangles	shader:source:draw_path
shader-build-authority	renderer/src/shaders/spirv/draw_clockwise_atomic_interior_triangles.main	20	cpp-include	draw_clockwise_atomic_path.minified.frag	generated-from-owned-source	renderer/src/shaders/draw_clockwise_atomic_path.frag	4ea83385144a73678293d4313b53fad6cc4204551b41800c2c8b7c8821ea1287	shader:source:draw_clockwise_atomic_interior_triangles	shader:source:draw_clockwise_atomic_path
shader-build-authority	renderer/src/shaders/spirv/draw_clockwise_atomic_path.main	12	cpp-include	glsl.minified.glsl	generated-from-owned-source	renderer/src/shaders/glsl.glsl	d7e3b795badbe6e5108f268ddea4f7c0bb5af4ad1416e41c7304beca89a15523	shader:source:draw_clockwise_atomic_path	shader:source:glsl
shader-build-authority	renderer/src/shaders/spirv/draw_clockwise_atomic_path.main	13	cpp-include	constants.minified.glsl	generated-from-owned-source	renderer/src/shaders/constants.glsl	eefc0b9115beb4fe87b85431b0c683fdec73244c044278e97fdba0c96014bb56	shader:source:draw_clockwise_atomic_path	shader:source:constants
shader-build-authority	renderer/src/shaders/spirv/draw_clockwise_atomic_path.main	14	cpp-include	specialization.minified.glsl	generated-from-owned-source	renderer/src/shaders/specialization.glsl	e510983192e84c1cc69d990a14f606cfa92af234290636593d5be3e3f4e07f72	shader:source:draw_clockwise_atomic_path	shader:source:specialization
shader-build-authority	renderer/src/shaders/spirv/draw_clockwise_atomic_path.main	15	cpp-include	flush_uniforms.minified.glsl	generated-from-owned-source	renderer/src/shaders/flush_uniforms.glsl	1c22659c0e40233b0b06515287e122e06b73a4428d8e78721ca71e3419db961e	shader:source:draw_clockwise_atomic_path	shader:source:flush_uniforms
shader-build-authority	renderer/src/shaders/spirv/draw_clockwise_atomic_path.main	16	cpp-include	common.minified.glsl	generated-from-owned-source	renderer/src/shaders/common.glsl	37d9f72c2ec84a9a24b42d8798c56c77e396c7b57a39f24edece8c95fe8b3881	shader:source:draw_clockwise_atomic_path	shader:source:common
shader-build-authority	renderer/src/shaders/spirv/draw_clockwise_atomic_path.main	17	cpp-include	draw_path_common.minified.glsl	generated-from-owned-source	renderer/src/shaders/draw_path_common.glsl	3a6e72e80eec81b2eb467134f62188e2a86f7debfb0798a8c4ed5873beb7e86e	shader:source:draw_clockwise_atomic_path	shader:source:draw_path_common
shader-build-authority	renderer/src/shaders/spirv/draw_clockwise_atomic_path.main	18	cpp-include	advanced_blend.minified.glsl	generated-from-owned-source	renderer/src/shaders/advanced_blend.glsl	d7f8d9cec8e095c7e6d331a9f3ba48cdb18ea63f961d9223e3dfc509bcd8794b	shader:source:draw_clockwise_atomic_path	shader:source:advanced_blend
shader-build-authority	renderer/src/shaders/spirv/draw_clockwise_atomic_path.main	19	cpp-include	draw_path.minified.vert	generated-from-owned-source	renderer/src/shaders/draw_path.vert	b247e0f8a6016df848814454ce0fdf2d4b2a6a81a70484bb223b5d939059ae71	shader:source:draw_clockwise_atomic_path	shader:source:draw_path
shader-build-authority	renderer/src/shaders/spirv/draw_clockwise_atomic_path.main	20	cpp-include	draw_clockwise_atomic_path.minified.frag	generated-from-owned-source	renderer/src/shaders/draw_clockwise_atomic_path.frag	4ea83385144a73678293d4313b53fad6cc4204551b41800c2c8b7c8821ea1287	shader:source:draw_clockwise_atomic_path	shader:source:draw_clockwise_atomic_path
shader-build-authority	renderer/src/shaders/spirv/draw_clockwise_clip.main	7	cpp-include	glsl.minified.glsl	generated-from-owned-source	renderer/src/shaders/glsl.glsl	d7e3b795badbe6e5108f268ddea4f7c0bb5af4ad1416e41c7304beca89a15523	shader:source:draw_clockwise_clip	shader:source:glsl
shader-build-authority	renderer/src/shaders/spirv/draw_clockwise_clip.main	8	cpp-include	constants.minified.glsl	generated-from-owned-source	renderer/src/shaders/constants.glsl	eefc0b9115beb4fe87b85431b0c683fdec73244c044278e97fdba0c96014bb56	shader:source:draw_clockwise_clip	shader:source:constants
shader-build-authority	renderer/src/shaders/spirv/draw_clockwise_clip.main	9	cpp-include	specialization.minified.glsl	generated-from-owned-source	renderer/src/shaders/specialization.glsl	e510983192e84c1cc69d990a14f606cfa92af234290636593d5be3e3f4e07f72	shader:source:draw_clockwise_clip	shader:source:specialization
shader-build-authority	renderer/src/shaders/spirv/draw_clockwise_clip.main	10	cpp-include	flush_uniforms.minified.glsl	generated-from-owned-source	renderer/src/shaders/flush_uniforms.glsl	1c22659c0e40233b0b06515287e122e06b73a4428d8e78721ca71e3419db961e	shader:source:draw_clockwise_clip	shader:source:flush_uniforms
shader-build-authority	renderer/src/shaders/spirv/draw_clockwise_clip.main	11	cpp-include	common.minified.glsl	generated-from-owned-source	renderer/src/shaders/common.glsl	37d9f72c2ec84a9a24b42d8798c56c77e396c7b57a39f24edece8c95fe8b3881	shader:source:draw_clockwise_clip	shader:source:common
shader-build-authority	renderer/src/shaders/spirv/draw_clockwise_clip.main	12	cpp-include	draw_path_common.minified.glsl	generated-from-owned-source	renderer/src/shaders/draw_path_common.glsl	3a6e72e80eec81b2eb467134f62188e2a86f7debfb0798a8c4ed5873beb7e86e	shader:source:draw_clockwise_clip	shader:source:draw_path_common
shader-build-authority	renderer/src/shaders/spirv/draw_clockwise_clip.main	13	cpp-include	advanced_blend.minified.glsl	generated-from-owned-source	renderer/src/shaders/advanced_blend.glsl	d7f8d9cec8e095c7e6d331a9f3ba48cdb18ea63f961d9223e3dfc509bcd8794b	shader:source:draw_clockwise_clip	shader:source:advanced_blend
shader-build-authority	renderer/src/shaders/spirv/draw_clockwise_clip.main	14	cpp-include	draw_path.minified.vert	generated-from-owned-source	renderer/src/shaders/draw_path.vert	b247e0f8a6016df848814454ce0fdf2d4b2a6a81a70484bb223b5d939059ae71	shader:source:draw_clockwise_clip	shader:source:draw_path
shader-build-authority	renderer/src/shaders/spirv/draw_clockwise_clip.main	15	cpp-include	draw_clockwise_clip.minified.frag	generated-from-owned-source	renderer/src/shaders/draw_clockwise_clip.frag	85c10fcfd0c66df4796ade0f0c3b33f1d633138cfd2548462e545e804e18307e	shader:source:draw_clockwise_clip	shader:source:draw_clockwise_clip
shader-build-authority	renderer/src/shaders/spirv/draw_clockwise_clip_interior_triangles.main	6	cpp-include	glsl.minified.glsl	generated-from-owned-source	renderer/src/shaders/glsl.glsl	d7e3b795badbe6e5108f268ddea4f7c0bb5af4ad1416e41c7304beca89a15523	shader:source:draw_clockwise_clip_interior_triangles	shader:source:glsl
shader-build-authority	renderer/src/shaders/spirv/draw_clockwise_clip_interior_triangles.main	7	cpp-include	constants.minified.glsl	generated-from-owned-source	renderer/src/shaders/constants.glsl	eefc0b9115beb4fe87b85431b0c683fdec73244c044278e97fdba0c96014bb56	shader:source:draw_clockwise_clip_interior_triangles	shader:source:constants
shader-build-authority	renderer/src/shaders/spirv/draw_clockwise_clip_interior_triangles.main	8	cpp-include	specialization.minified.glsl	generated-from-owned-source	renderer/src/shaders/specialization.glsl	e510983192e84c1cc69d990a14f606cfa92af234290636593d5be3e3f4e07f72	shader:source:draw_clockwise_clip_interior_triangles	shader:source:specialization
shader-build-authority	renderer/src/shaders/spirv/draw_clockwise_clip_interior_triangles.main	9	cpp-include	flush_uniforms.minified.glsl	generated-from-owned-source	renderer/src/shaders/flush_uniforms.glsl	1c22659c0e40233b0b06515287e122e06b73a4428d8e78721ca71e3419db961e	shader:source:draw_clockwise_clip_interior_triangles	shader:source:flush_uniforms
shader-build-authority	renderer/src/shaders/spirv/draw_clockwise_clip_interior_triangles.main	10	cpp-include	common.minified.glsl	generated-from-owned-source	renderer/src/shaders/common.glsl	37d9f72c2ec84a9a24b42d8798c56c77e396c7b57a39f24edece8c95fe8b3881	shader:source:draw_clockwise_clip_interior_triangles	shader:source:common
shader-build-authority	renderer/src/shaders/spirv/draw_clockwise_clip_interior_triangles.main	11	cpp-include	draw_path_common.minified.glsl	generated-from-owned-source	renderer/src/shaders/draw_path_common.glsl	3a6e72e80eec81b2eb467134f62188e2a86f7debfb0798a8c4ed5873beb7e86e	shader:source:draw_clockwise_clip_interior_triangles	shader:source:draw_path_common
shader-build-authority	renderer/src/shaders/spirv/draw_clockwise_clip_interior_triangles.main	12	cpp-include	advanced_blend.minified.glsl	generated-from-owned-source	renderer/src/shaders/advanced_blend.glsl	d7f8d9cec8e095c7e6d331a9f3ba48cdb18ea63f961d9223e3dfc509bcd8794b	shader:source:draw_clockwise_clip_interior_triangles	shader:source:advanced_blend
shader-build-authority	renderer/src/shaders/spirv/draw_clockwise_clip_interior_triangles.main	13	cpp-include	draw_path.minified.vert	generated-from-owned-source	renderer/src/shaders/draw_path.vert	b247e0f8a6016df848814454ce0fdf2d4b2a6a81a70484bb223b5d939059ae71	shader:source:draw_clockwise_clip_interior_triangles	shader:source:draw_path
shader-build-authority	renderer/src/shaders/spirv/draw_clockwise_clip_interior_triangles.main	14	cpp-include	draw_clockwise_clip.minified.frag	generated-from-owned-source	renderer/src/shaders/draw_clockwise_clip.frag	85c10fcfd0c66df4796ade0f0c3b33f1d633138cfd2548462e545e804e18307e	shader:source:draw_clockwise_clip_interior_triangles	shader:source:draw_clockwise_clip
shader-build-authority	renderer/src/shaders/spirv/draw_clockwise_image_mesh.main	7	cpp-include	glsl.minified.glsl	generated-from-owned-source	renderer/src/shaders/glsl.glsl	d7e3b795badbe6e5108f268ddea4f7c0bb5af4ad1416e41c7304beca89a15523	shader:source:draw_clockwise_image_mesh	shader:source:glsl
shader-build-authority	renderer/src/shaders/spirv/draw_clockwise_image_mesh.main	8	cpp-include	constants.minified.glsl	generated-from-owned-source	renderer/src/shaders/constants.glsl	eefc0b9115beb4fe87b85431b0c683fdec73244c044278e97fdba0c96014bb56	shader:source:draw_clockwise_image_mesh	shader:source:constants
shader-build-authority	renderer/src/shaders/spirv/draw_clockwise_image_mesh.main	9	cpp-include	specialization.minified.glsl	generated-from-owned-source	renderer/src/shaders/specialization.glsl	e510983192e84c1cc69d990a14f606cfa92af234290636593d5be3e3f4e07f72	shader:source:draw_clockwise_image_mesh	shader:source:specialization
shader-build-authority	renderer/src/shaders/spirv/draw_clockwise_image_mesh.main	10	cpp-include	flush_uniforms.minified.glsl	generated-from-owned-source	renderer/src/shaders/flush_uniforms.glsl	1c22659c0e40233b0b06515287e122e06b73a4428d8e78721ca71e3419db961e	shader:source:draw_clockwise_image_mesh	shader:source:flush_uniforms
shader-build-authority	renderer/src/shaders/spirv/draw_clockwise_image_mesh.main	11	cpp-include	common.minified.glsl	generated-from-owned-source	renderer/src/shaders/common.glsl	37d9f72c2ec84a9a24b42d8798c56c77e396c7b57a39f24edece8c95fe8b3881	shader:source:draw_clockwise_image_mesh	shader:source:common
shader-build-authority	renderer/src/shaders/spirv/draw_clockwise_image_mesh.main	12	cpp-include	advanced_blend.minified.glsl	generated-from-owned-source	renderer/src/shaders/advanced_blend.glsl	d7f8d9cec8e095c7e6d331a9f3ba48cdb18ea63f961d9223e3dfc509bcd8794b	shader:source:draw_clockwise_image_mesh	shader:source:advanced_blend
shader-build-authority	renderer/src/shaders/spirv/draw_clockwise_image_mesh.main	13	cpp-include	draw_image_mesh.minified.vert	generated-from-owned-source	renderer/src/shaders/draw_image_mesh.vert	f8c9d0c3a50cd3d42af1e67f8acb4258ac8c05833210d0b4556c95dff3312166	shader:source:draw_clockwise_image_mesh	shader:source:draw_image_mesh
shader-build-authority	renderer/src/shaders/spirv/draw_clockwise_image_mesh.main	14	cpp-include	draw_mesh.minified.frag	generated-from-owned-source	renderer/src/shaders/draw_mesh.frag	d3a060c05d66e187ca2a0edab03788e7d885364ba833237e2e89f39a2b5e9c1f	shader:source:draw_clockwise_image_mesh	shader:source:draw_mesh
shader-build-authority	renderer/src/shaders/spirv/draw_clockwise_interior_triangles.main	6	cpp-include	glsl.minified.glsl	generated-from-owned-source	renderer/src/shaders/glsl.glsl	d7e3b795badbe6e5108f268ddea4f7c0bb5af4ad1416e41c7304beca89a15523	shader:source:draw_clockwise_interior_triangles	shader:source:glsl
shader-build-authority	renderer/src/shaders/spirv/draw_clockwise_interior_triangles.main	7	cpp-include	constants.minified.glsl	generated-from-owned-source	renderer/src/shaders/constants.glsl	eefc0b9115beb4fe87b85431b0c683fdec73244c044278e97fdba0c96014bb56	shader:source:draw_clockwise_interior_triangles	shader:source:constants
shader-build-authority	renderer/src/shaders/spirv/draw_clockwise_interior_triangles.main	8	cpp-include	specialization.minified.glsl	generated-from-owned-source	renderer/src/shaders/specialization.glsl	e510983192e84c1cc69d990a14f606cfa92af234290636593d5be3e3f4e07f72	shader:source:draw_clockwise_interior_triangles	shader:source:specialization
shader-build-authority	renderer/src/shaders/spirv/draw_clockwise_interior_triangles.main	9	cpp-include	flush_uniforms.minified.glsl	generated-from-owned-source	renderer/src/shaders/flush_uniforms.glsl	1c22659c0e40233b0b06515287e122e06b73a4428d8e78721ca71e3419db961e	shader:source:draw_clockwise_interior_triangles	shader:source:flush_uniforms
shader-build-authority	renderer/src/shaders/spirv/draw_clockwise_interior_triangles.main	10	cpp-include	common.minified.glsl	generated-from-owned-source	renderer/src/shaders/common.glsl	37d9f72c2ec84a9a24b42d8798c56c77e396c7b57a39f24edece8c95fe8b3881	shader:source:draw_clockwise_interior_triangles	shader:source:common
shader-build-authority	renderer/src/shaders/spirv/draw_clockwise_interior_triangles.main	11	cpp-include	draw_path_common.minified.glsl	generated-from-owned-source	renderer/src/shaders/draw_path_common.glsl	3a6e72e80eec81b2eb467134f62188e2a86f7debfb0798a8c4ed5873beb7e86e	shader:source:draw_clockwise_interior_triangles	shader:source:draw_path_common
shader-build-authority	renderer/src/shaders/spirv/draw_clockwise_interior_triangles.main	12	cpp-include	advanced_blend.minified.glsl	generated-from-owned-source	renderer/src/shaders/advanced_blend.glsl	d7f8d9cec8e095c7e6d331a9f3ba48cdb18ea63f961d9223e3dfc509bcd8794b	shader:source:draw_clockwise_interior_triangles	shader:source:advanced_blend
shader-build-authority	renderer/src/shaders/spirv/draw_clockwise_interior_triangles.main	13	cpp-include	draw_path.minified.vert	generated-from-owned-source	renderer/src/shaders/draw_path.vert	b247e0f8a6016df848814454ce0fdf2d4b2a6a81a70484bb223b5d939059ae71	shader:source:draw_clockwise_interior_triangles	shader:source:draw_path
shader-build-authority	renderer/src/shaders/spirv/draw_clockwise_interior_triangles.main	14	cpp-include	draw_clockwise_path.minified.frag	generated-from-owned-source	renderer/src/shaders/draw_clockwise_path.frag	f033a35f69ad4d2802fc9afa21f0ca0e06f73bb516d9cd9099a378a553eaa377	shader:source:draw_clockwise_interior_triangles	shader:source:draw_clockwise_path
shader-build-authority	renderer/src/shaders/spirv/draw_clockwise_path.main	7	cpp-include	glsl.minified.glsl	generated-from-owned-source	renderer/src/shaders/glsl.glsl	d7e3b795badbe6e5108f268ddea4f7c0bb5af4ad1416e41c7304beca89a15523	shader:source:draw_clockwise_path	shader:source:glsl
shader-build-authority	renderer/src/shaders/spirv/draw_clockwise_path.main	8	cpp-include	constants.minified.glsl	generated-from-owned-source	renderer/src/shaders/constants.glsl	eefc0b9115beb4fe87b85431b0c683fdec73244c044278e97fdba0c96014bb56	shader:source:draw_clockwise_path	shader:source:constants
shader-build-authority	renderer/src/shaders/spirv/draw_clockwise_path.main	9	cpp-include	specialization.minified.glsl	generated-from-owned-source	renderer/src/shaders/specialization.glsl	e510983192e84c1cc69d990a14f606cfa92af234290636593d5be3e3f4e07f72	shader:source:draw_clockwise_path	shader:source:specialization
shader-build-authority	renderer/src/shaders/spirv/draw_clockwise_path.main	10	cpp-include	flush_uniforms.minified.glsl	generated-from-owned-source	renderer/src/shaders/flush_uniforms.glsl	1c22659c0e40233b0b06515287e122e06b73a4428d8e78721ca71e3419db961e	shader:source:draw_clockwise_path	shader:source:flush_uniforms
shader-build-authority	renderer/src/shaders/spirv/draw_clockwise_path.main	11	cpp-include	common.minified.glsl	generated-from-owned-source	renderer/src/shaders/common.glsl	37d9f72c2ec84a9a24b42d8798c56c77e396c7b57a39f24edece8c95fe8b3881	shader:source:draw_clockwise_path	shader:source:common
shader-build-authority	renderer/src/shaders/spirv/draw_clockwise_path.main	12	cpp-include	draw_path_common.minified.glsl	generated-from-owned-source	renderer/src/shaders/draw_path_common.glsl	3a6e72e80eec81b2eb467134f62188e2a86f7debfb0798a8c4ed5873beb7e86e	shader:source:draw_clockwise_path	shader:source:draw_path_common
shader-build-authority	renderer/src/shaders/spirv/draw_clockwise_path.main	13	cpp-include	advanced_blend.minified.glsl	generated-from-owned-source	renderer/src/shaders/advanced_blend.glsl	d7f8d9cec8e095c7e6d331a9f3ba48cdb18ea63f961d9223e3dfc509bcd8794b	shader:source:draw_clockwise_path	shader:source:advanced_blend
shader-build-authority	renderer/src/shaders/spirv/draw_clockwise_path.main	14	cpp-include	draw_path.minified.vert	generated-from-owned-source	renderer/src/shaders/draw_path.vert	b247e0f8a6016df848814454ce0fdf2d4b2a6a81a70484bb223b5d939059ae71	shader:source:draw_clockwise_path	shader:source:draw_path
shader-build-authority	renderer/src/shaders/spirv/draw_clockwise_path.main	15	cpp-include	draw_clockwise_path.minified.frag	generated-from-owned-source	renderer/src/shaders/draw_clockwise_path.frag	f033a35f69ad4d2802fc9afa21f0ca0e06f73bb516d9cd9099a378a553eaa377	shader:source:draw_clockwise_path	shader:source:draw_clockwise_path
shader-build-authority	renderer/src/shaders/spirv/draw_fullscreen_quad.vert	3	cpp-include	glsl.minified.glsl	generated-from-owned-source	renderer/src/shaders/glsl.glsl	d7e3b795badbe6e5108f268ddea4f7c0bb5af4ad1416e41c7304beca89a15523	shader:source:draw_fullscreen_quad	shader:source:glsl
shader-build-authority	renderer/src/shaders/spirv/draw_fullscreen_quad.vert	4	cpp-include	constants.minified.glsl	generated-from-owned-source	renderer/src/shaders/constants.glsl	eefc0b9115beb4fe87b85431b0c683fdec73244c044278e97fdba0c96014bb56	shader:source:draw_fullscreen_quad	shader:source:constants
shader-build-authority	renderer/src/shaders/spirv/draw_fullscreen_quad.vert	5	cpp-include	flush_uniforms.minified.glsl	generated-from-owned-source	renderer/src/shaders/flush_uniforms.glsl	1c22659c0e40233b0b06515287e122e06b73a4428d8e78721ca71e3419db961e	shader:source:draw_fullscreen_quad	shader:source:flush_uniforms
shader-build-authority	renderer/src/shaders/spirv/draw_fullscreen_quad.vert	6	cpp-include	common.minified.glsl	generated-from-owned-source	renderer/src/shaders/common.glsl	37d9f72c2ec84a9a24b42d8798c56c77e396c7b57a39f24edece8c95fe8b3881	shader:source:draw_fullscreen_quad	shader:source:common
shader-build-authority	renderer/src/shaders/spirv/draw_fullscreen_quad.vert	7	cpp-include	draw_fullscreen_quad.minified.vert	generated-from-owned-source	renderer/src/shaders/draw_fullscreen_quad.vert	6a9842803e8472ab8f756a191c6a6d60a7c28db5587ee22c5e9bddb000c49cc2	shader:source:draw_fullscreen_quad	shader:source:draw_fullscreen_quad
shader-build-authority	renderer/src/shaders/spirv/draw_image_mesh.main	7	cpp-include	glsl.minified.glsl	generated-from-owned-source	renderer/src/shaders/glsl.glsl	d7e3b795badbe6e5108f268ddea4f7c0bb5af4ad1416e41c7304beca89a15523	shader:source:draw_image_mesh	shader:source:glsl
shader-build-authority	renderer/src/shaders/spirv/draw_image_mesh.main	8	cpp-include	constants.minified.glsl	generated-from-owned-source	renderer/src/shaders/constants.glsl	eefc0b9115beb4fe87b85431b0c683fdec73244c044278e97fdba0c96014bb56	shader:source:draw_image_mesh	shader:source:constants
shader-build-authority	renderer/src/shaders/spirv/draw_image_mesh.main	9	cpp-include	specialization.minified.glsl	generated-from-owned-source	renderer/src/shaders/specialization.glsl	e510983192e84c1cc69d990a14f606cfa92af234290636593d5be3e3f4e07f72	shader:source:draw_image_mesh	shader:source:specialization
shader-build-authority	renderer/src/shaders/spirv/draw_image_mesh.main	10	cpp-include	flush_uniforms.minified.glsl	generated-from-owned-source	renderer/src/shaders/flush_uniforms.glsl	1c22659c0e40233b0b06515287e122e06b73a4428d8e78721ca71e3419db961e	shader:source:draw_image_mesh	shader:source:flush_uniforms
shader-build-authority	renderer/src/shaders/spirv/draw_image_mesh.main	11	cpp-include	common.minified.glsl	generated-from-owned-source	renderer/src/shaders/common.glsl	37d9f72c2ec84a9a24b42d8798c56c77e396c7b57a39f24edece8c95fe8b3881	shader:source:draw_image_mesh	shader:source:common
shader-build-authority	renderer/src/shaders/spirv/draw_image_mesh.main	12	cpp-include	advanced_blend.minified.glsl	generated-from-owned-source	renderer/src/shaders/advanced_blend.glsl	d7f8d9cec8e095c7e6d331a9f3ba48cdb18ea63f961d9223e3dfc509bcd8794b	shader:source:draw_image_mesh	shader:source:advanced_blend
shader-build-authority	renderer/src/shaders/spirv/draw_image_mesh.main	13	cpp-include	draw_image_mesh.minified.vert	generated-from-owned-source	renderer/src/shaders/draw_image_mesh.vert	f8c9d0c3a50cd3d42af1e67f8acb4258ac8c05833210d0b4556c95dff3312166	shader:source:draw_image_mesh	shader:source:draw_image_mesh
shader-build-authority	renderer/src/shaders/spirv/draw_image_mesh.main	14	cpp-include	draw_mesh.minified.frag	generated-from-owned-source	renderer/src/shaders/draw_mesh.frag	d3a060c05d66e187ca2a0edab03788e7d885364ba833237e2e89f39a2b5e9c1f	shader:source:draw_image_mesh	shader:source:draw_mesh
shader-build-authority	renderer/src/shaders/spirv/draw_input_attachment.frag	3	cpp-include	glsl.minified.glsl	generated-from-owned-source	renderer/src/shaders/glsl.glsl	d7e3b795badbe6e5108f268ddea4f7c0bb5af4ad1416e41c7304beca89a15523	shader:source:draw_input_attachment	shader:source:glsl
shader-build-authority	renderer/src/shaders/spirv/draw_input_attachment.frag	4	cpp-include	constants.minified.glsl	generated-from-owned-source	renderer/src/shaders/constants.glsl	eefc0b9115beb4fe87b85431b0c683fdec73244c044278e97fdba0c96014bb56	shader:source:draw_input_attachment	shader:source:constants
shader-build-authority	renderer/src/shaders/spirv/draw_input_attachment.frag	5	cpp-include	flush_uniforms.minified.glsl	generated-from-owned-source	renderer/src/shaders/flush_uniforms.glsl	1c22659c0e40233b0b06515287e122e06b73a4428d8e78721ca71e3419db961e	shader:source:draw_input_attachment	shader:source:flush_uniforms
shader-build-authority	renderer/src/shaders/spirv/draw_input_attachment.frag	6	cpp-include	common.minified.glsl	generated-from-owned-source	renderer/src/shaders/common.glsl	37d9f72c2ec84a9a24b42d8798c56c77e396c7b57a39f24edece8c95fe8b3881	shader:source:draw_input_attachment	shader:source:common
shader-build-authority	renderer/src/shaders/spirv/draw_input_attachment.frag	7	cpp-include	draw_input_attachment.minified.frag	generated-from-owned-source	renderer/src/shaders/draw_input_attachment.frag	8af2574495c71e8282116b3e598daf5e1c705d0b50c39d2439ad18e6be1e8694	shader:source:draw_input_attachment	shader:source:draw_input_attachment
shader-build-authority	renderer/src/shaders/spirv/draw_interior_triangles.main	6	cpp-include	glsl.minified.glsl	generated-from-owned-source	renderer/src/shaders/glsl.glsl	d7e3b795badbe6e5108f268ddea4f7c0bb5af4ad1416e41c7304beca89a15523	shader:source:draw_interior_triangles	shader:source:glsl
shader-build-authority	renderer/src/shaders/spirv/draw_interior_triangles.main	7	cpp-include	constants.minified.glsl	generated-from-owned-source	renderer/src/shaders/constants.glsl	eefc0b9115beb4fe87b85431b0c683fdec73244c044278e97fdba0c96014bb56	shader:source:draw_interior_triangles	shader:source:constants
shader-build-authority	renderer/src/shaders/spirv/draw_interior_triangles.main	8	cpp-include	specialization.minified.glsl	generated-from-owned-source	renderer/src/shaders/specialization.glsl	e510983192e84c1cc69d990a14f606cfa92af234290636593d5be3e3f4e07f72	shader:source:draw_interior_triangles	shader:source:specialization
shader-build-authority	renderer/src/shaders/spirv/draw_interior_triangles.main	9	cpp-include	flush_uniforms.minified.glsl	generated-from-owned-source	renderer/src/shaders/flush_uniforms.glsl	1c22659c0e40233b0b06515287e122e06b73a4428d8e78721ca71e3419db961e	shader:source:draw_interior_triangles	shader:source:flush_uniforms
shader-build-authority	renderer/src/shaders/spirv/draw_interior_triangles.main	10	cpp-include	common.minified.glsl	generated-from-owned-source	renderer/src/shaders/common.glsl	37d9f72c2ec84a9a24b42d8798c56c77e396c7b57a39f24edece8c95fe8b3881	shader:source:draw_interior_triangles	shader:source:common
shader-build-authority	renderer/src/shaders/spirv/draw_interior_triangles.main	11	cpp-include	draw_path_common.minified.glsl	generated-from-owned-source	renderer/src/shaders/draw_path_common.glsl	3a6e72e80eec81b2eb467134f62188e2a86f7debfb0798a8c4ed5873beb7e86e	shader:source:draw_interior_triangles	shader:source:draw_path_common
shader-build-authority	renderer/src/shaders/spirv/draw_interior_triangles.main	12	cpp-include	advanced_blend.minified.glsl	generated-from-owned-source	renderer/src/shaders/advanced_blend.glsl	d7f8d9cec8e095c7e6d331a9f3ba48cdb18ea63f961d9223e3dfc509bcd8794b	shader:source:draw_interior_triangles	shader:source:advanced_blend
shader-build-authority	renderer/src/shaders/spirv/draw_interior_triangles.main	13	cpp-include	draw_path.minified.vert	generated-from-owned-source	renderer/src/shaders/draw_path.vert	b247e0f8a6016df848814454ce0fdf2d4b2a6a81a70484bb223b5d939059ae71	shader:source:draw_interior_triangles	shader:source:draw_path
shader-build-authority	renderer/src/shaders/spirv/draw_interior_triangles.main	14	cpp-include	draw_raster_order_path.minified.frag	generated-from-owned-source	renderer/src/shaders/draw_raster_order_path.frag	f4b4f70790ff16aa39870f0fcd848afa69dc52bf4b45fbbed3c1dab645eeb67f	shader:source:draw_interior_triangles	shader:source:draw_raster_order_path
shader-build-authority	renderer/src/shaders/spirv/draw_msaa_atlas_blit.main	8	cpp-include	glsl.minified.glsl	generated-from-owned-source	renderer/src/shaders/glsl.glsl	d7e3b795badbe6e5108f268ddea4f7c0bb5af4ad1416e41c7304beca89a15523	shader:source:draw_msaa_atlas_blit	shader:source:glsl
shader-build-authority	renderer/src/shaders/spirv/draw_msaa_atlas_blit.main	9	cpp-include	constants.minified.glsl	generated-from-owned-source	renderer/src/shaders/constants.glsl	eefc0b9115beb4fe87b85431b0c683fdec73244c044278e97fdba0c96014bb56	shader:source:draw_msaa_atlas_blit	shader:source:constants
shader-build-authority	renderer/src/shaders/spirv/draw_msaa_atlas_blit.main	10	cpp-include	specialization.minified.glsl	generated-from-owned-source	renderer/src/shaders/specialization.glsl	e510983192e84c1cc69d990a14f606cfa92af234290636593d5be3e3f4e07f72	shader:source:draw_msaa_atlas_blit	shader:source:specialization
shader-build-authority	renderer/src/shaders/spirv/draw_msaa_atlas_blit.main	11	cpp-include	flush_uniforms.minified.glsl	generated-from-owned-source	renderer/src/shaders/flush_uniforms.glsl	1c22659c0e40233b0b06515287e122e06b73a4428d8e78721ca71e3419db961e	shader:source:draw_msaa_atlas_blit	shader:source:flush_uniforms
shader-build-authority	renderer/src/shaders/spirv/draw_msaa_atlas_blit.main	12	cpp-include	common.minified.glsl	generated-from-owned-source	renderer/src/shaders/common.glsl	37d9f72c2ec84a9a24b42d8798c56c77e396c7b57a39f24edece8c95fe8b3881	shader:source:draw_msaa_atlas_blit	shader:source:common
shader-build-authority	renderer/src/shaders/spirv/draw_msaa_atlas_blit.main	13	cpp-include	draw_path_common.minified.glsl	generated-from-owned-source	renderer/src/shaders/draw_path_common.glsl	3a6e72e80eec81b2eb467134f62188e2a86f7debfb0798a8c4ed5873beb7e86e	shader:source:draw_msaa_atlas_blit	shader:source:draw_path_common
shader-build-authority	renderer/src/shaders/spirv/draw_msaa_atlas_blit.main	14	cpp-include	advanced_blend.minified.glsl	generated-from-owned-source	renderer/src/shaders/advanced_blend.glsl	d7f8d9cec8e095c7e6d331a9f3ba48cdb18ea63f961d9223e3dfc509bcd8794b	shader:source:draw_msaa_atlas_blit	shader:source:advanced_blend
shader-build-authority	renderer/src/shaders/spirv/draw_msaa_atlas_blit.main	15	cpp-include	draw_path.minified.vert	generated-from-owned-source	renderer/src/shaders/draw_path.vert	b247e0f8a6016df848814454ce0fdf2d4b2a6a81a70484bb223b5d939059ae71	shader:source:draw_msaa_atlas_blit	shader:source:draw_path
shader-build-authority	renderer/src/shaders/spirv/draw_msaa_atlas_blit.main	16	cpp-include	draw_msaa_object.minified.frag	generated-from-owned-source	renderer/src/shaders/draw_msaa_object.frag	28ec08b53f7f32a12439d5f85481c4f5d66660f0e80e867b44fcbd35adba9d85	shader:source:draw_msaa_atlas_blit	shader:source:draw_msaa_object
shader-build-authority	renderer/src/shaders/spirv/draw_msaa_color_seed_attachment.frag	3	cpp-include	glsl.minified.glsl	generated-from-owned-source	renderer/src/shaders/glsl.glsl	d7e3b795badbe6e5108f268ddea4f7c0bb5af4ad1416e41c7304beca89a15523	shader:source:draw_msaa_color_seed_attachment	shader:source:glsl
shader-build-authority	renderer/src/shaders/spirv/draw_msaa_color_seed_attachment.frag	4	cpp-include	constants.minified.glsl	generated-from-owned-source	renderer/src/shaders/constants.glsl	eefc0b9115beb4fe87b85431b0c683fdec73244c044278e97fdba0c96014bb56	shader:source:draw_msaa_color_seed_attachment	shader:source:constants
shader-build-authority	renderer/src/shaders/spirv/draw_msaa_color_seed_attachment.frag	5	cpp-include	flush_uniforms.minified.glsl	generated-from-owned-source	renderer/src/shaders/flush_uniforms.glsl	1c22659c0e40233b0b06515287e122e06b73a4428d8e78721ca71e3419db961e	shader:source:draw_msaa_color_seed_attachment	shader:source:flush_uniforms
shader-build-authority	renderer/src/shaders/spirv/draw_msaa_color_seed_attachment.frag	6	cpp-include	common.minified.glsl	generated-from-owned-source	renderer/src/shaders/common.glsl	37d9f72c2ec84a9a24b42d8798c56c77e396c7b57a39f24edece8c95fe8b3881	shader:source:draw_msaa_color_seed_attachment	shader:source:common
shader-build-authority	renderer/src/shaders/spirv/draw_msaa_color_seed_attachment.frag	8	cpp-include	draw_input_attachment.minified.frag	generated-from-owned-source	renderer/src/shaders/draw_input_attachment.frag	8af2574495c71e8282116b3e598daf5e1c705d0b50c39d2439ad18e6be1e8694	shader:source:draw_msaa_color_seed_attachment	shader:source:draw_input_attachment
shader-build-authority	renderer/src/shaders/spirv/draw_msaa_image_mesh.main	8	cpp-include	glsl.minified.glsl	generated-from-owned-source	renderer/src/shaders/glsl.glsl	d7e3b795badbe6e5108f268ddea4f7c0bb5af4ad1416e41c7304beca89a15523	shader:source:draw_msaa_image_mesh	shader:source:glsl
shader-build-authority	renderer/src/shaders/spirv/draw_msaa_image_mesh.main	9	cpp-include	constants.minified.glsl	generated-from-owned-source	renderer/src/shaders/constants.glsl	eefc0b9115beb4fe87b85431b0c683fdec73244c044278e97fdba0c96014bb56	shader:source:draw_msaa_image_mesh	shader:source:constants
shader-build-authority	renderer/src/shaders/spirv/draw_msaa_image_mesh.main	10	cpp-include	specialization.minified.glsl	generated-from-owned-source	renderer/src/shaders/specialization.glsl	e510983192e84c1cc69d990a14f606cfa92af234290636593d5be3e3f4e07f72	shader:source:draw_msaa_image_mesh	shader:source:specialization
shader-build-authority	renderer/src/shaders/spirv/draw_msaa_image_mesh.main	11	cpp-include	flush_uniforms.minified.glsl	generated-from-owned-source	renderer/src/shaders/flush_uniforms.glsl	1c22659c0e40233b0b06515287e122e06b73a4428d8e78721ca71e3419db961e	shader:source:draw_msaa_image_mesh	shader:source:flush_uniforms
shader-build-authority	renderer/src/shaders/spirv/draw_msaa_image_mesh.main	12	cpp-include	common.minified.glsl	generated-from-owned-source	renderer/src/shaders/common.glsl	37d9f72c2ec84a9a24b42d8798c56c77e396c7b57a39f24edece8c95fe8b3881	shader:source:draw_msaa_image_mesh	shader:source:common
shader-build-authority	renderer/src/shaders/spirv/draw_msaa_image_mesh.main	13	cpp-include	advanced_blend.minified.glsl	generated-from-owned-source	renderer/src/shaders/advanced_blend.glsl	d7f8d9cec8e095c7e6d331a9f3ba48cdb18ea63f961d9223e3dfc509bcd8794b	shader:source:draw_msaa_image_mesh	shader:source:advanced_blend
shader-build-authority	renderer/src/shaders/spirv/draw_msaa_image_mesh.main	14	cpp-include	draw_image_mesh.minified.vert	generated-from-owned-source	renderer/src/shaders/draw_image_mesh.vert	f8c9d0c3a50cd3d42af1e67f8acb4258ac8c05833210d0b4556c95dff3312166	shader:source:draw_msaa_image_mesh	shader:source:draw_image_mesh
shader-build-authority	renderer/src/shaders/spirv/draw_msaa_image_mesh.main	15	cpp-include	draw_msaa_object.minified.frag	generated-from-owned-source	renderer/src/shaders/draw_msaa_object.frag	28ec08b53f7f32a12439d5f85481c4f5d66660f0e80e867b44fcbd35adba9d85	shader:source:draw_msaa_image_mesh	shader:source:draw_msaa_object
shader-build-authority	renderer/src/shaders/spirv/draw_msaa_path.main	8	cpp-include	glsl.minified.glsl	generated-from-owned-source	renderer/src/shaders/glsl.glsl	d7e3b795badbe6e5108f268ddea4f7c0bb5af4ad1416e41c7304beca89a15523	shader:source:draw_msaa_path	shader:source:glsl
shader-build-authority	renderer/src/shaders/spirv/draw_msaa_path.main	9	cpp-include	constants.minified.glsl	generated-from-owned-source	renderer/src/shaders/constants.glsl	eefc0b9115beb4fe87b85431b0c683fdec73244c044278e97fdba0c96014bb56	shader:source:draw_msaa_path	shader:source:constants
shader-build-authority	renderer/src/shaders/spirv/draw_msaa_path.main	10	cpp-include	specialization.minified.glsl	generated-from-owned-source	renderer/src/shaders/specialization.glsl	e510983192e84c1cc69d990a14f606cfa92af234290636593d5be3e3f4e07f72	shader:source:draw_msaa_path	shader:source:specialization
shader-build-authority	renderer/src/shaders/spirv/draw_msaa_path.main	11	cpp-include	flush_uniforms.minified.glsl	generated-from-owned-source	renderer/src/shaders/flush_uniforms.glsl	1c22659c0e40233b0b06515287e122e06b73a4428d8e78721ca71e3419db961e	shader:source:draw_msaa_path	shader:source:flush_uniforms
shader-build-authority	renderer/src/shaders/spirv/draw_msaa_path.main	12	cpp-include	common.minified.glsl	generated-from-owned-source	renderer/src/shaders/common.glsl	37d9f72c2ec84a9a24b42d8798c56c77e396c7b57a39f24edece8c95fe8b3881	shader:source:draw_msaa_path	shader:source:common
shader-build-authority	renderer/src/shaders/spirv/draw_msaa_path.main	13	cpp-include	draw_path_common.minified.glsl	generated-from-owned-source	renderer/src/shaders/draw_path_common.glsl	3a6e72e80eec81b2eb467134f62188e2a86f7debfb0798a8c4ed5873beb7e86e	shader:source:draw_msaa_path	shader:source:draw_path_common
shader-build-authority	renderer/src/shaders/spirv/draw_msaa_path.main	14	cpp-include	advanced_blend.minified.glsl	generated-from-owned-source	renderer/src/shaders/advanced_blend.glsl	d7f8d9cec8e095c7e6d331a9f3ba48cdb18ea63f961d9223e3dfc509bcd8794b	shader:source:draw_msaa_path	shader:source:advanced_blend
shader-build-authority	renderer/src/shaders/spirv/draw_msaa_path.main	15	cpp-include	draw_path.minified.vert	generated-from-owned-source	renderer/src/shaders/draw_path.vert	b247e0f8a6016df848814454ce0fdf2d4b2a6a81a70484bb223b5d939059ae71	shader:source:draw_msaa_path	shader:source:draw_path
shader-build-authority	renderer/src/shaders/spirv/draw_msaa_path.main	16	cpp-include	draw_msaa_object.minified.frag	generated-from-owned-source	renderer/src/shaders/draw_msaa_object.frag	28ec08b53f7f32a12439d5f85481c4f5d66660f0e80e867b44fcbd35adba9d85	shader:source:draw_msaa_path	shader:source:draw_msaa_object
shader-build-authority	renderer/src/shaders/spirv/draw_msaa_resolve.frag	3	cpp-include	glsl.minified.glsl	generated-from-owned-source	renderer/src/shaders/glsl.glsl	d7e3b795badbe6e5108f268ddea4f7c0bb5af4ad1416e41c7304beca89a15523	shader:source:draw_msaa_resolve	shader:source:glsl
shader-build-authority	renderer/src/shaders/spirv/draw_msaa_resolve.frag	4	cpp-include	constants.minified.glsl	generated-from-owned-source	renderer/src/shaders/constants.glsl	eefc0b9115beb4fe87b85431b0c683fdec73244c044278e97fdba0c96014bb56	shader:source:draw_msaa_resolve	shader:source:constants
shader-build-authority	renderer/src/shaders/spirv/draw_msaa_resolve.frag	5	cpp-include	flush_uniforms.minified.glsl	generated-from-owned-source	renderer/src/shaders/flush_uniforms.glsl	1c22659c0e40233b0b06515287e122e06b73a4428d8e78721ca71e3419db961e	shader:source:draw_msaa_resolve	shader:source:flush_uniforms
shader-build-authority	renderer/src/shaders/spirv/draw_msaa_resolve.frag	6	cpp-include	common.minified.glsl	generated-from-owned-source	renderer/src/shaders/common.glsl	37d9f72c2ec84a9a24b42d8798c56c77e396c7b57a39f24edece8c95fe8b3881	shader:source:draw_msaa_resolve	shader:source:common
shader-build-authority	renderer/src/shaders/spirv/draw_msaa_resolve.frag	7	cpp-include	draw_msaa_resolve.minified.frag	generated-from-owned-source	renderer/src/shaders/draw_msaa_resolve.frag	93cac1c9b5a8f5a4c41100475b797ae1352fc803c81d619de1b1e81bdc0fb6a1	shader:source:draw_msaa_resolve	shader:source:draw_msaa_resolve
shader-build-authority	renderer/src/shaders/spirv/draw_msaa_stencil.main	11	cpp-include	glsl.minified.glsl	generated-from-owned-source	renderer/src/shaders/glsl.glsl	d7e3b795badbe6e5108f268ddea4f7c0bb5af4ad1416e41c7304beca89a15523	shader:source:draw_msaa_stencil	shader:source:glsl
shader-build-authority	renderer/src/shaders/spirv/draw_msaa_stencil.main	12	cpp-include	constants.minified.glsl	generated-from-owned-source	renderer/src/shaders/constants.glsl	eefc0b9115beb4fe87b85431b0c683fdec73244c044278e97fdba0c96014bb56	shader:source:draw_msaa_stencil	shader:source:constants
shader-build-authority	renderer/src/shaders/spirv/draw_msaa_stencil.main	13	cpp-include	specialization.minified.glsl	generated-from-owned-source	renderer/src/shaders/specialization.glsl	e510983192e84c1cc69d990a14f606cfa92af234290636593d5be3e3f4e07f72	shader:source:draw_msaa_stencil	shader:source:specialization
shader-build-authority	renderer/src/shaders/spirv/draw_msaa_stencil.main	14	cpp-include	flush_uniforms.minified.glsl	generated-from-owned-source	renderer/src/shaders/flush_uniforms.glsl	1c22659c0e40233b0b06515287e122e06b73a4428d8e78721ca71e3419db961e	shader:source:draw_msaa_stencil	shader:source:flush_uniforms
shader-build-authority	renderer/src/shaders/spirv/draw_msaa_stencil.main	15	cpp-include	common.minified.glsl	generated-from-owned-source	renderer/src/shaders/common.glsl	37d9f72c2ec84a9a24b42d8798c56c77e396c7b57a39f24edece8c95fe8b3881	shader:source:draw_msaa_stencil	shader:source:common
shader-build-authority	renderer/src/shaders/spirv/draw_msaa_stencil.main	16	cpp-include	advanced_blend.minified.glsl	generated-from-owned-source	renderer/src/shaders/advanced_blend.glsl	d7f8d9cec8e095c7e6d331a9f3ba48cdb18ea63f961d9223e3dfc509bcd8794b	shader:source:draw_msaa_stencil	shader:source:advanced_blend
shader-build-authority	renderer/src/shaders/spirv/draw_msaa_stencil.main	17	cpp-include	stencil_draw.minified.glsl	generated-from-owned-source	renderer/src/shaders/stencil_draw.glsl	9df944e40e0f66f0a7f4e2114fe2644d426a44bc236eab969e3bdf75bb70c0bd	shader:source:draw_msaa_stencil	shader:source:stencil_draw
shader-build-authority	renderer/src/shaders/spirv/draw_path.main	7	cpp-include	glsl.minified.glsl	generated-from-owned-source	renderer/src/shaders/glsl.glsl	d7e3b795badbe6e5108f268ddea4f7c0bb5af4ad1416e41c7304beca89a15523	shader:source:draw_path	shader:source:glsl
shader-build-authority	renderer/src/shaders/spirv/draw_path.main	8	cpp-include	constants.minified.glsl	generated-from-owned-source	renderer/src/shaders/constants.glsl	eefc0b9115beb4fe87b85431b0c683fdec73244c044278e97fdba0c96014bb56	shader:source:draw_path	shader:source:constants
shader-build-authority	renderer/src/shaders/spirv/draw_path.main	9	cpp-include	specialization.minified.glsl	generated-from-owned-source	renderer/src/shaders/specialization.glsl	e510983192e84c1cc69d990a14f606cfa92af234290636593d5be3e3f4e07f72	shader:source:draw_path	shader:source:specialization
shader-build-authority	renderer/src/shaders/spirv/draw_path.main	10	cpp-include	flush_uniforms.minified.glsl	generated-from-owned-source	renderer/src/shaders/flush_uniforms.glsl	1c22659c0e40233b0b06515287e122e06b73a4428d8e78721ca71e3419db961e	shader:source:draw_path	shader:source:flush_uniforms
shader-build-authority	renderer/src/shaders/spirv/draw_path.main	11	cpp-include	common.minified.glsl	generated-from-owned-source	renderer/src/shaders/common.glsl	37d9f72c2ec84a9a24b42d8798c56c77e396c7b57a39f24edece8c95fe8b3881	shader:source:draw_path	shader:source:common
shader-build-authority	renderer/src/shaders/spirv/draw_path.main	12	cpp-include	draw_path_common.minified.glsl	generated-from-owned-source	renderer/src/shaders/draw_path_common.glsl	3a6e72e80eec81b2eb467134f62188e2a86f7debfb0798a8c4ed5873beb7e86e	shader:source:draw_path	shader:source:draw_path_common
shader-build-authority	renderer/src/shaders/spirv/draw_path.main	13	cpp-include	advanced_blend.minified.glsl	generated-from-owned-source	renderer/src/shaders/advanced_blend.glsl	d7f8d9cec8e095c7e6d331a9f3ba48cdb18ea63f961d9223e3dfc509bcd8794b	shader:source:draw_path	shader:source:advanced_blend
shader-build-authority	renderer/src/shaders/spirv/draw_path.main	14	cpp-include	draw_path.minified.vert	generated-from-owned-source	renderer/src/shaders/draw_path.vert	b247e0f8a6016df848814454ce0fdf2d4b2a6a81a70484bb223b5d939059ae71	shader:source:draw_path	shader:source:draw_path
shader-build-authority	renderer/src/shaders/spirv/draw_path.main	15	cpp-include	draw_raster_order_path.minified.frag	generated-from-owned-source	renderer/src/shaders/draw_raster_order_path.frag	f4b4f70790ff16aa39870f0fcd848afa69dc52bf4b45fbbed3c1dab645eeb67f	shader:source:draw_path	shader:source:draw_raster_order_path
shader-build-authority	renderer/src/shaders/spirv/init_clockwise_atomic_workaround.frag	7	cpp-include	glsl.minified.glsl	generated-from-owned-source	renderer/src/shaders/glsl.glsl	d7e3b795badbe6e5108f268ddea4f7c0bb5af4ad1416e41c7304beca89a15523	shader:source:init_clockwise_atomic_workaround	shader:source:glsl
shader-build-authority	renderer/src/shaders/spirv/init_clockwise_atomic_workaround.frag	8	cpp-include	constants.minified.glsl	generated-from-owned-source	renderer/src/shaders/constants.glsl	eefc0b9115beb4fe87b85431b0c683fdec73244c044278e97fdba0c96014bb56	shader:source:init_clockwise_atomic_workaround	shader:source:constants
shader-build-authority	renderer/src/shaders/spirv/init_clockwise_atomic_workaround.frag	9	cpp-include	common.minified.glsl	generated-from-owned-source	renderer/src/shaders/common.glsl	37d9f72c2ec84a9a24b42d8798c56c77e396c7b57a39f24edece8c95fe8b3881	shader:source:init_clockwise_atomic_workaround	shader:source:common
shader-build-authority	renderer/src/shaders/spirv/init_clockwise_atomic_workaround.frag	10	cpp-include	draw_path_common.minified.glsl	generated-from-owned-source	renderer/src/shaders/draw_path_common.glsl	3a6e72e80eec81b2eb467134f62188e2a86f7debfb0798a8c4ed5873beb7e86e	shader:source:init_clockwise_atomic_workaround	shader:source:draw_path_common
shader-build-authority	renderer/src/shaders/spirv/init_clockwise_atomic_workaround.frag	11	cpp-include	init_clockwise_atomic_workaround.minified.frag	generated-from-owned-source	renderer/src/shaders/init_clockwise_atomic_workaround.frag	092a1f498d0f6ff336edecdc73f96c46c1b3a51d494249839fe9934203dd53a3	shader:source:init_clockwise_atomic_workaround	shader:source:init_clockwise_atomic_workaround
shader-build-authority	renderer/src/shaders/spirv/render_atlas.vert	3	cpp-include	render_atlas_common.glsl	owned-source	renderer/src/shaders/spirv/render_atlas_common.glsl	95ffda17e87a1a09be1be4440e6905ae67ae9083fcb3d6467ca603d2e8494cd7	shader:source:render_atlas	shader:source:render_atlas_common
shader-build-authority	renderer/src/shaders/spirv/render_atlas_common.glsl	6	cpp-include	glsl.minified.glsl	generated-from-owned-source	renderer/src/shaders/glsl.glsl	d7e3b795badbe6e5108f268ddea4f7c0bb5af4ad1416e41c7304beca89a15523	shader:source:render_atlas_common	shader:source:glsl
shader-build-authority	renderer/src/shaders/spirv/render_atlas_common.glsl	7	cpp-include	constants.minified.glsl	generated-from-owned-source	renderer/src/shaders/constants.glsl	eefc0b9115beb4fe87b85431b0c683fdec73244c044278e97fdba0c96014bb56	shader:source:render_atlas_common	shader:source:constants
shader-build-authority	renderer/src/shaders/spirv/render_atlas_common.glsl	8	cpp-include	flush_uniforms.minified.glsl	generated-from-owned-source	renderer/src/shaders/flush_uniforms.glsl	1c22659c0e40233b0b06515287e122e06b73a4428d8e78721ca71e3419db961e	shader:source:render_atlas_common	shader:source:flush_uniforms
shader-build-authority	renderer/src/shaders/spirv/render_atlas_common.glsl	9	cpp-include	common.minified.glsl	generated-from-owned-source	renderer/src/shaders/common.glsl	37d9f72c2ec84a9a24b42d8798c56c77e396c7b57a39f24edece8c95fe8b3881	shader:source:render_atlas_common	shader:source:common
shader-build-authority	renderer/src/shaders/spirv/render_atlas_common.glsl	10	cpp-include	draw_path_common.minified.glsl	generated-from-owned-source	renderer/src/shaders/draw_path_common.glsl	3a6e72e80eec81b2eb467134f62188e2a86f7debfb0798a8c4ed5873beb7e86e	shader:source:render_atlas_common	shader:source:draw_path_common
shader-build-authority	renderer/src/shaders/spirv/render_atlas_common.glsl	11	cpp-include	render_atlas.minified.glsl	generated-from-owned-source	renderer/src/shaders/render_atlas.glsl	9d720063cf3360342205dcfa385e5c43e034aef3dfbd22014991de7aef61e4e6	shader:source:render_atlas_common	shader:source:render_atlas
shader-build-authority	renderer/src/shaders/spirv/render_atlas_fill.frag	4	cpp-include	render_atlas_common.glsl	owned-source	renderer/src/shaders/spirv/render_atlas_common.glsl	95ffda17e87a1a09be1be4440e6905ae67ae9083fcb3d6467ca603d2e8494cd7	shader:source:render_atlas_fill	shader:source:render_atlas_common
shader-build-authority	renderer/src/shaders/spirv/render_atlas_stroke.frag	4	cpp-include	render_atlas_common.glsl	owned-source	renderer/src/shaders/spirv/render_atlas_common.glsl	95ffda17e87a1a09be1be4440e6905ae67ae9083fcb3d6467ca603d2e8494cd7	shader:source:render_atlas_stroke	shader:source:render_atlas_common
shader-build-authority	renderer/src/shaders/spirv/tessellate.main	4	cpp-include	glsl.minified.glsl	generated-from-owned-source	renderer/src/shaders/glsl.glsl	d7e3b795badbe6e5108f268ddea4f7c0bb5af4ad1416e41c7304beca89a15523	shader:source:tessellate	shader:source:glsl
shader-build-authority	renderer/src/shaders/spirv/tessellate.main	5	cpp-include	constants.minified.glsl	generated-from-owned-source	renderer/src/shaders/constants.glsl	eefc0b9115beb4fe87b85431b0c683fdec73244c044278e97fdba0c96014bb56	shader:source:tessellate	shader:source:constants
shader-build-authority	renderer/src/shaders/spirv/tessellate.main	6	cpp-include	flush_uniforms.minified.glsl	generated-from-owned-source	renderer/src/shaders/flush_uniforms.glsl	1c22659c0e40233b0b06515287e122e06b73a4428d8e78721ca71e3419db961e	shader:source:tessellate	shader:source:flush_uniforms
shader-build-authority	renderer/src/shaders/spirv/tessellate.main	7	cpp-include	common.minified.glsl	generated-from-owned-source	renderer/src/shaders/common.glsl	37d9f72c2ec84a9a24b42d8798c56c77e396c7b57a39f24edece8c95fe8b3881	shader:source:tessellate	shader:source:common
shader-build-authority	renderer/src/shaders/spirv/tessellate.main	8	cpp-include	bezier_utils.minified.glsl	generated-from-owned-source	renderer/src/shaders/bezier_utils.glsl	c18b0d2aac6f33dff72a6f17bdcc4b40ee337651fa0ecdd104e85641701e385f	shader:source:tessellate	shader:source:bezier_utils
shader-build-authority	renderer/src/shaders/spirv/tessellate.main	9	cpp-include	tessellate.minified.glsl	generated-from-owned-source	renderer/src/shaders/tessellate.glsl	ecf7b979552b7bf7af6ff17a3fc8a0f5666942f7f7febda96fb4255640deee2f	shader:source:tessellate	shader:source:tessellate
shader-build-authority	renderer/src/shaders/spirv_binary_to_header.py	2	python-import	struct	external-tool-module	-	-	shader:spirv_header_generator	-
shader-build-authority	renderer/src/shaders/spirv_binary_to_header.py	3	python-import	sys	external-tool-module	-	-	shader:spirv_header_generator	-
shader-build-authority	renderer/src/shaders/wgsl_to_header.py	11	python-import	argparse	external-tool-module	-	-	shader:wgsl_header_generator	-
shader-build-authority	renderer/src/shaders/wgsl_to_header.py	12	python-import	os	external-tool-module	-	-	shader:wgsl_header_generator	-
shader-build-authority	renderer/src/shaders/wgsl_to_header.py	13	python-import	re	external-tool-module	-	-	shader:wgsl_header_generator	-
shader-build-authority	renderer/src/shaders/wgsl_to_header.py	14	python-import	sys	external-tool-module	-	-	shader:wgsl_header_generator	-
vulkan	renderer/include/rive/renderer/ore/ore_context_vulkan.hpp	7	cpp-include	rive/renderer/ore/ore_context.hpp	pinned-source-external	renderer/include/rive/renderer/ore/ore_context.hpp	469148e255653eff4ff4e1bc0e0bde3fd12a245eb4e39c60ac14309a3f265bff	vulkan:ore:context	-
vulkan	renderer/include/rive/renderer/ore/ore_context_vulkan.hpp	8	cpp-include	rive/renderer/vulkan/vulkan_context.hpp	owned-source	renderer/include/rive/renderer/vulkan/vulkan_context.hpp	d1491ee3c8c551e628c1189d8461aa72618e74248380f6b582ac9a9fa7729777	vulkan:ore:context	vulkan:renderer:vulkan_context
vulkan	renderer/include/rive/renderer/ore/ore_context_vulkan.hpp	9	cpp-include	functional	external-sdk-or-system	-	-	vulkan:ore:context	-
vulkan	renderer/include/rive/renderer/ore/ore_context_vulkan.hpp	10	cpp-include	utility	external-sdk-or-system	-	-	vulkan:ore:context	-
vulkan	renderer/include/rive/renderer/ore/ore_context_vulkan.hpp	11	cpp-include	vulkan/vulkan.h	external-sdk-or-system	-	-	vulkan:ore:context	-
vulkan	renderer/include/rive/renderer/vulkan/render_context_vulkan_impl.hpp	9	cpp-include	chrono	external-sdk-or-system	-	-	vulkan:renderer:render_context_vulkan_impl	-
vulkan	renderer/include/rive/renderer/vulkan/render_context_vulkan_impl.hpp	10	cpp-include	vulkan/vulkan.h	external-sdk-or-system	-	-	vulkan:renderer:render_context_vulkan_impl	-
vulkan	renderer/include/rive/renderer/vulkan/render_context_vulkan_impl.hpp	11	cpp-include	rive/renderer/render_context_impl.hpp	pinned-source-external	renderer/include/rive/renderer/render_context_impl.hpp	36637574e720c6a3f08ab4a4afefed861fe01ff0820bb2095d4a050027d2a3df	vulkan:renderer:render_context_vulkan_impl	-
vulkan	renderer/include/rive/renderer/vulkan/render_context_vulkan_impl.hpp	12	cpp-include	rive/renderer/vulkan/vulkan_context.hpp	owned-source	renderer/include/rive/renderer/vulkan/vulkan_context.hpp	d1491ee3c8c551e628c1189d8461aa72618e74248380f6b582ac9a9fa7729777	vulkan:renderer:render_context_vulkan_impl	vulkan:renderer:vulkan_context
vulkan	renderer/include/rive/renderer/vulkan/render_target_vulkan.hpp	7	cpp-include	rive/renderer/render_target.hpp	pinned-source-external	renderer/include/rive/renderer/render_target.hpp	b84e24fcb41b77dc1c36c42cb6e39562de34037db3895c017e9ca38104fbb690	vulkan:renderer:render_target	-
vulkan	renderer/include/rive/renderer/vulkan/render_target_vulkan.hpp	8	cpp-include	rive/renderer/vulkan/vulkan_context.hpp	owned-source	renderer/include/rive/renderer/vulkan/vulkan_context.hpp	d1491ee3c8c551e628c1189d8461aa72618e74248380f6b582ac9a9fa7729777	vulkan:renderer:render_target	vulkan:renderer:vulkan_context
vulkan	renderer/include/rive/renderer/vulkan/render_target_vulkan.hpp	9	cpp-include	vulkan/vulkan.h	external-sdk-or-system	-	-	vulkan:renderer:render_target	-
vulkan	renderer/include/rive/renderer/vulkan/vkutil.hpp	7	cpp-include	rive/refcnt.hpp	pinned-source-external	include/rive/refcnt.hpp	5a3c11ae5b6c5615c9bc8f719b0bcaa770984ef4a18381891e266936b2f2df7d	vulkan:renderer:vkutil	-
vulkan	renderer/include/rive/renderer/vulkan/vkutil.hpp	8	cpp-include	rive/renderer/gpu.hpp	pinned-source-external	renderer/include/rive/renderer/gpu.hpp	97ac849899dedb73a37a8958c58330862482337682b18f99d9b116f052640c9f	vulkan:renderer:vkutil	-
vulkan	renderer/include/rive/renderer/vulkan/vkutil.hpp	9	cpp-include	rive/renderer/gpu_resource.hpp	pinned-source-external	renderer/include/rive/renderer/gpu_resource.hpp	6c291074e9b87e0534a7266592e92108b1195be95fd74bd58718398eede214e0	vulkan:renderer:vkutil	-
vulkan	renderer/include/rive/renderer/vulkan/vkutil.hpp	10	cpp-include	rive/renderer/texture.hpp	pinned-source-external	renderer/include/rive/renderer/texture.hpp	297c615ee0de054e28d2d6067316ac39b89fa3cea4de19d2b23aaf96395432b9	vulkan:renderer:vkutil	-
vulkan	renderer/include/rive/renderer/vulkan/vkutil.hpp	11	cpp-include	cassert	external-sdk-or-system	-	-	vulkan:renderer:vkutil	-
vulkan	renderer/include/rive/renderer/vulkan/vkutil.hpp	12	cpp-include	stdio.h	external-sdk-or-system	-	-	vulkan:renderer:vkutil	-
vulkan	renderer/include/rive/renderer/vulkan/vkutil.hpp	13	cpp-include	stdlib.h	external-sdk-or-system	-	-	vulkan:renderer:vkutil	-
vulkan	renderer/include/rive/renderer/vulkan/vkutil.hpp	14	cpp-include	vulkan/vulkan.h	external-sdk-or-system	-	-	vulkan:renderer:vkutil	-
vulkan	renderer/include/rive/renderer/vulkan/vulkan_context.hpp	7	cpp-include	rive/renderer/gpu_resource.hpp	pinned-source-external	renderer/include/rive/renderer/gpu_resource.hpp	6c291074e9b87e0534a7266592e92108b1195be95fd74bd58718398eede214e0	vulkan:renderer:vulkan_context	-
vulkan	renderer/include/rive/renderer/vulkan/vulkan_context.hpp	8	cpp-include	rive/renderer/vulkan/vkutil.hpp	owned-source	renderer/include/rive/renderer/vulkan/vkutil.hpp	a953efddf15863a2bd98e4e747581785bd1e852ae1f6491693ee2e30a568115c	vulkan:renderer:vulkan_context	vulkan:renderer:vkutil
vulkan	renderer/src/ore/vulkan/ore_bind_group_layout_vulkan.hpp	2	cpp-include	rive/renderer/ore/ore_bind_group_layout.hpp	pinned-source-external	renderer/include/rive/renderer/ore/ore_bind_group_layout.hpp	c6730020e893736b70f0da1f525aca68e35968ee67ce6c80ef0c3d1478e2698a	vulkan:ore:bind_group_layout	-
vulkan	renderer/src/ore/vulkan/ore_bind_group_layout_vulkan.hpp	3	cpp-include	vulkan/vulkan.h	external-sdk-or-system	-	-	vulkan:ore:bind_group_layout	-
vulkan	renderer/src/ore/vulkan/ore_bind_group_vulkan.cpp	5	cpp-include	ore_bind_group_vulkan.hpp	owned-source	renderer/src/ore/vulkan/ore_bind_group_vulkan.hpp	e0579ebf40af1789cd74908acd14bc468ff9583431ae0c064999f194dfa40b37	vulkan:ore:bind_group	vulkan:ore:bind_group
vulkan	renderer/src/ore/vulkan/ore_bind_group_vulkan.cpp	6	cpp-include	ore_buffer_vulkan.hpp	owned-source	renderer/src/ore/vulkan/ore_buffer_vulkan.hpp	14324b56728e053d8d1d5061d6375bd7a16cef8bf10888a9a7db8cfb4ee38b22	vulkan:ore:bind_group	vulkan:ore:buffer
vulkan	renderer/src/ore/vulkan/ore_bind_group_vulkan.cpp	8	cpp-include	cassert	external-sdk-or-system	-	-	vulkan:ore:bind_group	-
vulkan	renderer/src/ore/vulkan/ore_bind_group_vulkan.hpp	2	cpp-include	rive/renderer/ore/ore_bind_group.hpp	pinned-source-external	renderer/include/rive/renderer/ore/ore_bind_group.hpp	6896d231c320cf44dfe1373b1507b74d0f0ff38cbbc00ce7f917b44bb7da8933	vulkan:ore:bind_group	-
vulkan	renderer/src/ore/vulkan/ore_bind_group_vulkan.hpp	3	cpp-include	rive/renderer/ore/ore_context_vulkan.hpp	owned-source	renderer/include/rive/renderer/ore/ore_context_vulkan.hpp	2a72affe28481f467a249185998c6dfbe325bfb75663ff524ae9b025930672fd	vulkan:ore:bind_group	vulkan:ore:context
vulkan	renderer/src/ore/vulkan/ore_bind_group_vulkan.hpp	4	cpp-include	vector	external-sdk-or-system	-	-	vulkan:ore:bind_group	-
vulkan	renderer/src/ore/vulkan/ore_buffer_vulkan.cpp	5	cpp-include	ore_buffer_vulkan.hpp	owned-source	renderer/src/ore/vulkan/ore_buffer_vulkan.hpp	14324b56728e053d8d1d5061d6375bd7a16cef8bf10888a9a7db8cfb4ee38b22	vulkan:ore:buffer	vulkan:ore:buffer
vulkan	renderer/src/ore/vulkan/ore_buffer_vulkan.cpp	7	cpp-include	vk_mem_alloc.h	external-sdk-or-system	-	-	vulkan:ore:buffer	-
vulkan	renderer/src/ore/vulkan/ore_buffer_vulkan.cpp	9	cpp-include	cassert	external-sdk-or-system	-	-	vulkan:ore:buffer	-
vulkan	renderer/src/ore/vulkan/ore_buffer_vulkan.cpp	10	cpp-include	cstring	external-sdk-or-system	-	-	vulkan:ore:buffer	-
vulkan	renderer/src/ore/vulkan/ore_buffer_vulkan.cpp	11	cpp-include	iostream	external-sdk-or-system	-	-	vulkan:ore:buffer	-
vulkan	renderer/src/ore/vulkan/ore_buffer_vulkan.hpp	2	cpp-include	rive/renderer/ore/ore_buffer.hpp	pinned-source-external	renderer/include/rive/renderer/ore/ore_buffer.hpp	7dbbde930d2bc799718a0fb3eeca9a2f4f7ac585a1241493f3f09f452552d79b	vulkan:ore:buffer	-
vulkan	renderer/src/ore/vulkan/ore_buffer_vulkan.hpp	3	cpp-include	rive/renderer/vulkan/vulkan_context.hpp	owned-source	renderer/include/rive/renderer/vulkan/vulkan_context.hpp	d1491ee3c8c551e628c1189d8461aa72618e74248380f6b582ac9a9fa7729777	vulkan:ore:buffer	vulkan:renderer:vulkan_context
vulkan	renderer/src/ore/vulkan/ore_buffer_vulkan.hpp	4	cpp-include	vector	external-sdk-or-system	-	-	vulkan:ore:buffer	-
vulkan	renderer/src/ore/vulkan/ore_buffer_vulkan.hpp	5	cpp-include	vulkan/vulkan.h	external-sdk-or-system	-	-	vulkan:ore:buffer	-
vulkan	renderer/src/ore/vulkan/ore_context_vulkan.cpp	5	cpp-include	rive/renderer/ore/ore_context_vulkan.hpp	owned-source	renderer/include/rive/renderer/ore/ore_context_vulkan.hpp	2a72affe28481f467a249185998c6dfbe325bfb75663ff524ae9b025930672fd	vulkan:ore:context	vulkan:ore:context
vulkan	renderer/src/ore/vulkan/ore_context_vulkan.cpp	6	cpp-include	ore_buffer_vulkan.hpp	owned-source	renderer/src/ore/vulkan/ore_buffer_vulkan.hpp	14324b56728e053d8d1d5061d6375bd7a16cef8bf10888a9a7db8cfb4ee38b22	vulkan:ore:context	vulkan:ore:buffer
vulkan	renderer/src/ore/vulkan/ore_context_vulkan.cpp	7	cpp-include	ore_texture_vulkan.hpp	owned-source	renderer/src/ore/vulkan/ore_texture_vulkan.hpp	ee5cb5071865fcc72e23a165fa02d4cc5a14ccf5f8d6d89e54b2ea4152296f2f	vulkan:ore:context	vulkan:ore:texture
vulkan	renderer/src/ore/vulkan/ore_context_vulkan.cpp	8	cpp-include	ore_sampler_vulkan.hpp	owned-source	renderer/src/ore/vulkan/ore_sampler_vulkan.hpp	9569178cb8c22807af058d0b4449198051da285d36fe54e66a717a66af3bc90e	vulkan:ore:context	vulkan:ore:sampler
vulkan	renderer/src/ore/vulkan/ore_context_vulkan.cpp	9	cpp-include	ore_shader_module_vulkan.hpp	owned-source	renderer/src/ore/vulkan/ore_shader_module_vulkan.hpp	b421cebd8e3c08be85155921f3016403e9dd30f73e9d16005f8764bf667e8435	vulkan:ore:context	vulkan:ore:shader_module
vulkan	renderer/src/ore/vulkan/ore_context_vulkan.cpp	10	cpp-include	ore_pipeline_vulkan.hpp	owned-source	renderer/src/ore/vulkan/ore_pipeline_vulkan.hpp	163aedaefc7047fbb16bc02ecfff9d0d059c434eab3a2108bb043076b1a4835c	vulkan:ore:context	vulkan:ore:pipeline
vulkan	renderer/src/ore/vulkan/ore_context_vulkan.cpp	11	cpp-include	ore_render_pass_vulkan.hpp	owned-source	renderer/src/ore/vulkan/ore_render_pass_vulkan.hpp	154f154fd27609f68636ed4c3cb9e1be7d9d5edec668a045a4243f6423f7026e	vulkan:ore:context	vulkan:ore:render_pass
vulkan	renderer/src/ore/vulkan/ore_context_vulkan.cpp	12	cpp-include	ore_bind_group_vulkan.hpp	owned-source	renderer/src/ore/vulkan/ore_bind_group_vulkan.hpp	e0579ebf40af1789cd74908acd14bc468ff9583431ae0c064999f194dfa40b37	vulkan:ore:context	vulkan:ore:bind_group
vulkan	renderer/src/ore/vulkan/ore_context_vulkan.cpp	13	cpp-include	ore_bind_group_layout_vulkan.hpp	owned-source	renderer/src/ore/vulkan/ore_bind_group_layout_vulkan.hpp	79ec54b47b411fda5a54d66e35839fc89c5376554f25dcab21d3f1586424e1d9	vulkan:ore:context	vulkan:ore:bind_group_layout
vulkan	renderer/src/ore/vulkan/ore_context_vulkan.cpp	14	cpp-include	rive/renderer/render_canvas.hpp	pinned-source-external	renderer/include/rive/renderer/render_canvas.hpp	5dcb7b8ddcde6fe878555613fa8aa3fd37e56a7a4d36f7314d6706f4b20ae86d	vulkan:ore:context	-
vulkan	renderer/src/ore/vulkan/ore_context_vulkan.cpp	15	cpp-include	rive/renderer/vulkan/render_target_vulkan.hpp	owned-source	renderer/include/rive/renderer/vulkan/render_target_vulkan.hpp	b9ad83d61ac6c283b24549e6c6f4d8af81fcdb97c0d0dba7e161ddb11c4c871b	vulkan:ore:context	vulkan:renderer:render_target
vulkan	renderer/src/ore/vulkan/ore_context_vulkan.cpp	17	cpp-include	ore_vulkan_dsl.hpp	owned-source	renderer/src/ore/vulkan/ore_vulkan_dsl.hpp	5f75e1cce3b43bbd34dc99af668be50848ff7c07288ad556f7856cbac25ade54	vulkan:ore:context	vulkan:ore:vulkan_dsl
vulkan	renderer/src/ore/vulkan/ore_context_vulkan.cpp	19	cpp-include	vk_mem_alloc.h	external-sdk-or-system	-	-	vulkan:ore:context	-
vulkan	renderer/src/ore/vulkan/ore_context_vulkan.cpp	23	cpp-include	cassert	external-sdk-or-system	-	-	vulkan:ore:context	-
vulkan	renderer/src/ore/vulkan/ore_context_vulkan.cpp	24	cpp-include	cstring	external-sdk-or-system	-	-	vulkan:ore:context	-
vulkan	renderer/src/ore/vulkan/ore_context_vulkan.cpp	25	cpp-include	string	external-sdk-or-system	-	-	vulkan:ore:context	-
vulkan	renderer/src/ore/vulkan/ore_pipeline_vulkan.cpp	5	cpp-include	rive/renderer/ore/ore_context_vulkan.hpp	owned-source	renderer/include/rive/renderer/ore/ore_context_vulkan.hpp	2a72affe28481f467a249185998c6dfbe325bfb75663ff524ae9b025930672fd	vulkan:ore:pipeline	vulkan:ore:context
vulkan	renderer/src/ore/vulkan/ore_pipeline_vulkan.cpp	6	cpp-include	ore_pipeline_vulkan.hpp	owned-source	renderer/src/ore/vulkan/ore_pipeline_vulkan.hpp	163aedaefc7047fbb16bc02ecfff9d0d059c434eab3a2108bb043076b1a4835c	vulkan:ore:pipeline	vulkan:ore:pipeline
vulkan	renderer/src/ore/vulkan/ore_pipeline_vulkan.cpp	7	cpp-include	ore_bind_group_vulkan.hpp	owned-source	renderer/src/ore/vulkan/ore_bind_group_vulkan.hpp	e0579ebf40af1789cd74908acd14bc468ff9583431ae0c064999f194dfa40b37	vulkan:ore:pipeline	vulkan:ore:bind_group
vulkan	renderer/src/ore/vulkan/ore_pipeline_vulkan.cpp	8	cpp-include	ore_bind_group_layout_vulkan.hpp	owned-source	renderer/src/ore/vulkan/ore_bind_group_layout_vulkan.hpp	79ec54b47b411fda5a54d66e35839fc89c5376554f25dcab21d3f1586424e1d9	vulkan:ore:pipeline	vulkan:ore:bind_group_layout
vulkan	renderer/src/ore/vulkan/ore_pipeline_vulkan.cpp	9	cpp-include	ore_shader_module_vulkan.hpp	owned-source	renderer/src/ore/vulkan/ore_shader_module_vulkan.hpp	b421cebd8e3c08be85155921f3016403e9dd30f73e9d16005f8764bf667e8435	vulkan:ore:pipeline	vulkan:ore:shader_module
vulkan	renderer/src/ore/vulkan/ore_pipeline_vulkan.cpp	10	cpp-include	rive/rive_types.hpp	pinned-source-external	include/rive/rive_types.hpp	c18c809de68463e887d1f18b75084991f949848fe3c492b88a9fed77c2661b86	vulkan:ore:pipeline	-
vulkan	renderer/src/ore/vulkan/ore_pipeline_vulkan.cpp	11	cpp-include	ore_vulkan_dsl.hpp	owned-source	renderer/src/ore/vulkan/ore_vulkan_dsl.hpp	5f75e1cce3b43bbd34dc99af668be50848ff7c07288ad556f7856cbac25ade54	vulkan:ore:pipeline	vulkan:ore:vulkan_dsl
vulkan	renderer/src/ore/vulkan/ore_pipeline_vulkan.cpp	13	cpp-include	cassert	external-sdk-or-system	-	-	vulkan:ore:pipeline	-
vulkan	renderer/src/ore/vulkan/ore_pipeline_vulkan.hpp	2	cpp-include	rive/renderer/ore/ore_pipeline.hpp	pinned-source-external	renderer/include/rive/renderer/ore/ore_pipeline.hpp	3ce769356bb77fc600ee14ba1c6940455234515ea5d3b84a9b6b6bfa907eaa84	vulkan:ore:pipeline	-
vulkan	renderer/src/ore/vulkan/ore_pipeline_vulkan.hpp	3	cpp-include	vulkan/vulkan.h	external-sdk-or-system	-	-	vulkan:ore:pipeline	-
vulkan	renderer/src/ore/vulkan/ore_render_pass_vulkan.cpp	5	cpp-include	rive/renderer/ore/ore_context_vulkan.hpp	owned-source	renderer/include/rive/renderer/ore/ore_context_vulkan.hpp	2a72affe28481f467a249185998c6dfbe325bfb75663ff524ae9b025930672fd	vulkan:ore:render_pass	vulkan:ore:context
vulkan	renderer/src/ore/vulkan/ore_render_pass_vulkan.cpp	6	cpp-include	ore_render_pass_vulkan.hpp	owned-source	renderer/src/ore/vulkan/ore_render_pass_vulkan.hpp	154f154fd27609f68636ed4c3cb9e1be7d9d5edec668a045a4243f6423f7026e	vulkan:ore:render_pass	vulkan:ore:render_pass
vulkan	renderer/src/ore/vulkan/ore_render_pass_vulkan.cpp	7	cpp-include	ore_bind_group_vulkan.hpp	owned-source	renderer/src/ore/vulkan/ore_bind_group_vulkan.hpp	e0579ebf40af1789cd74908acd14bc468ff9583431ae0c064999f194dfa40b37	vulkan:ore:render_pass	vulkan:ore:bind_group
vulkan	renderer/src/ore/vulkan/ore_render_pass_vulkan.cpp	8	cpp-include	ore_buffer_vulkan.hpp	owned-source	renderer/src/ore/vulkan/ore_buffer_vulkan.hpp	14324b56728e053d8d1d5061d6375bd7a16cef8bf10888a9a7db8cfb4ee38b22	vulkan:ore:render_pass	vulkan:ore:buffer
vulkan	renderer/src/ore/vulkan/ore_render_pass_vulkan.cpp	9	cpp-include	ore_texture_vulkan.hpp	owned-source	renderer/src/ore/vulkan/ore_texture_vulkan.hpp	ee5cb5071865fcc72e23a165fa02d4cc5a14ccf5f8d6d89e54b2ea4152296f2f	vulkan:ore:render_pass	vulkan:ore:texture
vulkan	renderer/src/ore/vulkan/ore_render_pass_vulkan.cpp	10	cpp-include	ore_sampler_vulkan.hpp	owned-source	renderer/src/ore/vulkan/ore_sampler_vulkan.hpp	9569178cb8c22807af058d0b4449198051da285d36fe54e66a717a66af3bc90e	vulkan:ore:render_pass	vulkan:ore:sampler
vulkan	renderer/src/ore/vulkan/ore_render_pass_vulkan.cpp	11	cpp-include	ore_pipeline_vulkan.hpp	owned-source	renderer/src/ore/vulkan/ore_pipeline_vulkan.hpp	163aedaefc7047fbb16bc02ecfff9d0d059c434eab3a2108bb043076b1a4835c	vulkan:ore:render_pass	vulkan:ore:pipeline
vulkan	renderer/src/ore/vulkan/ore_render_pass_vulkan.cpp	12	cpp-include	rive/renderer/vulkan/render_target_vulkan.hpp	owned-source	renderer/include/rive/renderer/vulkan/render_target_vulkan.hpp	b9ad83d61ac6c283b24549e6c6f4d8af81fcdb97c0d0dba7e161ddb11c4c871b	vulkan:ore:render_pass	vulkan:renderer:render_target
vulkan	renderer/src/ore/vulkan/ore_render_pass_vulkan.cpp	13	cpp-include	rive/rive_types.hpp	pinned-source-external	include/rive/rive_types.hpp	c18c809de68463e887d1f18b75084991f949848fe3c492b88a9fed77c2661b86	vulkan:ore:render_pass	-
vulkan	renderer/src/ore/vulkan/ore_render_pass_vulkan.cpp	15	cpp-include	algorithm	external-sdk-or-system	-	-	vulkan:ore:render_pass	-
vulkan	renderer/src/ore/vulkan/ore_render_pass_vulkan.cpp	16	cpp-include	cassert	external-sdk-or-system	-	-	vulkan:ore:render_pass	-
vulkan	renderer/src/ore/vulkan/ore_render_pass_vulkan.cpp	17	cpp-include	cmath	external-sdk-or-system	-	-	vulkan:ore:render_pass	-
vulkan	renderer/src/ore/vulkan/ore_render_pass_vulkan.cpp	18	cpp-include	cstring	external-sdk-or-system	-	-	vulkan:ore:render_pass	-
vulkan	renderer/src/ore/vulkan/ore_render_pass_vulkan.cpp	19	cpp-include	iterator	external-sdk-or-system	-	-	vulkan:ore:render_pass	-
vulkan	renderer/src/ore/vulkan/ore_render_pass_vulkan.cpp	20	cpp-include	utility	external-sdk-or-system	-	-	vulkan:ore:render_pass	-
vulkan	renderer/src/ore/vulkan/ore_render_pass_vulkan.hpp	2	cpp-include	rive/renderer/ore/ore_render_pass.hpp	pinned-source-external	renderer/include/rive/renderer/ore/ore_render_pass.hpp	3c9ecf3d00b1ac158655a09a3fb06c65c4d3b45fabc77d565f7d64c5a0cafaca	vulkan:ore:render_pass	-
vulkan	renderer/src/ore/vulkan/ore_render_pass_vulkan.hpp	3	cpp-include	rive/renderer/vulkan/vkutil.hpp	owned-source	renderer/include/rive/renderer/vulkan/vkutil.hpp	a953efddf15863a2bd98e4e747581785bd1e852ae1f6491693ee2e30a568115c	vulkan:ore:render_pass	vulkan:renderer:vkutil
vulkan	renderer/src/ore/vulkan/ore_render_pass_vulkan.hpp	4	cpp-include	rive/renderer/ore/ore_texture.hpp	pinned-source-external	renderer/include/rive/renderer/ore/ore_texture.hpp	3280b33c7f1f1f3c99a48c5ca6ea0c1434dae389c4ed391cdc6a5cd272b53c69	vulkan:ore:render_pass	-
vulkan	renderer/src/ore/vulkan/ore_render_pass_vulkan.hpp	5	cpp-include	ore_pipeline_vulkan.hpp	owned-source	renderer/src/ore/vulkan/ore_pipeline_vulkan.hpp	163aedaefc7047fbb16bc02ecfff9d0d059c434eab3a2108bb043076b1a4835c	vulkan:ore:render_pass	vulkan:ore:pipeline
vulkan	renderer/src/ore/vulkan/ore_render_pass_vulkan.hpp	6	cpp-include	rive/refcnt.hpp	pinned-source-external	include/rive/refcnt.hpp	5a3c11ae5b6c5615c9bc8f719b0bcaa770984ef4a18381891e266936b2f2df7d	vulkan:ore:render_pass	-
vulkan	renderer/src/ore/vulkan/ore_render_pass_vulkan.hpp	7	cpp-include	vulkan/vulkan.h	external-sdk-or-system	-	-	vulkan:ore:render_pass	-
vulkan	renderer/src/ore/vulkan/ore_render_pass_vulkan.hpp	8	cpp-include	cstdint	external-sdk-or-system	-	-	vulkan:ore:render_pass	-
vulkan	renderer/src/ore/vulkan/ore_sampler_vulkan.cpp	5	cpp-include	ore_sampler_vulkan.hpp	owned-source	renderer/src/ore/vulkan/ore_sampler_vulkan.hpp	9569178cb8c22807af058d0b4449198051da285d36fe54e66a717a66af3bc90e	vulkan:ore:sampler	vulkan:ore:sampler
vulkan	renderer/src/ore/vulkan/ore_sampler_vulkan.hpp	2	cpp-include	rive/renderer/ore/ore_sampler.hpp	pinned-source-external	renderer/include/rive/renderer/ore/ore_sampler.hpp	e185a80af7fbe556f56a060b3a075a7727acc74da9048a2327c91ce566e80671	vulkan:ore:sampler	-
vulkan	renderer/src/ore/vulkan/ore_sampler_vulkan.hpp	3	cpp-include	vulkan/vulkan.h	external-sdk-or-system	-	-	vulkan:ore:sampler	-
vulkan	renderer/src/ore/vulkan/ore_shader_module_vulkan.cpp	5	cpp-include	ore_shader_module_vulkan.hpp	owned-source	renderer/src/ore/vulkan/ore_shader_module_vulkan.hpp	b421cebd8e3c08be85155921f3016403e9dd30f73e9d16005f8764bf667e8435	vulkan:ore:shader_module	vulkan:ore:shader_module
vulkan	renderer/src/ore/vulkan/ore_shader_module_vulkan.hpp	2	cpp-include	rive/renderer/ore/ore_shader_module.hpp	pinned-source-external	renderer/include/rive/renderer/ore/ore_shader_module.hpp	7ed17ed2d9adf6ea941b0b53fdac1c96d3e7d2a4f2da3e01495ef16a67a65248	vulkan:ore:shader_module	-
vulkan	renderer/src/ore/vulkan/ore_shader_module_vulkan.hpp	3	cpp-include	vulkan/vulkan.h	external-sdk-or-system	-	-	vulkan:ore:shader_module	-
vulkan	renderer/src/ore/vulkan/ore_texture_vulkan.cpp	5	cpp-include	ore_texture_vulkan.hpp	owned-source	renderer/src/ore/vulkan/ore_texture_vulkan.hpp	ee5cb5071865fcc72e23a165fa02d4cc5a14ccf5f8d6d89e54b2ea4152296f2f	vulkan:ore:texture	vulkan:ore:texture
vulkan	renderer/src/ore/vulkan/ore_texture_vulkan.cpp	6	cpp-include	ore_buffer_vulkan.hpp	owned-source	renderer/src/ore/vulkan/ore_buffer_vulkan.hpp	14324b56728e053d8d1d5061d6375bd7a16cef8bf10888a9a7db8cfb4ee38b22	vulkan:ore:texture	vulkan:ore:buffer
vulkan	renderer/src/ore/vulkan/ore_texture_vulkan.cpp	7	cpp-include	rive/renderer/ore/ore_context_vulkan.hpp	owned-source	renderer/include/rive/renderer/ore/ore_context_vulkan.hpp	2a72affe28481f467a249185998c6dfbe325bfb75663ff524ae9b025930672fd	vulkan:ore:texture	vulkan:ore:context
vulkan	renderer/src/ore/vulkan/ore_texture_vulkan.cpp	9	cpp-include	vk_mem_alloc.h	external-sdk-or-system	-	-	vulkan:ore:texture	-
vulkan	renderer/src/ore/vulkan/ore_texture_vulkan.cpp	11	cpp-include	cassert	external-sdk-or-system	-	-	vulkan:ore:texture	-
vulkan	renderer/src/ore/vulkan/ore_texture_vulkan.hpp	2	cpp-include	rive/renderer/ore/ore_texture.hpp	pinned-source-external	renderer/include/rive/renderer/ore/ore_texture.hpp	3280b33c7f1f1f3c99a48c5ca6ea0c1434dae389c4ed391cdc6a5cd272b53c69	vulkan:ore:texture	-
vulkan	renderer/src/ore/vulkan/ore_texture_vulkan.hpp	3	cpp-include	rive/renderer/vulkan/render_target_vulkan.hpp	owned-source	renderer/include/rive/renderer/vulkan/render_target_vulkan.hpp	b9ad83d61ac6c283b24549e6c6f4d8af81fcdb97c0d0dba7e161ddb11c4c871b	vulkan:ore:texture	vulkan:renderer:render_target
vulkan	renderer/src/ore/vulkan/ore_texture_vulkan.hpp	4	cpp-include	rive/renderer/vulkan/vulkan_context.hpp	owned-source	renderer/include/rive/renderer/vulkan/vulkan_context.hpp	d1491ee3c8c551e628c1189d8461aa72618e74248380f6b582ac9a9fa7729777	vulkan:ore:texture	vulkan:renderer:vulkan_context
vulkan	renderer/src/ore/vulkan/ore_texture_vulkan.hpp	5	cpp-include	vulkan/vulkan.h	external-sdk-or-system	-	-	vulkan:ore:texture	-
vulkan	renderer/src/ore/vulkan/ore_vulkan_dsl.hpp	12	cpp-include	rive/renderer/ore/ore_types.hpp	pinned-source-external	renderer/include/rive/renderer/ore/ore_types.hpp	be22ccf441b8556c8b0c7efaf5c709571ac0397a7cfa29ae10b9c56aa3ba9951	vulkan:ore:vulkan_dsl	-
vulkan	renderer/src/ore/vulkan/ore_vulkan_dsl.hpp	14	cpp-include	vulkan/vulkan.h	external-sdk-or-system	-	-	vulkan:ore:vulkan_dsl	-
vulkan	renderer/src/ore/vulkan/ore_vulkan_dsl.hpp	15	cpp-include	cassert	external-sdk-or-system	-	-	vulkan:ore:vulkan_dsl	-
vulkan	renderer/src/ore/vulkan/ore_vulkan_dsl.hpp	16	cpp-include	cstdint	external-sdk-or-system	-	-	vulkan:ore:vulkan_dsl	-
vulkan	renderer/src/vulkan/common_layouts.hpp	1	cpp-include	rive/renderer/gpu.hpp	pinned-source-external	renderer/include/rive/renderer/gpu.hpp	97ac849899dedb73a37a8958c58330862482337682b18f99d9b116f052640c9f	vulkan:renderer:common_layouts	-
vulkan	renderer/src/vulkan/common_layouts.hpp	2	cpp-include	rive/renderer/vulkan/vkutil.hpp	owned-source	renderer/include/rive/renderer/vulkan/vkutil.hpp	a953efddf15863a2bd98e4e747581785bd1e852ae1f6491693ee2e30a568115c	vulkan:renderer:common_layouts	vulkan:renderer:vkutil
vulkan	renderer/src/vulkan/common_layouts.hpp	3	cpp-include	shaders/constants.glsl	owned-source	renderer/src/shaders/constants.glsl	eefc0b9115beb4fe87b85431b0c683fdec73244c044278e97fdba0c96014bb56	vulkan:renderer:common_layouts	shader:source:constants
vulkan	renderer/src/vulkan/common_layouts.hpp	4	cpp-include	array	external-sdk-or-system	-	-	vulkan:renderer:common_layouts	-
vulkan	renderer/src/vulkan/common_layouts.hpp	5	cpp-include	vulkan/vulkan.h	external-sdk-or-system	-	-	vulkan:renderer:common_layouts	-
vulkan	renderer/src/vulkan/draw_pipeline_layout_vulkan.cpp	5	cpp-include	draw_pipeline_layout_vulkan.hpp	owned-source	renderer/src/vulkan/draw_pipeline_layout_vulkan.hpp	eb0d68eb2db0c64680e70ee9c2c223266a182612b26af2e40cde3302ba9261a0	vulkan:renderer:draw_pipeline_layout	vulkan:renderer:draw_pipeline_layout
vulkan	renderer/src/vulkan/draw_pipeline_layout_vulkan.cpp	7	cpp-include	rive/renderer/stack_vector.hpp	pinned-source-external	renderer/include/rive/renderer/stack_vector.hpp	133abf6cebefc5b4b1e7e6d246d65747ad4504ca4fa073b6b5e6dea13797c896	vulkan:renderer:draw_pipeline_layout	-
vulkan	renderer/src/vulkan/draw_pipeline_layout_vulkan.cpp	8	cpp-include	rive/renderer/vulkan/vulkan_context.hpp	owned-source	renderer/include/rive/renderer/vulkan/vulkan_context.hpp	d1491ee3c8c551e628c1189d8461aa72618e74248380f6b582ac9a9fa7729777	vulkan:renderer:draw_pipeline_layout	vulkan:renderer:vulkan_context
vulkan	renderer/src/vulkan/draw_pipeline_layout_vulkan.cpp	9	cpp-include	rive/renderer/vulkan/render_context_vulkan_impl.hpp	owned-source	renderer/include/rive/renderer/vulkan/render_context_vulkan_impl.hpp	3e11537fd433b50b59ca30e34a7688aba931f372c57e4ca14322b5307eaae294	vulkan:renderer:draw_pipeline_layout	vulkan:renderer:render_context_vulkan_impl
vulkan	renderer/src/vulkan/draw_pipeline_layout_vulkan.cpp	10	cpp-include	shaders/constants.glsl	owned-source	renderer/src/shaders/constants.glsl	eefc0b9115beb4fe87b85431b0c683fdec73244c044278e97fdba0c96014bb56	vulkan:renderer:draw_pipeline_layout	shader:source:constants
vulkan	renderer/src/vulkan/draw_pipeline_layout_vulkan.cpp	11	cpp-include	pipeline_manager_vulkan.hpp	owned-source	renderer/src/vulkan/pipeline_manager_vulkan.hpp	1c3ab80e28d67f6a4921e52a53f686fb42639218c5f3a9db8e38440a8c9a8072	vulkan:renderer:draw_pipeline_layout	vulkan:renderer:pipeline_manager
vulkan	renderer/src/vulkan/draw_pipeline_layout_vulkan.hpp	7	cpp-include	vulkan/vulkan.h	external-sdk-or-system	-	-	vulkan:renderer:draw_pipeline_layout	-
vulkan	renderer/src/vulkan/draw_pipeline_layout_vulkan.hpp	9	cpp-include	rive/renderer/gpu.hpp	pinned-source-external	renderer/include/rive/renderer/gpu.hpp	97ac849899dedb73a37a8958c58330862482337682b18f99d9b116f052640c9f	vulkan:renderer:draw_pipeline_layout	-
vulkan	renderer/src/vulkan/draw_pipeline_layout_vulkan.hpp	10	cpp-include	rive/refcnt.hpp	pinned-source-external	include/rive/refcnt.hpp	5a3c11ae5b6c5615c9bc8f719b0bcaa770984ef4a18381891e266936b2f2df7d	vulkan:renderer:draw_pipeline_layout	-
vulkan	renderer/src/vulkan/draw_pipeline_layout_vulkan.hpp	11	cpp-include	render_pass_vulkan.hpp	owned-source	renderer/src/vulkan/render_pass_vulkan.hpp	a1b01d9aa4d2d8b4795786a093346357fd270090e613e916fa7a4b2495b11be7	vulkan:renderer:draw_pipeline_layout	vulkan:renderer:render_pass
vulkan	renderer/src/vulkan/draw_pipeline_vulkan.cpp	5	cpp-include	rive/math/bitwise.hpp	pinned-source-external	include/rive/math/bitwise.hpp	7436f3856417fbc5da5f8e6d6209388754e92f26d41208cd9a8e549687b85147	vulkan:renderer:draw_pipeline	-
vulkan	renderer/src/vulkan/draw_pipeline_vulkan.cpp	6	cpp-include	rive/renderer/vulkan/render_context_vulkan_impl.hpp	owned-source	renderer/include/rive/renderer/vulkan/render_context_vulkan_impl.hpp	3e11537fd433b50b59ca30e34a7688aba931f372c57e4ca14322b5307eaae294	vulkan:renderer:draw_pipeline	vulkan:renderer:render_context_vulkan_impl
vulkan	renderer/src/vulkan/draw_pipeline_vulkan.cpp	7	cpp-include	rive/renderer/vulkan/vulkan_context.hpp	owned-source	renderer/include/rive/renderer/vulkan/vulkan_context.hpp	d1491ee3c8c551e628c1189d8461aa72618e74248380f6b582ac9a9fa7729777	vulkan:renderer:draw_pipeline	vulkan:renderer:vulkan_context
vulkan	renderer/src/vulkan/draw_pipeline_vulkan.cpp	8	cpp-include	rive/renderer/stack_vector.hpp	pinned-source-external	renderer/include/rive/renderer/stack_vector.hpp	133abf6cebefc5b4b1e7e6d246d65747ad4504ca4fa073b6b5e6dea13797c896	vulkan:renderer:draw_pipeline	-
vulkan	renderer/src/vulkan/draw_pipeline_vulkan.cpp	9	cpp-include	shaders/constants.glsl	owned-source	renderer/src/shaders/constants.glsl	eefc0b9115beb4fe87b85431b0c683fdec73244c044278e97fdba0c96014bb56	vulkan:renderer:draw_pipeline	shader:source:constants
vulkan	renderer/src/vulkan/draw_pipeline_vulkan.cpp	10	cpp-include	common_layouts.hpp	owned-source	renderer/src/vulkan/common_layouts.hpp	c2f0e3dbe79c0361e290a8b6e2cf9066787f011e900244ea8885c8921109de57	vulkan:renderer:draw_pipeline	vulkan:renderer:common_layouts
vulkan	renderer/src/vulkan/draw_pipeline_vulkan.cpp	11	cpp-include	draw_pipeline_layout_vulkan.hpp	owned-source	renderer/src/vulkan/draw_pipeline_layout_vulkan.hpp	eb0d68eb2db0c64680e70ee9c2c223266a182612b26af2e40cde3302ba9261a0	vulkan:renderer:draw_pipeline	vulkan:renderer:draw_pipeline_layout
vulkan	renderer/src/vulkan/draw_pipeline_vulkan.cpp	12	cpp-include	pipeline_manager_vulkan.hpp	owned-source	renderer/src/vulkan/pipeline_manager_vulkan.hpp	1c3ab80e28d67f6a4921e52a53f686fb42639218c5f3a9db8e38440a8c9a8072	vulkan:renderer:draw_pipeline	vulkan:renderer:pipeline_manager
vulkan	renderer/src/vulkan/draw_pipeline_vulkan.cpp	13	cpp-include	render_pass_vulkan.hpp	owned-source	renderer/src/vulkan/render_pass_vulkan.hpp	a1b01d9aa4d2d8b4795786a093346357fd270090e613e916fa7a4b2495b11be7	vulkan:renderer:draw_pipeline	vulkan:renderer:render_pass
vulkan	renderer/src/vulkan/draw_pipeline_vulkan.hpp	7	cpp-include	rive/renderer/gpu.hpp	pinned-source-external	renderer/include/rive/renderer/gpu.hpp	97ac849899dedb73a37a8958c58330862482337682b18f99d9b116f052640c9f	vulkan:renderer:draw_pipeline	-
vulkan	renderer/src/vulkan/draw_pipeline_vulkan.hpp	8	cpp-include	draw_shader_vulkan.hpp	owned-source	renderer/src/vulkan/draw_shader_vulkan.hpp	8313771fe9b11251ffbb7af832dcb2916826746c5ed7425b303563c861fb77c7	vulkan:renderer:draw_pipeline	vulkan:renderer:draw_shader
vulkan	renderer/src/vulkan/draw_pipeline_vulkan.hpp	9	cpp-include	render_pass_vulkan.hpp	owned-source	renderer/src/vulkan/render_pass_vulkan.hpp	a1b01d9aa4d2d8b4795786a093346357fd270090e613e916fa7a4b2495b11be7	vulkan:renderer:draw_pipeline	vulkan:renderer:render_pass
vulkan	renderer/src/vulkan/draw_shader_vulkan.cpp	5	cpp-include	rive/renderer/vulkan/vulkan_context.hpp	owned-source	renderer/include/rive/renderer/vulkan/vulkan_context.hpp	d1491ee3c8c551e628c1189d8461aa72618e74248380f6b582ac9a9fa7729777	vulkan:renderer:draw_shader	vulkan:renderer:vulkan_context
vulkan	renderer/src/vulkan/draw_shader_vulkan.cpp	6	cpp-include	draw_shader_vulkan.hpp	owned-source	renderer/src/vulkan/draw_shader_vulkan.hpp	8313771fe9b11251ffbb7af832dcb2916826746c5ed7425b303563c861fb77c7	vulkan:renderer:draw_shader	vulkan:renderer:draw_shader
vulkan	renderer/src/vulkan/draw_shader_vulkan.cpp	7	cpp-include	vulkan_shaders.hpp	owned-source	renderer/src/vulkan/vulkan_shaders.hpp	c973a2e7fc1b014eb449d674c8f393d1341c66f499ff15be983b09c0d0cb0eb7	vulkan:renderer:draw_shader	vulkan:renderer:vulkan_shaders
vulkan	renderer/src/vulkan/draw_shader_vulkan.hpp	7	cpp-include	rive/refcnt.hpp	pinned-source-external	include/rive/refcnt.hpp	5a3c11ae5b6c5615c9bc8f719b0bcaa770984ef4a18381891e266936b2f2df7d	vulkan:renderer:draw_shader	-
vulkan	renderer/src/vulkan/draw_shader_vulkan.hpp	8	cpp-include	rive/renderer/gpu.hpp	pinned-source-external	renderer/include/rive/renderer/gpu.hpp	97ac849899dedb73a37a8958c58330862482337682b18f99d9b116f052640c9f	vulkan:renderer:draw_shader	-
vulkan	renderer/src/vulkan/draw_shader_vulkan.hpp	9	cpp-include	vulkan/vulkan.h	external-sdk-or-system	-	-	vulkan:renderer:draw_shader	-
vulkan	renderer/src/vulkan/pipeline_manager_vulkan.cpp	5	cpp-include	rive/math/bitwise.hpp	pinned-source-external	include/rive/math/bitwise.hpp	7436f3856417fbc5da5f8e6d6209388754e92f26d41208cd9a8e549687b85147	vulkan:renderer:pipeline_manager	-
vulkan	renderer/src/vulkan/pipeline_manager_vulkan.cpp	6	cpp-include	rive/renderer/vulkan/render_context_vulkan_impl.hpp	owned-source	renderer/include/rive/renderer/vulkan/render_context_vulkan_impl.hpp	3e11537fd433b50b59ca30e34a7688aba931f372c57e4ca14322b5307eaae294	vulkan:renderer:pipeline_manager	vulkan:renderer:render_context_vulkan_impl
vulkan	renderer/src/vulkan/pipeline_manager_vulkan.cpp	7	cpp-include	shaders/constants.glsl	owned-source	renderer/src/shaders/constants.glsl	eefc0b9115beb4fe87b85431b0c683fdec73244c044278e97fdba0c96014bb56	vulkan:renderer:pipeline_manager	shader:source:constants
vulkan	renderer/src/vulkan/pipeline_manager_vulkan.cpp	8	cpp-include	draw_pipeline_layout_vulkan.hpp	owned-source	renderer/src/vulkan/draw_pipeline_layout_vulkan.hpp	eb0d68eb2db0c64680e70ee9c2c223266a182612b26af2e40cde3302ba9261a0	vulkan:renderer:pipeline_manager	vulkan:renderer:draw_pipeline_layout
vulkan	renderer/src/vulkan/pipeline_manager_vulkan.cpp	9	cpp-include	pipeline_manager_vulkan.hpp	owned-source	renderer/src/vulkan/pipeline_manager_vulkan.hpp	1c3ab80e28d67f6a4921e52a53f686fb42639218c5f3a9db8e38440a8c9a8072	vulkan:renderer:pipeline_manager	vulkan:renderer:pipeline_manager
vulkan	renderer/src/vulkan/pipeline_manager_vulkan.hpp	7	cpp-include	rive/renderer/async_pipeline_manager.hpp	pinned-source-external	renderer/include/rive/renderer/async_pipeline_manager.hpp	52486697482789d71380583085953de656547fc5474518ec6d9f297edef04186	vulkan:renderer:pipeline_manager	-
vulkan	renderer/src/vulkan/pipeline_manager_vulkan.hpp	8	cpp-include	draw_pipeline_vulkan.hpp	owned-source	renderer/src/vulkan/draw_pipeline_vulkan.hpp	13c76fa90bdeb3713f465ab078d1b1871234dfe94c3ee924b96d23b5abc7d80e	vulkan:renderer:pipeline_manager	vulkan:renderer:draw_pipeline
vulkan	renderer/src/vulkan/pipeline_manager_vulkan.hpp	9	cpp-include	render_pass_vulkan.hpp	owned-source	renderer/src/vulkan/render_pass_vulkan.hpp	a1b01d9aa4d2d8b4795786a093346357fd270090e613e916fa7a4b2495b11be7	vulkan:renderer:pipeline_manager	vulkan:renderer:render_pass
vulkan	renderer/src/vulkan/render_context_vulkan_impl.cpp	5	cpp-include	rive/renderer/vulkan/render_context_vulkan_impl.hpp	owned-source	renderer/include/rive/renderer/vulkan/render_context_vulkan_impl.hpp	3e11537fd433b50b59ca30e34a7688aba931f372c57e4ca14322b5307eaae294	vulkan:renderer:render_context_vulkan_impl	vulkan:renderer:render_context_vulkan_impl
vulkan	renderer/src/vulkan/render_context_vulkan_impl.cpp	7	cpp-include	rive/decoders/astc_footprints.hpp	pinned-source-external	decoders/include/rive/decoders/astc_footprints.hpp	6f392e603c55713e3e3d2a8931cd67e4fb02af975cd32a3e5d6375db2fe077a7	vulkan:renderer:render_context_vulkan_impl	-
vulkan	renderer/src/vulkan/render_context_vulkan_impl.cpp	9	cpp-include	vulkan_shaders.hpp	owned-source	renderer/src/vulkan/vulkan_shaders.hpp	c973a2e7fc1b014eb449d674c8f393d1341c66f499ff15be983b09c0d0cb0eb7	vulkan:renderer:render_context_vulkan_impl	vulkan:renderer:vulkan_shaders
vulkan	renderer/src/vulkan/render_context_vulkan_impl.cpp	11	cpp-include	rive/renderer/render_canvas.hpp	pinned-source-external	renderer/include/rive/renderer/render_canvas.hpp	5dcb7b8ddcde6fe878555613fa8aa3fd37e56a7a4d36f7314d6706f4b20ae86d	vulkan:renderer:render_context_vulkan_impl	-
vulkan	renderer/src/vulkan/render_context_vulkan_impl.cpp	12	cpp-include	rive/renderer/ore/ore_context_vulkan.hpp	owned-source	renderer/include/rive/renderer/ore/ore_context_vulkan.hpp	2a72affe28481f467a249185998c6dfbe325bfb75663ff524ae9b025930672fd	vulkan:renderer:render_context_vulkan_impl	vulkan:ore:context
vulkan	renderer/src/vulkan/render_context_vulkan_impl.cpp	14	cpp-include	rive/renderer/stack_vector.hpp	pinned-source-external	renderer/include/rive/renderer/stack_vector.hpp	133abf6cebefc5b4b1e7e6d246d65747ad4504ca4fa073b6b5e6dea13797c896	vulkan:renderer:render_context_vulkan_impl	-
vulkan	renderer/src/vulkan/render_context_vulkan_impl.cpp	15	cpp-include	rive/renderer/texture.hpp	pinned-source-external	renderer/include/rive/renderer/texture.hpp	297c615ee0de054e28d2d6067316ac39b89fa3cea4de19d2b23aaf96395432b9	vulkan:renderer:render_context_vulkan_impl	-
vulkan	renderer/src/vulkan/render_context_vulkan_impl.cpp	16	cpp-include	rive/renderer/rive_render_buffer.hpp	pinned-source-external	renderer/include/rive/renderer/rive_render_buffer.hpp	14bf8018d6ff2d0ed528f37611b94ef9366e6a4570b53f18e3c896ca96442496	vulkan:renderer:render_context_vulkan_impl	-
vulkan	renderer/src/vulkan/render_context_vulkan_impl.cpp	17	cpp-include	rive/renderer/vulkan/render_target_vulkan.hpp	owned-source	renderer/include/rive/renderer/vulkan/render_target_vulkan.hpp	b9ad83d61ac6c283b24549e6c6f4d8af81fcdb97c0d0dba7e161ddb11c4c871b	vulkan:renderer:render_context_vulkan_impl	vulkan:renderer:render_target
vulkan	renderer/src/vulkan/render_context_vulkan_impl.cpp	18	cpp-include	shaders/constants.glsl	owned-source	renderer/src/shaders/constants.glsl	eefc0b9115beb4fe87b85431b0c683fdec73244c044278e97fdba0c96014bb56	vulkan:renderer:render_context_vulkan_impl	shader:source:constants
vulkan	renderer/src/vulkan/render_context_vulkan_impl.cpp	19	cpp-include	common_layouts.hpp	owned-source	renderer/src/vulkan/common_layouts.hpp	c2f0e3dbe79c0361e290a8b6e2cf9066787f011e900244ea8885c8921109de57	vulkan:renderer:render_context_vulkan_impl	vulkan:renderer:common_layouts
vulkan	renderer/src/vulkan/render_context_vulkan_impl.cpp	20	cpp-include	draw_pipeline_vulkan.hpp	owned-source	renderer/src/vulkan/draw_pipeline_vulkan.hpp	13c76fa90bdeb3713f465ab078d1b1871234dfe94c3ee924b96d23b5abc7d80e	vulkan:renderer:render_context_vulkan_impl	vulkan:renderer:draw_pipeline
vulkan	renderer/src/vulkan/render_context_vulkan_impl.cpp	21	cpp-include	draw_pipeline_layout_vulkan.hpp	owned-source	renderer/src/vulkan/draw_pipeline_layout_vulkan.hpp	eb0d68eb2db0c64680e70ee9c2c223266a182612b26af2e40cde3302ba9261a0	vulkan:renderer:render_context_vulkan_impl	vulkan:renderer:draw_pipeline_layout
vulkan	renderer/src/vulkan/render_context_vulkan_impl.cpp	22	cpp-include	draw_shader_vulkan.hpp	owned-source	renderer/src/vulkan/draw_shader_vulkan.hpp	8313771fe9b11251ffbb7af832dcb2916826746c5ed7425b303563c861fb77c7	vulkan:renderer:render_context_vulkan_impl	vulkan:renderer:draw_shader
vulkan	renderer/src/vulkan/render_context_vulkan_impl.cpp	23	cpp-include	pipeline_manager_vulkan.hpp	owned-source	renderer/src/vulkan/pipeline_manager_vulkan.hpp	1c3ab80e28d67f6a4921e52a53f686fb42639218c5f3a9db8e38440a8c9a8072	vulkan:renderer:render_context_vulkan_impl	vulkan:renderer:pipeline_manager
vulkan	renderer/src/vulkan/render_context_vulkan_impl.cpp	24	cpp-include	render_pass_vulkan.hpp	owned-source	renderer/src/vulkan/render_pass_vulkan.hpp	a1b01d9aa4d2d8b4795786a093346357fd270090e613e916fa7a4b2495b11be7	vulkan:renderer:render_context_vulkan_impl	vulkan:renderer:render_pass
vulkan	renderer/src/vulkan/render_context_vulkan_impl.cpp	25	cpp-include	instance_chunker.hpp	pinned-source-external	renderer/src/instance_chunker.hpp	195b25a8b869c994ade700de15aae06bf3a93cd3f417a493c7815d68530ed203	vulkan:renderer:render_context_vulkan_impl	-
vulkan	renderer/src/vulkan/render_context_vulkan_impl.cpp	26	cpp-include	sstream	external-sdk-or-system	-	-	vulkan:renderer:render_context_vulkan_impl	-
vulkan	renderer/src/vulkan/render_context_vulkan_impl.cpp	29	cpp-include	android/log.h	external-sdk-or-system	-	-	vulkan:renderer:render_context_vulkan_impl	-
vulkan	renderer/src/vulkan/render_context_vulkan_impl.cpp	30	cpp-include	android/api-level.h	external-sdk-or-system	-	-	vulkan:renderer:render_context_vulkan_impl	-
vulkan	renderer/src/vulkan/render_context_vulkan_impl.cpp	31	cpp-include	sys/system_properties.h	external-sdk-or-system	-	-	vulkan:renderer:render_context_vulkan_impl	-
vulkan	renderer/src/vulkan/render_pass_vulkan.cpp	5	cpp-include	optional	external-sdk-or-system	-	-	vulkan:renderer:render_pass	-
vulkan	renderer/src/vulkan/render_pass_vulkan.cpp	6	cpp-include	sstream	external-sdk-or-system	-	-	vulkan:renderer:render_pass	-
vulkan	renderer/src/vulkan/render_pass_vulkan.cpp	7	cpp-include	string	external-sdk-or-system	-	-	vulkan:renderer:render_pass	-
vulkan	renderer/src/vulkan/render_pass_vulkan.cpp	8	cpp-include	vulkan/vulkan.h	external-sdk-or-system	-	-	vulkan:renderer:render_pass	-
vulkan	renderer/src/vulkan/render_pass_vulkan.cpp	9	cpp-include	rive/renderer/vulkan/render_context_vulkan_impl.hpp	owned-source	renderer/include/rive/renderer/vulkan/render_context_vulkan_impl.hpp	3e11537fd433b50b59ca30e34a7688aba931f372c57e4ca14322b5307eaae294	vulkan:renderer:render_pass	vulkan:renderer:render_context_vulkan_impl
vulkan	renderer/src/vulkan/render_pass_vulkan.cpp	10	cpp-include	rive/renderer/stack_vector.hpp	pinned-source-external	renderer/include/rive/renderer/stack_vector.hpp	133abf6cebefc5b4b1e7e6d246d65747ad4504ca4fa073b6b5e6dea13797c896	vulkan:renderer:render_pass	-
vulkan	renderer/src/vulkan/render_pass_vulkan.cpp	11	cpp-include	shaders/constants.glsl	owned-source	renderer/src/shaders/constants.glsl	eefc0b9115beb4fe87b85431b0c683fdec73244c044278e97fdba0c96014bb56	vulkan:renderer:render_pass	shader:source:constants
vulkan	renderer/src/vulkan/render_pass_vulkan.cpp	12	cpp-include	common_layouts.hpp	owned-source	renderer/src/vulkan/common_layouts.hpp	c2f0e3dbe79c0361e290a8b6e2cf9066787f011e900244ea8885c8921109de57	vulkan:renderer:render_pass	vulkan:renderer:common_layouts
vulkan	renderer/src/vulkan/render_pass_vulkan.cpp	13	cpp-include	draw_pipeline_layout_vulkan.hpp	owned-source	renderer/src/vulkan/draw_pipeline_layout_vulkan.hpp	eb0d68eb2db0c64680e70ee9c2c223266a182612b26af2e40cde3302ba9261a0	vulkan:renderer:render_pass	vulkan:renderer:draw_pipeline_layout
vulkan	renderer/src/vulkan/render_pass_vulkan.cpp	14	cpp-include	pipeline_manager_vulkan.hpp	owned-source	renderer/src/vulkan/pipeline_manager_vulkan.hpp	1c3ab80e28d67f6a4921e52a53f686fb42639218c5f3a9db8e38440a8c9a8072	vulkan:renderer:render_pass	vulkan:renderer:pipeline_manager
vulkan	renderer/src/vulkan/render_pass_vulkan.cpp	15	cpp-include	render_pass_vulkan.hpp	owned-source	renderer/src/vulkan/render_pass_vulkan.hpp	a1b01d9aa4d2d8b4795786a093346357fd270090e613e916fa7a4b2495b11be7	vulkan:renderer:render_pass	vulkan:renderer:render_pass
vulkan	renderer/src/vulkan/render_pass_vulkan.hpp	7	cpp-include	vulkan/vulkan.h	external-sdk-or-system	-	-	vulkan:renderer:render_pass	-
vulkan	renderer/src/vulkan/render_pass_vulkan.hpp	8	cpp-include	rive/renderer/vulkan/vulkan_context.hpp	owned-source	renderer/include/rive/renderer/vulkan/vulkan_context.hpp	d1491ee3c8c551e628c1189d8461aa72618e74248380f6b582ac9a9fa7729777	vulkan:renderer:render_pass	vulkan:renderer:vulkan_context
vulkan	renderer/src/vulkan/render_pass_vulkan.hpp	9	cpp-include	rive/renderer/gpu.hpp	pinned-source-external	renderer/include/rive/renderer/gpu.hpp	97ac849899dedb73a37a8958c58330862482337682b18f99d9b116f052640c9f	vulkan:renderer:render_pass	-
vulkan	renderer/src/vulkan/render_target_vulkan.cpp	5	cpp-include	rive/renderer/vulkan/render_target_vulkan.hpp	owned-source	renderer/include/rive/renderer/vulkan/render_target_vulkan.hpp	b9ad83d61ac6c283b24549e6c6f4d8af81fcdb97c0d0dba7e161ddb11c4c871b	vulkan:renderer:render_target	vulkan:renderer:render_target
vulkan	renderer/src/vulkan/render_target_vulkan.cpp	7	cpp-include	rive/renderer/vulkan/render_context_vulkan_impl.hpp	owned-source	renderer/include/rive/renderer/vulkan/render_context_vulkan_impl.hpp	3e11537fd433b50b59ca30e34a7688aba931f372c57e4ca14322b5307eaae294	vulkan:renderer:render_target	vulkan:renderer:render_context_vulkan_impl
vulkan	renderer/src/vulkan/vkutil.cpp	5	cpp-include	rive/renderer/vulkan/vkutil.hpp	owned-source	renderer/include/rive/renderer/vulkan/vkutil.hpp	a953efddf15863a2bd98e4e747581785bd1e852ae1f6491693ee2e30a568115c	vulkan:renderer:vkutil	vulkan:renderer:vkutil
vulkan	renderer/src/vulkan/vkutil.cpp	7	cpp-include	rive/rive_types.hpp	pinned-source-external	include/rive/rive_types.hpp	c18c809de68463e887d1f18b75084991f949848fe3c492b88a9fed77c2661b86	vulkan:renderer:vkutil	-
vulkan	renderer/src/vulkan/vkutil.cpp	8	cpp-include	rive/renderer/vulkan/vulkan_context.hpp	owned-source	renderer/include/rive/renderer/vulkan/vulkan_context.hpp	d1491ee3c8c551e628c1189d8461aa72618e74248380f6b582ac9a9fa7729777	vulkan:renderer:vkutil	vulkan:renderer:vulkan_context
vulkan	renderer/src/vulkan/vkutil.cpp	9	cpp-include	vk_mem_alloc.h	external-sdk-or-system	-	-	vulkan:renderer:vkutil	-
vulkan	renderer/src/vulkan/vulkan_context.cpp	5	cpp-include	rive/renderer/vulkan/vulkan_context.hpp	owned-source	renderer/include/rive/renderer/vulkan/vulkan_context.hpp	d1491ee3c8c551e628c1189d8461aa72618e74248380f6b582ac9a9fa7729777	vulkan:renderer:vulkan_context	vulkan:renderer:vulkan_context
vulkan	renderer/src/vulkan/vulkan_context.cpp	7	cpp-include	rive/rive_types.hpp	pinned-source-external	include/rive/rive_types.hpp	c18c809de68463e887d1f18b75084991f949848fe3c492b88a9fed77c2661b86	vulkan:renderer:vulkan_context	-
vulkan	renderer/src/vulkan/vulkan_context.cpp	8	cpp-include	vk_mem_alloc.h	external-sdk-or-system	-	-	vulkan:renderer:vulkan_context	-
vulkan	renderer/src/vulkan/vulkan_memory_allocator.cpp	2	cpp-include	vk_mem_alloc.h	external-sdk-or-system	-	-	vulkan:renderer:vulkan_memory_allocator	-
vulkan	renderer/src/vulkan/vulkan_shaders.cpp	5	cpp-include	vulkan_shaders.hpp	owned-source	renderer/src/vulkan/vulkan_shaders.hpp	c973a2e7fc1b014eb449d674c8f393d1341c66f499ff15be983b09c0d0cb0eb7	vulkan:renderer:vulkan_shaders	vulkan:renderer:vulkan_shaders
vulkan	renderer/src/vulkan/vulkan_shaders.cpp	7	cpp-include	rive/span.hpp	pinned-source-external	include/rive/span.hpp	ef56c2b18792d1fac33b4796d7337d8c027f319d938a49d041ba5bb6277ba347	vulkan:renderer:vulkan_shaders	-
vulkan	renderer/src/vulkan/vulkan_shaders.cpp	14	cpp-include	generated/shaders/spirv/color_ramp.vert.h	generated-from-owned-source	renderer/src/shaders/spirv/color_ramp.main	076d5d45b3af0d27a138f41ac6fc32fd7411384cccc74c9a7b85c2cf376ea2e5	vulkan:renderer:vulkan_shaders	shader:source:color_ramp
vulkan	renderer/src/vulkan/vulkan_shaders.cpp	15	cpp-include	generated/shaders/spirv/color_ramp.frag.h	generated-from-owned-source	renderer/src/shaders/spirv/color_ramp.main	076d5d45b3af0d27a138f41ac6fc32fd7411384cccc74c9a7b85c2cf376ea2e5	vulkan:renderer:vulkan_shaders	shader:source:color_ramp
vulkan	renderer/src/vulkan/vulkan_shaders.cpp	16	cpp-include	generated/shaders/spirv/tessellate.vert.h	generated-from-owned-source	renderer/src/shaders/spirv/tessellate.main	9a50cb20894f19978864152d4852293a2052cba80573b80246dbce5f2f5a55a0	vulkan:renderer:vulkan_shaders	shader:source:tessellate
vulkan	renderer/src/vulkan/vulkan_shaders.cpp	17	cpp-include	generated/shaders/spirv/tessellate.frag.h	generated-from-owned-source	renderer/src/shaders/spirv/tessellate.main	9a50cb20894f19978864152d4852293a2052cba80573b80246dbce5f2f5a55a0	vulkan:renderer:vulkan_shaders	shader:source:tessellate
vulkan	renderer/src/vulkan/vulkan_shaders.cpp	18	cpp-include	generated/shaders/spirv/render_atlas.vert.h	generated-from-owned-source	renderer/src/shaders/spirv/render_atlas.vert	109e973cde4ace814cc88b472a9b3c1d85152a85b0068108027b9fbecfd552cb	vulkan:renderer:vulkan_shaders	shader:source:render_atlas
vulkan	renderer/src/vulkan/vulkan_shaders.cpp	19	cpp-include	generated/shaders/spirv/render_atlas_fill.frag.h	generated-from-owned-source	renderer/src/shaders/spirv/render_atlas_fill.frag	2ba6ac1bec020d443619622f060bee9fd978d0f3fcde65e715419968886d7f9a	vulkan:renderer:vulkan_shaders	shader:source:render_atlas_fill
vulkan	renderer/src/vulkan/vulkan_shaders.cpp	20	cpp-include	generated/shaders/spirv/render_atlas_stroke.frag.h	generated-from-owned-source	renderer/src/shaders/spirv/render_atlas_stroke.frag	03993d7ed74efdbf0f5db9e576b24b7be3661bd66bb66483b5752de77426d8aa	vulkan:renderer:vulkan_shaders	shader:source:render_atlas_stroke
vulkan	renderer/src/vulkan/vulkan_shaders.cpp	23	cpp-include	generated/shaders/spirv/draw_path.vert.h	generated-from-owned-source	renderer/src/shaders/spirv/draw_path.main	7e32273a1aa44b8bb8e6295ae209c1337abb871f4c0c1f2574e4e1eebb70b3e1	vulkan:renderer:vulkan_shaders	shader:source:draw_path
vulkan	renderer/src/vulkan/vulkan_shaders.cpp	24	cpp-include	generated/shaders/spirv/draw_path.frag.h	generated-from-owned-source	renderer/src/shaders/spirv/draw_path.main	7e32273a1aa44b8bb8e6295ae209c1337abb871f4c0c1f2574e4e1eebb70b3e1	vulkan:renderer:vulkan_shaders	shader:source:draw_path
vulkan	renderer/src/vulkan/vulkan_shaders.cpp	25	cpp-include	generated/shaders/spirv/draw_interior_triangles.vert.h	generated-from-owned-source	renderer/src/shaders/spirv/draw_interior_triangles.main	d214605c6ffc2b79f92772b931755349b558cf9a1b177d3259ce3a74a5f07fcb	vulkan:renderer:vulkan_shaders	shader:source:draw_interior_triangles
vulkan	renderer/src/vulkan/vulkan_shaders.cpp	26	cpp-include	generated/shaders/spirv/draw_interior_triangles.frag.h	generated-from-owned-source	renderer/src/shaders/spirv/draw_interior_triangles.main	d214605c6ffc2b79f92772b931755349b558cf9a1b177d3259ce3a74a5f07fcb	vulkan:renderer:vulkan_shaders	shader:source:draw_interior_triangles
vulkan	renderer/src/vulkan/vulkan_shaders.cpp	27	cpp-include	generated/shaders/spirv/draw_atlas_blit.vert.h	generated-from-owned-source	renderer/src/shaders/spirv/draw_atlas_blit.main	4c3658f7620b0ddaf931e0ea8eb73eb995297065785a38181004440f7cba7125	vulkan:renderer:vulkan_shaders	shader:source:draw_atlas_blit
vulkan	renderer/src/vulkan/vulkan_shaders.cpp	28	cpp-include	generated/shaders/spirv/draw_atlas_blit.frag.h	generated-from-owned-source	renderer/src/shaders/spirv/draw_atlas_blit.main	4c3658f7620b0ddaf931e0ea8eb73eb995297065785a38181004440f7cba7125	vulkan:renderer:vulkan_shaders	shader:source:draw_atlas_blit
vulkan	renderer/src/vulkan/vulkan_shaders.cpp	29	cpp-include	generated/shaders/spirv/draw_image_mesh.vert.h	generated-from-owned-source	renderer/src/shaders/spirv/draw_image_mesh.main	5b0ebe856998c737fd47caffaffffea5b6a59677a4dfb8a825f3cb77f0eec220	vulkan:renderer:vulkan_shaders	shader:source:draw_image_mesh
vulkan	renderer/src/vulkan/vulkan_shaders.cpp	30	cpp-include	generated/shaders/spirv/draw_image_mesh.frag.h	generated-from-owned-source	renderer/src/shaders/spirv/draw_image_mesh.main	5b0ebe856998c737fd47caffaffffea5b6a59677a4dfb8a825f3cb77f0eec220	vulkan:renderer:vulkan_shaders	shader:source:draw_image_mesh
vulkan	renderer/src/vulkan/vulkan_shaders.cpp	33	cpp-include	generated/shaders/spirv/atomic_draw_path.vert.h	generated-from-owned-source	renderer/src/shaders/spirv/atomic_draw_path.main	03327dcdaa878b265f76d721cb321e047f87e5df4e8b40dc4cb923623e4ab99b	vulkan:renderer:vulkan_shaders	shader:source:atomic_draw_path
vulkan	renderer/src/vulkan/vulkan_shaders.cpp	34	cpp-include	generated/shaders/spirv/atomic_draw_path.frag.h	generated-from-owned-source	renderer/src/shaders/spirv/atomic_draw_path.main	03327dcdaa878b265f76d721cb321e047f87e5df4e8b40dc4cb923623e4ab99b	vulkan:renderer:vulkan_shaders	shader:source:atomic_draw_path
vulkan	renderer/src/vulkan/vulkan_shaders.cpp	35	cpp-include	generated/shaders/spirv/atomic_draw_path.fixedcolor_frag.h	generated-from-owned-source	renderer/src/shaders/spirv/atomic_draw_path.main	03327dcdaa878b265f76d721cb321e047f87e5df4e8b40dc4cb923623e4ab99b	vulkan:renderer:vulkan_shaders	shader:source:atomic_draw_path
vulkan	renderer/src/vulkan/vulkan_shaders.cpp	36	cpp-include	generated/shaders/spirv/atomic_draw_interior_triangles.vert.h	generated-from-owned-source	renderer/src/shaders/spirv/atomic_draw_interior_triangles.main	1a1c47d985e4e4889316b0fd7ba7102eb94f97e9ada55c964cb36118ef410d45	vulkan:renderer:vulkan_shaders	shader:source:atomic_draw_interior_triangles
vulkan	renderer/src/vulkan/vulkan_shaders.cpp	37	cpp-include	generated/shaders/spirv/atomic_draw_interior_triangles.frag.h	generated-from-owned-source	renderer/src/shaders/spirv/atomic_draw_interior_triangles.main	1a1c47d985e4e4889316b0fd7ba7102eb94f97e9ada55c964cb36118ef410d45	vulkan:renderer:vulkan_shaders	shader:source:atomic_draw_interior_triangles
vulkan	renderer/src/vulkan/vulkan_shaders.cpp	38	cpp-include	generated/shaders/spirv/atomic_draw_interior_triangles.fixedcolor_frag.h	generated-from-owned-source	renderer/src/shaders/spirv/atomic_draw_interior_triangles.main	1a1c47d985e4e4889316b0fd7ba7102eb94f97e9ada55c964cb36118ef410d45	vulkan:renderer:vulkan_shaders	shader:source:atomic_draw_interior_triangles
vulkan	renderer/src/vulkan/vulkan_shaders.cpp	39	cpp-include	generated/shaders/spirv/atomic_draw_atlas_blit.vert.h	generated-from-owned-source	renderer/src/shaders/spirv/atomic_draw_atlas_blit.main	c5d2e1d8e70a1c4bf50a5ba40993860f15ac680d3ebfcd78ea30c1ce81e6a669	vulkan:renderer:vulkan_shaders	shader:source:atomic_draw_atlas_blit
vulkan	renderer/src/vulkan/vulkan_shaders.cpp	40	cpp-include	generated/shaders/spirv/atomic_draw_atlas_blit.frag.h	generated-from-owned-source	renderer/src/shaders/spirv/atomic_draw_atlas_blit.main	c5d2e1d8e70a1c4bf50a5ba40993860f15ac680d3ebfcd78ea30c1ce81e6a669	vulkan:renderer:vulkan_shaders	shader:source:atomic_draw_atlas_blit
vulkan	renderer/src/vulkan/vulkan_shaders.cpp	41	cpp-include	generated/shaders/spirv/atomic_draw_atlas_blit.fixedcolor_frag.h	generated-from-owned-source	renderer/src/shaders/spirv/atomic_draw_atlas_blit.main	c5d2e1d8e70a1c4bf50a5ba40993860f15ac680d3ebfcd78ea30c1ce81e6a669	vulkan:renderer:vulkan_shaders	shader:source:atomic_draw_atlas_blit
vulkan	renderer/src/vulkan/vulkan_shaders.cpp	42	cpp-include	generated/shaders/spirv/atomic_draw_image_rect.vert.h	generated-from-owned-source	renderer/src/shaders/spirv/atomic_draw_image_rect.main	2b7fa330f9aeb79855911a67fa76270a8d1a8b83cb8fac297886d0a362b018cf	vulkan:renderer:vulkan_shaders	shader:source:atomic_draw_image_rect
vulkan	renderer/src/vulkan/vulkan_shaders.cpp	43	cpp-include	generated/shaders/spirv/atomic_draw_image_rect.frag.h	generated-from-owned-source	renderer/src/shaders/spirv/atomic_draw_image_rect.main	2b7fa330f9aeb79855911a67fa76270a8d1a8b83cb8fac297886d0a362b018cf	vulkan:renderer:vulkan_shaders	shader:source:atomic_draw_image_rect
vulkan	renderer/src/vulkan/vulkan_shaders.cpp	44	cpp-include	generated/shaders/spirv/atomic_draw_image_rect.fixedcolor_frag.h	generated-from-owned-source	renderer/src/shaders/spirv/atomic_draw_image_rect.main	2b7fa330f9aeb79855911a67fa76270a8d1a8b83cb8fac297886d0a362b018cf	vulkan:renderer:vulkan_shaders	shader:source:atomic_draw_image_rect
vulkan	renderer/src/vulkan/vulkan_shaders.cpp	45	cpp-include	generated/shaders/spirv/atomic_draw_image_mesh.vert.h	generated-from-owned-source	renderer/src/shaders/spirv/atomic_draw_image_mesh.main	06fbd52a990b3ae38b460b661967cb8069787621948308d1eb8cdfda83522276	vulkan:renderer:vulkan_shaders	shader:source:atomic_draw_image_mesh
vulkan	renderer/src/vulkan/vulkan_shaders.cpp	46	cpp-include	generated/shaders/spirv/atomic_draw_image_mesh.frag.h	generated-from-owned-source	renderer/src/shaders/spirv/atomic_draw_image_mesh.main	06fbd52a990b3ae38b460b661967cb8069787621948308d1eb8cdfda83522276	vulkan:renderer:vulkan_shaders	shader:source:atomic_draw_image_mesh
vulkan	renderer/src/vulkan/vulkan_shaders.cpp	47	cpp-include	generated/shaders/spirv/atomic_draw_image_mesh.fixedcolor_frag.h	generated-from-owned-source	renderer/src/shaders/spirv/atomic_draw_image_mesh.main	06fbd52a990b3ae38b460b661967cb8069787621948308d1eb8cdfda83522276	vulkan:renderer:vulkan_shaders	shader:source:atomic_draw_image_mesh
vulkan	renderer/src/vulkan/vulkan_shaders.cpp	48	cpp-include	generated/shaders/spirv/atomic_resolve.vert.h	generated-from-owned-source	renderer/src/shaders/spirv/atomic_resolve.main	40fa708b2c8d1750c12353519998cadf129a4872ccb5798d21ccbf97e145781b	vulkan:renderer:vulkan_shaders	shader:source:atomic_resolve
vulkan	renderer/src/vulkan/vulkan_shaders.cpp	49	cpp-include	generated/shaders/spirv/atomic_resolve.frag.h	generated-from-owned-source	renderer/src/shaders/spirv/atomic_resolve.main	40fa708b2c8d1750c12353519998cadf129a4872ccb5798d21ccbf97e145781b	vulkan:renderer:vulkan_shaders	shader:source:atomic_resolve
vulkan	renderer/src/vulkan/vulkan_shaders.cpp	50	cpp-include	generated/shaders/spirv/atomic_resolve.fixedcolor_frag.h	generated-from-owned-source	renderer/src/shaders/spirv/atomic_resolve.main	40fa708b2c8d1750c12353519998cadf129a4872ccb5798d21ccbf97e145781b	vulkan:renderer:vulkan_shaders	shader:source:atomic_resolve
vulkan	renderer/src/vulkan/vulkan_shaders.cpp	51	cpp-include	generated/shaders/spirv/atomic_resolve_coalesced.vert.h	generated-from-owned-source	renderer/src/shaders/spirv/atomic_resolve_coalesced.main	f12d67000ab8246082540fbfa41a4266a772280ceef9186bd14d4043050bfde9	vulkan:renderer:vulkan_shaders	shader:source:atomic_resolve_coalesced
vulkan	renderer/src/vulkan/vulkan_shaders.cpp	52	cpp-include	generated/shaders/spirv/atomic_resolve_coalesced.frag.h	generated-from-owned-source	renderer/src/shaders/spirv/atomic_resolve_coalesced.main	f12d67000ab8246082540fbfa41a4266a772280ceef9186bd14d4043050bfde9	vulkan:renderer:vulkan_shaders	shader:source:atomic_resolve_coalesced
vulkan	renderer/src/vulkan/vulkan_shaders.cpp	56	cpp-include	generated/shaders/spirv/draw_clockwise_path.vert.h	generated-from-owned-source	renderer/src/shaders/spirv/draw_clockwise_path.main	220db78a8f799a0c37718e9e7afe5121819263f90f92c7aae6a28048b44ad23b	vulkan:renderer:vulkan_shaders	shader:source:draw_clockwise_path
vulkan	renderer/src/vulkan/vulkan_shaders.cpp	57	cpp-include	generated/shaders/spirv/draw_clockwise_path.frag.h	generated-from-owned-source	renderer/src/shaders/spirv/draw_clockwise_path.main	220db78a8f799a0c37718e9e7afe5121819263f90f92c7aae6a28048b44ad23b	vulkan:renderer:vulkan_shaders	shader:source:draw_clockwise_path
vulkan	renderer/src/vulkan/vulkan_shaders.cpp	58	cpp-include	generated/shaders/spirv/draw_clockwise_path.fixedcolor_frag.h	generated-from-owned-source	renderer/src/shaders/spirv/draw_clockwise_path.main	220db78a8f799a0c37718e9e7afe5121819263f90f92c7aae6a28048b44ad23b	vulkan:renderer:vulkan_shaders	shader:source:draw_clockwise_path
vulkan	renderer/src/vulkan/vulkan_shaders.cpp	59	cpp-include	generated/shaders/spirv/draw_clockwise_clip.frag.h	generated-from-owned-source	renderer/src/shaders/spirv/draw_clockwise_clip.main	521593f1a521e39642a05890e2403ec221c1d314d6528f5dc93453b2e473372c	vulkan:renderer:vulkan_shaders	shader:source:draw_clockwise_clip
vulkan	renderer/src/vulkan/vulkan_shaders.cpp	60	cpp-include	generated/shaders/spirv/draw_clockwise_clip.fixedcolor_frag.h	generated-from-owned-source	renderer/src/shaders/spirv/draw_clockwise_clip.main	521593f1a521e39642a05890e2403ec221c1d314d6528f5dc93453b2e473372c	vulkan:renderer:vulkan_shaders	shader:source:draw_clockwise_clip
vulkan	renderer/src/vulkan/vulkan_shaders.cpp	61	cpp-include	generated/shaders/spirv/draw_clockwise_interior_triangles.vert.h	generated-from-owned-source	renderer/src/shaders/spirv/draw_clockwise_interior_triangles.main	91351640c751f6498552fd743f9f1c0ca96ae134102bde8cdccec47b0382b3e7	vulkan:renderer:vulkan_shaders	shader:source:draw_clockwise_interior_triangles
vulkan	renderer/src/vulkan/vulkan_shaders.cpp	62	cpp-include	generated/shaders/spirv/draw_clockwise_interior_triangles.frag.h	generated-from-owned-source	renderer/src/shaders/spirv/draw_clockwise_interior_triangles.main	91351640c751f6498552fd743f9f1c0ca96ae134102bde8cdccec47b0382b3e7	vulkan:renderer:vulkan_shaders	shader:source:draw_clockwise_interior_triangles
vulkan	renderer/src/vulkan/vulkan_shaders.cpp	63	cpp-include	generated/shaders/spirv/draw_clockwise_interior_triangles.fixedcolor_frag.h	generated-from-owned-source	renderer/src/shaders/spirv/draw_clockwise_interior_triangles.main	91351640c751f6498552fd743f9f1c0ca96ae134102bde8cdccec47b0382b3e7	vulkan:renderer:vulkan_shaders	shader:source:draw_clockwise_interior_triangles
vulkan	renderer/src/vulkan/vulkan_shaders.cpp	64	cpp-include	generated/shaders/spirv/draw_clockwise_clip_interior_triangles.frag.h	generated-from-owned-source	renderer/src/shaders/spirv/draw_clockwise_clip_interior_triangles.main	09151399d8334e1a704bc291517dc7ac139a1db3367b0496fbf9237a8ff0f18b	vulkan:renderer:vulkan_shaders	shader:source:draw_clockwise_clip_interior_triangles
vulkan	renderer/src/vulkan/vulkan_shaders.cpp	65	cpp-include	generated/shaders/spirv/draw_clockwise_clip_interior_triangles.fixedcolor_frag.h	generated-from-owned-source	renderer/src/shaders/spirv/draw_clockwise_clip_interior_triangles.main	09151399d8334e1a704bc291517dc7ac139a1db3367b0496fbf9237a8ff0f18b	vulkan:renderer:vulkan_shaders	shader:source:draw_clockwise_clip_interior_triangles
vulkan	renderer/src/vulkan/vulkan_shaders.cpp	66	cpp-include	generated/shaders/spirv/draw_clockwise_atlas_blit.vert.h	generated-from-owned-source	renderer/src/shaders/spirv/draw_clockwise_atlas_blit.main	99e4cedc557cc679345a16612f9a83cc6f28575f0113911cb5c9719862d7ed65	vulkan:renderer:vulkan_shaders	shader:source:draw_clockwise_atlas_blit
vulkan	renderer/src/vulkan/vulkan_shaders.cpp	67	cpp-include	generated/shaders/spirv/draw_clockwise_atlas_blit.frag.h	generated-from-owned-source	renderer/src/shaders/spirv/draw_clockwise_atlas_blit.main	99e4cedc557cc679345a16612f9a83cc6f28575f0113911cb5c9719862d7ed65	vulkan:renderer:vulkan_shaders	shader:source:draw_clockwise_atlas_blit
vulkan	renderer/src/vulkan/vulkan_shaders.cpp	68	cpp-include	generated/shaders/spirv/draw_clockwise_atlas_blit.fixedcolor_frag.h	generated-from-owned-source	renderer/src/shaders/spirv/draw_clockwise_atlas_blit.main	99e4cedc557cc679345a16612f9a83cc6f28575f0113911cb5c9719862d7ed65	vulkan:renderer:vulkan_shaders	shader:source:draw_clockwise_atlas_blit
vulkan	renderer/src/vulkan/vulkan_shaders.cpp	69	cpp-include	generated/shaders/spirv/draw_clockwise_image_mesh.vert.h	generated-from-owned-source	renderer/src/shaders/spirv/draw_clockwise_image_mesh.main	5b0ebe856998c737fd47caffaffffea5b6a59677a4dfb8a825f3cb77f0eec220	vulkan:renderer:vulkan_shaders	shader:source:draw_clockwise_image_mesh
vulkan	renderer/src/vulkan/vulkan_shaders.cpp	70	cpp-include	generated/shaders/spirv/draw_clockwise_image_mesh.frag.h	generated-from-owned-source	renderer/src/shaders/spirv/draw_clockwise_image_mesh.main	5b0ebe856998c737fd47caffaffffea5b6a59677a4dfb8a825f3cb77f0eec220	vulkan:renderer:vulkan_shaders	shader:source:draw_clockwise_image_mesh
vulkan	renderer/src/vulkan/vulkan_shaders.cpp	71	cpp-include	generated/shaders/spirv/draw_clockwise_image_mesh.fixedcolor_frag.h	generated-from-owned-source	renderer/src/shaders/spirv/draw_clockwise_image_mesh.main	5b0ebe856998c737fd47caffaffffea5b6a59677a4dfb8a825f3cb77f0eec220	vulkan:renderer:vulkan_shaders	shader:source:draw_clockwise_image_mesh
vulkan	renderer/src/vulkan/vulkan_shaders.cpp	75	cpp-include	generated/shaders/spirv/draw_clockwise_atomic_path.vert.h	generated-from-owned-source	renderer/src/shaders/spirv/draw_clockwise_atomic_path.main	3583898b993ad489e57f8435ce6bac84dd48f0ed0ba6740d2b716e48bc1f4fcf	vulkan:renderer:vulkan_shaders	shader:source:draw_clockwise_atomic_path
vulkan	renderer/src/vulkan/vulkan_shaders.cpp	76	cpp-include	generated/shaders/spirv/draw_clockwise_atomic_path.frag.h	generated-from-owned-source	renderer/src/shaders/spirv/draw_clockwise_atomic_path.main	3583898b993ad489e57f8435ce6bac84dd48f0ed0ba6740d2b716e48bc1f4fcf	vulkan:renderer:vulkan_shaders	shader:source:draw_clockwise_atomic_path
vulkan	renderer/src/vulkan/vulkan_shaders.cpp	77	cpp-include	generated/shaders/spirv/draw_clockwise_atomic_path.fixedcolor_frag.h	generated-from-owned-source	renderer/src/shaders/spirv/draw_clockwise_atomic_path.main	3583898b993ad489e57f8435ce6bac84dd48f0ed0ba6740d2b716e48bc1f4fcf	vulkan:renderer:vulkan_shaders	shader:source:draw_clockwise_atomic_path
vulkan	renderer/src/vulkan/vulkan_shaders.cpp	78	cpp-include	generated/shaders/spirv/draw_clockwise_atomic_borrowed_coverage.frag.h	generated-from-owned-source	renderer/src/shaders/spirv/draw_clockwise_atomic_borrowed_coverage.frag	d094420d924fc8d350bef8e2bb0bdfe120dba7228cf31359b8780a9633d59e67	vulkan:renderer:vulkan_shaders	shader:source:draw_clockwise_atomic_borrowed_coverage
vulkan	renderer/src/vulkan/vulkan_shaders.cpp	79	cpp-include	generated/shaders/spirv/draw_clockwise_atomic_clip.frag.h	generated-from-owned-source	renderer/src/shaders/spirv/draw_clockwise_atomic_clip.frag	b3ff666c75b3da500bd64a8de38f4dafb5260ff4ace5d30db86b49c410e64205	vulkan:renderer:vulkan_shaders	shader:source:draw_clockwise_atomic_clip
vulkan	renderer/src/vulkan/vulkan_shaders.cpp	80	cpp-include	generated/shaders/spirv/draw_clockwise_atomic_clip.fixedcolor_frag.h	generated-from-owned-source	renderer/src/shaders/spirv/draw_clockwise_atomic_clip.frag	b3ff666c75b3da500bd64a8de38f4dafb5260ff4ace5d30db86b49c410e64205	vulkan:renderer:vulkan_shaders	shader:source:draw_clockwise_atomic_clip
vulkan	renderer/src/vulkan/vulkan_shaders.cpp	81	cpp-include	generated/shaders/spirv/draw_clockwise_atomic_interior_triangles.vert.h	generated-from-owned-source	renderer/src/shaders/spirv/draw_clockwise_atomic_interior_triangles.main	8637f2415bf66554c1db2f39ecb7da308294144f87a3e0105ebe3e093e683691	vulkan:renderer:vulkan_shaders	shader:source:draw_clockwise_atomic_interior_triangles
vulkan	renderer/src/vulkan/vulkan_shaders.cpp	82	cpp-include	generated/shaders/spirv/draw_clockwise_atomic_interior_triangles.frag.h	generated-from-owned-source	renderer/src/shaders/spirv/draw_clockwise_atomic_interior_triangles.main	8637f2415bf66554c1db2f39ecb7da308294144f87a3e0105ebe3e093e683691	vulkan:renderer:vulkan_shaders	shader:source:draw_clockwise_atomic_interior_triangles
vulkan	renderer/src/vulkan/vulkan_shaders.cpp	83	cpp-include	generated/shaders/spirv/draw_clockwise_atomic_interior_triangles.fixedcolor_frag.h	generated-from-owned-source	renderer/src/shaders/spirv/draw_clockwise_atomic_interior_triangles.main	8637f2415bf66554c1db2f39ecb7da308294144f87a3e0105ebe3e093e683691	vulkan:renderer:vulkan_shaders	shader:source:draw_clockwise_atomic_interior_triangles
vulkan	renderer/src/vulkan/vulkan_shaders.cpp	84	cpp-include	generated/shaders/spirv/draw_clockwise_atomic_borrowed_coverage_interior_triangles.frag.h	generated-from-owned-source	renderer/src/shaders/spirv/draw_clockwise_atomic_borrowed_coverage_interior_triangles.frag	e565d01b95b2be36f3e9a0f52ce294d9b7a45240f45a068b7226be070a7625e6	vulkan:renderer:vulkan_shaders	shader:source:draw_clockwise_atomic_borrowed_coverage_interior_triangles
vulkan	renderer/src/vulkan/vulkan_shaders.cpp	85	cpp-include	generated/shaders/spirv/draw_clockwise_atomic_clip_interior_triangles.frag.h	generated-from-owned-source	renderer/src/shaders/spirv/draw_clockwise_atomic_clip_interior_triangles.frag	f8d9022ff95749f3df108983687b860b216a03a009bbbd314d4d1fe10ff1a269	vulkan:renderer:vulkan_shaders	shader:source:draw_clockwise_atomic_clip_interior_triangles
vulkan	renderer/src/vulkan/vulkan_shaders.cpp	86	cpp-include	generated/shaders/spirv/draw_clockwise_atomic_clip_interior_triangles.fixedcolor_frag.h	generated-from-owned-source	renderer/src/shaders/spirv/draw_clockwise_atomic_clip_interior_triangles.frag	f8d9022ff95749f3df108983687b860b216a03a009bbbd314d4d1fe10ff1a269	vulkan:renderer:vulkan_shaders	shader:source:draw_clockwise_atomic_clip_interior_triangles
vulkan	renderer/src/vulkan/vulkan_shaders.cpp	87	cpp-include	generated/shaders/spirv/clear_clockwise_atomic_clip.vert.h	generated-from-owned-source	renderer/src/shaders/spirv/clear_clockwise_atomic_clip.main	2ca4727f99a6be9e4baf3125fee091a05c49370a0f384c925a25ec0ea17426ca	vulkan:renderer:vulkan_shaders	shader:source:clear_clockwise_atomic_clip
vulkan	renderer/src/vulkan/vulkan_shaders.cpp	88	cpp-include	generated/shaders/spirv/clear_clockwise_atomic_clip.frag.h	generated-from-owned-source	renderer/src/shaders/spirv/clear_clockwise_atomic_clip.main	2ca4727f99a6be9e4baf3125fee091a05c49370a0f384c925a25ec0ea17426ca	vulkan:renderer:vulkan_shaders	shader:source:clear_clockwise_atomic_clip
vulkan	renderer/src/vulkan/vulkan_shaders.cpp	89	cpp-include	generated/shaders/spirv/clear_clockwise_atomic_clip.fixedcolor_frag.h	generated-from-owned-source	renderer/src/shaders/spirv/clear_clockwise_atomic_clip.main	2ca4727f99a6be9e4baf3125fee091a05c49370a0f384c925a25ec0ea17426ca	vulkan:renderer:vulkan_shaders	shader:source:clear_clockwise_atomic_clip
vulkan	renderer/src/vulkan/vulkan_shaders.cpp	90	cpp-include	generated/shaders/spirv/draw_clockwise_atomic_atlas_blit.vert.h	generated-from-owned-source	renderer/src/shaders/spirv/draw_clockwise_atomic_atlas_blit.main	101db04b19c4da1ecdbfd2cbeeb5b7848750d75d5770857d9e88a54a4ccf259f	vulkan:renderer:vulkan_shaders	shader:source:draw_clockwise_atomic_atlas_blit
vulkan	renderer/src/vulkan/vulkan_shaders.cpp	91	cpp-include	generated/shaders/spirv/draw_clockwise_atomic_atlas_blit.frag.h	generated-from-owned-source	renderer/src/shaders/spirv/draw_clockwise_atomic_atlas_blit.main	101db04b19c4da1ecdbfd2cbeeb5b7848750d75d5770857d9e88a54a4ccf259f	vulkan:renderer:vulkan_shaders	shader:source:draw_clockwise_atomic_atlas_blit
vulkan	renderer/src/vulkan/vulkan_shaders.cpp	92	cpp-include	generated/shaders/spirv/draw_clockwise_atomic_atlas_blit.fixedcolor_frag.h	generated-from-owned-source	renderer/src/shaders/spirv/draw_clockwise_atomic_atlas_blit.main	101db04b19c4da1ecdbfd2cbeeb5b7848750d75d5770857d9e88a54a4ccf259f	vulkan:renderer:vulkan_shaders	shader:source:draw_clockwise_atomic_atlas_blit
vulkan	renderer/src/vulkan/vulkan_shaders.cpp	93	cpp-include	generated/shaders/spirv/draw_clockwise_atomic_image_mesh.vert.h	generated-from-owned-source	renderer/src/shaders/spirv/draw_clockwise_atomic_image_mesh.main	d321cfdf78543af8ab7608755c0edee0d887c8490d7d1d1699259bafb792c571	vulkan:renderer:vulkan_shaders	shader:source:draw_clockwise_atomic_image_mesh
vulkan	renderer/src/vulkan/vulkan_shaders.cpp	94	cpp-include	generated/shaders/spirv/draw_clockwise_atomic_image_mesh.frag.h	generated-from-owned-source	renderer/src/shaders/spirv/draw_clockwise_atomic_image_mesh.main	d321cfdf78543af8ab7608755c0edee0d887c8490d7d1d1699259bafb792c571	vulkan:renderer:vulkan_shaders	shader:source:draw_clockwise_atomic_image_mesh
vulkan	renderer/src/vulkan/vulkan_shaders.cpp	95	cpp-include	generated/shaders/spirv/draw_clockwise_atomic_image_mesh.fixedcolor_frag.h	generated-from-owned-source	renderer/src/shaders/spirv/draw_clockwise_atomic_image_mesh.main	d321cfdf78543af8ab7608755c0edee0d887c8490d7d1d1699259bafb792c571	vulkan:renderer:vulkan_shaders	shader:source:draw_clockwise_atomic_image_mesh
vulkan	renderer/src/vulkan/vulkan_shaders.cpp	96	cpp-include	generated/shaders/spirv/init_clockwise_atomic_workaround.frag.h	generated-from-owned-source	renderer/src/shaders/spirv/init_clockwise_atomic_workaround.frag	50e907b11d07529b7be4ec09435fc7baf2618faff646008d89769a1379583f1f	vulkan:renderer:vulkan_shaders	shader:source:init_clockwise_atomic_workaround
vulkan	renderer/src/vulkan/vulkan_shaders.cpp	97	cpp-include	generated/shaders/spirv/init_clockwise_atomic_workaround.fixedcolor_frag.h	generated-from-owned-source	renderer/src/shaders/spirv/init_clockwise_atomic_workaround.frag	50e907b11d07529b7be4ec09435fc7baf2618faff646008d89769a1379583f1f	vulkan:renderer:vulkan_shaders	shader:source:init_clockwise_atomic_workaround
vulkan	renderer/src/vulkan/vulkan_shaders.cpp	100	cpp-include	generated/shaders/spirv/draw_msaa_path.vert.h	generated-from-owned-source	renderer/src/shaders/spirv/draw_msaa_path.main	512ac90d68cc626b7c6b138058f64d8307440786c11f08862ef7e88188be831b	vulkan:renderer:vulkan_shaders	shader:source:draw_msaa_path
vulkan	renderer/src/vulkan/vulkan_shaders.cpp	101	cpp-include	generated/shaders/spirv/draw_msaa_path.frag.h	generated-from-owned-source	renderer/src/shaders/spirv/draw_msaa_path.main	512ac90d68cc626b7c6b138058f64d8307440786c11f08862ef7e88188be831b	vulkan:renderer:vulkan_shaders	shader:source:draw_msaa_path
vulkan	renderer/src/vulkan/vulkan_shaders.cpp	102	cpp-include	generated/shaders/spirv/draw_msaa_path.fixedcolor_frag.h	generated-from-owned-source	renderer/src/shaders/spirv/draw_msaa_path.main	512ac90d68cc626b7c6b138058f64d8307440786c11f08862ef7e88188be831b	vulkan:renderer:vulkan_shaders	shader:source:draw_msaa_path
vulkan	renderer/src/vulkan/vulkan_shaders.cpp	103	cpp-include	generated/shaders/spirv/draw_msaa_path.noclipdistance_vert.h	generated-from-owned-source	renderer/src/shaders/spirv/draw_msaa_path.main	512ac90d68cc626b7c6b138058f64d8307440786c11f08862ef7e88188be831b	vulkan:renderer:vulkan_shaders	shader:source:draw_msaa_path
vulkan	renderer/src/vulkan/vulkan_shaders.cpp	104	cpp-include	generated/shaders/spirv/draw_msaa_stencil.vert.h	generated-from-owned-source	renderer/src/shaders/spirv/draw_msaa_stencil.main	738afb5d5a358ab3a25285b7e1472a8212833594cceb29665160a6652ba5dc4b	vulkan:renderer:vulkan_shaders	shader:source:draw_msaa_stencil
vulkan	renderer/src/vulkan/vulkan_shaders.cpp	105	cpp-include	generated/shaders/spirv/draw_msaa_stencil.frag.h	generated-from-owned-source	renderer/src/shaders/spirv/draw_msaa_stencil.main	738afb5d5a358ab3a25285b7e1472a8212833594cceb29665160a6652ba5dc4b	vulkan:renderer:vulkan_shaders	shader:source:draw_msaa_stencil
vulkan	renderer/src/vulkan/vulkan_shaders.cpp	106	cpp-include	generated/shaders/spirv/draw_msaa_stencil.fixedcolor_frag.h	generated-from-owned-source	renderer/src/shaders/spirv/draw_msaa_stencil.main	738afb5d5a358ab3a25285b7e1472a8212833594cceb29665160a6652ba5dc4b	vulkan:renderer:vulkan_shaders	shader:source:draw_msaa_stencil
vulkan	renderer/src/vulkan/vulkan_shaders.cpp	107	cpp-include	generated/shaders/spirv/draw_msaa_atlas_blit.vert.h	generated-from-owned-source	renderer/src/shaders/spirv/draw_msaa_atlas_blit.main	f62ec4cec844501391fd09af5d9cc10a4a73871f4a49ade2173ba1c1d210e3f8	vulkan:renderer:vulkan_shaders	shader:source:draw_msaa_atlas_blit
vulkan	renderer/src/vulkan/vulkan_shaders.cpp	108	cpp-include	generated/shaders/spirv/draw_msaa_atlas_blit.frag.h	generated-from-owned-source	renderer/src/shaders/spirv/draw_msaa_atlas_blit.main	f62ec4cec844501391fd09af5d9cc10a4a73871f4a49ade2173ba1c1d210e3f8	vulkan:renderer:vulkan_shaders	shader:source:draw_msaa_atlas_blit
vulkan	renderer/src/vulkan/vulkan_shaders.cpp	109	cpp-include	generated/shaders/spirv/draw_msaa_atlas_blit.fixedcolor_frag.h	generated-from-owned-source	renderer/src/shaders/spirv/draw_msaa_atlas_blit.main	f62ec4cec844501391fd09af5d9cc10a4a73871f4a49ade2173ba1c1d210e3f8	vulkan:renderer:vulkan_shaders	shader:source:draw_msaa_atlas_blit
vulkan	renderer/src/vulkan/vulkan_shaders.cpp	110	cpp-include	generated/shaders/spirv/draw_msaa_atlas_blit.noclipdistance_vert.h	generated-from-owned-source	renderer/src/shaders/spirv/draw_msaa_atlas_blit.main	f62ec4cec844501391fd09af5d9cc10a4a73871f4a49ade2173ba1c1d210e3f8	vulkan:renderer:vulkan_shaders	shader:source:draw_msaa_atlas_blit
vulkan	renderer/src/vulkan/vulkan_shaders.cpp	111	cpp-include	generated/shaders/spirv/draw_msaa_image_mesh.vert.h	generated-from-owned-source	renderer/src/shaders/spirv/draw_msaa_image_mesh.main	4feb2d2005741d09ae0ddf23abefa16d10e38a20849e2fca124a0600c20443e1	vulkan:renderer:vulkan_shaders	shader:source:draw_msaa_image_mesh
vulkan	renderer/src/vulkan/vulkan_shaders.cpp	112	cpp-include	generated/shaders/spirv/draw_msaa_image_mesh.frag.h	generated-from-owned-source	renderer/src/shaders/spirv/draw_msaa_image_mesh.main	4feb2d2005741d09ae0ddf23abefa16d10e38a20849e2fca124a0600c20443e1	vulkan:renderer:vulkan_shaders	shader:source:draw_msaa_image_mesh
vulkan	renderer/src/vulkan/vulkan_shaders.cpp	113	cpp-include	generated/shaders/spirv/draw_msaa_image_mesh.fixedcolor_frag.h	generated-from-owned-source	renderer/src/shaders/spirv/draw_msaa_image_mesh.main	4feb2d2005741d09ae0ddf23abefa16d10e38a20849e2fca124a0600c20443e1	vulkan:renderer:vulkan_shaders	shader:source:draw_msaa_image_mesh
vulkan	renderer/src/vulkan/vulkan_shaders.cpp	114	cpp-include	generated/shaders/spirv/draw_msaa_image_mesh.noclipdistance_vert.h	generated-from-owned-source	renderer/src/shaders/spirv/draw_msaa_image_mesh.main	4feb2d2005741d09ae0ddf23abefa16d10e38a20849e2fca124a0600c20443e1	vulkan:renderer:vulkan_shaders	shader:source:draw_msaa_image_mesh
vulkan	renderer/src/vulkan/vulkan_shaders.cpp	115	cpp-include	generated/shaders/spirv/draw_fullscreen_quad.vert.h	generated-from-owned-source	renderer/src/shaders/spirv/draw_fullscreen_quad.vert	4b321cfed79e4faa7238e7b94d65e8196541e614de304d3f1c53c8152b296859	vulkan:renderer:vulkan_shaders	shader:source:draw_fullscreen_quad
vulkan	renderer/src/vulkan/vulkan_shaders.cpp	116	cpp-include	generated/shaders/spirv/draw_input_attachment.frag.h	generated-from-owned-source	renderer/src/shaders/spirv/draw_input_attachment.frag	ac0492885cbd616b1d2474bd4af6a0ef0cadf356b06a958d4f0f297b075df808	vulkan:renderer:vulkan_shaders	shader:source:draw_input_attachment
vulkan	renderer/src/vulkan/vulkan_shaders.cpp	117	cpp-include	generated/shaders/spirv/draw_msaa_color_seed_attachment.frag.h	generated-from-owned-source	renderer/src/shaders/spirv/draw_msaa_color_seed_attachment.frag	0baeda14de63ded97fc2247240b01b71f891be7235b3c73a2a950810402c44d5	vulkan:renderer:vulkan_shaders	shader:source:draw_msaa_color_seed_attachment
vulkan	renderer/src/vulkan/vulkan_shaders.cpp	118	cpp-include	generated/shaders/spirv/draw_msaa_resolve.frag.h	generated-from-owned-source	renderer/src/shaders/spirv/draw_msaa_resolve.frag	fb4153529ecfade60e9c11a40d48287be90b8d129555e70ddde212090f23c506	vulkan:renderer:vulkan_shaders	shader:source:draw_msaa_resolve
vulkan	renderer/src/vulkan/vulkan_shaders.hpp	7	cpp-include	vulkan/vulkan.h	external-sdk-or-system	-	-	vulkan:renderer:vulkan_shaders	-
vulkan	renderer/src/vulkan/vulkan_shaders.hpp	8	cpp-include	rive/span.hpp	pinned-source-external	include/rive/span.hpp	ef56c2b18792d1fac33b4796d7337d8c027f319d938a49d041ba5bb6277ba347	vulkan:renderer:vulkan_shaders	-
webgl2	renderer/include/rive/renderer/gl/gl_state.hpp	7	cpp-include	rive/math/aabb.hpp	pinned-source-external	include/rive/math/aabb.hpp	dc4bc1a73305315c2ecbe65410317836ff888588d7b8e2732c22fbe7f05e6a90	webgl2:renderer:gl_state	-
webgl2	renderer/include/rive/renderer/gl/gl_state.hpp	8	cpp-include	rive/renderer/gl/gles3.hpp	owned-source	renderer/include/rive/renderer/gl/gles3.hpp	1a70f796ef53540d2778c0ac5335933c46ddeb9bd6f547bd8802365879d5e27b	webgl2:renderer:gl_state	webgl2:renderer:gles3
webgl2	renderer/include/rive/renderer/gl/gl_state.hpp	9	cpp-include	rive/refcnt.hpp	pinned-source-external	include/rive/refcnt.hpp	5a3c11ae5b6c5615c9bc8f719b0bcaa770984ef4a18381891e266936b2f2df7d	webgl2:renderer:gl_state	-
webgl2	renderer/include/rive/renderer/gl/gl_state.hpp	10	cpp-include	rive/renderer/gpu.hpp	pinned-source-external	renderer/include/rive/renderer/gpu.hpp	97ac849899dedb73a37a8958c58330862482337682b18f99d9b116f052640c9f	webgl2:renderer:gl_state	-
webgl2	renderer/include/rive/renderer/gl/gl_state.hpp	12	cpp-include	optional	external-sdk-or-system	-	-	webgl2:renderer:gl_state	-
webgl2	renderer/include/rive/renderer/gl/gl_utils.hpp	7	cpp-include	rive/renderer/gl/gles3.hpp	owned-source	renderer/include/rive/renderer/gl/gles3.hpp	1a70f796ef53540d2778c0ac5335933c46ddeb9bd6f547bd8802365879d5e27b	webgl2:renderer:gl_utils	webgl2:renderer:gles3
webgl2	renderer/include/rive/renderer/gl/gl_utils.hpp	8	cpp-include	rive/math/aabb.hpp	pinned-source-external	include/rive/math/aabb.hpp	dc4bc1a73305315c2ecbe65410317836ff888588d7b8e2732c22fbe7f05e6a90	webgl2:renderer:gl_utils	-
webgl2	renderer/include/rive/renderer/gl/gl_utils.hpp	9	cpp-include	rive/shapes/paint/image_sampler.hpp	pinned-source-external	include/rive/shapes/paint/image_sampler.hpp	c88d4708b86905adc5e9125bce82410fed3d56a0e2a6b628c0b003db862524ae	webgl2:renderer:gl_utils	-
webgl2	renderer/include/rive/renderer/gl/gl_utils.hpp	10	cpp-include	cstddef	external-sdk-or-system	-	-	webgl2:renderer:gl_utils	-
webgl2	renderer/include/rive/renderer/gl/gl_utils.hpp	11	cpp-include	utility	external-sdk-or-system	-	-	webgl2:renderer:gl_utils	-
webgl2	renderer/include/rive/renderer/gl/gles3.hpp	7	cpp-include	stdint.h	external-sdk-or-system	-	-	webgl2:renderer:gles3	-
webgl2	renderer/include/rive/renderer/gl/gles3.hpp	8	cpp-include	string.h	external-sdk-or-system	-	-	webgl2:renderer:gles3	-
webgl2	renderer/include/rive/renderer/gl/gles3.hpp	11	cpp-include	glad_custom.h	pinned-source-external	renderer/glad/glad_custom.h	0166dcac4b7e5cd2a5efdf9c9b78ab7154fe903bab4cde2f4eb2dc624186fe96	webgl2:renderer:gles3	-
webgl2	renderer/include/rive/renderer/gl/gles3.hpp	21	cpp-include	GLES3/gl3.h	external-sdk-or-system	-	-	webgl2:renderer:gles3	-
webgl2	renderer/include/rive/renderer/gl/gles3.hpp	22	cpp-include	GLES3/gl31.h	external-sdk-or-system	-	-	webgl2:renderer:gles3	-
webgl2	renderer/include/rive/renderer/gl/gles3.hpp	23	cpp-include	GLES3/gl3ext.h	external-sdk-or-system	-	-	webgl2:renderer:gles3	-
webgl2	renderer/include/rive/renderer/gl/gles3.hpp	24	cpp-include	GLES2/gl2ext.h	external-sdk-or-system	-	-	webgl2:renderer:gles3	-
webgl2	renderer/include/rive/renderer/gl/gles3.hpp	28	cpp-include	GLES3/gl3.h	external-sdk-or-system	-	-	webgl2:renderer:gles3	-
webgl2	renderer/include/rive/renderer/gl/gles3.hpp	29	cpp-include	webgl/webgl2_ext.h	external-sdk-or-system	-	-	webgl2:renderer:gles3	-
webgl2	renderer/include/rive/renderer/gl/load_gles_extensions.hpp	10	cpp-include	rive/renderer/gl/gles3.hpp	owned-source	renderer/include/rive/renderer/gl/gles3.hpp	1a70f796ef53540d2778c0ac5335933c46ddeb9bd6f547bd8802365879d5e27b	webgl2:renderer:load_gles_extensions	webgl2:renderer:gles3
webgl2	renderer/include/rive/renderer/gl/load_store_actions_ext.hpp	7	cpp-include	rive/renderer/gpu.hpp	pinned-source-external	renderer/include/rive/renderer/gpu.hpp	97ac849899dedb73a37a8958c58330862482337682b18f99d9b116f052640c9f	webgl2:renderer:load_store_actions_ext	-
webgl2	renderer/include/rive/renderer/gl/load_store_actions_ext.hpp	8	cpp-include	rive/enums.hpp	pinned-source-external	include/rive/enums.hpp	7b1f055253a702275aacfb6173e96c83623ce5677362297b262a99094d7f2e45	webgl2:renderer:load_store_actions_ext	-
webgl2	renderer/include/rive/renderer/gl/load_store_actions_ext.hpp	9	cpp-include	iostream	external-sdk-or-system	-	-	webgl2:renderer:load_store_actions_ext	-
webgl2	renderer/include/rive/renderer/gl/render_buffer_gl_impl.hpp	7	cpp-include	rive/renderer/rive_render_buffer.hpp	pinned-source-external	renderer/include/rive/renderer/rive_render_buffer.hpp	14bf8018d6ff2d0ed528f37611b94ef9366e6a4570b53f18e3c896ca96442496	webgl2:renderer:render_buffer_gl_impl	-
webgl2	renderer/include/rive/renderer/gl/render_buffer_gl_impl.hpp	8	cpp-include	rive/renderer/gl/gles3.hpp	owned-source	renderer/include/rive/renderer/gl/gles3.hpp	1a70f796ef53540d2778c0ac5335933c46ddeb9bd6f547bd8802365879d5e27b	webgl2:renderer:render_buffer_gl_impl	webgl2:renderer:gles3
webgl2	renderer/include/rive/renderer/gl/render_buffer_gl_impl.hpp	9	cpp-include	rive/renderer/gpu.hpp	pinned-source-external	renderer/include/rive/renderer/gpu.hpp	97ac849899dedb73a37a8958c58330862482337682b18f99d9b116f052640c9f	webgl2:renderer:render_buffer_gl_impl	-
webgl2	renderer/include/rive/renderer/gl/render_buffer_gl_impl.hpp	10	cpp-include	array	external-sdk-or-system	-	-	webgl2:renderer:render_buffer_gl_impl	-
webgl2	renderer/include/rive/renderer/gl/render_context_gl_impl.hpp	7	cpp-include	rive/renderer/async_pipeline_manager.hpp	pinned-source-external	renderer/include/rive/renderer/async_pipeline_manager.hpp	52486697482789d71380583085953de656547fc5474518ec6d9f297edef04186	webgl2:renderer:render_context_gl_impl	-
webgl2	renderer/include/rive/renderer/gl/render_context_gl_impl.hpp	8	cpp-include	rive/renderer/gl/gl_state.hpp	owned-source	renderer/include/rive/renderer/gl/gl_state.hpp	3d241850b33604888c5d7f1e5a3fac6e692f7d5f358b2e9ce5a319e191e07ac0	webgl2:renderer:render_context_gl_impl	webgl2:renderer:gl_state
webgl2	renderer/include/rive/renderer/gl/render_context_gl_impl.hpp	9	cpp-include	rive/renderer/gl/gl_utils.hpp	owned-source	renderer/include/rive/renderer/gl/gl_utils.hpp	042cad789ccceb91c4982d5150778b7ad4467da9d98ec852d3fc988b4299cdee	webgl2:renderer:render_context_gl_impl	webgl2:renderer:gl_utils
webgl2	renderer/include/rive/renderer/gl/render_context_gl_impl.hpp	10	cpp-include	rive/renderer/render_context_helper_impl.hpp	pinned-source-external	renderer/include/rive/renderer/render_context_helper_impl.hpp	b2f292aeda3510fddaa360f248fc768e9fc78f30c946ed55f88f58c4d6599761	webgl2:renderer:render_context_gl_impl	-
webgl2	renderer/include/rive/renderer/gl/render_context_gl_impl.hpp	12	cpp-include	unordered_map	external-sdk-or-system	-	-	webgl2:renderer:render_context_gl_impl	-
webgl2	renderer/include/rive/renderer/gl/render_target_gl.hpp	7	cpp-include	rive/renderer/gpu.hpp	pinned-source-external	renderer/include/rive/renderer/gpu.hpp	97ac849899dedb73a37a8958c58330862482337682b18f99d9b116f052640c9f	webgl2:renderer:render_target	-
webgl2	renderer/include/rive/renderer/gl/render_target_gl.hpp	8	cpp-include	rive/renderer/render_target.hpp	pinned-source-external	renderer/include/rive/renderer/render_target.hpp	b84e24fcb41b77dc1c36c42cb6e39562de34037db3895c017e9ca38104fbb690	webgl2:renderer:render_target	-
webgl2	renderer/include/rive/renderer/gl/render_target_gl.hpp	9	cpp-include	rive/renderer/gl/gles3.hpp	owned-source	renderer/include/rive/renderer/gl/gles3.hpp	1a70f796ef53540d2778c0ac5335933c46ddeb9bd6f547bd8802365879d5e27b	webgl2:renderer:render_target	webgl2:renderer:gles3
webgl2	renderer/include/rive/renderer/gl/render_target_gl.hpp	10	cpp-include	rive/renderer/gl/gl_utils.hpp	owned-source	renderer/include/rive/renderer/gl/gl_utils.hpp	042cad789ccceb91c4982d5150778b7ad4467da9d98ec852d3fc988b4299cdee	webgl2:renderer:render_target	webgl2:renderer:gl_utils
webgl2	renderer/include/rive/renderer/gl/render_target_gl.hpp	11	cpp-include	utils/lite_rtti.hpp	pinned-source-external	include/utils/lite_rtti.hpp	590e1b7314acd3f235b9d6600a3d568f07e7be32b61de7e8cb67ab19b002b812	webgl2:renderer:render_target	-
webgl2	renderer/include/rive/renderer/ore/ore_context_gl.hpp	7	cpp-include	rive/renderer/ore/ore_context.hpp	pinned-source-external	renderer/include/rive/renderer/ore/ore_context.hpp	469148e255653eff4ff4e1bc0e0bde3fd12a245eb4e39c60ac14309a3f265bff	webgl2:ore:context	-
webgl2	renderer/src/gl/gl_state.cpp	5	cpp-include	rive/renderer/gl/gl_state.hpp	owned-source	renderer/include/rive/renderer/gl/gl_state.hpp	3d241850b33604888c5d7f1e5a3fac6e692f7d5f358b2e9ce5a319e191e07ac0	webgl2:renderer:gl_state	webgl2:renderer:gl_state
webgl2	renderer/src/gl/gl_state.cpp	7	cpp-include	shaders/constants.glsl	owned-source	renderer/src/shaders/constants.glsl	eefc0b9115beb4fe87b85431b0c683fdec73244c044278e97fdba0c96014bb56	webgl2:renderer:gl_state	shader:source:constants
webgl2	renderer/src/gl/gl_utils.cpp	5	cpp-include	rive/renderer/gl/gl_utils.hpp	owned-source	renderer/include/rive/renderer/gl/gl_utils.hpp	042cad789ccceb91c4982d5150778b7ad4467da9d98ec852d3fc988b4299cdee	webgl2:renderer:gl_utils	webgl2:renderer:gl_utils
webgl2	renderer/src/gl/gl_utils.cpp	6	cpp-include	rive/shapes/paint/image_sampler.hpp	pinned-source-external	include/rive/shapes/paint/image_sampler.hpp	c88d4708b86905adc5e9125bce82410fed3d56a0e2a6b628c0b003db862524ae	webgl2:renderer:gl_utils	-
webgl2	renderer/src/gl/gl_utils.cpp	8	cpp-include	stdio.h	external-sdk-or-system	-	-	webgl2:renderer:gl_utils	-
webgl2	renderer/src/gl/gl_utils.cpp	9	cpp-include	sstream	external-sdk-or-system	-	-	webgl2:renderer:gl_utils	-
webgl2	renderer/src/gl/gl_utils.cpp	10	cpp-include	thread	external-sdk-or-system	-	-	webgl2:renderer:gl_utils	-
webgl2	renderer/src/gl/gl_utils.cpp	11	cpp-include	vector	external-sdk-or-system	-	-	webgl2:renderer:gl_utils	-
webgl2	renderer/src/gl/gl_utils.cpp	13	cpp-include	generated/shaders/glsl.glsl.hpp	generated-from-owned-source	renderer/src/shaders/glsl.glsl	d7e3b795badbe6e5108f268ddea4f7c0bb5af4ad1416e41c7304beca89a15523	webgl2:renderer:gl_utils	shader:source:glsl
webgl2	renderer/src/gl/gl_utils.cpp	16	cpp-include	emscripten/emscripten.h	external-sdk-or-system	-	-	webgl2:renderer:gl_utils	-
webgl2	renderer/src/gl/gl_utils.cpp	17	cpp-include	emscripten/html5.h	external-sdk-or-system	-	-	webgl2:renderer:gl_utils	-
webgl2	renderer/src/gl/load_gles_extensions.cpp	5	cpp-include	rive/renderer/gl/gles3.hpp	owned-source	renderer/include/rive/renderer/gl/gles3.hpp	1a70f796ef53540d2778c0ac5335933c46ddeb9bd6f547bd8802365879d5e27b	webgl2:renderer:load_gles_extensions	webgl2:renderer:gles3
webgl2	renderer/src/gl/load_gles_extensions.cpp	7	cpp-include	EGL/egl.h	external-sdk-or-system	-	-	webgl2:renderer:load_gles_extensions	-
webgl2	renderer/src/gl/load_gles_extensions.cpp	8	cpp-include	assert.h	external-sdk-or-system	-	-	webgl2:renderer:load_gles_extensions	-
webgl2	renderer/src/gl/load_store_actions_ext.cpp	5	cpp-include	rive/renderer/gl/load_store_actions_ext.hpp	owned-source	renderer/include/rive/renderer/gl/load_store_actions_ext.hpp	1257e79033825a39b8004f2258733cfdadbee99e6cbd9777e1679d0a70349ecf	webgl2:renderer:load_store_actions_ext	webgl2:renderer:load_store_actions_ext
webgl2	renderer/src/gl/load_store_actions_ext.cpp	7	cpp-include	generated/shaders/pls_load_store_ext.glsl.hpp	generated-from-owned-source	renderer/src/shaders/pls_load_store_ext.glsl	39d167247268280cac6bbf5d9febdd30fea9fcf1bce5016eca1170e4544feb82	webgl2:renderer:load_store_actions_ext	shader:source:pls_load_store_ext
webgl2	renderer/src/gl/pls_impl_ext_native.cpp	5	cpp-include	rive/renderer/gl/render_context_gl_impl.hpp	owned-source	renderer/include/rive/renderer/gl/render_context_gl_impl.hpp	0463fb7021de6a5cc50a3798138a8494ebbef731535dddfb02a88a375f116414	webgl2:renderer:pls_impl_ext_native	webgl2:renderer:render_context_gl_impl
webgl2	renderer/src/gl/pls_impl_ext_native.cpp	7	cpp-include	rive/renderer/gl/load_store_actions_ext.hpp	owned-source	renderer/include/rive/renderer/gl/load_store_actions_ext.hpp	1257e79033825a39b8004f2258733cfdadbee99e6cbd9777e1679d0a70349ecf	webgl2:renderer:pls_impl_ext_native	webgl2:renderer:load_store_actions_ext
webgl2	renderer/src/gl/pls_impl_ext_native.cpp	8	cpp-include	rive/renderer/gl/gl_utils.hpp	owned-source	renderer/include/rive/renderer/gl/gl_utils.hpp	042cad789ccceb91c4982d5150778b7ad4467da9d98ec852d3fc988b4299cdee	webgl2:renderer:pls_impl_ext_native	webgl2:renderer:gl_utils
webgl2	renderer/src/gl/pls_impl_ext_native.cpp	9	cpp-include	rive/renderer/gl/render_target_gl.hpp	owned-source	renderer/include/rive/renderer/gl/render_target_gl.hpp	b4fb2dc670ba5889393b5f5eb1d60960edd30c7461f04a49564ea17b05544887	webgl2:renderer:pls_impl_ext_native	webgl2:renderer:render_target
webgl2	renderer/src/gl/pls_impl_ext_native.cpp	10	cpp-include	shaders/constants.glsl	owned-source	renderer/src/shaders/constants.glsl	eefc0b9115beb4fe87b85431b0c683fdec73244c044278e97fdba0c96014bb56	webgl2:renderer:pls_impl_ext_native	shader:source:constants
webgl2	renderer/src/gl/pls_impl_ext_native.cpp	11	cpp-include	map	external-sdk-or-system	-	-	webgl2:renderer:pls_impl_ext_native	-
webgl2	renderer/src/gl/pls_impl_ext_native.cpp	12	cpp-include	sstream	external-sdk-or-system	-	-	webgl2:renderer:pls_impl_ext_native	-
webgl2	renderer/src/gl/pls_impl_ext_native.cpp	14	cpp-include	generated/shaders/pls_load_store_ext.glsl.exports.h	generated-from-owned-source	renderer/src/shaders/pls_load_store_ext.glsl	39d167247268280cac6bbf5d9febdd30fea9fcf1bce5016eca1170e4544feb82	webgl2:renderer:pls_impl_ext_native	shader:source:pls_load_store_ext
webgl2	renderer/src/gl/pls_impl_rw_texture.cpp	5	cpp-include	rive/renderer/gl/render_context_gl_impl.hpp	owned-source	renderer/include/rive/renderer/gl/render_context_gl_impl.hpp	0463fb7021de6a5cc50a3798138a8494ebbef731535dddfb02a88a375f116414	webgl2:renderer:pls_impl_rw_texture	webgl2:renderer:render_context_gl_impl
webgl2	renderer/src/gl/pls_impl_rw_texture.cpp	7	cpp-include	rive/renderer/gl/render_target_gl.hpp	owned-source	renderer/include/rive/renderer/gl/render_target_gl.hpp	b4fb2dc670ba5889393b5f5eb1d60960edd30c7461f04a49564ea17b05544887	webgl2:renderer:pls_impl_rw_texture	webgl2:renderer:render_target
webgl2	renderer/src/gl/pls_impl_rw_texture.cpp	8	cpp-include	shaders/constants.glsl	owned-source	renderer/src/shaders/constants.glsl	eefc0b9115beb4fe87b85431b0c683fdec73244c044278e97fdba0c96014bb56	webgl2:renderer:pls_impl_rw_texture	shader:source:constants
webgl2	renderer/src/gl/pls_impl_rw_texture.cpp	9	cpp-include	rive/renderer/gl/gl_utils.hpp	owned-source	renderer/include/rive/renderer/gl/gl_utils.hpp	042cad789ccceb91c4982d5150778b7ad4467da9d98ec852d3fc988b4299cdee	webgl2:renderer:pls_impl_rw_texture	webgl2:renderer:gl_utils
webgl2	renderer/src/gl/pls_impl_rw_texture.cpp	11	cpp-include	generated/shaders/glsl.glsl.exports.h	generated-from-owned-source	renderer/src/shaders/glsl.glsl	d7e3b795badbe6e5108f268ddea4f7c0bb5af4ad1416e41c7304beca89a15523	webgl2:renderer:pls_impl_rw_texture	shader:source:glsl
webgl2	renderer/src/gl/pls_impl_rw_texture.cpp	13	cpp-include	numeric	external-sdk-or-system	-	-	webgl2:renderer:pls_impl_rw_texture	-
webgl2	renderer/src/gl/pls_impl_webgl.cpp	5	cpp-include	rive/renderer/gl/render_context_gl_impl.hpp	owned-source	renderer/include/rive/renderer/gl/render_context_gl_impl.hpp	0463fb7021de6a5cc50a3798138a8494ebbef731535dddfb02a88a375f116414	webgl2:renderer:pls_impl_webgl	webgl2:renderer:render_context_gl_impl
webgl2	renderer/src/gl/pls_impl_webgl.cpp	7	cpp-include	rive/renderer/gl/gl_utils.hpp	owned-source	renderer/include/rive/renderer/gl/gl_utils.hpp	042cad789ccceb91c4982d5150778b7ad4467da9d98ec852d3fc988b4299cdee	webgl2:renderer:pls_impl_webgl	webgl2:renderer:gl_utils
webgl2	renderer/src/gl/pls_impl_webgl.cpp	8	cpp-include	rive/renderer/gl/render_target_gl.hpp	owned-source	renderer/include/rive/renderer/gl/render_target_gl.hpp	b4fb2dc670ba5889393b5f5eb1d60960edd30c7461f04a49564ea17b05544887	webgl2:renderer:pls_impl_webgl	webgl2:renderer:render_target
webgl2	renderer/src/gl/pls_impl_webgl.cpp	9	cpp-include	shaders/constants.glsl	owned-source	renderer/src/shaders/constants.glsl	eefc0b9115beb4fe87b85431b0c683fdec73244c044278e97fdba0c96014bb56	webgl2:renderer:pls_impl_webgl	shader:source:constants
webgl2	renderer/src/gl/pls_impl_webgl.cpp	11	cpp-include	generated/shaders/glsl.glsl.exports.h	generated-from-owned-source	renderer/src/shaders/glsl.glsl	d7e3b795badbe6e5108f268ddea4f7c0bb5af4ad1416e41c7304beca89a15523	webgl2:renderer:pls_impl_webgl	shader:source:glsl
webgl2	renderer/src/gl/pls_impl_webgl.cpp	14	cpp-include	emscripten/emscripten.h	external-sdk-or-system	-	-	webgl2:renderer:pls_impl_webgl	-
webgl2	renderer/src/gl/pls_impl_webgl.cpp	15	cpp-include	emscripten/html5.h	external-sdk-or-system	-	-	webgl2:renderer:pls_impl_webgl	-
webgl2	renderer/src/gl/render_buffer_gl_impl.cpp	5	cpp-include	rive/renderer/gl/render_buffer_gl_impl.hpp	owned-source	renderer/include/rive/renderer/gl/render_buffer_gl_impl.hpp	0ba64664eed80db64b8741972ce55d28bf3521c024b29fc0b24aa0c013543dad	webgl2:renderer:render_buffer_gl_impl	webgl2:renderer:render_buffer_gl_impl
webgl2	renderer/src/gl/render_buffer_gl_impl.cpp	7	cpp-include	rive/renderer/gl/gl_state.hpp	owned-source	renderer/include/rive/renderer/gl/gl_state.hpp	3d241850b33604888c5d7f1e5a3fac6e692f7d5f358b2e9ce5a319e191e07ac0	webgl2:renderer:render_buffer_gl_impl	webgl2:renderer:gl_state
webgl2	renderer/src/gl/render_context_gl_impl.cpp	5	cpp-include	rive/renderer/gl/render_context_gl_impl.hpp	owned-source	renderer/include/rive/renderer/gl/render_context_gl_impl.hpp	0463fb7021de6a5cc50a3798138a8494ebbef731535dddfb02a88a375f116414	webgl2:renderer:render_context_gl_impl	webgl2:renderer:render_context_gl_impl
webgl2	renderer/src/gl/render_context_gl_impl.cpp	7	cpp-include	rive/decoders/astc_footprints.hpp	pinned-source-external	decoders/include/rive/decoders/astc_footprints.hpp	6f392e603c55713e3e3d2a8931cd67e4fb02af975cd32a3e5d6375db2fe077a7	webgl2:renderer:render_context_gl_impl	-
webgl2	renderer/src/gl/render_context_gl_impl.cpp	9	cpp-include	rive/renderer/gl/render_buffer_gl_impl.hpp	owned-source	renderer/include/rive/renderer/gl/render_buffer_gl_impl.hpp	0ba64664eed80db64b8741972ce55d28bf3521c024b29fc0b24aa0c013543dad	webgl2:renderer:render_context_gl_impl	webgl2:renderer:render_buffer_gl_impl
webgl2	renderer/src/gl/render_context_gl_impl.cpp	10	cpp-include	rive/renderer/gl/render_target_gl.hpp	owned-source	renderer/include/rive/renderer/gl/render_target_gl.hpp	b4fb2dc670ba5889393b5f5eb1d60960edd30c7461f04a49564ea17b05544887	webgl2:renderer:render_context_gl_impl	webgl2:renderer:render_target
webgl2	renderer/src/gl/render_context_gl_impl.cpp	11	cpp-include	rive/renderer/draw.hpp	pinned-source-external	renderer/include/rive/renderer/draw.hpp	3a1069e79cf8d67f7675c16fdb965554dd48c077df65c728d652305186aed226	webgl2:renderer:render_context_gl_impl	-
webgl2	renderer/src/gl/render_context_gl_impl.cpp	13	cpp-include	rive/renderer/render_canvas.hpp	pinned-source-external	renderer/include/rive/renderer/render_canvas.hpp	5dcb7b8ddcde6fe878555613fa8aa3fd37e56a7a4d36f7314d6706f4b20ae86d	webgl2:renderer:render_context_gl_impl	-
webgl2	renderer/src/gl/render_context_gl_impl.cpp	14	cpp-include	rive/renderer/ore/ore_context_gl.hpp	owned-source	renderer/include/rive/renderer/ore/ore_context_gl.hpp	850801f25d00820f126752dc557ed3a8cce9cbd94e6c1e7384bbf5a82938193b	webgl2:renderer:render_context_gl_impl	webgl2:ore:context
webgl2	renderer/src/gl/render_context_gl_impl.cpp	16	cpp-include	rive/renderer/render_context_impl.hpp	pinned-source-external	renderer/include/rive/renderer/render_context_impl.hpp	36637574e720c6a3f08ab4a4afefed861fe01ff0820bb2095d4a050027d2a3df	webgl2:renderer:render_context_gl_impl	-
webgl2	renderer/src/gl/render_context_gl_impl.cpp	17	cpp-include	rive/renderer/rive_renderer.hpp	pinned-source-external	renderer/include/rive/renderer/rive_renderer.hpp	1c8bbad4a2a6a3cb1412ddd9a6b7910df14bb5a9baab8c8bbd1467c494c90e6d	webgl2:renderer:render_context_gl_impl	-
webgl2	renderer/src/gl/render_context_gl_impl.cpp	18	cpp-include	rive/renderer/texture.hpp	pinned-source-external	renderer/include/rive/renderer/texture.hpp	297c615ee0de054e28d2d6067316ac39b89fa3cea4de19d2b23aaf96395432b9	webgl2:renderer:render_context_gl_impl	-
webgl2	renderer/src/gl/render_context_gl_impl.cpp	19	cpp-include	shaders/constants.glsl	owned-source	renderer/src/shaders/constants.glsl	eefc0b9115beb4fe87b85431b0c683fdec73244c044278e97fdba0c96014bb56	webgl2:renderer:render_context_gl_impl	shader:source:constants
webgl2	renderer/src/gl/render_context_gl_impl.cpp	20	cpp-include	instance_chunker.hpp	pinned-source-external	renderer/src/instance_chunker.hpp	195b25a8b869c994ade700de15aae06bf3a93cd3f417a493c7815d68530ed203	webgl2:renderer:render_context_gl_impl	-
webgl2	renderer/src/gl/render_context_gl_impl.cpp	22	cpp-include	generated/shaders/advanced_blend.glsl.hpp	generated-from-owned-source	renderer/src/shaders/advanced_blend.glsl	d7f8d9cec8e095c7e6d331a9f3ba48cdb18ea63f961d9223e3dfc509bcd8794b	webgl2:renderer:render_context_gl_impl	shader:source:advanced_blend
webgl2	renderer/src/gl/render_context_gl_impl.cpp	23	cpp-include	generated/shaders/color_ramp.glsl.hpp	generated-from-owned-source	renderer/src/shaders/color_ramp.glsl	65d0e8610193de1a7bf02722bcc153f04474e0d57644a35fd56291333ee8fde1	webgl2:renderer:render_context_gl_impl	shader:source:color_ramp
webgl2	renderer/src/gl/render_context_gl_impl.cpp	24	cpp-include	generated/shaders/constants.glsl.hpp	generated-from-owned-source	renderer/src/shaders/constants.glsl	eefc0b9115beb4fe87b85431b0c683fdec73244c044278e97fdba0c96014bb56	webgl2:renderer:render_context_gl_impl	shader:source:constants
webgl2	renderer/src/gl/render_context_gl_impl.cpp	25	cpp-include	generated/shaders/flush_uniforms.glsl.hpp	generated-from-owned-source	renderer/src/shaders/flush_uniforms.glsl	1c22659c0e40233b0b06515287e122e06b73a4428d8e78721ca71e3419db961e	webgl2:renderer:render_context_gl_impl	shader:source:flush_uniforms
webgl2	renderer/src/gl/render_context_gl_impl.cpp	26	cpp-include	generated/shaders/common.glsl.hpp	generated-from-owned-source	renderer/src/shaders/common.glsl	37d9f72c2ec84a9a24b42d8798c56c77e396c7b57a39f24edece8c95fe8b3881	webgl2:renderer:render_context_gl_impl	shader:source:common
webgl2	renderer/src/gl/render_context_gl_impl.cpp	27	cpp-include	generated/shaders/draw_path_common.glsl.hpp	generated-from-owned-source	renderer/src/shaders/draw_path_common.glsl	3a6e72e80eec81b2eb467134f62188e2a86f7debfb0798a8c4ed5873beb7e86e	webgl2:renderer:render_context_gl_impl	shader:source:draw_path_common
webgl2	renderer/src/gl/render_context_gl_impl.cpp	28	cpp-include	generated/shaders/draw_path.vert.hpp	generated-from-owned-source	renderer/src/shaders/draw_path.vert	b247e0f8a6016df848814454ce0fdf2d4b2a6a81a70484bb223b5d939059ae71	webgl2:renderer:render_context_gl_impl	shader:source:draw_path
webgl2	renderer/src/gl/render_context_gl_impl.cpp	29	cpp-include	generated/shaders/draw_raster_order_path.frag.hpp	generated-from-owned-source	renderer/src/shaders/draw_raster_order_path.frag	f4b4f70790ff16aa39870f0fcd848afa69dc52bf4b45fbbed3c1dab645eeb67f	webgl2:renderer:render_context_gl_impl	shader:source:draw_raster_order_path
webgl2	renderer/src/gl/render_context_gl_impl.cpp	30	cpp-include	generated/shaders/draw_clockwise_path.frag.hpp	generated-from-owned-source	renderer/src/shaders/draw_clockwise_path.frag	f033a35f69ad4d2802fc9afa21f0ca0e06f73bb516d9cd9099a378a553eaa377	webgl2:renderer:render_context_gl_impl	shader:source:draw_clockwise_path
webgl2	renderer/src/gl/render_context_gl_impl.cpp	31	cpp-include	generated/shaders/draw_clockwise_clip.frag.hpp	generated-from-owned-source	renderer/src/shaders/draw_clockwise_clip.frag	85c10fcfd0c66df4796ade0f0c3b33f1d633138cfd2548462e545e804e18307e	webgl2:renderer:render_context_gl_impl	shader:source:draw_clockwise_clip
webgl2	renderer/src/gl/render_context_gl_impl.cpp	32	cpp-include	generated/shaders/draw_image_mesh.vert.hpp	generated-from-owned-source	renderer/src/shaders/draw_image_mesh.vert	f8c9d0c3a50cd3d42af1e67f8acb4258ac8c05833210d0b4556c95dff3312166	webgl2:renderer:render_context_gl_impl	shader:source:draw_image_mesh
webgl2	renderer/src/gl/render_context_gl_impl.cpp	33	cpp-include	generated/shaders/draw_mesh.frag.hpp	generated-from-owned-source	renderer/src/shaders/draw_mesh.frag	d3a060c05d66e187ca2a0edab03788e7d885364ba833237e2e89f39a2b5e9c1f	webgl2:renderer:render_context_gl_impl	shader:source:draw_mesh
webgl2	renderer/src/gl/render_context_gl_impl.cpp	34	cpp-include	generated/shaders/draw_msaa_object.frag.hpp	generated-from-owned-source	renderer/src/shaders/draw_msaa_object.frag	28ec08b53f7f32a12439d5f85481c4f5d66660f0e80e867b44fcbd35adba9d85	webgl2:renderer:render_context_gl_impl	shader:source:draw_msaa_object
webgl2	renderer/src/gl/render_context_gl_impl.cpp	35	cpp-include	generated/shaders/bezier_utils.glsl.hpp	generated-from-owned-source	renderer/src/shaders/bezier_utils.glsl	c18b0d2aac6f33dff72a6f17bdcc4b40ee337651fa0ecdd104e85641701e385f	webgl2:renderer:render_context_gl_impl	shader:source:bezier_utils
webgl2	renderer/src/gl/render_context_gl_impl.cpp	36	cpp-include	generated/shaders/tessellate.glsl.hpp	generated-from-owned-source	renderer/src/shaders/tessellate.glsl	ecf7b979552b7bf7af6ff17a3fc8a0f5666942f7f7febda96fb4255640deee2f	webgl2:renderer:render_context_gl_impl	shader:source:tessellate
webgl2	renderer/src/gl/render_context_gl_impl.cpp	37	cpp-include	generated/shaders/render_atlas.glsl.hpp	generated-from-owned-source	renderer/src/shaders/render_atlas.glsl	9d720063cf3360342205dcfa385e5c43e034aef3dfbd22014991de7aef61e4e6	webgl2:renderer:render_context_gl_impl	shader:source:render_atlas
webgl2	renderer/src/gl/render_context_gl_impl.cpp	38	cpp-include	generated/shaders/resolve_atlas.glsl.hpp	generated-from-owned-source	renderer/src/shaders/resolve_atlas.glsl	a31d945c9b29dd4ba74cff3c9c9010e108f5cd82bb0b82474b199725e59aa04f	webgl2:renderer:render_context_gl_impl	shader:source:resolve_atlas
webgl2	renderer/src/gl/render_context_gl_impl.cpp	39	cpp-include	generated/shaders/blit_texture_as_draw.glsl.hpp	generated-from-owned-source	renderer/src/shaders/blit_texture_as_draw.glsl	c9d6ab3c8911900a246d22484ad4dbda0a050ba76d74353c9a514d3ca7da3515	webgl2:renderer:render_context_gl_impl	shader:source:blit_texture_as_draw
webgl2	renderer/src/gl/render_context_gl_impl.cpp	40	cpp-include	generated/shaders/stencil_draw.glsl.hpp	generated-from-owned-source	renderer/src/shaders/stencil_draw.glsl	9df944e40e0f66f0a7f4e2114fe2644d426a44bc236eab969e3bdf75bb70c0bd	webgl2:renderer:render_context_gl_impl	shader:source:stencil_draw
webgl2	renderer/src/gl/render_context_gl_impl.cpp	43	cpp-include	emscripten/emscripten.h	external-sdk-or-system	-	-	webgl2:renderer:render_context_gl_impl	-
webgl2	renderer/src/gl/render_context_gl_impl.cpp	44	cpp-include	emscripten/html5.h	external-sdk-or-system	-	-	webgl2:renderer:render_context_gl_impl	-
webgl2	renderer/src/gl/render_context_gl_impl.cpp	54	cpp-include	generated/shaders/atomic_draw.glsl.hpp	generated-from-owned-source	renderer/src/shaders/atomic_draw.glsl	fad587733e5990e4ba77e194326dacaf27022026f9621e58a1aac2c131935849	webgl2:renderer:render_context_gl_impl	shader:source:atomic_draw
webgl2	renderer/src/gl/render_target_gl.cpp	5	cpp-include	rive/renderer/gl/render_target_gl.hpp	owned-source	renderer/include/rive/renderer/gl/render_target_gl.hpp	b4fb2dc670ba5889393b5f5eb1d60960edd30c7461f04a49564ea17b05544887	webgl2:renderer:render_target	webgl2:renderer:render_target
webgl2	renderer/src/gl/render_target_gl.cpp	7	cpp-include	rive/renderer/gpu.hpp	pinned-source-external	renderer/include/rive/renderer/gpu.hpp	97ac849899dedb73a37a8958c58330862482337682b18f99d9b116f052640c9f	webgl2:renderer:render_target	-
webgl2	renderer/src/gl/render_target_gl.cpp	8	cpp-include	rive/renderer/gl/render_context_gl_impl.hpp	owned-source	renderer/include/rive/renderer/gl/render_context_gl_impl.hpp	0463fb7021de6a5cc50a3798138a8494ebbef731535dddfb02a88a375f116414	webgl2:renderer:render_target	webgl2:renderer:render_context_gl_impl
webgl2	renderer/src/gl/render_target_gl.cpp	9	cpp-include	shaders/constants.glsl	owned-source	renderer/src/shaders/constants.glsl	eefc0b9115beb4fe87b85431b0c683fdec73244c044278e97fdba0c96014bb56	webgl2:renderer:render_target	shader:source:constants
webgl2	renderer/src/ore/gl/ore_bind_group_gl.cpp	5	cpp-include	ore_bind_group_gl.hpp	owned-source	renderer/src/ore/gl/ore_bind_group_gl.hpp	e8da200cf341a35d855e9a71a55f3b957f92566ea4ae73ae44cbbaddb2f28034	webgl2:ore:bind_group	webgl2:ore:bind_group
webgl2	renderer/src/ore/gl/ore_bind_group_gl.hpp	2	cpp-include	rive/renderer/ore/ore_bind_group.hpp	pinned-source-external	renderer/include/rive/renderer/ore/ore_bind_group.hpp	6896d231c320cf44dfe1373b1507b74d0f0ff38cbbc00ce7f917b44bb7da8933	webgl2:ore:bind_group	-
webgl2	renderer/src/ore/gl/ore_bind_group_gl.hpp	3	cpp-include	cstdint	external-sdk-or-system	-	-	webgl2:ore:bind_group	-
webgl2	renderer/src/ore/gl/ore_bind_group_gl.hpp	4	cpp-include	vector	external-sdk-or-system	-	-	webgl2:ore:bind_group	-
webgl2	renderer/src/ore/gl/ore_buffer_gl.cpp	5	cpp-include	rive/renderer/gl/load_gles_extensions.hpp	owned-source	renderer/include/rive/renderer/gl/load_gles_extensions.hpp	b7b26a500a5bb931c18acf18e68c4821e8ec1cf3e9f6800b959392677e3f6700	webgl2:ore:buffer	webgl2:renderer:load_gles_extensions
webgl2	renderer/src/ore/gl/ore_buffer_gl.cpp	6	cpp-include	ore_buffer_gl.hpp	owned-source	renderer/src/ore/gl/ore_buffer_gl.hpp	383a37adea0387cee1446e634785329e5446406b37b22f8dc2ce8da9595ab0aa	webgl2:ore:buffer	webgl2:ore:buffer
webgl2	renderer/src/ore/gl/ore_buffer_gl.cpp	7	cpp-include	rive/rive_types.hpp	pinned-source-external	include/rive/rive_types.hpp	c18c809de68463e887d1f18b75084991f949848fe3c492b88a9fed77c2661b86	webgl2:ore:buffer	-
webgl2	renderer/src/ore/gl/ore_buffer_gl.hpp	2	cpp-include	rive/renderer/ore/ore_buffer.hpp	pinned-source-external	renderer/include/rive/renderer/ore/ore_buffer.hpp	7dbbde930d2bc799718a0fb3eeca9a2f4f7ac585a1241493f3f09f452552d79b	webgl2:ore:buffer	-
webgl2	renderer/src/ore/gl/ore_buffer_gl.mm	3	cpp-include	ore_buffer_gl.cpp	owned-source	renderer/src/ore/gl/ore_buffer_gl.cpp	4e4f4e90e10956c44ee1695b31ff519ef94faba5fc8327b2fee4e902daad54a1	webgl2:ore:buffer	webgl2:ore:buffer
webgl2	renderer/src/ore/gl/ore_context_gl.cpp	5	cpp-include	rive/renderer/gl/load_gles_extensions.hpp	owned-source	renderer/include/rive/renderer/gl/load_gles_extensions.hpp	b7b26a500a5bb931c18acf18e68c4821e8ec1cf3e9f6800b959392677e3f6700	webgl2:ore:context	webgl2:renderer:load_gles_extensions
webgl2	renderer/src/ore/gl/ore_context_gl.cpp	6	cpp-include	rive/renderer/gl/render_target_gl.hpp	owned-source	renderer/include/rive/renderer/gl/render_target_gl.hpp	b4fb2dc670ba5889393b5f5eb1d60960edd30c7461f04a49564ea17b05544887	webgl2:ore:context	webgl2:renderer:render_target
webgl2	renderer/src/ore/gl/ore_context_gl.cpp	7	cpp-include	rive/renderer/ore/ore_context_gl.hpp	owned-source	renderer/include/rive/renderer/ore/ore_context_gl.hpp	850801f25d00820f126752dc557ed3a8cce9cbd94e6c1e7384bbf5a82938193b	webgl2:ore:context	webgl2:ore:context
webgl2	renderer/src/ore/gl/ore_context_gl.cpp	8	cpp-include	ore_bind_group_gl.hpp	owned-source	renderer/src/ore/gl/ore_bind_group_gl.hpp	e8da200cf341a35d855e9a71a55f3b957f92566ea4ae73ae44cbbaddb2f28034	webgl2:ore:context	webgl2:ore:bind_group
webgl2	renderer/src/ore/gl/ore_context_gl.cpp	9	cpp-include	ore_buffer_gl.hpp	owned-source	renderer/src/ore/gl/ore_buffer_gl.hpp	383a37adea0387cee1446e634785329e5446406b37b22f8dc2ce8da9595ab0aa	webgl2:ore:context	webgl2:ore:buffer
webgl2	renderer/src/ore/gl/ore_context_gl.cpp	10	cpp-include	ore_pipeline_gl.hpp	owned-source	renderer/src/ore/gl/ore_pipeline_gl.hpp	42361bb21ea71a936975b69cabecc4f6a7fcef0f8d1418df7c0b7e891e0abc54	webgl2:ore:context	webgl2:ore:pipeline
webgl2	renderer/src/ore/gl/ore_context_gl.cpp	11	cpp-include	ore_render_pass_gl.hpp	owned-source	renderer/src/ore/gl/ore_render_pass_gl.hpp	130be44d0403b69e73d0f979c2b30614a3b86fb5974961d4c5ec851ed0cb6587	webgl2:ore:context	webgl2:ore:render_pass
webgl2	renderer/src/ore/gl/ore_context_gl.cpp	12	cpp-include	ore_sampler_gl.hpp	owned-source	renderer/src/ore/gl/ore_sampler_gl.hpp	38a3f85f36ba884c495893df6b60b4a9c6e1b745723e70d8d2b9503735f10274	webgl2:ore:context	webgl2:ore:sampler
webgl2	renderer/src/ore/gl/ore_context_gl.cpp	13	cpp-include	ore_shader_module_gl.hpp	owned-source	renderer/src/ore/gl/ore_shader_module_gl.hpp	dbf7df7229881737857831f349eadc1be49c1277c36bccb994611b2a7f9b3953	webgl2:ore:context	webgl2:ore:shader_module
webgl2	renderer/src/ore/gl/ore_context_gl.cpp	14	cpp-include	ore_texture_gl.hpp	owned-source	renderer/src/ore/gl/ore_texture_gl.hpp	2c8a624832db465cde7ddedebc5cf4f518fc18a6369908662801532673f41bc5	webgl2:ore:context	webgl2:ore:texture
webgl2	renderer/src/ore/gl/ore_context_gl.cpp	15	cpp-include	rive/renderer/render_canvas.hpp	pinned-source-external	renderer/include/rive/renderer/render_canvas.hpp	5dcb7b8ddcde6fe878555613fa8aa3fd37e56a7a4d36f7314d6706f4b20ae86d	webgl2:ore:context	-
webgl2	renderer/src/ore/gl/ore_context_gl.cpp	16	cpp-include	rive/rive_types.hpp	pinned-source-external	include/rive/rive_types.hpp	c18c809de68463e887d1f18b75084991f949848fe3c492b88a9fed77c2661b86	webgl2:ore:context	-
webgl2	renderer/src/ore/gl/ore_context_gl.cpp	18	cpp-include	algorithm	external-sdk-or-system	-	-	webgl2:ore:context	-
webgl2	renderer/src/ore/gl/ore_context_gl.cpp	19	cpp-include	cstdlib	external-sdk-or-system	-	-	webgl2:ore:context	-
webgl2	renderer/src/ore/gl/ore_context_gl.cpp	20	cpp-include	cstring	external-sdk-or-system	-	-	webgl2:ore:context	-
webgl2	renderer/src/ore/gl/ore_context_gl.cpp	21	cpp-include	string	external-sdk-or-system	-	-	webgl2:ore:context	-
webgl2	renderer/src/ore/gl/ore_context_gl.cpp	23	cpp-include	emscripten/html5.h	external-sdk-or-system	-	-	webgl2:ore:context	-
webgl2	renderer/src/ore/gl/ore_context_gl.cpp	24	cpp-include	cstdio	external-sdk-or-system	-	-	webgl2:ore:context	-
webgl2	renderer/src/ore/gl/ore_context_gl.mm	3	cpp-include	ore_context_gl.cpp	owned-source	renderer/src/ore/gl/ore_context_gl.cpp	3cd5d53b34f159dc6fa5cd54d630c07485e8fa56fda58c001b99e3c0fed0d33d	webgl2:ore:context	webgl2:ore:context
webgl2	renderer/src/ore/gl/ore_pipeline_gl.cpp	5	cpp-include	rive/renderer/gl/load_gles_extensions.hpp	owned-source	renderer/include/rive/renderer/gl/load_gles_extensions.hpp	b7b26a500a5bb931c18acf18e68c4821e8ec1cf3e9f6800b959392677e3f6700	webgl2:ore:pipeline	webgl2:renderer:load_gles_extensions
webgl2	renderer/src/ore/gl/ore_pipeline_gl.cpp	6	cpp-include	ore_pipeline_gl.hpp	owned-source	renderer/src/ore/gl/ore_pipeline_gl.hpp	42361bb21ea71a936975b69cabecc4f6a7fcef0f8d1418df7c0b7e891e0abc54	webgl2:ore:pipeline	webgl2:ore:pipeline
webgl2	renderer/src/ore/gl/ore_pipeline_gl.hpp	2	cpp-include	rive/renderer/ore/ore_pipeline.hpp	pinned-source-external	renderer/include/rive/renderer/ore/ore_pipeline.hpp	3ce769356bb77fc600ee14ba1c6940455234515ea5d3b84a9b6b6bfa907eaa84	webgl2:ore:pipeline	-
webgl2	renderer/src/ore/gl/ore_pipeline_gl.mm	3	cpp-include	ore_pipeline_gl.cpp	owned-source	renderer/src/ore/gl/ore_pipeline_gl.cpp	33521d2c899fa8f9d3a26b34f2cf39b77380d71496d10cb7790fbf36bc9c3d3c	webgl2:ore:pipeline	webgl2:ore:pipeline
webgl2	renderer/src/ore/gl/ore_render_pass_gl.cpp	5	cpp-include	rive/renderer/gl/load_gles_extensions.hpp	owned-source	renderer/include/rive/renderer/gl/load_gles_extensions.hpp	b7b26a500a5bb931c18acf18e68c4821e8ec1cf3e9f6800b959392677e3f6700	webgl2:ore:render_pass	webgl2:renderer:load_gles_extensions
webgl2	renderer/src/ore/gl/ore_render_pass_gl.cpp	6	cpp-include	ore_render_pass_gl.hpp	owned-source	renderer/src/ore/gl/ore_render_pass_gl.hpp	130be44d0403b69e73d0f979c2b30614a3b86fb5974961d4c5ec851ed0cb6587	webgl2:ore:render_pass	webgl2:ore:render_pass
webgl2	renderer/src/ore/gl/ore_render_pass_gl.cpp	7	cpp-include	ore_buffer_gl.hpp	owned-source	renderer/src/ore/gl/ore_buffer_gl.hpp	383a37adea0387cee1446e634785329e5446406b37b22f8dc2ce8da9595ab0aa	webgl2:ore:render_pass	webgl2:ore:buffer
webgl2	renderer/src/ore/gl/ore_render_pass_gl.cpp	8	cpp-include	ore_pipeline_gl.hpp	owned-source	renderer/src/ore/gl/ore_pipeline_gl.hpp	42361bb21ea71a936975b69cabecc4f6a7fcef0f8d1418df7c0b7e891e0abc54	webgl2:ore:render_pass	webgl2:ore:pipeline
webgl2	renderer/src/ore/gl/ore_render_pass_gl.cpp	9	cpp-include	ore_bind_group_gl.hpp	owned-source	renderer/src/ore/gl/ore_bind_group_gl.hpp	e8da200cf341a35d855e9a71a55f3b957f92566ea4ae73ae44cbbaddb2f28034	webgl2:ore:render_pass	webgl2:ore:bind_group
webgl2	renderer/src/ore/gl/ore_render_pass_gl.cpp	10	cpp-include	ore_texture_gl.hpp	owned-source	renderer/src/ore/gl/ore_texture_gl.hpp	2c8a624832db465cde7ddedebc5cf4f518fc18a6369908662801532673f41bc5	webgl2:ore:render_pass	webgl2:ore:texture
webgl2	renderer/src/ore/gl/ore_render_pass_gl.cpp	11	cpp-include	rive/renderer/ore/ore_context_gl.hpp	owned-source	renderer/include/rive/renderer/ore/ore_context_gl.hpp	850801f25d00820f126752dc557ed3a8cce9cbd94e6c1e7384bbf5a82938193b	webgl2:ore:render_pass	webgl2:ore:context
webgl2	renderer/src/ore/gl/ore_render_pass_gl.cpp	12	cpp-include	rive/rive_types.hpp	pinned-source-external	include/rive/rive_types.hpp	c18c809de68463e887d1f18b75084991f949848fe3c492b88a9fed77c2661b86	webgl2:ore:render_pass	-
webgl2	renderer/src/ore/gl/ore_render_pass_gl.hpp	2	cpp-include	rive/renderer/ore/ore_render_pass.hpp	pinned-source-external	renderer/include/rive/renderer/ore/ore_render_pass.hpp	3c9ecf3d00b1ac158655a09a3fb06c65c4d3b45fabc77d565f7d64c5a0cafaca	webgl2:ore:render_pass	-
webgl2	renderer/src/ore/gl/ore_render_pass_gl.hpp	3	cpp-include	rive/renderer/ore/ore_pipeline.hpp	pinned-source-external	renderer/include/rive/renderer/ore/ore_pipeline.hpp	3ce769356bb77fc600ee14ba1c6940455234515ea5d3b84a9b6b6bfa907eaa84	webgl2:ore:render_pass	-
webgl2	renderer/src/ore/gl/ore_render_pass_gl.hpp	4	cpp-include	rive/refcnt.hpp	pinned-source-external	include/rive/refcnt.hpp	5a3c11ae5b6c5615c9bc8f719b0bcaa770984ef4a18381891e266936b2f2df7d	webgl2:ore:render_pass	-
webgl2	renderer/src/ore/gl/ore_render_pass_gl.hpp	5	cpp-include	cstdint	external-sdk-or-system	-	-	webgl2:ore:render_pass	-
webgl2	renderer/src/ore/gl/ore_render_pass_gl.mm	3	cpp-include	ore_render_pass_gl.cpp	owned-source	renderer/src/ore/gl/ore_render_pass_gl.cpp	1c0f9d62dfd86b713967a02f3a5d389632db5e410e8c318c6bb139d37933d8b6	webgl2:ore:render_pass	webgl2:ore:render_pass
webgl2	renderer/src/ore/gl/ore_sampler_gl.cpp	5	cpp-include	rive/renderer/gl/load_gles_extensions.hpp	owned-source	renderer/include/rive/renderer/gl/load_gles_extensions.hpp	b7b26a500a5bb931c18acf18e68c4821e8ec1cf3e9f6800b959392677e3f6700	webgl2:ore:sampler	webgl2:renderer:load_gles_extensions
webgl2	renderer/src/ore/gl/ore_sampler_gl.cpp	6	cpp-include	ore_sampler_gl.hpp	owned-source	renderer/src/ore/gl/ore_sampler_gl.hpp	38a3f85f36ba884c495893df6b60b4a9c6e1b745723e70d8d2b9503735f10274	webgl2:ore:sampler	webgl2:ore:sampler
webgl2	renderer/src/ore/gl/ore_sampler_gl.hpp	2	cpp-include	rive/renderer/ore/ore_sampler.hpp	pinned-source-external	renderer/include/rive/renderer/ore/ore_sampler.hpp	e185a80af7fbe556f56a060b3a075a7727acc74da9048a2327c91ce566e80671	webgl2:ore:sampler	-
webgl2	renderer/src/ore/gl/ore_sampler_gl.mm	3	cpp-include	ore_sampler_gl.cpp	owned-source	renderer/src/ore/gl/ore_sampler_gl.cpp	c6582fcb7d5a73ce79eb12851db9adf83e5b98d11dd934eac3e0f5e3fd3a25d5	webgl2:ore:sampler	webgl2:ore:sampler
webgl2	renderer/src/ore/gl/ore_shader_module_gl.cpp	5	cpp-include	rive/renderer/gl/load_gles_extensions.hpp	owned-source	renderer/include/rive/renderer/gl/load_gles_extensions.hpp	b7b26a500a5bb931c18acf18e68c4821e8ec1cf3e9f6800b959392677e3f6700	webgl2:ore:shader_module	webgl2:renderer:load_gles_extensions
webgl2	renderer/src/ore/gl/ore_shader_module_gl.cpp	6	cpp-include	ore_shader_module_gl.hpp	owned-source	renderer/src/ore/gl/ore_shader_module_gl.hpp	dbf7df7229881737857831f349eadc1be49c1277c36bccb994611b2a7f9b3953	webgl2:ore:shader_module	webgl2:ore:shader_module
webgl2	renderer/src/ore/gl/ore_shader_module_gl.hpp	2	cpp-include	rive/renderer/ore/ore_shader_module.hpp	pinned-source-external	renderer/include/rive/renderer/ore/ore_shader_module.hpp	7ed17ed2d9adf6ea941b0b53fdac1c96d3e7d2a4f2da3e01495ef16a67a65248	webgl2:ore:shader_module	-
webgl2	renderer/src/ore/gl/ore_shader_module_gl.mm	3	cpp-include	ore_shader_module_gl.cpp	owned-source	renderer/src/ore/gl/ore_shader_module_gl.cpp	4d2ad73340a497876d53afeb8a942c61f19c5899376670598b120a19e20749f9	webgl2:ore:shader_module	webgl2:ore:shader_module
webgl2	renderer/src/ore/gl/ore_texture_gl.cpp	5	cpp-include	rive/renderer/gl/load_gles_extensions.hpp	owned-source	renderer/include/rive/renderer/gl/load_gles_extensions.hpp	b7b26a500a5bb931c18acf18e68c4821e8ec1cf3e9f6800b959392677e3f6700	webgl2:ore:texture	webgl2:renderer:load_gles_extensions
webgl2	renderer/src/ore/gl/ore_texture_gl.cpp	6	cpp-include	ore_texture_gl.hpp	owned-source	renderer/src/ore/gl/ore_texture_gl.hpp	2c8a624832db465cde7ddedebc5cf4f518fc18a6369908662801532673f41bc5	webgl2:ore:texture	webgl2:ore:texture
webgl2	renderer/src/ore/gl/ore_texture_gl.cpp	7	cpp-include	rive/rive_types.hpp	pinned-source-external	include/rive/rive_types.hpp	c18c809de68463e887d1f18b75084991f949848fe3c492b88a9fed77c2661b86	webgl2:ore:texture	-
webgl2	renderer/src/ore/gl/ore_texture_gl.hpp	2	cpp-include	rive/renderer/ore/ore_texture.hpp	pinned-source-external	renderer/include/rive/renderer/ore/ore_texture.hpp	3280b33c7f1f1f3c99a48c5ca6ea0c1434dae389c4ed391cdc6a5cd272b53c69	webgl2:ore:texture	-
webgl2	renderer/src/ore/gl/ore_texture_gl.mm	3	cpp-include	ore_texture_gl.cpp	owned-source	renderer/src/ore/gl/ore_texture_gl.cpp	c8b2025d1fce801cbd75f7e8be406135f2d74b64d323cb3d74f20765e028bac3	webgl2:ore:texture	webgl2:ore:texture
webgpu	renderer/include/rive/renderer/ore/ore_context_wgpu.hpp	7	cpp-include	rive/renderer/ore/ore_context.hpp	pinned-source-external	renderer/include/rive/renderer/ore/ore_context.hpp	469148e255653eff4ff4e1bc0e0bde3fd12a245eb4e39c60ac14309a3f265bff	webgpu:ore:context	-
webgpu	renderer/include/rive/renderer/ore/ore_context_wgpu.hpp	9	cpp-include	webgpu/webgpu_cpp.h	owned-source	renderer/src/webgpu/wagyu-port/include/webgpu/webgpu_cpp.h	d58a0553dd853995594f2ccac691c7e02228263582ce5202f0fd931d48fc5f13	webgpu:ore:context	webgpu:wagyu:webgpu_cpp
webgpu	renderer/include/rive/renderer/ore/ore_context_wgpu.hpp	11	cpp-include	webgpu/webgpu_wagyu.h	owned-source	renderer/src/webgpu/wagyu-port/include/webgpu/webgpu_wagyu.h	8828c4bc56f7b616e6ffb2ca8517cf67db203e3eb4e5802b3853e90e8b9faf5c	webgpu:ore:context	webgpu:wagyu:webgpu_wagyu
webgpu	renderer/include/rive/renderer/webgpu/render_context_webgpu_impl.hpp	7	cpp-include	rive/renderer/render_context_helper_impl.hpp	pinned-source-external	renderer/include/rive/renderer/render_context_helper_impl.hpp	b2f292aeda3510fddaa360f248fc768e9fc78f30c946ed55f88f58c4d6599761	webgpu:renderer:render_context_webgpu_impl	-
webgpu	renderer/include/rive/renderer/webgpu/render_context_webgpu_impl.hpp	8	cpp-include	rive/renderer/texture.hpp	pinned-source-external	renderer/include/rive/renderer/texture.hpp	297c615ee0de054e28d2d6067316ac39b89fa3cea4de19d2b23aaf96395432b9	webgpu:renderer:render_context_webgpu_impl	-
webgpu	renderer/include/rive/renderer/webgpu/render_context_webgpu_impl.hpp	9	cpp-include	array	external-sdk-or-system	-	-	webgpu:renderer:render_context_webgpu_impl	-
webgpu	renderer/include/rive/renderer/webgpu/render_context_webgpu_impl.hpp	10	cpp-include	map	external-sdk-or-system	-	-	webgpu:renderer:render_context_webgpu_impl	-
webgpu	renderer/include/rive/renderer/webgpu/render_context_webgpu_impl.hpp	11	cpp-include	memory	external-sdk-or-system	-	-	webgpu:renderer:render_context_webgpu_impl	-
webgpu	renderer/include/rive/renderer/webgpu/render_context_webgpu_impl.hpp	12	cpp-include	webgpu/webgpu_cpp.h	owned-source	renderer/src/webgpu/wagyu-port/include/webgpu/webgpu_cpp.h	d58a0553dd853995594f2ccac691c7e02228263582ce5202f0fd931d48fc5f13	webgpu:renderer:render_context_webgpu_impl	webgpu:wagyu:webgpu_cpp
webgpu	renderer/src/ore/wgpu/ore_bind_group_layout_wgpu.hpp	2	cpp-include	rive/renderer/ore/ore_bind_group_layout.hpp	pinned-source-external	renderer/include/rive/renderer/ore/ore_bind_group_layout.hpp	c6730020e893736b70f0da1f525aca68e35968ee67ce6c80ef0c3d1478e2698a	webgpu:ore:bind_group_layout	-
webgpu	renderer/src/ore/wgpu/ore_bind_group_layout_wgpu.hpp	3	cpp-include	webgpu/webgpu_cpp.h	owned-source	renderer/src/webgpu/wagyu-port/include/webgpu/webgpu_cpp.h	d58a0553dd853995594f2ccac691c7e02228263582ce5202f0fd931d48fc5f13	webgpu:ore:bind_group_layout	webgpu:wagyu:webgpu_cpp
webgpu	renderer/src/ore/wgpu/ore_bind_group_wgpu.cpp	5	cpp-include	ore_bind_group_wgpu.hpp	owned-source	renderer/src/ore/wgpu/ore_bind_group_wgpu.hpp	1ef4fbf6cd94f64b0d0b1109f15a18092d93e63c37a7bfbf42bb787a0fa94772	webgpu:ore:bind_group	webgpu:ore:bind_group
webgpu	renderer/src/ore/wgpu/ore_bind_group_wgpu.cpp	6	cpp-include	ore_buffer_wgpu.hpp	owned-source	renderer/src/ore/wgpu/ore_buffer_wgpu.hpp	0d7e8a7e0f752a98877f3efc5d6d0f6c060a2bbbf0d70800099351ddbe29bf74	webgpu:ore:bind_group	webgpu:ore:buffer
webgpu	renderer/src/ore/wgpu/ore_bind_group_wgpu.cpp	7	cpp-include	rive/renderer/ore/ore_context_wgpu.hpp	owned-source	renderer/include/rive/renderer/ore/ore_context_wgpu.hpp	905e38d3e78df123c33810bb69539e1d0f39edbc173ecd72618b0d8097dc6e1d	webgpu:ore:bind_group	webgpu:ore:context
webgpu	renderer/src/ore/wgpu/ore_bind_group_wgpu.hpp	2	cpp-include	rive/renderer/ore/ore_bind_group.hpp	pinned-source-external	renderer/include/rive/renderer/ore/ore_bind_group.hpp	6896d231c320cf44dfe1373b1507b74d0f0ff38cbbc00ce7f917b44bb7da8933	webgpu:ore:bind_group	-
webgpu	renderer/src/ore/wgpu/ore_bind_group_wgpu.hpp	3	cpp-include	webgpu/webgpu_cpp.h	owned-source	renderer/src/webgpu/wagyu-port/include/webgpu/webgpu_cpp.h	d58a0553dd853995594f2ccac691c7e02228263582ce5202f0fd931d48fc5f13	webgpu:ore:bind_group	webgpu:wagyu:webgpu_cpp
webgpu	renderer/src/ore/wgpu/ore_bind_group_wgpu.hpp	4	cpp-include	string	external-sdk-or-system	-	-	webgpu:ore:bind_group	-
webgpu	renderer/src/ore/wgpu/ore_bind_group_wgpu.hpp	5	cpp-include	vector	external-sdk-or-system	-	-	webgpu:ore:bind_group	-
webgpu	renderer/src/ore/wgpu/ore_buffer_wgpu.cpp	5	cpp-include	ore_buffer_wgpu.hpp	owned-source	renderer/src/ore/wgpu/ore_buffer_wgpu.hpp	0d7e8a7e0f752a98877f3efc5d6d0f6c060a2bbbf0d70800099351ddbe29bf74	webgpu:ore:buffer	webgpu:ore:buffer
webgpu	renderer/src/ore/wgpu/ore_buffer_wgpu.cpp	6	cpp-include	rive/renderer/ore/ore_context_wgpu.hpp	owned-source	renderer/include/rive/renderer/ore/ore_context_wgpu.hpp	905e38d3e78df123c33810bb69539e1d0f39edbc173ecd72618b0d8097dc6e1d	webgpu:ore:buffer	webgpu:ore:context
webgpu	renderer/src/ore/wgpu/ore_buffer_wgpu.cpp	7	cpp-include	rive/rive_types.hpp	pinned-source-external	include/rive/rive_types.hpp	c18c809de68463e887d1f18b75084991f949848fe3c492b88a9fed77c2661b86	webgpu:ore:buffer	-
webgpu	renderer/src/ore/wgpu/ore_buffer_wgpu.cpp	9	cpp-include	cstring	external-sdk-or-system	-	-	webgpu:ore:buffer	-
webgpu	renderer/src/ore/wgpu/ore_buffer_wgpu.hpp	2	cpp-include	rive/renderer/ore/ore_buffer.hpp	pinned-source-external	renderer/include/rive/renderer/ore/ore_buffer.hpp	7dbbde930d2bc799718a0fb3eeca9a2f4f7ac585a1241493f3f09f452552d79b	webgpu:ore:buffer	-
webgpu	renderer/src/ore/wgpu/ore_buffer_wgpu.hpp	3	cpp-include	webgpu/webgpu_cpp.h	owned-source	renderer/src/webgpu/wagyu-port/include/webgpu/webgpu_cpp.h	d58a0553dd853995594f2ccac691c7e02228263582ce5202f0fd931d48fc5f13	webgpu:ore:buffer	webgpu:wagyu:webgpu_cpp
webgpu	renderer/src/ore/wgpu/ore_buffer_wgpu.hpp	4	cpp-include	vector	external-sdk-or-system	-	-	webgpu:ore:buffer	-
webgpu	renderer/src/ore/wgpu/ore_context_wgpu.cpp	5	cpp-include	rive/renderer/ore/ore_context_wgpu.hpp	owned-source	renderer/include/rive/renderer/ore/ore_context_wgpu.hpp	905e38d3e78df123c33810bb69539e1d0f39edbc173ecd72618b0d8097dc6e1d	webgpu:ore:context	webgpu:ore:context
webgpu	renderer/src/ore/wgpu/ore_context_wgpu.cpp	6	cpp-include	ore_buffer_wgpu.hpp	owned-source	renderer/src/ore/wgpu/ore_buffer_wgpu.hpp	0d7e8a7e0f752a98877f3efc5d6d0f6c060a2bbbf0d70800099351ddbe29bf74	webgpu:ore:context	webgpu:ore:buffer
webgpu	renderer/src/ore/wgpu/ore_context_wgpu.cpp	7	cpp-include	ore_texture_wgpu.hpp	owned-source	renderer/src/ore/wgpu/ore_texture_wgpu.hpp	79b2a93e29d3a8f1fcaa4a625274e1ae383eb7011d5adb0e99507b87871127f1	webgpu:ore:context	webgpu:ore:texture
webgpu	renderer/src/ore/wgpu/ore_context_wgpu.cpp	8	cpp-include	ore_bind_group_wgpu.hpp	owned-source	renderer/src/ore/wgpu/ore_bind_group_wgpu.hpp	1ef4fbf6cd94f64b0d0b1109f15a18092d93e63c37a7bfbf42bb787a0fa94772	webgpu:ore:context	webgpu:ore:bind_group
webgpu	renderer/src/ore/wgpu/ore_context_wgpu.cpp	9	cpp-include	ore_bind_group_layout_wgpu.hpp	owned-source	renderer/src/ore/wgpu/ore_bind_group_layout_wgpu.hpp	8dd38691042c22fc7da7db5ddc37c39681a56dbf60fc82c05ea8be76c6d6be9a	webgpu:ore:context	webgpu:ore:bind_group_layout
webgpu	renderer/src/ore/wgpu/ore_context_wgpu.cpp	10	cpp-include	ore_sampler_wgpu.hpp	owned-source	renderer/src/ore/wgpu/ore_sampler_wgpu.hpp	b5e6eca633ed6dfb7893761d7a6d398ea495fec2b4f30bdaf9278047308e91bd	webgpu:ore:context	webgpu:ore:sampler
webgpu	renderer/src/ore/wgpu/ore_context_wgpu.cpp	11	cpp-include	ore_shader_module_wgpu.hpp	owned-source	renderer/src/ore/wgpu/ore_shader_module_wgpu.hpp	00920df29c3426c1eb9796196b942b228c75879c65f1687c04ab3dbe6e4be4a6	webgpu:ore:context	webgpu:ore:shader_module
webgpu	renderer/src/ore/wgpu/ore_context_wgpu.cpp	12	cpp-include	ore_pipeline_wgpu.hpp	owned-source	renderer/src/ore/wgpu/ore_pipeline_wgpu.hpp	df2f453288fd0e51ea867f7ea7f0c56389daf43185436b2b45f2e972b94c3e39	webgpu:ore:context	webgpu:ore:pipeline
webgpu	renderer/src/ore/wgpu/ore_context_wgpu.cpp	13	cpp-include	ore_render_pass_wgpu.hpp	owned-source	renderer/src/ore/wgpu/ore_render_pass_wgpu.hpp	0bee65c2a1c29c0723979541b1bc674ea4c48760e9a56d273eb36632eecce975	webgpu:ore:context	webgpu:ore:render_pass
webgpu	renderer/src/ore/wgpu/ore_context_wgpu.cpp	14	cpp-include	rive/renderer/render_canvas.hpp	pinned-source-external	renderer/include/rive/renderer/render_canvas.hpp	5dcb7b8ddcde6fe878555613fa8aa3fd37e56a7a4d36f7314d6706f4b20ae86d	webgpu:ore:context	-
webgpu	renderer/src/ore/wgpu/ore_context_wgpu.cpp	15	cpp-include	rive/renderer/webgpu/render_context_webgpu_impl.hpp	owned-source	renderer/include/rive/renderer/webgpu/render_context_webgpu_impl.hpp	7dbd287cf90ecb984ae96a6cc9006ca578b72ddbe825cd1861efc679e17b7d3a	webgpu:ore:context	webgpu:renderer:render_context_webgpu_impl
webgpu	renderer/src/ore/wgpu/ore_context_wgpu.cpp	16	cpp-include	rive/rive_types.hpp	pinned-source-external	include/rive/rive_types.hpp	c18c809de68463e887d1f18b75084991f949848fe3c492b88a9fed77c2661b86	webgpu:ore:context	-
webgpu	renderer/src/ore/wgpu/ore_context_wgpu.cpp	17	cpp-include	ore_wgpu_layout.hpp	owned-source	renderer/src/ore/wgpu/ore_wgpu_layout.hpp	56de4177e8cf574ed40ff297f2c29de6c3ed5ff0daafaa3f33053bf242bba680	webgpu:ore:context	webgpu:ore:wgpu_layout
webgpu	renderer/src/ore/wgpu/ore_context_wgpu.cpp	19	cpp-include	array	external-sdk-or-system	-	-	webgpu:ore:context	-
webgpu	renderer/src/ore/wgpu/ore_context_wgpu.cpp	20	cpp-include	cstring	external-sdk-or-system	-	-	webgpu:ore:context	-
webgpu	renderer/src/ore/wgpu/ore_context_wgpu.cpp	21	cpp-include	string	external-sdk-or-system	-	-	webgpu:ore:context	-
webgpu	renderer/src/ore/wgpu/ore_pipeline_wgpu.cpp	5	cpp-include	ore_pipeline_wgpu.hpp	owned-source	renderer/src/ore/wgpu/ore_pipeline_wgpu.hpp	df2f453288fd0e51ea867f7ea7f0c56389daf43185436b2b45f2e972b94c3e39	webgpu:ore:pipeline	webgpu:ore:pipeline
webgpu	renderer/src/ore/wgpu/ore_pipeline_wgpu.cpp	6	cpp-include	ore_bind_group_layout_wgpu.hpp	owned-source	renderer/src/ore/wgpu/ore_bind_group_layout_wgpu.hpp	8dd38691042c22fc7da7db5ddc37c39681a56dbf60fc82c05ea8be76c6d6be9a	webgpu:ore:pipeline	webgpu:ore:bind_group_layout
webgpu	renderer/src/ore/wgpu/ore_pipeline_wgpu.hpp	2	cpp-include	rive/renderer/ore/ore_pipeline.hpp	pinned-source-external	renderer/include/rive/renderer/ore/ore_pipeline.hpp	3ce769356bb77fc600ee14ba1c6940455234515ea5d3b84a9b6b6bfa907eaa84	webgpu:ore:pipeline	-
webgpu	renderer/src/ore/wgpu/ore_pipeline_wgpu.hpp	3	cpp-include	webgpu/webgpu_cpp.h	owned-source	renderer/src/webgpu/wagyu-port/include/webgpu/webgpu_cpp.h	d58a0553dd853995594f2ccac691c7e02228263582ce5202f0fd931d48fc5f13	webgpu:ore:pipeline	webgpu:wagyu:webgpu_cpp
webgpu	renderer/src/ore/wgpu/ore_render_pass_wgpu.cpp	5	cpp-include	rive/renderer/ore/ore_context_wgpu.hpp	owned-source	renderer/include/rive/renderer/ore/ore_context_wgpu.hpp	905e38d3e78df123c33810bb69539e1d0f39edbc173ecd72618b0d8097dc6e1d	webgpu:ore:render_pass	webgpu:ore:context
webgpu	renderer/src/ore/wgpu/ore_render_pass_wgpu.cpp	6	cpp-include	ore_render_pass_wgpu.hpp	owned-source	renderer/src/ore/wgpu/ore_render_pass_wgpu.hpp	0bee65c2a1c29c0723979541b1bc674ea4c48760e9a56d273eb36632eecce975	webgpu:ore:render_pass	webgpu:ore:render_pass
webgpu	renderer/src/ore/wgpu/ore_render_pass_wgpu.cpp	7	cpp-include	ore_bind_group_wgpu.hpp	owned-source	renderer/src/ore/wgpu/ore_bind_group_wgpu.hpp	1ef4fbf6cd94f64b0d0b1109f15a18092d93e63c37a7bfbf42bb787a0fa94772	webgpu:ore:render_pass	webgpu:ore:bind_group
webgpu	renderer/src/ore/wgpu/ore_render_pass_wgpu.cpp	8	cpp-include	ore_buffer_wgpu.hpp	owned-source	renderer/src/ore/wgpu/ore_buffer_wgpu.hpp	0d7e8a7e0f752a98877f3efc5d6d0f6c060a2bbbf0d70800099351ddbe29bf74	webgpu:ore:render_pass	webgpu:ore:buffer
webgpu	renderer/src/ore/wgpu/ore_render_pass_wgpu.cpp	9	cpp-include	ore_texture_wgpu.hpp	owned-source	renderer/src/ore/wgpu/ore_texture_wgpu.hpp	79b2a93e29d3a8f1fcaa4a625274e1ae383eb7011d5adb0e99507b87871127f1	webgpu:ore:render_pass	webgpu:ore:texture
webgpu	renderer/src/ore/wgpu/ore_render_pass_wgpu.cpp	10	cpp-include	ore_sampler_wgpu.hpp	owned-source	renderer/src/ore/wgpu/ore_sampler_wgpu.hpp	b5e6eca633ed6dfb7893761d7a6d398ea495fec2b4f30bdaf9278047308e91bd	webgpu:ore:render_pass	webgpu:ore:sampler
webgpu	renderer/src/ore/wgpu/ore_render_pass_wgpu.cpp	11	cpp-include	ore_pipeline_wgpu.hpp	owned-source	renderer/src/ore/wgpu/ore_pipeline_wgpu.hpp	df2f453288fd0e51ea867f7ea7f0c56389daf43185436b2b45f2e972b94c3e39	webgpu:ore:render_pass	webgpu:ore:pipeline
webgpu	renderer/src/ore/wgpu/ore_render_pass_wgpu.cpp	12	cpp-include	rive/rive_types.hpp	pinned-source-external	include/rive/rive_types.hpp	c18c809de68463e887d1f18b75084991f949848fe3c492b88a9fed77c2661b86	webgpu:ore:render_pass	-
webgpu	renderer/src/ore/wgpu/ore_render_pass_wgpu.hpp	2	cpp-include	rive/renderer/ore/ore_render_pass.hpp	pinned-source-external	renderer/include/rive/renderer/ore/ore_render_pass.hpp	3c9ecf3d00b1ac158655a09a3fb06c65c4d3b45fabc77d565f7d64c5a0cafaca	webgpu:ore:render_pass	-
webgpu	renderer/src/ore/wgpu/ore_render_pass_wgpu.hpp	3	cpp-include	rive/renderer/ore/ore_pipeline.hpp	pinned-source-external	renderer/include/rive/renderer/ore/ore_pipeline.hpp	3ce769356bb77fc600ee14ba1c6940455234515ea5d3b84a9b6b6bfa907eaa84	webgpu:ore:render_pass	-
webgpu	renderer/src/ore/wgpu/ore_render_pass_wgpu.hpp	4	cpp-include	rive/refcnt.hpp	pinned-source-external	include/rive/refcnt.hpp	5a3c11ae5b6c5615c9bc8f719b0bcaa770984ef4a18381891e266936b2f2df7d	webgpu:ore:render_pass	-
webgpu	renderer/src/ore/wgpu/ore_render_pass_wgpu.hpp	5	cpp-include	webgpu/webgpu_cpp.h	owned-source	renderer/src/webgpu/wagyu-port/include/webgpu/webgpu_cpp.h	d58a0553dd853995594f2ccac691c7e02228263582ce5202f0fd931d48fc5f13	webgpu:ore:render_pass	webgpu:wagyu:webgpu_cpp
webgpu	renderer/src/ore/wgpu/ore_render_pass_wgpu.hpp	6	cpp-include	cstdint	external-sdk-or-system	-	-	webgpu:ore:render_pass	-
webgpu	renderer/src/ore/wgpu/ore_sampler_wgpu.cpp	5	cpp-include	ore_sampler_wgpu.hpp	owned-source	renderer/src/ore/wgpu/ore_sampler_wgpu.hpp	b5e6eca633ed6dfb7893761d7a6d398ea495fec2b4f30bdaf9278047308e91bd	webgpu:ore:sampler	webgpu:ore:sampler
webgpu	renderer/src/ore/wgpu/ore_sampler_wgpu.hpp	2	cpp-include	rive/renderer/ore/ore_sampler.hpp	pinned-source-external	renderer/include/rive/renderer/ore/ore_sampler.hpp	e185a80af7fbe556f56a060b3a075a7727acc74da9048a2327c91ce566e80671	webgpu:ore:sampler	-
webgpu	renderer/src/ore/wgpu/ore_sampler_wgpu.hpp	3	cpp-include	webgpu/webgpu_cpp.h	owned-source	renderer/src/webgpu/wagyu-port/include/webgpu/webgpu_cpp.h	d58a0553dd853995594f2ccac691c7e02228263582ce5202f0fd931d48fc5f13	webgpu:ore:sampler	webgpu:wagyu:webgpu_cpp
webgpu	renderer/src/ore/wgpu/ore_shader_module_wgpu.cpp	5	cpp-include	ore_shader_module_wgpu.hpp	owned-source	renderer/src/ore/wgpu/ore_shader_module_wgpu.hpp	00920df29c3426c1eb9796196b942b228c75879c65f1687c04ab3dbe6e4be4a6	webgpu:ore:shader_module	webgpu:ore:shader_module
webgpu	renderer/src/ore/wgpu/ore_shader_module_wgpu.hpp	2	cpp-include	rive/renderer/ore/ore_shader_module.hpp	pinned-source-external	renderer/include/rive/renderer/ore/ore_shader_module.hpp	7ed17ed2d9adf6ea941b0b53fdac1c96d3e7d2a4f2da3e01495ef16a67a65248	webgpu:ore:shader_module	-
webgpu	renderer/src/ore/wgpu/ore_shader_module_wgpu.hpp	3	cpp-include	webgpu/webgpu_cpp.h	owned-source	renderer/src/webgpu/wagyu-port/include/webgpu/webgpu_cpp.h	d58a0553dd853995594f2ccac691c7e02228263582ce5202f0fd931d48fc5f13	webgpu:ore:shader_module	webgpu:wagyu:webgpu_cpp
webgpu	renderer/src/ore/wgpu/ore_texture_wgpu.cpp	5	cpp-include	ore_texture_wgpu.hpp	owned-source	renderer/src/ore/wgpu/ore_texture_wgpu.hpp	79b2a93e29d3a8f1fcaa4a625274e1ae383eb7011d5adb0e99507b87871127f1	webgpu:ore:texture	webgpu:ore:texture
webgpu	renderer/src/ore/wgpu/ore_texture_wgpu.cpp	6	cpp-include	rive/renderer/ore/ore_types.hpp	pinned-source-external	renderer/include/rive/renderer/ore/ore_types.hpp	be22ccf441b8556c8b0c7efaf5c709571ac0397a7cfa29ae10b9c56aa3ba9951	webgpu:ore:texture	-
webgpu	renderer/src/ore/wgpu/ore_texture_wgpu.cpp	7	cpp-include	rive/rive_types.hpp	pinned-source-external	include/rive/rive_types.hpp	c18c809de68463e887d1f18b75084991f949848fe3c492b88a9fed77c2661b86	webgpu:ore:texture	-
webgpu	renderer/src/ore/wgpu/ore_texture_wgpu.hpp	2	cpp-include	rive/renderer/ore/ore_texture.hpp	pinned-source-external	renderer/include/rive/renderer/ore/ore_texture.hpp	3280b33c7f1f1f3c99a48c5ca6ea0c1434dae389c4ed391cdc6a5cd272b53c69	webgpu:ore:texture	-
webgpu	renderer/src/ore/wgpu/ore_texture_wgpu.hpp	3	cpp-include	webgpu/webgpu_cpp.h	owned-source	renderer/src/webgpu/wagyu-port/include/webgpu/webgpu_cpp.h	d58a0553dd853995594f2ccac691c7e02228263582ce5202f0fd931d48fc5f13	webgpu:ore:texture	webgpu:wagyu:webgpu_cpp
webgpu	renderer/src/ore/wgpu/ore_wgpu_layout.hpp	24	cpp-include	rive/renderer/ore/ore_binding_map.hpp	pinned-source-external	renderer/include/rive/renderer/ore/ore_binding_map.hpp	23a1dd8c138b434bcfea335eb547fcb3ce8ed1d54154c1bad402c892be877d13	webgpu:ore:wgpu_layout	-
webgpu	renderer/src/ore/wgpu/ore_wgpu_layout.hpp	25	cpp-include	rive/renderer/ore/ore_types.hpp	pinned-source-external	renderer/include/rive/renderer/ore/ore_types.hpp	be22ccf441b8556c8b0c7efaf5c709571ac0397a7cfa29ae10b9c56aa3ba9951	webgpu:ore:wgpu_layout	-
webgpu	renderer/src/ore/wgpu/ore_wgpu_layout.hpp	27	cpp-include	webgpu/webgpu_cpp.h	owned-source	renderer/src/webgpu/wagyu-port/include/webgpu/webgpu_cpp.h	d58a0553dd853995594f2ccac691c7e02228263582ce5202f0fd931d48fc5f13	webgpu:ore:wgpu_layout	webgpu:wagyu:webgpu_cpp
webgpu	renderer/src/ore/wgpu/ore_wgpu_layout.hpp	29	cpp-include	array	external-sdk-or-system	-	-	webgpu:ore:wgpu_layout	-
webgpu	renderer/src/ore/wgpu/ore_wgpu_layout.hpp	30	cpp-include	cassert	external-sdk-or-system	-	-	webgpu:ore:wgpu_layout	-
webgpu	renderer/src/ore/wgpu/ore_wgpu_layout.hpp	31	cpp-include	cstdint	external-sdk-or-system	-	-	webgpu:ore:wgpu_layout	-
webgpu	renderer/src/webgpu/render_context_webgpu_impl.cpp	5	cpp-include	rive/renderer/webgpu/render_context_webgpu_impl.hpp	owned-source	renderer/include/rive/renderer/webgpu/render_context_webgpu_impl.hpp	7dbd287cf90ecb984ae96a6cc9006ca578b72ddbe825cd1861efc679e17b7d3a	webgpu:renderer:render_context_webgpu_impl	webgpu:renderer:render_context_webgpu_impl
webgpu	renderer/src/webgpu/render_context_webgpu_impl.cpp	7	cpp-include	rive/decoders/astc_footprints.hpp	pinned-source-external	decoders/include/rive/decoders/astc_footprints.hpp	6f392e603c55713e3e3d2a8931cd67e4fb02af975cd32a3e5d6375db2fe077a7	webgpu:renderer:render_context_webgpu_impl	-
webgpu	renderer/src/webgpu/render_context_webgpu_impl.cpp	9	cpp-include	rive/renderer/draw.hpp	pinned-source-external	renderer/include/rive/renderer/draw.hpp	3a1069e79cf8d67f7675c16fdb965554dd48c077df65c728d652305186aed226	webgpu:renderer:render_context_webgpu_impl	-
webgpu	renderer/src/webgpu/render_context_webgpu_impl.cpp	11	cpp-include	rive/renderer/render_canvas.hpp	pinned-source-external	renderer/include/rive/renderer/render_canvas.hpp	5dcb7b8ddcde6fe878555613fa8aa3fd37e56a7a4d36f7314d6706f4b20ae86d	webgpu:renderer:render_context_webgpu_impl	-
webgpu	renderer/src/webgpu/render_context_webgpu_impl.cpp	12	cpp-include	rive/renderer/ore/ore_context_wgpu.hpp	owned-source	renderer/include/rive/renderer/ore/ore_context_wgpu.hpp	905e38d3e78df123c33810bb69539e1d0f39edbc173ecd72618b0d8097dc6e1d	webgpu:renderer:render_context_webgpu_impl	webgpu:ore:context
webgpu	renderer/src/webgpu/render_context_webgpu_impl.cpp	14	cpp-include	rive/renderer/stack_vector.hpp	pinned-source-external	renderer/include/rive/renderer/stack_vector.hpp	133abf6cebefc5b4b1e7e6d246d65747ad4504ca4fa073b6b5e6dea13797c896	webgpu:renderer:render_context_webgpu_impl	-
webgpu	renderer/src/webgpu/render_context_webgpu_impl.cpp	15	cpp-include	rive/gpu_texture_format.hpp	pinned-source-external	include/rive/gpu_texture_format.hpp	0b4b115330cefcd7a9b5c98e96453bbd1fb3fa476c5064073392f7c0ce1724e2	webgpu:renderer:render_context_webgpu_impl	-
webgpu	renderer/src/webgpu/render_context_webgpu_impl.cpp	16	cpp-include	shaders/constants.glsl	owned-source	renderer/src/shaders/constants.glsl	eefc0b9115beb4fe87b85431b0c683fdec73244c044278e97fdba0c96014bb56	webgpu:renderer:render_context_webgpu_impl	shader:source:constants
webgpu	renderer/src/webgpu/render_context_webgpu_impl.cpp	18	cpp-include	sstream	external-sdk-or-system	-	-	webgpu:renderer:render_context_webgpu_impl	-
webgpu	renderer/src/webgpu/render_context_webgpu_impl.cpp	19	cpp-include	string	external-sdk-or-system	-	-	webgpu:renderer:render_context_webgpu_impl	-
webgpu	renderer/src/webgpu/render_context_webgpu_impl.cpp	21	cpp-include	generated/shaders/wgsl/blit_texture_as_draw_filtered.webgpu_vert.hpp	generated-from-owned-source	renderer/src/shaders/spirv/blit_texture_as_draw_filtered.main	f94fff896ffcde07a3cf5ab06932284a4fa9dc6b87e48bb8256e018939bef0ea	webgpu:renderer:render_context_webgpu_impl	shader:source:blit_texture_as_draw_filtered
webgpu	renderer/src/webgpu/render_context_webgpu_impl.cpp	22	cpp-include	generated/shaders/wgsl/blit_texture_as_draw_filtered.webgpu_frag.hpp	generated-from-owned-source	renderer/src/shaders/spirv/blit_texture_as_draw_filtered.main	f94fff896ffcde07a3cf5ab06932284a4fa9dc6b87e48bb8256e018939bef0ea	webgpu:renderer:render_context_webgpu_impl	shader:source:blit_texture_as_draw_filtered
webgpu	renderer/src/webgpu/render_context_webgpu_impl.cpp	23	cpp-include	generated/shaders/wgsl/color_ramp.vert.hpp	generated-from-owned-source	renderer/src/shaders/spirv/color_ramp.main	076d5d45b3af0d27a138f41ac6fc32fd7411384cccc74c9a7b85c2cf376ea2e5	webgpu:renderer:render_context_webgpu_impl	shader:source:color_ramp
webgpu	renderer/src/webgpu/render_context_webgpu_impl.cpp	24	cpp-include	generated/shaders/wgsl/color_ramp.frag.hpp	generated-from-owned-source	renderer/src/shaders/spirv/color_ramp.main	076d5d45b3af0d27a138f41ac6fc32fd7411384cccc74c9a7b85c2cf376ea2e5	webgpu:renderer:render_context_webgpu_impl	shader:source:color_ramp
webgpu	renderer/src/webgpu/render_context_webgpu_impl.cpp	25	cpp-include	generated/shaders/wgsl/tessellate.webgpu_vert.hpp	generated-from-owned-source	renderer/src/shaders/spirv/tessellate.main	9a50cb20894f19978864152d4852293a2052cba80573b80246dbce5f2f5a55a0	webgpu:renderer:render_context_webgpu_impl	shader:source:tessellate
webgpu	renderer/src/webgpu/render_context_webgpu_impl.cpp	26	cpp-include	generated/shaders/wgsl/tessellate.webgpu_nossbo_vert.hpp	generated-from-owned-source	renderer/src/shaders/spirv/tessellate.main	9a50cb20894f19978864152d4852293a2052cba80573b80246dbce5f2f5a55a0	webgpu:renderer:render_context_webgpu_impl	shader:source:tessellate
webgpu	renderer/src/webgpu/render_context_webgpu_impl.cpp	27	cpp-include	generated/shaders/wgsl/tessellate.webgpu_frag.hpp	generated-from-owned-source	renderer/src/shaders/spirv/tessellate.main	9a50cb20894f19978864152d4852293a2052cba80573b80246dbce5f2f5a55a0	webgpu:renderer:render_context_webgpu_impl	shader:source:tessellate
webgpu	renderer/src/webgpu/render_context_webgpu_impl.cpp	28	cpp-include	generated/shaders/wgsl/render_atlas.webgpu_vert.hpp	generated-from-owned-source	renderer/src/shaders/spirv/render_atlas.vert	109e973cde4ace814cc88b472a9b3c1d85152a85b0068108027b9fbecfd552cb	webgpu:renderer:render_context_webgpu_impl	shader:source:render_atlas
webgpu	renderer/src/webgpu/render_context_webgpu_impl.cpp	29	cpp-include	generated/shaders/wgsl/render_atlas.webgpu_nossbo_vert.hpp	generated-from-owned-source	renderer/src/shaders/spirv/render_atlas.vert	109e973cde4ace814cc88b472a9b3c1d85152a85b0068108027b9fbecfd552cb	webgpu:renderer:render_context_webgpu_impl	shader:source:render_atlas
webgpu	renderer/src/webgpu/render_context_webgpu_impl.cpp	30	cpp-include	generated/shaders/wgsl/render_atlas_fill.webgpu_frag.hpp	generated-from-owned-source	renderer/src/shaders/spirv/render_atlas_fill.frag	2ba6ac1bec020d443619622f060bee9fd978d0f3fcde65e715419968886d7f9a	webgpu:renderer:render_context_webgpu_impl	shader:source:render_atlas_fill
webgpu	renderer/src/webgpu/render_context_webgpu_impl.cpp	31	cpp-include	generated/shaders/wgsl/render_atlas_stroke.webgpu_frag.hpp	generated-from-owned-source	renderer/src/shaders/spirv/render_atlas_stroke.frag	03993d7ed74efdbf0f5db9e576b24b7be3661bd66bb66483b5752de77426d8aa	webgpu:renderer:render_context_webgpu_impl	shader:source:render_atlas_stroke
webgpu	renderer/src/webgpu/render_context_webgpu_impl.cpp	34	cpp-include	generated/shaders/wgsl/atomic_draw_path.webgpu_vert.hpp	generated-from-owned-source	renderer/src/shaders/spirv/atomic_draw_path.main	03327dcdaa878b265f76d721cb321e047f87e5df4e8b40dc4cb923623e4ab99b	webgpu:renderer:render_context_webgpu_impl	shader:source:atomic_draw_path
webgpu	renderer/src/webgpu/render_context_webgpu_impl.cpp	35	cpp-include	generated/shaders/wgsl/atomic_draw_path.webgpu_frag.hpp	generated-from-owned-source	renderer/src/shaders/spirv/atomic_draw_path.main	03327dcdaa878b265f76d721cb321e047f87e5df4e8b40dc4cb923623e4ab99b	webgpu:renderer:render_context_webgpu_impl	shader:source:atomic_draw_path
webgpu	renderer/src/webgpu/render_context_webgpu_impl.cpp	36	cpp-include	generated/shaders/wgsl/atomic_draw_path.webgpu_fixedcolor_frag.hpp	generated-from-owned-source	renderer/src/shaders/spirv/atomic_draw_path.main	03327dcdaa878b265f76d721cb321e047f87e5df4e8b40dc4cb923623e4ab99b	webgpu:renderer:render_context_webgpu_impl	shader:source:atomic_draw_path
webgpu	renderer/src/webgpu/render_context_webgpu_impl.cpp	37	cpp-include	generated/shaders/wgsl/atomic_draw_interior_triangles.webgpu_vert.hpp	generated-from-owned-source	renderer/src/shaders/spirv/atomic_draw_interior_triangles.main	1a1c47d985e4e4889316b0fd7ba7102eb94f97e9ada55c964cb36118ef410d45	webgpu:renderer:render_context_webgpu_impl	shader:source:atomic_draw_interior_triangles
webgpu	renderer/src/webgpu/render_context_webgpu_impl.cpp	38	cpp-include	generated/shaders/wgsl/atomic_draw_interior_triangles.webgpu_frag.hpp	generated-from-owned-source	renderer/src/shaders/spirv/atomic_draw_interior_triangles.main	1a1c47d985e4e4889316b0fd7ba7102eb94f97e9ada55c964cb36118ef410d45	webgpu:renderer:render_context_webgpu_impl	shader:source:atomic_draw_interior_triangles
webgpu	renderer/src/webgpu/render_context_webgpu_impl.cpp	39	cpp-include	generated/shaders/wgsl/atomic_draw_interior_triangles.webgpu_fixedcolor_frag.hpp	generated-from-owned-source	renderer/src/shaders/spirv/atomic_draw_interior_triangles.main	1a1c47d985e4e4889316b0fd7ba7102eb94f97e9ada55c964cb36118ef410d45	webgpu:renderer:render_context_webgpu_impl	shader:source:atomic_draw_interior_triangles
webgpu	renderer/src/webgpu/render_context_webgpu_impl.cpp	40	cpp-include	generated/shaders/wgsl/atomic_draw_atlas_blit.webgpu_vert.hpp	generated-from-owned-source	renderer/src/shaders/spirv/atomic_draw_atlas_blit.main	c5d2e1d8e70a1c4bf50a5ba40993860f15ac680d3ebfcd78ea30c1ce81e6a669	webgpu:renderer:render_context_webgpu_impl	shader:source:atomic_draw_atlas_blit
webgpu	renderer/src/webgpu/render_context_webgpu_impl.cpp	41	cpp-include	generated/shaders/wgsl/atomic_draw_atlas_blit.webgpu_frag.hpp	generated-from-owned-source	renderer/src/shaders/spirv/atomic_draw_atlas_blit.main	c5d2e1d8e70a1c4bf50a5ba40993860f15ac680d3ebfcd78ea30c1ce81e6a669	webgpu:renderer:render_context_webgpu_impl	shader:source:atomic_draw_atlas_blit
webgpu	renderer/src/webgpu/render_context_webgpu_impl.cpp	42	cpp-include	generated/shaders/wgsl/atomic_draw_atlas_blit.webgpu_fixedcolor_frag.hpp	generated-from-owned-source	renderer/src/shaders/spirv/atomic_draw_atlas_blit.main	c5d2e1d8e70a1c4bf50a5ba40993860f15ac680d3ebfcd78ea30c1ce81e6a669	webgpu:renderer:render_context_webgpu_impl	shader:source:atomic_draw_atlas_blit
webgpu	renderer/src/webgpu/render_context_webgpu_impl.cpp	43	cpp-include	generated/shaders/wgsl/atomic_draw_image_rect.webgpu_vert.hpp	generated-from-owned-source	renderer/src/shaders/spirv/atomic_draw_image_rect.main	2b7fa330f9aeb79855911a67fa76270a8d1a8b83cb8fac297886d0a362b018cf	webgpu:renderer:render_context_webgpu_impl	shader:source:atomic_draw_image_rect
webgpu	renderer/src/webgpu/render_context_webgpu_impl.cpp	44	cpp-include	generated/shaders/wgsl/atomic_draw_image_rect.webgpu_frag.hpp	generated-from-owned-source	renderer/src/shaders/spirv/atomic_draw_image_rect.main	2b7fa330f9aeb79855911a67fa76270a8d1a8b83cb8fac297886d0a362b018cf	webgpu:renderer:render_context_webgpu_impl	shader:source:atomic_draw_image_rect
webgpu	renderer/src/webgpu/render_context_webgpu_impl.cpp	45	cpp-include	generated/shaders/wgsl/atomic_draw_image_rect.webgpu_fixedcolor_frag.hpp	generated-from-owned-source	renderer/src/shaders/spirv/atomic_draw_image_rect.main	2b7fa330f9aeb79855911a67fa76270a8d1a8b83cb8fac297886d0a362b018cf	webgpu:renderer:render_context_webgpu_impl	shader:source:atomic_draw_image_rect
webgpu	renderer/src/webgpu/render_context_webgpu_impl.cpp	46	cpp-include	generated/shaders/wgsl/atomic_draw_image_mesh.webgpu_vert.hpp	generated-from-owned-source	renderer/src/shaders/spirv/atomic_draw_image_mesh.main	06fbd52a990b3ae38b460b661967cb8069787621948308d1eb8cdfda83522276	webgpu:renderer:render_context_webgpu_impl	shader:source:atomic_draw_image_mesh
webgpu	renderer/src/webgpu/render_context_webgpu_impl.cpp	47	cpp-include	generated/shaders/wgsl/atomic_draw_image_mesh.webgpu_frag.hpp	generated-from-owned-source	renderer/src/shaders/spirv/atomic_draw_image_mesh.main	06fbd52a990b3ae38b460b661967cb8069787621948308d1eb8cdfda83522276	webgpu:renderer:render_context_webgpu_impl	shader:source:atomic_draw_image_mesh
webgpu	renderer/src/webgpu/render_context_webgpu_impl.cpp	48	cpp-include	generated/shaders/wgsl/atomic_draw_image_mesh.webgpu_fixedcolor_frag.hpp	generated-from-owned-source	renderer/src/shaders/spirv/atomic_draw_image_mesh.main	06fbd52a990b3ae38b460b661967cb8069787621948308d1eb8cdfda83522276	webgpu:renderer:render_context_webgpu_impl	shader:source:atomic_draw_image_mesh
webgpu	renderer/src/webgpu/render_context_webgpu_impl.cpp	49	cpp-include	generated/shaders/wgsl/atomic_resolve.webgpu_vert.hpp	generated-from-owned-source	renderer/src/shaders/spirv/atomic_resolve.main	40fa708b2c8d1750c12353519998cadf129a4872ccb5798d21ccbf97e145781b	webgpu:renderer:render_context_webgpu_impl	shader:source:atomic_resolve
webgpu	renderer/src/webgpu/render_context_webgpu_impl.cpp	50	cpp-include	generated/shaders/wgsl/atomic_resolve.webgpu_fixedcolor_frag.hpp	generated-from-owned-source	renderer/src/shaders/spirv/atomic_resolve.main	40fa708b2c8d1750c12353519998cadf129a4872ccb5798d21ccbf97e145781b	webgpu:renderer:render_context_webgpu_impl	shader:source:atomic_resolve
webgpu	renderer/src/webgpu/render_context_webgpu_impl.cpp	51	cpp-include	generated/shaders/wgsl/atomic_resolve_coalesced.webgpu_vert.hpp	generated-from-owned-source	renderer/src/shaders/spirv/atomic_resolve_coalesced.main	f12d67000ab8246082540fbfa41a4266a772280ceef9186bd14d4043050bfde9	webgpu:renderer:render_context_webgpu_impl	shader:source:atomic_resolve_coalesced
webgpu	renderer/src/webgpu/render_context_webgpu_impl.cpp	52	cpp-include	generated/shaders/wgsl/atomic_resolve_coalesced.webgpu_frag.hpp	generated-from-owned-source	renderer/src/shaders/spirv/atomic_resolve_coalesced.main	f12d67000ab8246082540fbfa41a4266a772280ceef9186bd14d4043050bfde9	webgpu:renderer:render_context_webgpu_impl	shader:source:atomic_resolve_coalesced
webgpu	renderer/src/webgpu/render_context_webgpu_impl.cpp	53	cpp-include	generated/shaders/wgsl/atomic_init.webgpu_vert.hpp	generated-from-owned-source	renderer/src/shaders/spirv/atomic_init.main	c9c707cb27960486c50e5b5fe5686c1b831b222682b3e3a49dcb631652abafba	webgpu:renderer:render_context_webgpu_impl	shader:source:atomic_init
webgpu	renderer/src/webgpu/render_context_webgpu_impl.cpp	54	cpp-include	generated/shaders/wgsl/atomic_init.webgpu_frag.hpp	generated-from-owned-source	renderer/src/shaders/spirv/atomic_init.main	c9c707cb27960486c50e5b5fe5686c1b831b222682b3e3a49dcb631652abafba	webgpu:renderer:render_context_webgpu_impl	shader:source:atomic_init
webgpu	renderer/src/webgpu/render_context_webgpu_impl.cpp	55	cpp-include	generated/shaders/wgsl/atomic_init.webgpu_fixedcolor_frag.hpp	generated-from-owned-source	renderer/src/shaders/spirv/atomic_init.main	c9c707cb27960486c50e5b5fe5686c1b831b222682b3e3a49dcb631652abafba	webgpu:renderer:render_context_webgpu_impl	shader:source:atomic_init
webgpu	renderer/src/webgpu/render_context_webgpu_impl.cpp	58	cpp-include	generated/shaders/wgsl/draw_msaa_path.webgpu_vert.hpp	generated-from-owned-source	renderer/src/shaders/spirv/draw_msaa_path.main	512ac90d68cc626b7c6b138058f64d8307440786c11f08862ef7e88188be831b	webgpu:renderer:render_context_webgpu_impl	shader:source:draw_msaa_path
webgpu	renderer/src/webgpu/render_context_webgpu_impl.cpp	59	cpp-include	generated/shaders/wgsl/draw_msaa_path.webgpu_noclipdistance_vert.hpp	generated-from-owned-source	renderer/src/shaders/spirv/draw_msaa_path.main	512ac90d68cc626b7c6b138058f64d8307440786c11f08862ef7e88188be831b	webgpu:renderer:render_context_webgpu_impl	shader:source:draw_msaa_path
webgpu	renderer/src/webgpu/render_context_webgpu_impl.cpp	60	cpp-include	generated/shaders/wgsl/draw_msaa_path.webgpu_nossbo_vert.hpp	generated-from-owned-source	renderer/src/shaders/spirv/draw_msaa_path.main	512ac90d68cc626b7c6b138058f64d8307440786c11f08862ef7e88188be831b	webgpu:renderer:render_context_webgpu_impl	shader:source:draw_msaa_path
webgpu	renderer/src/webgpu/render_context_webgpu_impl.cpp	61	cpp-include	generated/shaders/wgsl/draw_msaa_path.webgpu_nossbo_noclipdistance_vert.hpp	generated-from-owned-source	renderer/src/shaders/spirv/draw_msaa_path.main	512ac90d68cc626b7c6b138058f64d8307440786c11f08862ef7e88188be831b	webgpu:renderer:render_context_webgpu_impl	shader:source:draw_msaa_path
webgpu	renderer/src/webgpu/render_context_webgpu_impl.cpp	62	cpp-include	generated/shaders/wgsl/draw_msaa_path.webgpu_frag.hpp	generated-from-owned-source	renderer/src/shaders/spirv/draw_msaa_path.main	512ac90d68cc626b7c6b138058f64d8307440786c11f08862ef7e88188be831b	webgpu:renderer:render_context_webgpu_impl	shader:source:draw_msaa_path
webgpu	renderer/src/webgpu/render_context_webgpu_impl.cpp	63	cpp-include	generated/shaders/wgsl/draw_msaa_path.webgpu_fixedcolor_frag.hpp	generated-from-owned-source	renderer/src/shaders/spirv/draw_msaa_path.main	512ac90d68cc626b7c6b138058f64d8307440786c11f08862ef7e88188be831b	webgpu:renderer:render_context_webgpu_impl	shader:source:draw_msaa_path
webgpu	renderer/src/webgpu/render_context_webgpu_impl.cpp	64	cpp-include	generated/shaders/wgsl/draw_msaa_atlas_blit.webgpu_vert.hpp	generated-from-owned-source	renderer/src/shaders/spirv/draw_msaa_atlas_blit.main	f62ec4cec844501391fd09af5d9cc10a4a73871f4a49ade2173ba1c1d210e3f8	webgpu:renderer:render_context_webgpu_impl	shader:source:draw_msaa_atlas_blit
webgpu	renderer/src/webgpu/render_context_webgpu_impl.cpp	65	cpp-include	generated/shaders/wgsl/draw_msaa_atlas_blit.webgpu_noclipdistance_vert.hpp	generated-from-owned-source	renderer/src/shaders/spirv/draw_msaa_atlas_blit.main	f62ec4cec844501391fd09af5d9cc10a4a73871f4a49ade2173ba1c1d210e3f8	webgpu:renderer:render_context_webgpu_impl	shader:source:draw_msaa_atlas_blit
webgpu	renderer/src/webgpu/render_context_webgpu_impl.cpp	66	cpp-include	generated/shaders/wgsl/draw_msaa_atlas_blit.webgpu_nossbo_vert.hpp	generated-from-owned-source	renderer/src/shaders/spirv/draw_msaa_atlas_blit.main	f62ec4cec844501391fd09af5d9cc10a4a73871f4a49ade2173ba1c1d210e3f8	webgpu:renderer:render_context_webgpu_impl	shader:source:draw_msaa_atlas_blit
webgpu	renderer/src/webgpu/render_context_webgpu_impl.cpp	67	cpp-include	generated/shaders/wgsl/draw_msaa_atlas_blit.webgpu_nossbo_noclipdistance_vert.hpp	generated-from-owned-source	renderer/src/shaders/spirv/draw_msaa_atlas_blit.main	f62ec4cec844501391fd09af5d9cc10a4a73871f4a49ade2173ba1c1d210e3f8	webgpu:renderer:render_context_webgpu_impl	shader:source:draw_msaa_atlas_blit
webgpu	renderer/src/webgpu/render_context_webgpu_impl.cpp	68	cpp-include	generated/shaders/wgsl/draw_msaa_atlas_blit.webgpu_frag.hpp	generated-from-owned-source	renderer/src/shaders/spirv/draw_msaa_atlas_blit.main	f62ec4cec844501391fd09af5d9cc10a4a73871f4a49ade2173ba1c1d210e3f8	webgpu:renderer:render_context_webgpu_impl	shader:source:draw_msaa_atlas_blit
webgpu	renderer/src/webgpu/render_context_webgpu_impl.cpp	69	cpp-include	generated/shaders/wgsl/draw_msaa_atlas_blit.webgpu_fixedcolor_frag.hpp	generated-from-owned-source	renderer/src/shaders/spirv/draw_msaa_atlas_blit.main	f62ec4cec844501391fd09af5d9cc10a4a73871f4a49ade2173ba1c1d210e3f8	webgpu:renderer:render_context_webgpu_impl	shader:source:draw_msaa_atlas_blit
webgpu	renderer/src/webgpu/render_context_webgpu_impl.cpp	70	cpp-include	generated/shaders/wgsl/draw_msaa_image_mesh.webgpu_vert.hpp	generated-from-owned-source	renderer/src/shaders/spirv/draw_msaa_image_mesh.main	4feb2d2005741d09ae0ddf23abefa16d10e38a20849e2fca124a0600c20443e1	webgpu:renderer:render_context_webgpu_impl	shader:source:draw_msaa_image_mesh
webgpu	renderer/src/webgpu/render_context_webgpu_impl.cpp	71	cpp-include	generated/shaders/wgsl/draw_msaa_image_mesh.webgpu_noclipdistance_vert.hpp	generated-from-owned-source	renderer/src/shaders/spirv/draw_msaa_image_mesh.main	4feb2d2005741d09ae0ddf23abefa16d10e38a20849e2fca124a0600c20443e1	webgpu:renderer:render_context_webgpu_impl	shader:source:draw_msaa_image_mesh
webgpu	renderer/src/webgpu/render_context_webgpu_impl.cpp	72	cpp-include	generated/shaders/wgsl/draw_msaa_image_mesh.webgpu_frag.hpp	generated-from-owned-source	renderer/src/shaders/spirv/draw_msaa_image_mesh.main	4feb2d2005741d09ae0ddf23abefa16d10e38a20849e2fca124a0600c20443e1	webgpu:renderer:render_context_webgpu_impl	shader:source:draw_msaa_image_mesh
webgpu	renderer/src/webgpu/render_context_webgpu_impl.cpp	73	cpp-include	generated/shaders/wgsl/draw_msaa_image_mesh.webgpu_fixedcolor_frag.hpp	generated-from-owned-source	renderer/src/shaders/spirv/draw_msaa_image_mesh.main	4feb2d2005741d09ae0ddf23abefa16d10e38a20849e2fca124a0600c20443e1	webgpu:renderer:render_context_webgpu_impl	shader:source:draw_msaa_image_mesh
webgpu	renderer/src/webgpu/render_context_webgpu_impl.cpp	74	cpp-include	generated/shaders/wgsl/draw_msaa_stencil.vert.hpp	generated-from-owned-source	renderer/src/shaders/spirv/draw_msaa_stencil.main	738afb5d5a358ab3a25285b7e1472a8212833594cceb29665160a6652ba5dc4b	webgpu:renderer:render_context_webgpu_impl	shader:source:draw_msaa_stencil
webgpu	renderer/src/webgpu/render_context_webgpu_impl.cpp	75	cpp-include	generated/shaders/wgsl/draw_msaa_stencil.frag.hpp	generated-from-owned-source	renderer/src/shaders/spirv/draw_msaa_stencil.main	738afb5d5a358ab3a25285b7e1472a8212833594cceb29665160a6652ba5dc4b	webgpu:renderer:render_context_webgpu_impl	shader:source:draw_msaa_stencil
webgpu	renderer/src/webgpu/render_context_webgpu_impl.cpp	78	cpp-include	dawn/webgpu_cpp.h	external-sdk-or-system	-	-	webgpu:renderer:render_context_webgpu_impl	-
webgpu	renderer/src/webgpu/render_context_webgpu_impl.cpp	82	cpp-include	webgpu/webgpu_cpp.h	owned-source	renderer/src/webgpu/wagyu-port/include/webgpu/webgpu_cpp.h	d58a0553dd853995594f2ccac691c7e02228263582ce5202f0fd931d48fc5f13	webgpu:renderer:render_context_webgpu_impl	webgpu:wagyu:webgpu_cpp
webgpu	renderer/src/webgpu/render_context_webgpu_impl.cpp	84	cpp-include	webgpu_compat.h	owned-source	renderer/src/webgpu/webgpu_compat.h	c5ef834542179044710337aae028b35e393b36d5337504843cf3bd8adf75fbbe	webgpu:renderer:render_context_webgpu_impl	webgpu:renderer:webgpu_compat
webgpu	renderer/src/webgpu/render_context_webgpu_impl.cpp	245	cpp-include	rive/renderer/gl/load_store_actions_ext.hpp	owned-source	renderer/include/rive/renderer/gl/load_store_actions_ext.hpp	1257e79033825a39b8004f2258733cfdadbee99e6cbd9777e1679d0a70349ecf	webgpu:renderer:render_context_webgpu_impl	webgl2:renderer:load_store_actions_ext
webgpu	renderer/src/webgpu/render_context_webgpu_impl.cpp	247	cpp-include	webgpu/webgpu_wagyu.h	owned-source	renderer/src/webgpu/wagyu-port/include/webgpu/webgpu_wagyu.h	8828c4bc56f7b616e6ffb2ca8517cf67db203e3eb4e5802b3853e90e8b9faf5c	webgpu:renderer:render_context_webgpu_impl	webgpu:wagyu:webgpu_wagyu
webgpu	renderer/src/webgpu/render_context_webgpu_impl.cpp	249	cpp-include	generated/shaders/glsl.glsl.hpp	generated-from-owned-source	renderer/src/shaders/glsl.glsl	d7e3b795badbe6e5108f268ddea4f7c0bb5af4ad1416e41c7304beca89a15523	webgpu:renderer:render_context_webgpu_impl	shader:source:glsl
webgpu	renderer/src/webgpu/render_context_webgpu_impl.cpp	250	cpp-include	generated/shaders/constants.glsl.hpp	generated-from-owned-source	renderer/src/shaders/constants.glsl	eefc0b9115beb4fe87b85431b0c683fdec73244c044278e97fdba0c96014bb56	webgpu:renderer:render_context_webgpu_impl	shader:source:constants
webgpu	renderer/src/webgpu/render_context_webgpu_impl.cpp	251	cpp-include	generated/shaders/flush_uniforms.glsl.hpp	generated-from-owned-source	renderer/src/shaders/flush_uniforms.glsl	1c22659c0e40233b0b06515287e122e06b73a4428d8e78721ca71e3419db961e	webgpu:renderer:render_context_webgpu_impl	shader:source:flush_uniforms
webgpu	renderer/src/webgpu/render_context_webgpu_impl.cpp	252	cpp-include	generated/shaders/common.glsl.hpp	generated-from-owned-source	renderer/src/shaders/common.glsl	37d9f72c2ec84a9a24b42d8798c56c77e396c7b57a39f24edece8c95fe8b3881	webgpu:renderer:render_context_webgpu_impl	shader:source:common
webgpu	renderer/src/webgpu/render_context_webgpu_impl.cpp	253	cpp-include	generated/shaders/color_ramp.glsl.hpp	generated-from-owned-source	renderer/src/shaders/color_ramp.glsl	65d0e8610193de1a7bf02722bcc153f04474e0d57644a35fd56291333ee8fde1	webgpu:renderer:render_context_webgpu_impl	shader:source:color_ramp
webgpu	renderer/src/webgpu/render_context_webgpu_impl.cpp	254	cpp-include	generated/shaders/bezier_utils.glsl.hpp	generated-from-owned-source	renderer/src/shaders/bezier_utils.glsl	c18b0d2aac6f33dff72a6f17bdcc4b40ee337651fa0ecdd104e85641701e385f	webgpu:renderer:render_context_webgpu_impl	shader:source:bezier_utils
webgpu	renderer/src/webgpu/render_context_webgpu_impl.cpp	255	cpp-include	generated/shaders/tessellate.glsl.hpp	generated-from-owned-source	renderer/src/shaders/tessellate.glsl	ecf7b979552b7bf7af6ff17a3fc8a0f5666942f7f7febda96fb4255640deee2f	webgpu:renderer:render_context_webgpu_impl	shader:source:tessellate
webgpu	renderer/src/webgpu/render_context_webgpu_impl.cpp	256	cpp-include	generated/shaders/render_atlas.glsl.hpp	generated-from-owned-source	renderer/src/shaders/render_atlas.glsl	9d720063cf3360342205dcfa385e5c43e034aef3dfbd22014991de7aef61e4e6	webgpu:renderer:render_context_webgpu_impl	shader:source:render_atlas
webgpu	renderer/src/webgpu/render_context_webgpu_impl.cpp	257	cpp-include	generated/shaders/advanced_blend.glsl.hpp	generated-from-owned-source	renderer/src/shaders/advanced_blend.glsl	d7f8d9cec8e095c7e6d331a9f3ba48cdb18ea63f961d9223e3dfc509bcd8794b	webgpu:renderer:render_context_webgpu_impl	shader:source:advanced_blend
webgpu	renderer/src/webgpu/render_context_webgpu_impl.cpp	258	cpp-include	generated/shaders/draw_path_common.glsl.hpp	generated-from-owned-source	renderer/src/shaders/draw_path_common.glsl	3a6e72e80eec81b2eb467134f62188e2a86f7debfb0798a8c4ed5873beb7e86e	webgpu:renderer:render_context_webgpu_impl	shader:source:draw_path_common
webgpu	renderer/src/webgpu/render_context_webgpu_impl.cpp	259	cpp-include	generated/shaders/draw_path.vert.hpp	generated-from-owned-source	renderer/src/shaders/draw_path.vert	b247e0f8a6016df848814454ce0fdf2d4b2a6a81a70484bb223b5d939059ae71	webgpu:renderer:render_context_webgpu_impl	shader:source:draw_path
webgpu	renderer/src/webgpu/render_context_webgpu_impl.cpp	260	cpp-include	generated/shaders/draw_raster_order_path.frag.hpp	generated-from-owned-source	renderer/src/shaders/draw_raster_order_path.frag	f4b4f70790ff16aa39870f0fcd848afa69dc52bf4b45fbbed3c1dab645eeb67f	webgpu:renderer:render_context_webgpu_impl	shader:source:draw_raster_order_path
webgpu	renderer/src/webgpu/render_context_webgpu_impl.cpp	261	cpp-include	generated/shaders/draw_clockwise_path.frag.hpp	generated-from-owned-source	renderer/src/shaders/draw_clockwise_path.frag	f033a35f69ad4d2802fc9afa21f0ca0e06f73bb516d9cd9099a378a553eaa377	webgpu:renderer:render_context_webgpu_impl	shader:source:draw_clockwise_path
webgpu	renderer/src/webgpu/render_context_webgpu_impl.cpp	262	cpp-include	generated/shaders/draw_clockwise_clip.frag.hpp	generated-from-owned-source	renderer/src/shaders/draw_clockwise_clip.frag	85c10fcfd0c66df4796ade0f0c3b33f1d633138cfd2548462e545e804e18307e	webgpu:renderer:render_context_webgpu_impl	shader:source:draw_clockwise_clip
webgpu	renderer/src/webgpu/render_context_webgpu_impl.cpp	263	cpp-include	generated/shaders/draw_image_mesh.vert.hpp	generated-from-owned-source	renderer/src/shaders/draw_image_mesh.vert	f8c9d0c3a50cd3d42af1e67f8acb4258ac8c05833210d0b4556c95dff3312166	webgpu:renderer:render_context_webgpu_impl	shader:source:draw_image_mesh
webgpu	renderer/src/webgpu/render_context_webgpu_impl.cpp	264	cpp-include	generated/shaders/draw_mesh.frag.hpp	generated-from-owned-source	renderer/src/shaders/draw_mesh.frag	d3a060c05d66e187ca2a0edab03788e7d885364ba833237e2e89f39a2b5e9c1f	webgpu:renderer:render_context_webgpu_impl	shader:source:draw_mesh
webgpu	renderer/src/webgpu/wagyu-port/include/webgpu/webgpu.h	68	cpp-include	stdint.h	external-sdk-or-system	-	-	webgpu:wagyu:webgpu	-
webgpu	renderer/src/webgpu/wagyu-port/include/webgpu/webgpu.h	69	cpp-include	stddef.h	external-sdk-or-system	-	-	webgpu:wagyu:webgpu	-
webgpu	renderer/src/webgpu/wagyu-port/include/webgpu/webgpu.h	70	cpp-include	math.h	external-sdk-or-system	-	-	webgpu:wagyu:webgpu	-
webgpu	renderer/src/webgpu/wagyu-port/include/webgpu/webgpu_cpp.h	33	cpp-include	cassert	external-sdk-or-system	-	-	webgpu:wagyu:webgpu_cpp	-
webgpu	renderer/src/webgpu/wagyu-port/include/webgpu/webgpu_cpp.h	34	cpp-include	cmath	external-sdk-or-system	-	-	webgpu:wagyu:webgpu_cpp	-
webgpu	renderer/src/webgpu/wagyu-port/include/webgpu/webgpu_cpp.h	35	cpp-include	cstddef	external-sdk-or-system	-	-	webgpu:wagyu:webgpu_cpp	-
webgpu	renderer/src/webgpu/wagyu-port/include/webgpu/webgpu_cpp.h	36	cpp-include	cstdint	external-sdk-or-system	-	-	webgpu:wagyu:webgpu_cpp	-
webgpu	renderer/src/webgpu/wagyu-port/include/webgpu/webgpu_cpp.h	37	cpp-include	memory	external-sdk-or-system	-	-	webgpu:wagyu:webgpu_cpp	-
webgpu	renderer/src/webgpu/wagyu-port/include/webgpu/webgpu_cpp.h	38	cpp-include	optional	external-sdk-or-system	-	-	webgpu:wagyu:webgpu_cpp	-
webgpu	renderer/src/webgpu/wagyu-port/include/webgpu/webgpu_cpp.h	39	cpp-include	functional	external-sdk-or-system	-	-	webgpu:wagyu:webgpu_cpp	-
webgpu	renderer/src/webgpu/wagyu-port/include/webgpu/webgpu_cpp.h	40	cpp-include	string_view	external-sdk-or-system	-	-	webgpu:wagyu:webgpu_cpp	-
webgpu	renderer/src/webgpu/wagyu-port/include/webgpu/webgpu_cpp.h	41	cpp-include	type_traits	external-sdk-or-system	-	-	webgpu:wagyu:webgpu_cpp	-
webgpu	renderer/src/webgpu/wagyu-port/include/webgpu/webgpu_cpp.h	42	cpp-include	utility	external-sdk-or-system	-	-	webgpu:wagyu:webgpu_cpp	-
webgpu	renderer/src/webgpu/wagyu-port/include/webgpu/webgpu_cpp.h	44	cpp-include	webgpu/webgpu.h	owned-source	renderer/src/webgpu/wagyu-port/include/webgpu/webgpu.h	026f05a7fc6db460d3fe048c07067b1596c53527c31334ec5386353520b9044b	webgpu:wagyu:webgpu_cpp	webgpu:wagyu:webgpu
webgpu	renderer/src/webgpu/wagyu-port/include/webgpu/webgpu_cpp.h	45	cpp-include	webgpu/webgpu_cpp_chained_struct.h	owned-source	renderer/src/webgpu/wagyu-port/include/webgpu/webgpu_cpp_chained_struct.h	582e62d371f29391d78a7356c634c6b76e1d58b6257a6f5be51701d15797fce1	webgpu:wagyu:webgpu_cpp	webgpu:wagyu:webgpu_cpp_chained_struct
webgpu	renderer/src/webgpu/wagyu-port/include/webgpu/webgpu_cpp.h	46	cpp-include	webgpu/webgpu_enum_class_bitmasks.h	owned-source	renderer/src/webgpu/wagyu-port/include/webgpu/webgpu_enum_class_bitmasks.h	cae961820e1d3b4dde5b2b4938d549f587bd0e513857bb018850036b646fe821	webgpu:wagyu:webgpu_cpp	webgpu:wagyu:webgpu_enum_class_bitmasks
webgpu	renderer/src/webgpu/wagyu-port/include/webgpu/webgpu_cpp_chained_struct.h	32	cpp-include	cstddef	external-sdk-or-system	-	-	webgpu:wagyu:webgpu_cpp_chained_struct	-
webgpu	renderer/src/webgpu/wagyu-port/include/webgpu/webgpu_cpp_chained_struct.h	33	cpp-include	cstdint	external-sdk-or-system	-	-	webgpu:wagyu:webgpu_cpp_chained_struct	-
webgpu	renderer/src/webgpu/wagyu-port/include/webgpu/webgpu_enum_class_bitmasks.h	31	cpp-include	type_traits	external-sdk-or-system	-	-	webgpu:wagyu:webgpu_enum_class_bitmasks	-
webgpu	renderer/src/webgpu/wagyu-port/include/webgpu/webgpu_wagyu.h	4	cpp-include	webgpu/webgpu.h	owned-source	renderer/src/webgpu/wagyu-port/include/webgpu/webgpu.h	026f05a7fc6db460d3fe048c07067b1596c53527c31334ec5386353520b9044b	webgpu:wagyu:webgpu_wagyu	webgpu:wagyu:webgpu
webgpu	renderer/src/webgpu/wagyu-port/src/webgpu.c	1	cpp-include	webgpu/webgpu_wagyu.h	owned-source	renderer/src/webgpu/wagyu-port/include/webgpu/webgpu_wagyu.h	8828c4bc56f7b616e6ffb2ca8517cf67db203e3eb4e5802b3853e90e8b9faf5c	webgpu:wagyu:webgpu	webgpu:wagyu:webgpu_wagyu
webgpu	renderer/src/webgpu/wagyu-port/webgpu-port.py	4	python-import	os	external-tool-module	-	-	webgpu:wagyu:webgpu_port	-
webgpu	renderer/src/webgpu/wagyu-port/webgpu-port.py	5	python-import	zlib	external-tool-module	-	-	webgpu:wagyu:webgpu_port	-
webgpu	renderer/src/webgpu/wagyu-port/webgpu-port.py	6	python-import	typing	external-tool-module	-	-	webgpu:wagyu:webgpu_port	-
