campaign	configuration	source_path	qualified_type	field_order	field_name	declared_type	declaration_line	ownership_unit	ownership_review
vulkan	vulkan	renderer/include/rive/renderer/ore/ore_context_vulkan.hpp	rive::ore::ContextVulkan	1	m_vk	const rcp<rive::gpu::VulkanContext>	135	vulkan:ore:context	retained-owner-review-required
vulkan	vulkan	renderer/include/rive/renderer/ore/ore_context_vulkan.hpp	rive::ore::ContextVulkan	2	m_vkQueue	VkQueue	137	vulkan:ore:context	native-handle-review-required
vulkan	vulkan	renderer/include/rive/renderer/ore/ore_context_vulkan.hpp	rive::ore::ContextVulkan	3	m_vkQueueFamily	uint32_t	138	vulkan:ore:context	value-lifetime-review-required
vulkan	vulkan	renderer/include/rive/renderer/ore/ore_context_vulkan.hpp	rive::ore::ContextVulkan	4	m_vkDepth24Stencil8Format	VkFormat	140	vulkan:ore:context	native-handle-review-required
vulkan	vulkan	renderer/include/rive/renderer/ore/ore_context_vulkan.hpp	rive::ore::ContextVulkan	5	m_vkCommandPool	VkCommandPool	141	vulkan:ore:context	native-handle-review-required
vulkan	vulkan	renderer/include/rive/renderer/ore/ore_context_vulkan.hpp	rive::ore::ContextVulkan	6	m_vkCommandBuffer	VkCommandBuffer	142	vulkan:ore:context	native-handle-review-required
vulkan	vulkan	renderer/include/rive/renderer/ore/ore_context_vulkan.hpp	rive::ore::ContextVulkan	7	m_vkDescriptorPool	VkDescriptorPool	144	vulkan:ore:context	native-handle-review-required
vulkan	vulkan	renderer/include/rive/renderer/ore/ore_context_vulkan.hpp	rive::ore::ContextVulkan	8	m_vkFrameFence	VkFence	145	vulkan:ore:context	native-handle-review-required
vulkan	vulkan	renderer/include/rive/renderer/ore/ore_context_vulkan.hpp	rive::ore::ContextVulkan	9	m_vkCmdBufRecording	bool	148	vulkan:ore:context	value-lifetime-review-required
vulkan	vulkan	renderer/include/rive/renderer/ore/ore_context_vulkan.hpp	rive::ore::ContextVulkan	10	m_currentDescriptorPool	rcp<DescriptorPoolGeneration>	150	vulkan:ore:context	retained-owner-review-required
vulkan	vulkan	renderer/include/rive/renderer/ore/ore_context_vulkan.hpp	rive::ore::ContextVulkan	11	m_vkEmptyDSL	VkDescriptorSetLayout	159	vulkan:ore:context	native-handle-review-required
vulkan	vulkan	renderer/include/rive/renderer/ore/ore_context_vulkan.hpp	rive::ore::ContextVulkan	12	m_vkRenderPassCache	std::vector<std::pair<VKRenderPassKey, VkRenderPass>>	174	vulkan:ore:context	container-owner-review-required
vulkan	vulkan	renderer/include/rive/renderer/ore/ore_context_vulkan.hpp	rive::ore::ContextVulkan	13	m_vkPendingInitialTransitions	std::vector<VkPendingImageTransition>	197	vulkan:ore:context	container-owner-review-required
vulkan	vulkan	renderer/include/rive/renderer/ore/ore_context_vulkan.hpp	rive::ore::ContextVulkan	14	m_vkPendingTextureUploads	std::vector<VkPendingTextureUpload>	219	vulkan:ore:context	container-owner-review-required
vulkan	vulkan	renderer/include/rive/renderer/ore/ore_context_vulkan.hpp	rive::ore::ContextVulkan::DescriptorSetAllocation	1	set	VkDescriptorSet	168	vulkan:ore:context	native-handle-review-required
vulkan	vulkan	renderer/include/rive/renderer/ore/ore_context_vulkan.hpp	rive::ore::ContextVulkan::DescriptorSetAllocation	2	pool	rcp<DescriptorPoolGeneration>	169	vulkan:ore:context	retained-owner-review-required
vulkan	vulkan	renderer/include/rive/renderer/ore/ore_context_vulkan.hpp	rive::ore::ContextVulkan::VkPendingImageTransition	1	texture	rcp<Texture>	192	vulkan:ore:context	retained-owner-review-required
vulkan	vulkan	renderer/include/rive/renderer/ore/ore_context_vulkan.hpp	rive::ore::ContextVulkan::VkPendingImageTransition	2	aspectMask	VkImageAspectFlags	193	vulkan:ore:context	native-handle-review-required
vulkan	vulkan	renderer/include/rive/renderer/ore/ore_context_vulkan.hpp	rive::ore::ContextVulkan::VkPendingImageTransition	3	oldLayout	VkImageLayout	194	vulkan:ore:context	native-handle-review-required
vulkan	vulkan	renderer/include/rive/renderer/ore/ore_context_vulkan.hpp	rive::ore::ContextVulkan::VkPendingImageTransition	4	newLayout	VkImageLayout	195	vulkan:ore:context	native-handle-review-required
vulkan	vulkan	renderer/include/rive/renderer/ore/ore_context_vulkan.hpp	rive::ore::ContextVulkan::VkPendingTextureUpload	1	texture	rcp<Texture>	214	vulkan:ore:context	retained-owner-review-required
vulkan	vulkan	renderer/include/rive/renderer/ore/ore_context_vulkan.hpp	rive::ore::ContextVulkan::VkPendingTextureUpload	2	stagingBuffer	rcp<Buffer>	215	vulkan:ore:context	retained-owner-review-required
vulkan	vulkan	renderer/include/rive/renderer/ore/ore_context_vulkan.hpp	rive::ore::ContextVulkan::VkPendingTextureUpload	3	region	VkBufferImageCopy	216	vulkan:ore:context	native-handle-review-required
vulkan	vulkan	renderer/include/rive/renderer/ore/ore_context_vulkan.hpp	rive::ore::ContextVulkan::VkPendingTextureUpload	4	aspectMask	VkImageAspectFlags	217	vulkan:ore:context	native-handle-review-required
vulkan	vulkan	renderer/include/rive/renderer/ore/ore_context_vulkan.hpp	rive::ore::DescriptorPoolGeneration	1	m_vk	rcp<rive::gpu::VulkanContext>	32	vulkan:ore:context	retained-owner-review-required
vulkan	vulkan	renderer/include/rive/renderer/ore/ore_context_vulkan.hpp	rive::ore::DescriptorPoolGeneration	2	m_vkPool	VkDescriptorPool	33	vulkan:ore:context	native-handle-review-required
vulkan	vulkan	renderer/include/rive/renderer/ore/ore_context_vulkan.hpp	rive::ore::DescriptorPoolGeneration	3	m_setsAllocated	uint32_t	34	vulkan:ore:context	value-lifetime-review-required
vulkan	vulkan	renderer/include/rive/renderer/ore/ore_context_vulkan.hpp	rive::ore::VKRenderPassKey	1	colorFormats	TextureFormat[4]	49	vulkan:ore:context	value-lifetime-review-required
vulkan	vulkan	renderer/include/rive/renderer/ore/ore_context_vulkan.hpp	rive::ore::VKRenderPassKey	2	colorCount	uint32_t	50	vulkan:ore:context	value-lifetime-review-required
vulkan	vulkan	renderer/include/rive/renderer/ore/ore_context_vulkan.hpp	rive::ore::VKRenderPassKey	3	colorLoadOps	LoadOp[4]	51	vulkan:ore:context	value-lifetime-review-required
vulkan	vulkan	renderer/include/rive/renderer/ore/ore_context_vulkan.hpp	rive::ore::VKRenderPassKey	4	colorStoreOps	StoreOp[4]	52	vulkan:ore:context	value-lifetime-review-required
vulkan	vulkan	renderer/include/rive/renderer/ore/ore_context_vulkan.hpp	rive::ore::VKRenderPassKey	5	colorHasResolve	bool[4]	53	vulkan:ore:context	value-lifetime-review-required
vulkan	vulkan	renderer/include/rive/renderer/ore/ore_context_vulkan.hpp	rive::ore::VKRenderPassKey	6	depthFormat	TextureFormat	54	vulkan:ore:context	value-lifetime-review-required
vulkan	vulkan	renderer/include/rive/renderer/ore/ore_context_vulkan.hpp	rive::ore::VKRenderPassKey	7	depthLoadOp	LoadOp	55	vulkan:ore:context	value-lifetime-review-required
vulkan	vulkan	renderer/include/rive/renderer/ore/ore_context_vulkan.hpp	rive::ore::VKRenderPassKey	8	depthStoreOp	StoreOp	56	vulkan:ore:context	value-lifetime-review-required
vulkan	vulkan	renderer/include/rive/renderer/ore/ore_context_vulkan.hpp	rive::ore::VKRenderPassKey	9	hasDepth	bool	57	vulkan:ore:context	value-lifetime-review-required
vulkan	vulkan	renderer/include/rive/renderer/ore/ore_context_vulkan.hpp	rive::ore::VKRenderPassKey	10	sampleCount	uint32_t	58	vulkan:ore:context	value-lifetime-review-required
vulkan	vulkan	renderer/include/rive/renderer/vulkan/render_context_vulkan_impl.hpp	rive::gpu::RenderContextVulkanImpl	1	m_vk	const rcp<VulkanContext>	361	vulkan:renderer:render_context_vulkan_impl	retained-owner-review-required
vulkan	vulkan	renderer/include/rive/renderer/vulkan/render_context_vulkan_impl.hpp	rive::gpu::RenderContextVulkanImpl	2	m_canvasQueue	VkQueue	364	vulkan:renderer:render_context_vulkan_impl	native-handle-review-required
vulkan	vulkan	renderer/include/rive/renderer/vulkan/render_context_vulkan_impl.hpp	rive::gpu::RenderContextVulkanImpl	3	m_canvasQueueFamilyIndex	uint32_t	365	vulkan:renderer:render_context_vulkan_impl	value-lifetime-review-required
vulkan	vulkan	renderer/include/rive/renderer/vulkan/render_context_vulkan_impl.hpp	rive::gpu::RenderContextVulkanImpl	4	m_canvasCommandPool	VkCommandPool	366	vulkan:renderer:render_context_vulkan_impl	native-handle-review-required
vulkan	vulkan	renderer/include/rive/renderer/vulkan/render_context_vulkan_impl.hpp	rive::gpu::RenderContextVulkanImpl	5	m_workarounds	const DriverWorkarounds	391	vulkan:renderer:render_context_vulkan_impl	value-lifetime-review-required
vulkan	vulkan	renderer/include/rive/renderer/vulkan/render_context_vulkan_impl.hpp	rive::gpu::RenderContextVulkanImpl	6	m_flushUniformBufferPool	vkutil::BufferPool	395	vulkan:renderer:render_context_vulkan_impl	value-lifetime-review-required
vulkan	vulkan	renderer/include/rive/renderer/vulkan/render_context_vulkan_impl.hpp	rive::gpu::RenderContextVulkanImpl	7	m_pathBufferPool	vkutil::BufferPool	396	vulkan:renderer:render_context_vulkan_impl	value-lifetime-review-required
vulkan	vulkan	renderer/include/rive/renderer/vulkan/render_context_vulkan_impl.hpp	rive::gpu::RenderContextVulkanImpl	8	m_paintBufferPool	vkutil::BufferPool	397	vulkan:renderer:render_context_vulkan_impl	value-lifetime-review-required
vulkan	vulkan	renderer/include/rive/renderer/vulkan/render_context_vulkan_impl.hpp	rive::gpu::RenderContextVulkanImpl	9	m_paintAuxBufferPool	vkutil::BufferPool	398	vulkan:renderer:render_context_vulkan_impl	value-lifetime-review-required
vulkan	vulkan	renderer/include/rive/renderer/vulkan/render_context_vulkan_impl.hpp	rive::gpu::RenderContextVulkanImpl	10	m_contourBufferPool	vkutil::BufferPool	399	vulkan:renderer:render_context_vulkan_impl	value-lifetime-review-required
vulkan	vulkan	renderer/include/rive/renderer/vulkan/render_context_vulkan_impl.hpp	rive::gpu::RenderContextVulkanImpl	11	m_gradSpanBufferPool	vkutil::BufferPool	400	vulkan:renderer:render_context_vulkan_impl	value-lifetime-review-required
vulkan	vulkan	renderer/include/rive/renderer/vulkan/render_context_vulkan_impl.hpp	rive::gpu::RenderContextVulkanImpl	12	m_tessSpanBufferPool	vkutil::BufferPool	401	vulkan:renderer:render_context_vulkan_impl	value-lifetime-review-required
vulkan	vulkan	renderer/include/rive/renderer/vulkan/render_context_vulkan_impl.hpp	rive::gpu::RenderContextVulkanImpl	13	m_triangleBufferPool	vkutil::BufferPool	402	vulkan:renderer:render_context_vulkan_impl	value-lifetime-review-required
vulkan	vulkan	renderer/include/rive/renderer/vulkan/render_context_vulkan_impl.hpp	rive::gpu::RenderContextVulkanImpl	14	m_imageDrawInstanceBufferPool	vkutil::BufferPool	403	vulkan:renderer:render_context_vulkan_impl	value-lifetime-review-required
vulkan	vulkan	renderer/include/rive/renderer/vulkan/render_context_vulkan_impl.hpp	rive::gpu::RenderContextVulkanImpl	15	m_flushUniformBuffer	rcp<vkutil::Buffer>	407	vulkan:renderer:render_context_vulkan_impl	retained-owner-review-required
vulkan	vulkan	renderer/include/rive/renderer/vulkan/render_context_vulkan_impl.hpp	rive::gpu::RenderContextVulkanImpl	16	m_pathBuffer	rcp<vkutil::Buffer>	408	vulkan:renderer:render_context_vulkan_impl	retained-owner-review-required
vulkan	vulkan	renderer/include/rive/renderer/vulkan/render_context_vulkan_impl.hpp	rive::gpu::RenderContextVulkanImpl	17	m_paintBuffer	rcp<vkutil::Buffer>	409	vulkan:renderer:render_context_vulkan_impl	retained-owner-review-required
vulkan	vulkan	renderer/include/rive/renderer/vulkan/render_context_vulkan_impl.hpp	rive::gpu::RenderContextVulkanImpl	18	m_paintAuxBuffer	rcp<vkutil::Buffer>	410	vulkan:renderer:render_context_vulkan_impl	retained-owner-review-required
vulkan	vulkan	renderer/include/rive/renderer/vulkan/render_context_vulkan_impl.hpp	rive::gpu::RenderContextVulkanImpl	19	m_contourBuffer	rcp<vkutil::Buffer>	411	vulkan:renderer:render_context_vulkan_impl	retained-owner-review-required
vulkan	vulkan	renderer/include/rive/renderer/vulkan/render_context_vulkan_impl.hpp	rive::gpu::RenderContextVulkanImpl	20	m_gradSpanBuffer	rcp<vkutil::Buffer>	412	vulkan:renderer:render_context_vulkan_impl	retained-owner-review-required
vulkan	vulkan	renderer/include/rive/renderer/vulkan/render_context_vulkan_impl.hpp	rive::gpu::RenderContextVulkanImpl	21	m_tessSpanBuffer	rcp<vkutil::Buffer>	413	vulkan:renderer:render_context_vulkan_impl	retained-owner-review-required
vulkan	vulkan	renderer/include/rive/renderer/vulkan/render_context_vulkan_impl.hpp	rive::gpu::RenderContextVulkanImpl	22	m_triangleBuffer	rcp<vkutil::Buffer>	414	vulkan:renderer:render_context_vulkan_impl	retained-owner-review-required
vulkan	vulkan	renderer/include/rive/renderer/vulkan/render_context_vulkan_impl.hpp	rive::gpu::RenderContextVulkanImpl	23	m_imageDrawInstanceBuffer	rcp<vkutil::Buffer>	415	vulkan:renderer:render_context_vulkan_impl	retained-owner-review-required
vulkan	vulkan	renderer/include/rive/renderer/vulkan/render_context_vulkan_impl.hpp	rive::gpu::RenderContextVulkanImpl	24	m_localEpoch	std::chrono::steady_clock::time_point	417	vulkan:renderer:render_context_vulkan_impl	value-lifetime-review-required
vulkan	vulkan	renderer/include/rive/renderer/vulkan/render_context_vulkan_impl.hpp	rive::gpu::RenderContextVulkanImpl	25	m_nullImageTexture	rcp<vkutil::Texture2D>	421	vulkan:renderer:render_context_vulkan_impl	retained-owner-review-required
vulkan	vulkan	renderer/include/rive/renderer/vulkan/render_context_vulkan_impl.hpp	rive::gpu::RenderContextVulkanImpl	26	m_colorRampPipeline	std::unique_ptr<ColorRampPipeline>	429	vulkan:renderer:render_context_vulkan_impl	retained-owner-review-required
vulkan	vulkan	renderer/include/rive/renderer/vulkan/render_context_vulkan_impl.hpp	rive::gpu::RenderContextVulkanImpl	27	m_gradTexture	rcp<vkutil::Texture2D>	430	vulkan:renderer:render_context_vulkan_impl	retained-owner-review-required
vulkan	vulkan	renderer/include/rive/renderer/vulkan/render_context_vulkan_impl.hpp	rive::gpu::RenderContextVulkanImpl	28	m_gradTextureFramebuffer	rcp<vkutil::Framebuffer>	431	vulkan:renderer:render_context_vulkan_impl	retained-owner-review-required
vulkan	vulkan	renderer/include/rive/renderer/vulkan/render_context_vulkan_impl.hpp	rive::gpu::RenderContextVulkanImpl	29	m_tessellatePipeline	std::unique_ptr<TessellatePipeline>	435	vulkan:renderer:render_context_vulkan_impl	retained-owner-review-required
vulkan	vulkan	renderer/include/rive/renderer/vulkan/render_context_vulkan_impl.hpp	rive::gpu::RenderContextVulkanImpl	30	m_tessSpanIndexBuffer	rcp<vkutil::Buffer>	436	vulkan:renderer:render_context_vulkan_impl	retained-owner-review-required
vulkan	vulkan	renderer/include/rive/renderer/vulkan/render_context_vulkan_impl.hpp	rive::gpu::RenderContextVulkanImpl	31	m_tessTexture	rcp<vkutil::Texture2D>	437	vulkan:renderer:render_context_vulkan_impl	retained-owner-review-required
vulkan	vulkan	renderer/include/rive/renderer/vulkan/render_context_vulkan_impl.hpp	rive::gpu::RenderContextVulkanImpl	32	m_tesselationSyncIssueWorkaroundTexture	rcp<vkutil::Texture2D>	438	vulkan:renderer:render_context_vulkan_impl	retained-owner-review-required
vulkan	vulkan	renderer/include/rive/renderer/vulkan/render_context_vulkan_impl.hpp	rive::gpu::RenderContextVulkanImpl	33	m_tessTextureFramebuffer	rcp<vkutil::Framebuffer>	439	vulkan:renderer:render_context_vulkan_impl	retained-owner-review-required
vulkan	vulkan	renderer/include/rive/renderer/vulkan/render_context_vulkan_impl.hpp	rive::gpu::RenderContextVulkanImpl	34	m_featherAtlasPipeline	std::unique_ptr<FeatherAtlasPipeline>	443	vulkan:renderer:render_context_vulkan_impl	retained-owner-review-required
vulkan	vulkan	renderer/include/rive/renderer/vulkan/render_context_vulkan_impl.hpp	rive::gpu::RenderContextVulkanImpl	35	m_featherAtlasTexture	rcp<vkutil::Texture2D>	444	vulkan:renderer:render_context_vulkan_impl	retained-owner-review-required
vulkan	vulkan	renderer/include/rive/renderer/vulkan/render_context_vulkan_impl.hpp	rive::gpu::RenderContextVulkanImpl	36	m_featherAtlasFramebuffer	rcp<vkutil::Framebuffer>	445	vulkan:renderer:render_context_vulkan_impl	retained-owner-review-required
vulkan	vulkan	renderer/include/rive/renderer/vulkan/render_context_vulkan_impl.hpp	rive::gpu::RenderContextVulkanImpl	37	m_plsTransientUsageFlags	VkImageUsageFlags	448	vulkan:renderer:render_context_vulkan_impl	native-handle-review-required
vulkan	vulkan	renderer/include/rive/renderer/vulkan/render_context_vulkan_impl.hpp	rive::gpu::RenderContextVulkanImpl	38	m_plsExtent	VkExtent3D	449	vulkan:renderer:render_context_vulkan_impl	native-handle-review-required
vulkan	vulkan	renderer/include/rive/renderer/vulkan/render_context_vulkan_impl.hpp	rive::gpu::RenderContextVulkanImpl	39	m_plsTransientPlaneCount	uint32_t	450	vulkan:renderer:render_context_vulkan_impl	value-lifetime-review-required
vulkan	vulkan	renderer/include/rive/renderer/vulkan/render_context_vulkan_impl.hpp	rive::gpu::RenderContextVulkanImpl	40	m_plsTransientImageArray	rcp<vkutil::Image>	451	vulkan:renderer:render_context_vulkan_impl	retained-owner-review-required
vulkan	vulkan	renderer/include/rive/renderer/vulkan/render_context_vulkan_impl.hpp	rive::gpu::RenderContextVulkanImpl	41	m_plsTransientCoverageView	rcp<vkutil::ImageView>	452	vulkan:renderer:render_context_vulkan_impl	retained-owner-review-required
vulkan	vulkan	renderer/include/rive/renderer/vulkan/render_context_vulkan_impl.hpp	rive::gpu::RenderContextVulkanImpl	42	m_plsTransientClipView	rcp<vkutil::ImageView>	453	vulkan:renderer:render_context_vulkan_impl	retained-owner-review-required
vulkan	vulkan	renderer/include/rive/renderer/vulkan/render_context_vulkan_impl.hpp	rive::gpu::RenderContextVulkanImpl	43	m_plsTransientScratchColorTexture	rcp<vkutil::Texture2D>	454	vulkan:renderer:render_context_vulkan_impl	retained-owner-review-required
vulkan	vulkan	renderer/include/rive/renderer/vulkan/render_context_vulkan_impl.hpp	rive::gpu::RenderContextVulkanImpl	44	m_plsBlendStorageTexture_RGB10_A2	rcp<vkutil::Texture2D>	455	vulkan:renderer:render_context_vulkan_impl	retained-owner-review-required
vulkan	vulkan	renderer/include/rive/renderer/vulkan/render_context_vulkan_impl.hpp	rive::gpu::RenderContextVulkanImpl	45	m_plsTransientClipTexture_R16F	rcp<vkutil::Texture2D>	456	vulkan:renderer:render_context_vulkan_impl	retained-owner-review-required
vulkan	vulkan	renderer/include/rive/renderer/vulkan/render_context_vulkan_impl.hpp	rive::gpu::RenderContextVulkanImpl	46	m_plsOffscreenColorTexture	rcp<vkutil::Texture2D>	457	vulkan:renderer:render_context_vulkan_impl	retained-owner-review-required
vulkan	vulkan	renderer/include/rive/renderer/vulkan/render_context_vulkan_impl.hpp	rive::gpu::RenderContextVulkanImpl	47	m_plsAtomicCoverageTexture	rcp<vkutil::Texture2D>	458	vulkan:renderer:render_context_vulkan_impl	retained-owner-review-required
vulkan	vulkan	renderer/include/rive/renderer/vulkan/render_context_vulkan_impl.hpp	rive::gpu::RenderContextVulkanImpl	48	m_coverageBuffer	rcp<vkutil::Buffer>	461	vulkan:renderer:render_context_vulkan_impl	retained-owner-review-required
vulkan	vulkan	renderer/include/rive/renderer/vulkan/render_context_vulkan_impl.hpp	rive::gpu::RenderContextVulkanImpl	49	m_gaussianIntegralTexture	rcp<vkutil::Texture2D>	464	vulkan:renderer:render_context_vulkan_impl	retained-owner-review-required
vulkan	vulkan	renderer/include/rive/renderer/vulkan/render_context_vulkan_impl.hpp	rive::gpu::RenderContextVulkanImpl	50	m_pathPatchVertexBuffer	rcp<vkutil::Buffer>	466	vulkan:renderer:render_context_vulkan_impl	retained-owner-review-required
vulkan	vulkan	renderer/include/rive/renderer/vulkan/render_context_vulkan_impl.hpp	rive::gpu::RenderContextVulkanImpl	51	m_pathPatchIndexBuffer	rcp<vkutil::Buffer>	467	vulkan:renderer:render_context_vulkan_impl	retained-owner-review-required
vulkan	vulkan	renderer/include/rive/renderer/vulkan/render_context_vulkan_impl.hpp	rive::gpu::RenderContextVulkanImpl	52	m_imageRectVertexBuffer	rcp<vkutil::Buffer>	468	vulkan:renderer:render_context_vulkan_impl	retained-owner-review-required
vulkan	vulkan	renderer/include/rive/renderer/vulkan/render_context_vulkan_impl.hpp	rive::gpu::RenderContextVulkanImpl	53	m_imageRectIndexBuffer	rcp<vkutil::Buffer>	469	vulkan:renderer:render_context_vulkan_impl	retained-owner-review-required
vulkan	vulkan	renderer/include/rive/renderer/vulkan/render_context_vulkan_impl.hpp	rive::gpu::RenderContextVulkanImpl	54	m_descriptorSetPoolPool	rcp<DescriptorSetPoolPool>	471	vulkan:renderer:render_context_vulkan_impl	retained-owner-review-required
vulkan	vulkan	renderer/include/rive/renderer/vulkan/render_context_vulkan_impl.hpp	rive::gpu::RenderContextVulkanImpl	55	m_pipelineManager	std::unique_ptr<PipelineManagerVulkan>	473	vulkan:renderer:render_context_vulkan_impl	retained-owner-review-required
vulkan	vulkan	renderer/include/rive/renderer/vulkan/render_context_vulkan_impl.hpp	rive::gpu::RenderContextVulkanImpl::ContextOptions	1	forceAtomicMode	bool	27	vulkan:renderer:render_context_vulkan_impl	value-lifetime-review-required
vulkan	vulkan	renderer/include/rive/renderer/vulkan/render_context_vulkan_impl.hpp	rive::gpu::RenderContextVulkanImpl::ContextOptions	2	disableClockwiseFixedFunctionMode	bool	34	vulkan:renderer:render_context_vulkan_impl	value-lifetime-review-required
vulkan	vulkan	renderer/include/rive/renderer/vulkan/render_context_vulkan_impl.hpp	rive::gpu::RenderContextVulkanImpl::ContextOptions	3	shaderCompilationMode	ShaderCompilationMode	36	vulkan:renderer:render_context_vulkan_impl	value-lifetime-review-required
vulkan	vulkan	renderer/include/rive/renderer/vulkan/render_context_vulkan_impl.hpp	rive::gpu::RenderContextVulkanImpl::DescriptorSetAllocator	1	m_descriptorSetPoolPool	const rcp<DescriptorSetPoolPool>	274	vulkan:renderer:render_context_vulkan_impl	retained-owner-review-required
vulkan	vulkan	renderer/include/rive/renderer/vulkan/render_context_vulkan_impl.hpp	rive::gpu::RenderContextVulkanImpl::DescriptorSetAllocator	2	m_descriptorSetPool	rcp<DescriptorSetPool>	275	vulkan:renderer:render_context_vulkan_impl	retained-owner-review-required
vulkan	vulkan	renderer/include/rive/renderer/vulkan/render_context_vulkan_impl.hpp	rive::gpu::RenderContextVulkanImpl::DescriptorSetAllocator	3	m_perFlushDescriptorSet	const VkDescriptorSet	276	vulkan:renderer:render_context_vulkan_impl	value-lifetime-review-required
vulkan	vulkan	renderer/include/rive/renderer/vulkan/render_context_vulkan_impl.hpp	rive::gpu::RenderContextVulkanImpl::DescriptorSetAllocator	4	m_perDrawDescriptorSetLayout	const VkDescriptorSetLayout	277	vulkan:renderer:render_context_vulkan_impl	value-lifetime-review-required
vulkan	vulkan	renderer/include/rive/renderer/vulkan/render_context_vulkan_impl.hpp	rive::gpu::RenderContextVulkanImpl::DescriptorSetAllocator	5	m_imageTextureUpdateCount	uint32_t	282	vulkan:renderer:render_context_vulkan_impl	value-lifetime-review-required
vulkan	vulkan	renderer/include/rive/renderer/vulkan/render_context_vulkan_impl.hpp	rive::gpu::RenderContextVulkanImpl::DescriptorSetPool	1	m_vkDescriptorPool	VkDescriptorPool	242	vulkan:renderer:render_context_vulkan_impl	native-handle-review-required
vulkan	vulkan	renderer/include/rive/renderer/vulkan/render_context_vulkan_impl.hpp	rive::gpu::RenderContextVulkanImpl::DrawRenderPass	1	m_impl	RenderContextVulkanImpl *const	332	vulkan:renderer:render_context_vulkan_impl	borrow-or-pointer-review-required
vulkan	vulkan	renderer/include/rive/renderer/vulkan/render_context_vulkan_impl.hpp	rive::gpu::RenderContextVulkanImpl::DrawRenderPass	2	m_desc	const FlushDescriptor &	333	vulkan:renderer:render_context_vulkan_impl	borrow-or-pointer-review-required
vulkan	vulkan	renderer/include/rive/renderer/vulkan/render_context_vulkan_impl.hpp	rive::gpu::RenderContextVulkanImpl::DrawRenderPass	3	m_drawBounds	const IAABB	334	vulkan:renderer:render_context_vulkan_impl	value-lifetime-review-required
vulkan	vulkan	renderer/include/rive/renderer/vulkan/render_context_vulkan_impl.hpp	rive::gpu::RenderContextVulkanImpl::DrawRenderPass	4	m_colorImageView	const VkImageView	335	vulkan:renderer:render_context_vulkan_impl	value-lifetime-review-required
vulkan	vulkan	renderer/include/rive/renderer/vulkan/render_context_vulkan_impl.hpp	rive::gpu::RenderContextVulkanImpl::DrawRenderPass	5	m_msaaColorSeedImageView	const VkImageView	336	vulkan:renderer:render_context_vulkan_impl	value-lifetime-review-required
vulkan	vulkan	renderer/include/rive/renderer/vulkan/render_context_vulkan_impl.hpp	rive::gpu::RenderContextVulkanImpl::DrawRenderPass	6	m_msaaResolveImageView	const VkImageView	337	vulkan:renderer:render_context_vulkan_impl	value-lifetime-review-required
vulkan	vulkan	renderer/include/rive/renderer/vulkan/render_context_vulkan_impl.hpp	rive::gpu::RenderContextVulkanImpl::DrawRenderPass	7	m_pipelineLayout	const DrawPipelineLayoutVulkan &	338	vulkan:renderer:render_context_vulkan_impl	borrow-or-pointer-review-required
vulkan	vulkan	renderer/include/rive/renderer/vulkan/render_context_vulkan_impl.hpp	rive::gpu::RenderContextVulkanImpl::DrawRenderPass	8	m_renderPassOptions	RenderPassOptionsVulkan	341	vulkan:renderer:render_context_vulkan_impl	value-lifetime-review-required
vulkan	vulkan	renderer/include/rive/renderer/vulkan/render_context_vulkan_impl.hpp	rive::gpu::RenderContextVulkanImpl::DrawRenderPass	9	m_scissor	IAABB	342	vulkan:renderer:render_context_vulkan_impl	value-lifetime-review-required
vulkan	vulkan	renderer/include/rive/renderer/vulkan/render_context_vulkan_impl.hpp	rive::gpu::RenderContextVulkanImpl::DrawRenderPass	10	m_patchCountInCurrentDrawPass	uint32_t	343	vulkan:renderer:render_context_vulkan_impl	value-lifetime-review-required
vulkan	vulkan	renderer/include/rive/renderer/vulkan/render_context_vulkan_impl.hpp	rive::gpu::RenderContextVulkanImpl::DriverWorkarounds	1	maxInstancesPerRenderPass	uint32_t	373	vulkan:renderer:render_context_vulkan_impl	value-lifetime-review-required
vulkan	vulkan	renderer/include/rive/renderer/vulkan/render_context_vulkan_impl.hpp	rive::gpu::RenderContextVulkanImpl::DriverWorkarounds	2	avoidManualMSAAResolves	bool	383	vulkan:renderer:render_context_vulkan_impl	value-lifetime-review-required
vulkan	vulkan	renderer/include/rive/renderer/vulkan/render_context_vulkan_impl.hpp	rive::gpu::RenderContextVulkanImpl::DriverWorkarounds	3	needsManualMSAAResolveAfterDstRead	bool	388	vulkan:renderer:render_context_vulkan_impl	value-lifetime-review-required
vulkan	vulkan	renderer/include/rive/renderer/vulkan/render_target_vulkan.hpp	rive::gpu::RenderTargetVulkan	1	m_vk	const rcp<VulkanContext>	85	vulkan:renderer:render_target	retained-owner-review-required
vulkan	vulkan	renderer/include/rive/renderer/vulkan/render_target_vulkan.hpp	rive::gpu::RenderTargetVulkan	2	m_framebufferFormat	const VkFormat	86	vulkan:renderer:render_target	value-lifetime-review-required
vulkan	vulkan	renderer/include/rive/renderer/vulkan/render_target_vulkan.hpp	rive::gpu::RenderTargetVulkan	3	m_targetUsageFlags	const VkImageUsageFlags	87	vulkan:renderer:render_target	value-lifetime-review-required
vulkan	vulkan	renderer/include/rive/renderer/vulkan/render_target_vulkan.hpp	rive::gpu::RenderTargetVulkan	4	m_offscreenColorTexture	rcp<vkutil::Texture2D>	91	vulkan:renderer:render_target	retained-owner-review-required
vulkan	vulkan	renderer/include/rive/renderer/vulkan/render_target_vulkan.hpp	rive::gpu::RenderTargetVulkan	5	m_msaaColorTexture	rcp<vkutil::Texture2D>	94	vulkan:renderer:render_target	retained-owner-review-required
vulkan	vulkan	renderer/include/rive/renderer/vulkan/render_target_vulkan.hpp	rive::gpu::RenderTargetVulkan	6	m_msaaDepthStencilTexture	rcp<vkutil::Texture2D>	95	vulkan:renderer:render_target	retained-owner-review-required
vulkan	vulkan	renderer/include/rive/renderer/vulkan/render_target_vulkan.hpp	rive::gpu::RenderTargetVulkanImpl	1	m_targetImageView	VkImageView	148	vulkan:renderer:render_target	native-handle-review-required
vulkan	vulkan	renderer/include/rive/renderer/vulkan/render_target_vulkan.hpp	rive::gpu::RenderTargetVulkanImpl	2	m_targetImage	VkImage	149	vulkan:renderer:render_target	native-handle-review-required
vulkan	vulkan	renderer/include/rive/renderer/vulkan/render_target_vulkan.hpp	rive::gpu::RenderTargetVulkanImpl	3	m_targetLastAccess	vkutil::ImageAccess	150	vulkan:renderer:render_target	value-lifetime-review-required
vulkan	vulkan	renderer/src/ore/vulkan/ore_bind_group_layout_vulkan.hpp	rive::ore::BindGroupLayoutVulkan	1	m_vkDevice	VkDevice	20	vulkan:ore:bind_group_layout	native-handle-review-required
vulkan	vulkan	renderer/src/ore/vulkan/ore_bind_group_layout_vulkan.hpp	rive::ore::BindGroupLayoutVulkan	2	m_vkDSL	VkDescriptorSetLayout	21	vulkan:ore:bind_group_layout	native-handle-review-required
vulkan	vulkan	renderer/src/ore/vulkan/ore_bind_group_layout_vulkan.hpp	rive::ore::BindGroupLayoutVulkan	3	m_vkDestroyDescriptorSetLayout	PFN_vkDestroyDescriptorSetLayout	22	vulkan:ore:bind_group_layout	value-lifetime-review-required
vulkan	vulkan	renderer/src/ore/vulkan/ore_bind_group_vulkan.hpp	rive::ore::BindGroupVulkan	1	m_uboWrites	std::vector<UBOWrite>	50	vulkan:ore:bind_group	container-owner-review-required
vulkan	vulkan	renderer/src/ore/vulkan/ore_bind_group_vulkan.hpp	rive::ore::BindGroupVulkan	2	m_imageWrites	std::vector<ImageWrite>	51	vulkan:ore:bind_group	container-owner-review-required
vulkan	vulkan	renderer/src/ore/vulkan/ore_bind_group_vulkan.hpp	rive::ore::BindGroupVulkan	3	m_vkDSL	VkDescriptorSetLayout	53	vulkan:ore:bind_group	native-handle-review-required
vulkan	vulkan	renderer/src/ore/vulkan/ore_bind_group_vulkan.hpp	rive::ore::BindGroupVulkan	4	m_setCache	std::vector<CachedSet>	63	vulkan:ore:bind_group	container-owner-review-required
vulkan	vulkan	renderer/src/ore/vulkan/ore_bind_group_vulkan.hpp	rive::ore::BindGroupVulkan::CachedSet	1	key	std::vector<VkBuffer>	59	vulkan:ore:bind_group	container-owner-review-required
vulkan	vulkan	renderer/src/ore/vulkan/ore_bind_group_vulkan.hpp	rive::ore::BindGroupVulkan::CachedSet	2	set	VkDescriptorSet	60	vulkan:ore:bind_group	native-handle-review-required
vulkan	vulkan	renderer/src/ore/vulkan/ore_bind_group_vulkan.hpp	rive::ore::BindGroupVulkan::CachedSet	3	pool	rcp<DescriptorPoolGeneration>	61	vulkan:ore:bind_group	retained-owner-review-required
vulkan	vulkan	renderer/src/ore/vulkan/ore_bind_group_vulkan.hpp	rive::ore::BindGroupVulkan::ImageWrite	1	dstBinding	uint32_t	44	vulkan:ore:bind_group	value-lifetime-review-required
vulkan	vulkan	renderer/src/ore/vulkan/ore_bind_group_vulkan.hpp	rive::ore::BindGroupVulkan::ImageWrite	2	type	VkDescriptorType	45	vulkan:ore:bind_group	native-handle-review-required
vulkan	vulkan	renderer/src/ore/vulkan/ore_bind_group_vulkan.hpp	rive::ore::BindGroupVulkan::ImageWrite	3	imageView	VkImageView	46	vulkan:ore:bind_group	native-handle-review-required
vulkan	vulkan	renderer/src/ore/vulkan/ore_bind_group_vulkan.hpp	rive::ore::BindGroupVulkan::ImageWrite	4	imageLayout	VkImageLayout	47	vulkan:ore:bind_group	native-handle-review-required
vulkan	vulkan	renderer/src/ore/vulkan/ore_bind_group_vulkan.hpp	rive::ore::BindGroupVulkan::ImageWrite	5	sampler	VkSampler	48	vulkan:ore:bind_group	native-handle-review-required
vulkan	vulkan	renderer/src/ore/vulkan/ore_bind_group_vulkan.hpp	rive::ore::BindGroupVulkan::UBOWrite	1	buffer	BufferVulkan *	36	vulkan:ore:bind_group	borrow-or-pointer-review-required
vulkan	vulkan	renderer/src/ore/vulkan/ore_bind_group_vulkan.hpp	rive::ore::BindGroupVulkan::UBOWrite	2	dstBinding	uint32_t	37	vulkan:ore:bind_group	value-lifetime-review-required
vulkan	vulkan	renderer/src/ore/vulkan/ore_bind_group_vulkan.hpp	rive::ore::BindGroupVulkan::UBOWrite	3	offset	uint32_t	38	vulkan:ore:bind_group	value-lifetime-review-required
vulkan	vulkan	renderer/src/ore/vulkan/ore_bind_group_vulkan.hpp	rive::ore::BindGroupVulkan::UBOWrite	4	range	uint32_t	39	vulkan:ore:bind_group	value-lifetime-review-required
vulkan	vulkan	renderer/src/ore/vulkan/ore_bind_group_vulkan.hpp	rive::ore::BindGroupVulkan::UBOWrite	5	type	VkDescriptorType	40	vulkan:ore:bind_group	native-handle-review-required
vulkan	vulkan	renderer/src/ore/vulkan/ore_pipeline_vulkan.hpp	rive::ore::PipelineVulkan	1	m_vkDevice	VkDevice	21	vulkan:ore:pipeline	native-handle-review-required
vulkan	vulkan	renderer/src/ore/vulkan/ore_pipeline_vulkan.hpp	rive::ore::PipelineVulkan	2	m_vkPipeline	VkPipeline	22	vulkan:ore:pipeline	native-handle-review-required
vulkan	vulkan	renderer/src/ore/vulkan/ore_pipeline_vulkan.hpp	rive::ore::PipelineVulkan	3	m_vkPipelineLayout	VkPipelineLayout	23	vulkan:ore:pipeline	native-handle-review-required
vulkan	vulkan	renderer/src/ore/vulkan/ore_pipeline_vulkan.hpp	rive::ore::PipelineVulkan	4	m_vkTopology	VkPrimitiveTopology	24	vulkan:ore:pipeline	native-handle-review-required
vulkan	vulkan	renderer/src/ore/vulkan/ore_pipeline_vulkan.hpp	rive::ore::PipelineVulkan	5	m_vkStencilTestEnabled	bool	26	vulkan:ore:pipeline	value-lifetime-review-required
vulkan	vulkan	renderer/src/ore/vulkan/ore_pipeline_vulkan.hpp	rive::ore::PipelineVulkan	6	m_vkDestroyPipeline	PFN_vkDestroyPipeline	28	vulkan:ore:pipeline	value-lifetime-review-required
vulkan	vulkan	renderer/src/ore/vulkan/ore_pipeline_vulkan.hpp	rive::ore::PipelineVulkan	7	m_vkDestroyPipelineLayout	PFN_vkDestroyPipelineLayout	29	vulkan:ore:pipeline	value-lifetime-review-required
vulkan	vulkan	renderer/src/ore/vulkan/ore_sampler_vulkan.hpp	rive::ore::SamplerVulkan	1	m_vkDevice	VkDevice	20	vulkan:ore:sampler	native-handle-review-required
vulkan	vulkan	renderer/src/ore/vulkan/ore_sampler_vulkan.hpp	rive::ore::SamplerVulkan	2	m_vkSampler	VkSampler	21	vulkan:ore:sampler	native-handle-review-required
vulkan	vulkan	renderer/src/ore/vulkan/ore_sampler_vulkan.hpp	rive::ore::SamplerVulkan	3	m_vkDestroySampler	PFN_vkDestroySampler	22	vulkan:ore:sampler	value-lifetime-review-required
vulkan	vulkan	renderer/src/ore/vulkan/ore_shader_module_vulkan.hpp	rive::ore::ShaderModuleVulkan	1	m_vkDevice	VkDevice	21	vulkan:ore:shader_module	native-handle-review-required
vulkan	vulkan	renderer/src/ore/vulkan/ore_shader_module_vulkan.hpp	rive::ore::ShaderModuleVulkan	2	m_vkShaderModule	VkShaderModule	22	vulkan:ore:shader_module	native-handle-review-required
vulkan	vulkan	renderer/src/ore/vulkan/ore_shader_module_vulkan.hpp	rive::ore::ShaderModuleVulkan	3	m_vkDestroyShaderModule	PFN_vkDestroyShaderModule	23	vulkan:ore:shader_module	value-lifetime-review-required
vulkan	vulkan	renderer/src/vulkan/draw_pipeline_layout_vulkan.hpp	rive::gpu::DrawPipelineLayoutVulkan	1	m_vk	const rcp<VulkanContext>	49	vulkan:renderer:draw_pipeline_layout	retained-owner-review-required
vulkan	vulkan	renderer/src/vulkan/draw_pipeline_layout_vulkan.hpp	rive::gpu::DrawPipelineLayoutVulkan	2	m_interlockMode	const gpu::InterlockMode	50	vulkan:renderer:draw_pipeline_layout	value-lifetime-review-required
vulkan	vulkan	renderer/src/vulkan/draw_pipeline_layout_vulkan.hpp	rive::gpu::DrawPipelineLayoutVulkan	3	m_renderPassOptions	const RenderPassOptionsVulkan	51	vulkan:renderer:draw_pipeline_layout	value-lifetime-review-required
vulkan	vulkan	renderer/src/vulkan/draw_pipeline_layout_vulkan.hpp	rive::gpu::DrawPipelineLayoutVulkan	4	m_plsTextureDescriptorSetLayout	VkDescriptorSetLayout	53	vulkan:renderer:draw_pipeline_layout	native-handle-review-required
vulkan	vulkan	renderer/src/vulkan/draw_pipeline_layout_vulkan.hpp	rive::gpu::DrawPipelineLayoutVulkan	5	m_pipelineLayout	VkPipelineLayout	54	vulkan:renderer:draw_pipeline_layout	native-handle-review-required
vulkan	vulkan	renderer/src/vulkan/draw_pipeline_vulkan.hpp	rive::gpu::DrawPipelineVulkan	1	m_vk	const rcp<VulkanContext>	70	vulkan:renderer:draw_pipeline	retained-owner-review-required
vulkan	vulkan	renderer/src/vulkan/draw_pipeline_vulkan.hpp	rive::gpu::DrawPipelineVulkan	2	m_vkPipeline	VkPipeline	71	vulkan:renderer:draw_pipeline	native-handle-review-required
vulkan	vulkan	renderer/src/vulkan/draw_pipeline_vulkan.hpp	rive::gpu::DrawPipelineVulkan::PipelineProps	1	drawType	DrawType	27	vulkan:renderer:draw_pipeline	value-lifetime-review-required
vulkan	vulkan	renderer/src/vulkan/draw_pipeline_vulkan.hpp	rive::gpu::DrawPipelineVulkan::PipelineProps	2	shaderFeatures	ShaderFeatures	28	vulkan:renderer:draw_pipeline	value-lifetime-review-required
vulkan	vulkan	renderer/src/vulkan/draw_pipeline_vulkan.hpp	rive::gpu::DrawPipelineVulkan::PipelineProps	3	interlockMode	InterlockMode	29	vulkan:renderer:draw_pipeline	value-lifetime-review-required
vulkan	vulkan	renderer/src/vulkan/draw_pipeline_vulkan.hpp	rive::gpu::DrawPipelineVulkan::PipelineProps	4	shaderMiscFlags	ShaderMiscFlags	30	vulkan:renderer:draw_pipeline	value-lifetime-review-required
vulkan	vulkan	renderer/src/vulkan/draw_pipeline_vulkan.hpp	rive::gpu::DrawPipelineVulkan::PipelineProps	5	drawContents	DrawContents	34	vulkan:renderer:draw_pipeline	value-lifetime-review-required
vulkan	vulkan	renderer/src/vulkan/draw_pipeline_vulkan.hpp	rive::gpu::DrawPipelineVulkan::PipelineProps	6	blendMode	rive::BlendMode	35	vulkan:renderer:draw_pipeline	value-lifetime-review-required
vulkan	vulkan	renderer/src/vulkan/draw_pipeline_vulkan.hpp	rive::gpu::DrawPipelineVulkan::PipelineProps	7	drawPipelineOptions	Options	36	vulkan:renderer:draw_pipeline	value-lifetime-review-required
vulkan	vulkan	renderer/src/vulkan/draw_pipeline_vulkan.hpp	rive::gpu::DrawPipelineVulkan::PipelineProps	8	renderPassOptions	RenderPassOptionsVulkan	37	vulkan:renderer:draw_pipeline	value-lifetime-review-required
vulkan	vulkan	renderer/src/vulkan/draw_pipeline_vulkan.hpp	rive::gpu::DrawPipelineVulkan::PipelineProps	9	renderTargetFormat	VkFormat	38	vulkan:renderer:draw_pipeline	native-handle-review-required
vulkan	vulkan	renderer/src/vulkan/draw_pipeline_vulkan.hpp	rive::gpu::DrawPipelineVulkan::PipelineProps	10	colorLoadAction	LoadAction	39	vulkan:renderer:draw_pipeline	value-lifetime-review-required
vulkan	vulkan	renderer/src/vulkan/draw_pipeline_vulkan.hpp	rive::gpu::DrawPipelineVulkan::PipelineProps	11	synthesizedFailureType	SynthesizedFailureType	42	vulkan:renderer:draw_pipeline	value-lifetime-review-required
vulkan	vulkan	renderer/src/vulkan/pipeline_manager_vulkan.hpp	rive::gpu::PipelineManagerVulkan	1	m_drawPipelineLayouts	std::unordered_map<uint32_t, std::unique_ptr<DrawPipelineLayoutVulkan>>	121	vulkan:renderer:pipeline_manager	retained-owner-review-required
vulkan	vulkan	renderer/src/vulkan/pipeline_manager_vulkan.hpp	rive::gpu::PipelineManagerVulkan	2	m_renderPasses	std::unordered_map<uint32_t, std::unique_ptr<RenderPassVulkan>>	124	vulkan:renderer:pipeline_manager	retained-owner-review-required
vulkan	vulkan	renderer/src/vulkan/pipeline_manager_vulkan.hpp	rive::gpu::PipelineManagerVulkan	3	m_vk	rcp<VulkanContext>	126	vulkan:renderer:pipeline_manager	retained-owner-review-required
vulkan	vulkan	renderer/src/vulkan/pipeline_manager_vulkan.hpp	rive::gpu::PipelineManagerVulkan	4	m_featherAtlasFormat	VkFormat	127	vulkan:renderer:pipeline_manager	native-handle-review-required
vulkan	vulkan	renderer/src/vulkan/pipeline_manager_vulkan.hpp	rive::gpu::PipelineManagerVulkan	5	m_linearSampler	VkSampler	130	vulkan:renderer:pipeline_manager	native-handle-review-required
vulkan	vulkan	renderer/src/vulkan/pipeline_manager_vulkan.hpp	rive::gpu::PipelineManagerVulkan	6	m_imageSamplers	VkSampler[18]	131	vulkan:renderer:pipeline_manager	native-handle-review-required
vulkan	vulkan	renderer/src/vulkan/pipeline_manager_vulkan.hpp	rive::gpu::PipelineManagerVulkan	7	m_perFlushDescriptorSetLayout	VkDescriptorSetLayout	135	vulkan:renderer:pipeline_manager	native-handle-review-required
vulkan	vulkan	renderer/src/vulkan/pipeline_manager_vulkan.hpp	rive::gpu::PipelineManagerVulkan	8	m_perDrawDescriptorSetLayout	VkDescriptorSetLayout	136	vulkan:renderer:pipeline_manager	native-handle-review-required
vulkan	vulkan	renderer/src/vulkan/pipeline_manager_vulkan.hpp	rive::gpu::PipelineManagerVulkan	9	m_emptyDescriptorSetLayout	VkDescriptorSetLayout	137	vulkan:renderer:pipeline_manager	native-handle-review-required
vulkan	vulkan	renderer/src/vulkan/pipeline_manager_vulkan.hpp	rive::gpu::PipelineManagerVulkan	10	m_staticDescriptorPool	VkDescriptorPool	139	vulkan:renderer:pipeline_manager	native-handle-review-required
vulkan	vulkan	renderer/src/vulkan/pipeline_manager_vulkan.hpp	rive::gpu::PipelineManagerVulkan	11	m_nullImageDescriptorSet	VkDescriptorSet	141	vulkan:renderer:pipeline_manager	native-handle-review-required
vulkan	vulkan	renderer/src/vulkan/render_pass_vulkan.hpp	rive::gpu::RenderPassVulkan	1	m_vk	const rcp<VulkanContext>	100	vulkan:renderer:render_pass	retained-owner-review-required
vulkan	vulkan	renderer/src/vulkan/render_pass_vulkan.hpp	rive::gpu::RenderPassVulkan	2	m_drawPipelineLayout	const DrawPipelineLayoutVulkan *	103	vulkan:renderer:render_pass	borrow-or-pointer-review-required
vulkan	vulkan	renderer/src/vulkan/render_pass_vulkan.hpp	rive::gpu::RenderPassVulkan	3	m_renderPass	VkRenderPass	104	vulkan:renderer:render_pass	native-handle-review-required
webgl2	webgl2-emscripten	renderer/include/rive/renderer/gl/gl_state.hpp	rive::gpu::GLState	1	m_capabilities	const GLCapabilities	65	webgl2:renderer:gl_state	value-lifetime-review-required
webgl2	webgl2-emscripten	renderer/include/rive/renderer/gl/gl_state.hpp	rive::gpu::GLState	2	m_scissorBox	std::array<uint32_t, 4>	66	webgl2:renderer:gl_state	container-owner-review-required
webgl2	webgl2-emscripten	renderer/include/rive/renderer/gl/gl_state.hpp	rive::gpu::GLState	3	m_scissorEnabled	bool	67	webgl2:renderer:gl_state	value-lifetime-review-required
webgl2	webgl2-emscripten	renderer/include/rive/renderer/gl/gl_state.hpp	rive::gpu::GLState	4	m_depthTestEnabled	bool	68	webgl2:renderer:gl_state	value-lifetime-review-required
webgl2	webgl2-emscripten	renderer/include/rive/renderer/gl/gl_state.hpp	rive::gpu::GLState	5	m_stencilTestEnabled	bool	69	webgl2:renderer:gl_state	value-lifetime-review-required
webgl2	webgl2-emscripten	renderer/include/rive/renderer/gl/gl_state.hpp	rive::gpu::GLState	6	m_colorWriteMask	bool	70	webgl2:renderer:gl_state	value-lifetime-review-required
webgl2	webgl2-emscripten	renderer/include/rive/renderer/gl/gl_state.hpp	rive::gpu::GLState	7	m_depthWriteMask	bool	71	webgl2:renderer:gl_state	value-lifetime-review-required
webgl2	webgl2-emscripten	renderer/include/rive/renderer/gl/gl_state.hpp	rive::gpu::GLState	8	m_blendEquation	gpu::BlendEquation	72	webgl2:renderer:gl_state	value-lifetime-review-required
webgl2	webgl2-emscripten	renderer/include/rive/renderer/gl/gl_state.hpp	rive::gpu::GLState	9	m_stencilWriteMask	GLuint	73	webgl2:renderer:gl_state	native-handle-review-required
webgl2	webgl2-emscripten	renderer/include/rive/renderer/gl/gl_state.hpp	rive::gpu::GLState	10	m_cullFace	GLenum	74	webgl2:renderer:gl_state	value-lifetime-review-required
webgl2	webgl2-emscripten	renderer/include/rive/renderer/gl/gl_state.hpp	rive::gpu::GLState	11	m_boundProgramID	GLuint	75	webgl2:renderer:gl_state	native-handle-review-required
webgl2	webgl2-emscripten	renderer/include/rive/renderer/gl/gl_state.hpp	rive::gpu::GLState	12	m_boundVAO	GLuint	76	webgl2:renderer:gl_state	native-handle-review-required
webgl2	webgl2-emscripten	renderer/include/rive/renderer/gl/gl_state.hpp	rive::gpu::GLState	13	m_boundArrayBufferID	GLuint	77	webgl2:renderer:gl_state	native-handle-review-required
webgl2	webgl2-emscripten	renderer/include/rive/renderer/gl/gl_state.hpp	rive::gpu::GLState	14	m_boundUniformBufferID	GLuint	78	webgl2:renderer:gl_state	native-handle-review-required
webgl2	webgl2-emscripten	renderer/include/rive/renderer/gl/gl_state.hpp	rive::gpu::GLState	15	m_validState	struct (unnamed struct at /Users/levi/dev/oss/rive-runtime/renderer/include/rive/renderer/gl/gl_state.hpp:80:5)	93	webgl2:renderer:gl_state	value-lifetime-review-required
webgl2	webgl2-emscripten	renderer/include/rive/renderer/gl/gl_state.hpp	rive::gpu::GLState::<anonymous@80>	1	scissorBox	bool	82	webgl2:renderer:gl_state	value-lifetime-review-required
webgl2	webgl2-emscripten	renderer/include/rive/renderer/gl/gl_state.hpp	rive::gpu::GLState::<anonymous@80>	2	scissorEnabled	bool	83	webgl2:renderer:gl_state	value-lifetime-review-required
webgl2	webgl2-emscripten	renderer/include/rive/renderer/gl/gl_state.hpp	rive::gpu::GLState::<anonymous@80>	3	depthStencilEnabled	bool	84	webgl2:renderer:gl_state	value-lifetime-review-required
webgl2	webgl2-emscripten	renderer/include/rive/renderer/gl/gl_state.hpp	rive::gpu::GLState::<anonymous@80>	4	writeMasks	bool	85	webgl2:renderer:gl_state	value-lifetime-review-required
webgl2	webgl2-emscripten	renderer/include/rive/renderer/gl/gl_state.hpp	rive::gpu::GLState::<anonymous@80>	5	blendEquation	bool	86	webgl2:renderer:gl_state	value-lifetime-review-required
webgl2	webgl2-emscripten	renderer/include/rive/renderer/gl/gl_state.hpp	rive::gpu::GLState::<anonymous@80>	6	cullFace	bool	87	webgl2:renderer:gl_state	value-lifetime-review-required
webgl2	webgl2-emscripten	renderer/include/rive/renderer/gl/gl_state.hpp	rive::gpu::GLState::<anonymous@80>	7	boundProgramID	bool	88	webgl2:renderer:gl_state	value-lifetime-review-required
webgl2	webgl2-emscripten	renderer/include/rive/renderer/gl/gl_state.hpp	rive::gpu::GLState::<anonymous@80>	8	boundVAO	bool	89	webgl2:renderer:gl_state	value-lifetime-review-required
webgl2	webgl2-emscripten	renderer/include/rive/renderer/gl/gl_state.hpp	rive::gpu::GLState::<anonymous@80>	9	boundArrayBufferID	bool	90	webgl2:renderer:gl_state	value-lifetime-review-required
webgl2	webgl2-emscripten	renderer/include/rive/renderer/gl/gl_state.hpp	rive::gpu::GLState::<anonymous@80>	10	boundUniformBufferID	bool	91	webgl2:renderer:gl_state	value-lifetime-review-required
webgl2	webgl2-emscripten	renderer/include/rive/renderer/gl/gl_state.hpp	rive::gpu::GLState::<anonymous@80>	11	boundPixelUnpackBufferID	bool	92	webgl2:renderer:gl_state	value-lifetime-review-required
webgl2	webgl2-emscripten	renderer/include/rive/renderer/gl/gl_utils.hpp	glutils::GLObject	1	m_id	GLuint	90	webgl2:renderer:gl_utils	native-handle-review-required
webgl2	webgl2-emscripten	renderer/include/rive/renderer/gl/gl_utils.hpp	glutils::Program	1	m_vertexShader	glutils::Shader	259	webgl2:renderer:gl_utils	value-lifetime-review-required
webgl2	webgl2-emscripten	renderer/include/rive/renderer/gl/gl_utils.hpp	glutils::Program	2	m_fragmentShader	glutils::Shader	260	webgl2:renderer:gl_utils	value-lifetime-review-required
webgl2	webgl2-emscripten	renderer/include/rive/renderer/gl/render_buffer_gl_impl.hpp	rive::gpu::RenderBufferGLImpl	1	m_target	const GLenum	53	webgl2:renderer:render_buffer_gl_impl	value-lifetime-review-required
webgl2	webgl2-emscripten	renderer/include/rive/renderer/gl/render_buffer_gl_impl.hpp	rive::gpu::RenderBufferGLImpl	2	m_bufferID	GLuint	54	webgl2:renderer:render_buffer_gl_impl	native-handle-review-required
webgl2	webgl2-emscripten	renderer/include/rive/renderer/gl/render_buffer_gl_impl.hpp	rive::gpu::RenderBufferGLImpl	3	m_fallbackMappedMemory	std::unique_ptr<uint8_t[]>	56	webgl2:renderer:render_buffer_gl_impl	retained-owner-review-required
webgl2	webgl2-emscripten	renderer/include/rive/renderer/gl/render_buffer_gl_impl.hpp	rive::gpu::RenderBufferGLImpl	4	m_state	rcp<GLState>	57	webgl2:renderer:render_buffer_gl_impl	retained-owner-review-required
webgl2	webgl2-emscripten	renderer/include/rive/renderer/gl/render_target_gl.hpp	rive::gpu::FramebufferRenderTargetGL	1	m_externalFramebufferID	const GLuint	200	webgl2:renderer:render_target	value-lifetime-review-required
webgl2	webgl2-emscripten	renderer/include/rive/renderer/gl/render_target_gl.hpp	rive::gpu::FramebufferRenderTargetGL	2	m_sampleCount	const uint32_t	201	webgl2:renderer:render_target	value-lifetime-review-required
webgl2	webgl2-emscripten	renderer/include/rive/renderer/gl/render_target_gl.hpp	rive::gpu::FramebufferRenderTargetGL	3	m_textureRenderTarget	TextureRenderTargetGL	204	webgl2:renderer:render_target	value-lifetime-review-required
webgl2	webgl2-emscripten	renderer/include/rive/renderer/gl/render_target_gl.hpp	rive::gpu::FramebufferRenderTargetGL	4	m_offscreenTargetTexture	glutils::Texture	208	webgl2:renderer:render_target	value-lifetime-review-required
webgl2	webgl2-emscripten	renderer/include/rive/renderer/gl/render_target_gl.hpp	rive::gpu::RenderTargetGL	1	m_dstColorTexture	glutils::Texture	90	webgl2:renderer:render_target	value-lifetime-review-required
webgl2	webgl2-emscripten	renderer/include/rive/renderer/gl/render_target_gl.hpp	rive::gpu::RenderTargetGL	2	m_dstColorFramebuffer	glutils::Framebuffer	91	webgl2:renderer:render_target	value-lifetime-review-required
webgl2	webgl2-emscripten	renderer/include/rive/renderer/gl/render_target_gl.hpp	rive::gpu::TextureRenderTargetGL	1	m_externalTextureID	GLuint	135	webgl2:renderer:render_target	native-handle-review-required
webgl2	webgl2-emscripten	renderer/include/rive/renderer/gl/render_target_gl.hpp	rive::gpu::TextureRenderTargetGL	2	m_framebufferID	glutils::Framebuffer	137	webgl2:renderer:render_target	value-lifetime-review-required
webgl2	webgl2-emscripten	renderer/include/rive/renderer/gl/render_target_gl.hpp	rive::gpu::TextureRenderTargetGL	3	m_headlessFramebuffer	glutils::Framebuffer	138	webgl2:renderer:render_target	value-lifetime-review-required
webgl2	webgl2-emscripten	renderer/include/rive/renderer/gl/render_target_gl.hpp	rive::gpu::TextureRenderTargetGL	4	m_framebufferTargetAttachmentDirty	bool	141	webgl2:renderer:render_target	value-lifetime-review-required
webgl2	webgl2-emscripten	renderer/include/rive/renderer/gl/render_target_gl.hpp	rive::gpu::TextureRenderTargetGL	5	m_webglPLSBackingR32UI	glutils::Texture	144	webgl2:renderer:render_target	value-lifetime-review-required
webgl2	webgl2-emscripten	renderer/include/rive/renderer/gl/render_target_gl.hpp	rive::gpu::TextureRenderTargetGL	6	m_webglPLSBackingR32UIFallback	glutils::Texture	147	webgl2:renderer:render_target	value-lifetime-review-required
webgl2	webgl2-emscripten	renderer/include/rive/renderer/gl/render_target_gl.hpp	rive::gpu::TextureRenderTargetGL	7	m_webglPLSBackingRGBA8	glutils::Texture	148	webgl2:renderer:render_target	value-lifetime-review-required
webgl2	webgl2-emscripten	renderer/include/rive/renderer/gl/render_target_gl.hpp	rive::gpu::TextureRenderTargetGL	8	m_webglPLSBindingsDirty	bool	149	webgl2:renderer:render_target	value-lifetime-review-required
webgl2	webgl2-emscripten	renderer/include/rive/renderer/gl/render_target_gl.hpp	rive::gpu::TextureRenderTargetGL	9	m_msaaFramebuffer	glutils::Framebuffer	151	webgl2:renderer:render_target	value-lifetime-review-required
webgl2	webgl2-emscripten	renderer/include/rive/renderer/gl/render_target_gl.hpp	rive::gpu::TextureRenderTargetGL	10	m_msaaColorBuffer	glutils::Renderbuffer	152	webgl2:renderer:render_target	value-lifetime-review-required
webgl2	webgl2-emscripten	renderer/include/rive/renderer/gl/render_target_gl.hpp	rive::gpu::TextureRenderTargetGL	11	m_msaaDepthStencilBuffer	glutils::Renderbuffer	153	webgl2:renderer:render_target	value-lifetime-review-required
webgl2	webgl2-emscripten	renderer/include/rive/renderer/gl/render_target_gl.hpp	rive::gpu::TextureRenderTargetGL	12	m_msaaFramebufferSampleCount	int	155	webgl2:renderer:render_target	value-lifetime-review-required
webgl2	webgl2-emscripten	renderer/include/rive/renderer/ore/ore_context_gl.hpp	rive::ore::ContextGL	1	m_savedState	struct GLSavedState	73	webgl2:ore:context	value-lifetime-review-required
webgl2	webgl2-emscripten	renderer/include/rive/renderer/ore/ore_context_gl.hpp	rive::ore::ContextGL::GLSavedState	1	program	int	68	webgl2:ore:context	value-lifetime-review-required
webgl2	webgl2-emscripten	renderer/include/rive/renderer/ore/ore_context_gl.hpp	rive::ore::ContextGL::GLSavedState	2	arrayBuffer	int	69	webgl2:ore:context	value-lifetime-review-required
webgl2	webgl2-emscripten	renderer/include/rive/renderer/ore/ore_context_gl.hpp	rive::ore::ContextGL::GLSavedState	3	uniformBuffer	int	70	webgl2:ore:context	value-lifetime-review-required
webgl2	webgl2-emscripten	renderer/include/rive/renderer/ore/ore_context_gl.hpp	rive::ore::ContextGL::GLSavedState	4	framebuffer	int	71	webgl2:ore:context	value-lifetime-review-required
webgl2	webgl2-emscripten	renderer/include/rive/renderer/ore/ore_context_gl.hpp	rive::ore::ContextGL::GLSavedState	5	vertexArray	int	72	webgl2:ore:context	value-lifetime-review-required
webgl2	webgl2-emscripten	renderer/src/ore/gl/ore_bind_group_gl.hpp	rive::ore::BindGroupGL	1	m_glUBOs	std::vector<GLUBOBinding>	41	webgl2:ore:bind_group	container-owner-review-required
webgl2	webgl2-emscripten	renderer/src/ore/gl/ore_bind_group_gl.hpp	rive::ore::BindGroupGL	2	m_glTextures	std::vector<GLTexBinding>	42	webgl2:ore:bind_group	container-owner-review-required
webgl2	webgl2-emscripten	renderer/src/ore/gl/ore_bind_group_gl.hpp	rive::ore::BindGroupGL	3	m_glSamplers	std::vector<GLSamplerBinding>	43	webgl2:ore:bind_group	container-owner-review-required
webgl2	webgl2-emscripten	renderer/src/ore/gl/ore_bind_group_gl.hpp	rive::ore::BindGroupGL::GLSamplerBinding	1	sampler	unsigned int	31	webgl2:ore:bind_group	value-lifetime-review-required
webgl2	webgl2-emscripten	renderer/src/ore/gl/ore_bind_group_gl.hpp	rive::ore::BindGroupGL::GLSamplerBinding	2	slot	uint32_t	32	webgl2:ore:bind_group	value-lifetime-review-required
webgl2	webgl2-emscripten	renderer/src/ore/gl/ore_bind_group_gl.hpp	rive::ore::BindGroupGL::GLTexBinding	1	texture	unsigned int	25	webgl2:ore:bind_group	value-lifetime-review-required
webgl2	webgl2-emscripten	renderer/src/ore/gl/ore_bind_group_gl.hpp	rive::ore::BindGroupGL::GLTexBinding	2	target	unsigned int	26	webgl2:ore:bind_group	value-lifetime-review-required
webgl2	webgl2-emscripten	renderer/src/ore/gl/ore_bind_group_gl.hpp	rive::ore::BindGroupGL::GLTexBinding	3	slot	uint32_t	27	webgl2:ore:bind_group	value-lifetime-review-required
webgl2	webgl2-emscripten	renderer/src/ore/gl/ore_bind_group_gl.hpp	rive::ore::BindGroupGL::GLUBOBinding	1	buffer	unsigned int	16	webgl2:ore:bind_group	value-lifetime-review-required
webgl2	webgl2-emscripten	renderer/src/ore/gl/ore_bind_group_gl.hpp	rive::ore::BindGroupGL::GLUBOBinding	2	offset	uint32_t	17	webgl2:ore:bind_group	value-lifetime-review-required
webgl2	webgl2-emscripten	renderer/src/ore/gl/ore_bind_group_gl.hpp	rive::ore::BindGroupGL::GLUBOBinding	3	size	uint32_t	18	webgl2:ore:bind_group	value-lifetime-review-required
webgl2	webgl2-emscripten	renderer/src/ore/gl/ore_bind_group_gl.hpp	rive::ore::BindGroupGL::GLUBOBinding	4	binding	uint32_t	19	webgl2:ore:bind_group	value-lifetime-review-required
webgl2	webgl2-emscripten	renderer/src/ore/gl/ore_bind_group_gl.hpp	rive::ore::BindGroupGL::GLUBOBinding	5	slot	uint32_t	20	webgl2:ore:bind_group	value-lifetime-review-required
webgl2	webgl2-emscripten	renderer/src/ore/gl/ore_bind_group_gl.hpp	rive::ore::BindGroupGL::GLUBOBinding	6	hasDynamicOffset	bool	21	webgl2:ore:bind_group	value-lifetime-review-required
webgl2	webgl2-emscripten	renderer/src/ore/gl/ore_buffer_gl.hpp	rive::ore::BufferGL	1	m_glBuffer	unsigned int	19	webgl2:ore:buffer	value-lifetime-review-required
webgl2	webgl2-emscripten	renderer/src/ore/gl/ore_buffer_gl.hpp	rive::ore::BufferGL	2	m_glTarget	unsigned int	20	webgl2:ore:buffer	value-lifetime-review-required
webgl2	webgl2-emscripten	renderer/src/ore/gl/ore_pipeline_gl.hpp	rive::ore::PipelineGL	1	m_glProgram	unsigned int	18	webgl2:ore:pipeline	value-lifetime-review-required
webgl2	webgl2-emscripten	renderer/src/ore/gl/ore_render_pass_gl.hpp	rive::ore::RenderPassGL	1	m_glFBO	unsigned int	68	webgl2:ore:render_pass	value-lifetime-review-required
webgl2	webgl2-emscripten	renderer/src/ore/gl/ore_render_pass_gl.hpp	rive::ore::RenderPassGL	2	m_glVAO	unsigned int	69	webgl2:ore:render_pass	value-lifetime-review-required
webgl2	webgl2-emscripten	renderer/src/ore/gl/ore_render_pass_gl.hpp	rive::ore::RenderPassGL	3	m_prevVAO	unsigned int	70	webgl2:ore:render_pass	value-lifetime-review-required
webgl2	webgl2-emscripten	renderer/src/ore/gl/ore_render_pass_gl.hpp	rive::ore::RenderPassGL	4	m_prevFBO	unsigned int	71	webgl2:ore:render_pass	value-lifetime-review-required
webgl2	webgl2-emscripten	renderer/src/ore/gl/ore_render_pass_gl.hpp	rive::ore::RenderPassGL	5	m_ownsFBO	bool	72	webgl2:ore:render_pass	value-lifetime-review-required
webgl2	webgl2-emscripten	renderer/src/ore/gl/ore_render_pass_gl.hpp	rive::ore::RenderPassGL	6	m_ownsVAO	bool	73	webgl2:ore:render_pass	value-lifetime-review-required
webgl2	webgl2-emscripten	renderer/src/ore/gl/ore_render_pass_gl.hpp	rive::ore::RenderPassGL	7	m_currentPipeline	rcp<Pipeline>	74	webgl2:ore:render_pass	retained-owner-review-required
webgl2	webgl2-emscripten	renderer/src/ore/gl/ore_render_pass_gl.hpp	rive::ore::RenderPassGL	8	m_viewportWidth	uint32_t	75	webgl2:ore:render_pass	value-lifetime-review-required
webgl2	webgl2-emscripten	renderer/src/ore/gl/ore_render_pass_gl.hpp	rive::ore::RenderPassGL	9	m_viewportHeight	uint32_t	76	webgl2:ore:render_pass	value-lifetime-review-required
webgl2	webgl2-emscripten	renderer/src/ore/gl/ore_render_pass_gl.hpp	rive::ore::RenderPassGL	10	m_maxSamplerSlot	uint32_t	77	webgl2:ore:render_pass	value-lifetime-review-required
webgl2	webgl2-emscripten	renderer/src/ore/gl/ore_render_pass_gl.hpp	rive::ore::RenderPassGL	11	m_maxAttribSlot	uint32_t	78	webgl2:ore:render_pass	value-lifetime-review-required
webgl2	webgl2-emscripten	renderer/src/ore/gl/ore_render_pass_gl.hpp	rive::ore::RenderPassGL	12	m_usedSamplers	bool	79	webgl2:ore:render_pass	value-lifetime-review-required
webgl2	webgl2-emscripten	renderer/src/ore/gl/ore_render_pass_gl.hpp	rive::ore::RenderPassGL	13	m_usedAttribs	bool	80	webgl2:ore:render_pass	value-lifetime-review-required
webgl2	webgl2-emscripten	renderer/src/ore/gl/ore_render_pass_gl.hpp	rive::ore::RenderPassGL	14	m_glIndexFormat	IndexFormat	81	webgl2:ore:render_pass	value-lifetime-review-required
webgl2	webgl2-emscripten	renderer/src/ore/gl/ore_render_pass_gl.hpp	rive::ore::RenderPassGL	15	m_glStencilRef	uint32_t	82	webgl2:ore:render_pass	value-lifetime-review-required
webgl2	webgl2-emscripten	renderer/src/ore/gl/ore_render_pass_gl.hpp	rive::ore::RenderPassGL	16	m_glResolveCount	uint32_t	83	webgl2:ore:render_pass	value-lifetime-review-required
webgl2	webgl2-emscripten	renderer/src/ore/gl/ore_render_pass_gl.hpp	rive::ore::RenderPassGL	17	m_glResolves	GLResolveEntry[4]	84	webgl2:ore:render_pass	value-lifetime-review-required
webgl2	webgl2-emscripten	renderer/src/ore/gl/ore_render_pass_gl.hpp	rive::ore::RenderPassGL::GLResolveEntry	1	colorIndex	unsigned int	58	webgl2:ore:render_pass	value-lifetime-review-required
webgl2	webgl2-emscripten	renderer/src/ore/gl/ore_render_pass_gl.hpp	rive::ore::RenderPassGL::GLResolveEntry	2	resolveTarget	unsigned int	59	webgl2:ore:render_pass	value-lifetime-review-required
webgl2	webgl2-emscripten	renderer/src/ore/gl/ore_render_pass_gl.hpp	rive::ore::RenderPassGL::GLResolveEntry	3	resolveTex	unsigned int	60	webgl2:ore:render_pass	value-lifetime-review-required
webgl2	webgl2-emscripten	renderer/src/ore/gl/ore_render_pass_gl.hpp	rive::ore::RenderPassGL::GLResolveEntry	4	width	uint32_t	61	webgl2:ore:render_pass	value-lifetime-review-required
webgl2	webgl2-emscripten	renderer/src/ore/gl/ore_render_pass_gl.hpp	rive::ore::RenderPassGL::GLResolveEntry	5	height	uint32_t	62	webgl2:ore:render_pass	value-lifetime-review-required
webgl2	webgl2-emscripten	renderer/src/ore/gl/ore_sampler_gl.hpp	rive::ore::SamplerGL	1	m_glSampler	unsigned int	16	webgl2:ore:sampler	value-lifetime-review-required
webgl2	webgl2-emscripten	renderer/src/ore/gl/ore_shader_module_gl.hpp	rive::ore::ShaderModuleGL	1	m_glShader	unsigned int	16	webgl2:ore:shader_module	value-lifetime-review-required
webgl2	webgl2-emscripten	renderer/src/ore/gl/ore_shader_module_gl.hpp	rive::ore::ShaderModuleGL	2	m_glShaderType	unsigned int	17	webgl2:ore:shader_module	value-lifetime-review-required
webgl2	webgl2-emscripten	renderer/src/ore/gl/ore_texture_gl.hpp	rive::ore::TextureGL	1	m_glTexture	unsigned int	17	webgl2:ore:texture	value-lifetime-review-required
webgl2	webgl2-emscripten	renderer/src/ore/gl/ore_texture_gl.hpp	rive::ore::TextureGL	2	m_glRenderbuffer	unsigned int	18	webgl2:ore:texture	value-lifetime-review-required
webgl2	webgl2-emscripten	renderer/src/ore/gl/ore_texture_gl.hpp	rive::ore::TextureGL	3	m_glTarget	unsigned int	19	webgl2:ore:texture	value-lifetime-review-required
webgl2	webgl2-emscripten	renderer/src/ore/gl/ore_texture_gl.hpp	rive::ore::TextureGL	4	m_glOwnsTexture	bool	20	webgl2:ore:texture	value-lifetime-review-required
webgl2	webgl2-emscripten	renderer/src/ore/gl/ore_texture_gl.hpp	rive::ore::TextureViewGL	1	m_glTextureView	unsigned int	33	webgl2:ore:texture	value-lifetime-review-required
webgpu	webgpu-dawn-v2	renderer/include/rive/renderer/ore/ore_context_wgpu.hpp	rive::ore::ContextWGPU	1	m_wgpuBackend	WGPUBackend	92	webgpu:ore:context	native-handle-review-required
webgpu	webgpu-dawn-v2	renderer/include/rive/renderer/ore/ore_context_wgpu.hpp	rive::ore::ContextWGPU	2	m_wgpuDevice	wgpu::Device	93	webgpu:ore:context	value-lifetime-review-required
webgpu	webgpu-dawn-v2	renderer/include/rive/renderer/ore/ore_context_wgpu.hpp	rive::ore::ContextWGPU	3	m_wgpuQueue	wgpu::Queue	94	webgpu:ore:context	value-lifetime-review-required
webgpu	webgpu-dawn-v2	renderer/include/rive/renderer/ore/ore_context_wgpu.hpp	rive::ore::ContextWGPU	4	m_wgpuCommandEncoder	wgpu::CommandEncoder	95	webgpu:ore:context	value-lifetime-review-required
webgpu	webgpu-dawn-v2	renderer/include/rive/renderer/ore/ore_context_wgpu.hpp	rive::ore::ContextWGPU	5	m_frameSerial	uint64_t	96	webgpu:ore:context	value-lifetime-review-required
webgpu	webgpu-dawn-v2	renderer/include/rive/renderer/webgpu/render_context_webgpu_impl.hpp	rive::gpu::RenderContextWebGPUImpl	1	m_device	const wgpu::Device	189	webgpu:renderer:render_context_webgpu_impl	value-lifetime-review-required
webgpu	webgpu-dawn-v2	renderer/include/rive/renderer/webgpu/render_context_webgpu_impl.hpp	rive::gpu::RenderContextWebGPUImpl	2	m_queue	const wgpu::Queue	190	webgpu:renderer:render_context_webgpu_impl	value-lifetime-review-required
webgpu	webgpu-dawn-v2	renderer/include/rive/renderer/webgpu/render_context_webgpu_impl.hpp	rive::gpu::RenderContextWebGPUImpl	3	m_contextOptions	const ContextOptions	191	webgpu:renderer:render_context_webgpu_impl	value-lifetime-review-required
webgpu	webgpu-dawn-v2	renderer/include/rive/renderer/webgpu/render_context_webgpu_impl.hpp	rive::gpu::RenderContextWebGPUImpl	4	m_capabilities	Capabilities	192	webgpu:renderer:render_context_webgpu_impl	value-lifetime-review-required
webgpu	webgpu-dawn-v2	renderer/include/rive/renderer/webgpu/render_context_webgpu_impl.hpp	rive::gpu::RenderContextWebGPUImpl	5	m_drawPipelineLayouts	std::array<std::unique_ptr<DrawPipelineLayout>, gpu::INTERLOCK_MODE_COUNT>	199	webgpu:renderer:render_context_webgpu_impl	retained-owner-review-required
webgpu	webgpu-dawn-v2	renderer/include/rive/renderer/webgpu/render_context_webgpu_impl.hpp	rive::gpu::RenderContextWebGPUImpl	6	m_blitTextureAsDrawPipeline	std::unique_ptr<BlitTextureAsDrawPipeline>	213	webgpu:renderer:render_context_webgpu_impl	retained-owner-review-required
webgpu	webgpu-dawn-v2	renderer/include/rive/renderer/webgpu/render_context_webgpu_impl.hpp	rive::gpu::RenderContextWebGPUImpl	7	m_colorRampPipeline	std::unique_ptr<ColorRampPipeline>	218	webgpu:renderer:render_context_webgpu_impl	retained-owner-review-required
webgpu	webgpu-dawn-v2	renderer/include/rive/renderer/webgpu/render_context_webgpu_impl.hpp	rive::gpu::RenderContextWebGPUImpl	8	m_gradientTexture	wgpu::Texture	219	webgpu:renderer:render_context_webgpu_impl	value-lifetime-review-required
webgpu	webgpu-dawn-v2	renderer/include/rive/renderer/webgpu/render_context_webgpu_impl.hpp	rive::gpu::RenderContextWebGPUImpl	9	m_gradientTextureView	wgpu::TextureView	220	webgpu:renderer:render_context_webgpu_impl	value-lifetime-review-required
webgpu	webgpu-dawn-v2	renderer/include/rive/renderer/webgpu/render_context_webgpu_impl.hpp	rive::gpu::RenderContextWebGPUImpl	10	m_tessellatePipeline	std::unique_ptr<TessellatePipeline>	224	webgpu:renderer:render_context_webgpu_impl	retained-owner-review-required
webgpu	webgpu-dawn-v2	renderer/include/rive/renderer/webgpu/render_context_webgpu_impl.hpp	rive::gpu::RenderContextWebGPUImpl	11	m_tessSpanIndexBuffer	wgpu::Buffer	225	webgpu:renderer:render_context_webgpu_impl	value-lifetime-review-required
webgpu	webgpu-dawn-v2	renderer/include/rive/renderer/webgpu/render_context_webgpu_impl.hpp	rive::gpu::RenderContextWebGPUImpl	12	m_tessVertexTexture	wgpu::Texture	226	webgpu:renderer:render_context_webgpu_impl	value-lifetime-review-required
webgpu	webgpu-dawn-v2	renderer/include/rive/renderer/webgpu/render_context_webgpu_impl.hpp	rive::gpu::RenderContextWebGPUImpl	13	m_tessVertexTextureView	wgpu::TextureView	227	webgpu:renderer:render_context_webgpu_impl	value-lifetime-review-required
webgpu	webgpu-dawn-v2	renderer/include/rive/renderer/webgpu/render_context_webgpu_impl.hpp	rive::gpu::RenderContextWebGPUImpl	14	m_featherAtlasPipeline	std::unique_ptr<FeatherAtlasPipeline>	231	webgpu:renderer:render_context_webgpu_impl	retained-owner-review-required
webgpu	webgpu-dawn-v2	renderer/include/rive/renderer/webgpu/render_context_webgpu_impl.hpp	rive::gpu::RenderContextWebGPUImpl	15	m_featherAtlasTexture	wgpu::Texture	232	webgpu:renderer:render_context_webgpu_impl	value-lifetime-review-required
webgpu	webgpu-dawn-v2	renderer/include/rive/renderer/webgpu/render_context_webgpu_impl.hpp	rive::gpu::RenderContextWebGPUImpl	16	m_featherAtlasTextureView	wgpu::TextureView	233	webgpu:renderer:render_context_webgpu_impl	value-lifetime-review-required
webgpu	webgpu-dawn-v2	renderer/include/rive/renderer/webgpu/render_context_webgpu_impl.hpp	rive::gpu::RenderContextWebGPUImpl	17	m_drawPipelines	std::map<uint64_t, DrawPipeline>	237	webgpu:renderer:render_context_webgpu_impl	container-owner-review-required
webgpu	webgpu-dawn-v2	renderer/include/rive/renderer/webgpu/render_context_webgpu_impl.hpp	rive::gpu::RenderContextWebGPUImpl	18	m_linearSampler	wgpu::Sampler	238	webgpu:renderer:render_context_webgpu_impl	value-lifetime-review-required
webgpu	webgpu-dawn-v2	renderer/include/rive/renderer/webgpu/render_context_webgpu_impl.hpp	rive::gpu::RenderContextWebGPUImpl	19	m_imageSamplers	wgpu::Sampler[18]	239	webgpu:renderer:render_context_webgpu_impl	value-lifetime-review-required
webgpu	webgpu-dawn-v2	renderer/include/rive/renderer/webgpu/render_context_webgpu_impl.hpp	rive::gpu::RenderContextWebGPUImpl	20	m_samplerBindings	wgpu::BindGroup	240	webgpu:renderer:render_context_webgpu_impl	value-lifetime-review-required
webgpu	webgpu-dawn-v2	renderer/include/rive/renderer/webgpu/render_context_webgpu_impl.hpp	rive::gpu::RenderContextWebGPUImpl	21	m_emptyBindingsLayout	wgpu::BindGroupLayout	241	webgpu:renderer:render_context_webgpu_impl	value-lifetime-review-required
webgpu	webgpu-dawn-v2	renderer/include/rive/renderer/webgpu/render_context_webgpu_impl.hpp	rive::gpu::RenderContextWebGPUImpl	22	m_pathPatchVertexBuffer	wgpu::Buffer	242	webgpu:renderer:render_context_webgpu_impl	value-lifetime-review-required
webgpu	webgpu-dawn-v2	renderer/include/rive/renderer/webgpu/render_context_webgpu_impl.hpp	rive::gpu::RenderContextWebGPUImpl	23	m_pathPatchIndexBuffer	wgpu::Buffer	243	webgpu:renderer:render_context_webgpu_impl	value-lifetime-review-required
webgpu	webgpu-dawn-v2	renderer/include/rive/renderer/webgpu/render_context_webgpu_impl.hpp	rive::gpu::RenderContextWebGPUImpl	24	m_imageRectVertexBuffer	wgpu::Buffer	244	webgpu:renderer:render_context_webgpu_impl	value-lifetime-review-required
webgpu	webgpu-dawn-v2	renderer/include/rive/renderer/webgpu/render_context_webgpu_impl.hpp	rive::gpu::RenderContextWebGPUImpl	25	m_imageRectIndexBuffer	wgpu::Buffer	245	webgpu:renderer:render_context_webgpu_impl	value-lifetime-review-required
webgpu	webgpu-dawn-v2	renderer/include/rive/renderer/webgpu/render_context_webgpu_impl.hpp	rive::gpu::RenderContextWebGPUImpl	26	m_gaussianIntegralTexture	wgpu::Texture	248	webgpu:renderer:render_context_webgpu_impl	value-lifetime-review-required
webgpu	webgpu-dawn-v2	renderer/include/rive/renderer/webgpu/render_context_webgpu_impl.hpp	rive::gpu::RenderContextWebGPUImpl	27	m_gaussianIntegralTextureView	wgpu::TextureView	249	webgpu:renderer:render_context_webgpu_impl	value-lifetime-review-required
webgpu	webgpu-dawn-v2	renderer/include/rive/renderer/webgpu/render_context_webgpu_impl.hpp	rive::gpu::RenderContextWebGPUImpl	28	m_atomicPLSBackingBufferSize	uint64_t	252	webgpu:renderer:render_context_webgpu_impl	value-lifetime-review-required
webgpu	webgpu-dawn-v2	renderer/include/rive/renderer/webgpu/render_context_webgpu_impl.hpp	rive::gpu::RenderContextWebGPUImpl	29	m_atomicPLSColorBuffer	wgpu::Buffer	253	webgpu:renderer:render_context_webgpu_impl	value-lifetime-review-required
webgpu	webgpu-dawn-v2	renderer/include/rive/renderer/webgpu/render_context_webgpu_impl.hpp	rive::gpu::RenderContextWebGPUImpl	30	m_atomicPLSClipBuffer	wgpu::Buffer	254	webgpu:renderer:render_context_webgpu_impl	value-lifetime-review-required
webgpu	webgpu-dawn-v2	renderer/include/rive/renderer/webgpu/render_context_webgpu_impl.hpp	rive::gpu::RenderContextWebGPUImpl	31	m_atomicPLSCoverageBuffer	wgpu::Buffer	255	webgpu:renderer:render_context_webgpu_impl	value-lifetime-review-required
webgpu	webgpu-dawn-v2	renderer/include/rive/renderer/webgpu/render_context_webgpu_impl.hpp	rive::gpu::RenderContextWebGPUImpl	32	m_nullTexture	wgpu::Texture	258	webgpu:renderer:render_context_webgpu_impl	value-lifetime-review-required
webgpu	webgpu-dawn-v2	renderer/include/rive/renderer/webgpu/render_context_webgpu_impl.hpp	rive::gpu::RenderContextWebGPUImpl	33	m_nullTextureView	wgpu::TextureView	259	webgpu:renderer:render_context_webgpu_impl	value-lifetime-review-required
webgpu	webgpu-dawn-v2	renderer/include/rive/renderer/webgpu/render_context_webgpu_impl.hpp	rive::gpu::RenderContextWebGPUImpl	34	m_nullStorageBuffer	wgpu::Buffer	260	webgpu:renderer:render_context_webgpu_impl	value-lifetime-review-required
webgpu	webgpu-dawn-v2	renderer/include/rive/renderer/webgpu/render_context_webgpu_impl.hpp	rive::gpu::RenderContextWebGPUImpl::Capabilities	1	backendType	wgpu::BackendType	54	webgpu:renderer:render_context_webgpu_impl	value-lifetime-review-required
webgpu	webgpu-dawn-v2	renderer/include/rive/renderer/webgpu/render_context_webgpu_impl.hpp	rive::gpu::RenderContextWebGPUImpl::Capabilities	2	polyfillVertexStorageBuffers	bool	60	webgpu:renderer:render_context_webgpu_impl	value-lifetime-review-required
webgpu	webgpu-dawn-v2	renderer/include/rive/renderer/webgpu/render_context_webgpu_impl.hpp	rive::gpu::RenderContextWebGPUImpl::ContextOptions	1	compatibilityMode	bool	31	webgpu:renderer:render_context_webgpu_impl	value-lifetime-review-required
webgpu	webgpu-dawn-v2	renderer/include/rive/renderer/webgpu/render_context_webgpu_impl.hpp	rive::gpu::RenderTargetWebGPU	1	m_device	const wgpu::Device	300	webgpu:renderer:render_context_webgpu_impl	value-lifetime-review-required
webgpu	webgpu-dawn-v2	renderer/include/rive/renderer/webgpu/render_context_webgpu_impl.hpp	rive::gpu::RenderTargetWebGPU	2	m_framebufferFormat	const wgpu::TextureFormat	301	webgpu:renderer:render_context_webgpu_impl	value-lifetime-review-required
webgpu	webgpu-dawn-v2	renderer/include/rive/renderer/webgpu/render_context_webgpu_impl.hpp	rive::gpu::RenderTargetWebGPU	3	m_transientPLSUsage	wgpu::TextureUsage	302	webgpu:renderer:render_context_webgpu_impl	value-lifetime-review-required
webgpu	webgpu-dawn-v2	renderer/include/rive/renderer/webgpu/render_context_webgpu_impl.hpp	rive::gpu::RenderTargetWebGPU	4	m_transientMSAAColorUsage	wgpu::TextureUsage	303	webgpu:renderer:render_context_webgpu_impl	value-lifetime-review-required
webgpu	webgpu-dawn-v2	renderer/include/rive/renderer/webgpu/render_context_webgpu_impl.hpp	rive::gpu::RenderTargetWebGPU	5	m_transientMSAADepthStencilUsage	wgpu::TextureUsage	304	webgpu:renderer:render_context_webgpu_impl	value-lifetime-review-required
webgpu	webgpu-dawn-v2	renderer/include/rive/renderer/webgpu/render_context_webgpu_impl.hpp	rive::gpu::RenderTargetWebGPU	6	m_targetTexture	wgpu::Texture	306	webgpu:renderer:render_context_webgpu_impl	value-lifetime-review-required
webgpu	webgpu-dawn-v2	renderer/include/rive/renderer/webgpu/render_context_webgpu_impl.hpp	rive::gpu::RenderTargetWebGPU	7	m_coverageTexture	wgpu::Texture	307	webgpu:renderer:render_context_webgpu_impl	value-lifetime-review-required
webgpu	webgpu-dawn-v2	renderer/include/rive/renderer/webgpu/render_context_webgpu_impl.hpp	rive::gpu::RenderTargetWebGPU	8	m_clipTexture	wgpu::Texture	308	webgpu:renderer:render_context_webgpu_impl	value-lifetime-review-required
webgpu	webgpu-dawn-v2	renderer/include/rive/renderer/webgpu/render_context_webgpu_impl.hpp	rive::gpu::RenderTargetWebGPU	9	m_scratchColorTexture	wgpu::Texture	309	webgpu:renderer:render_context_webgpu_impl	value-lifetime-review-required
webgpu	webgpu-dawn-v2	renderer/include/rive/renderer/webgpu/render_context_webgpu_impl.hpp	rive::gpu::RenderTargetWebGPU	10	m_msaaColorTexture	wgpu::Texture	310	webgpu:renderer:render_context_webgpu_impl	value-lifetime-review-required
webgpu	webgpu-dawn-v2	renderer/include/rive/renderer/webgpu/render_context_webgpu_impl.hpp	rive::gpu::RenderTargetWebGPU	11	m_msaaDepthStencilTexture	wgpu::Texture	311	webgpu:renderer:render_context_webgpu_impl	value-lifetime-review-required
webgpu	webgpu-dawn-v2	renderer/include/rive/renderer/webgpu/render_context_webgpu_impl.hpp	rive::gpu::RenderTargetWebGPU	12	m_dstColorTexture	wgpu::Texture	312	webgpu:renderer:render_context_webgpu_impl	value-lifetime-review-required
webgpu	webgpu-dawn-v2	renderer/include/rive/renderer/webgpu/render_context_webgpu_impl.hpp	rive::gpu::RenderTargetWebGPU	13	m_targetTextureView	wgpu::TextureView	314	webgpu:renderer:render_context_webgpu_impl	value-lifetime-review-required
webgpu	webgpu-dawn-v2	renderer/include/rive/renderer/webgpu/render_context_webgpu_impl.hpp	rive::gpu::RenderTargetWebGPU	14	m_coverageTextureView	wgpu::TextureView	315	webgpu:renderer:render_context_webgpu_impl	value-lifetime-review-required
webgpu	webgpu-dawn-v2	renderer/include/rive/renderer/webgpu/render_context_webgpu_impl.hpp	rive::gpu::RenderTargetWebGPU	15	m_clipTextureView	wgpu::TextureView	316	webgpu:renderer:render_context_webgpu_impl	value-lifetime-review-required
webgpu	webgpu-dawn-v2	renderer/include/rive/renderer/webgpu/render_context_webgpu_impl.hpp	rive::gpu::RenderTargetWebGPU	16	m_scratchColorTextureView	wgpu::TextureView	317	webgpu:renderer:render_context_webgpu_impl	value-lifetime-review-required
webgpu	webgpu-dawn-v2	renderer/include/rive/renderer/webgpu/render_context_webgpu_impl.hpp	rive::gpu::RenderTargetWebGPU	17	m_msaaColorTextureView	wgpu::TextureView	318	webgpu:renderer:render_context_webgpu_impl	value-lifetime-review-required
webgpu	webgpu-dawn-v2	renderer/include/rive/renderer/webgpu/render_context_webgpu_impl.hpp	rive::gpu::RenderTargetWebGPU	18	m_msaaDepthStencilTextureView	wgpu::TextureView	319	webgpu:renderer:render_context_webgpu_impl	value-lifetime-review-required
webgpu	webgpu-dawn-v2	renderer/include/rive/renderer/webgpu/render_context_webgpu_impl.hpp	rive::gpu::RenderTargetWebGPU	19	m_dstColorTextureView	wgpu::TextureView	320	webgpu:renderer:render_context_webgpu_impl	value-lifetime-review-required
webgpu	webgpu-dawn-v2	renderer/include/rive/renderer/webgpu/render_context_webgpu_impl.hpp	rive::gpu::TextureWebGPUImpl	1	m_texture	wgpu::Texture	341	webgpu:renderer:render_context_webgpu_impl	value-lifetime-review-required
webgpu	webgpu-dawn-v2	renderer/include/rive/renderer/webgpu/render_context_webgpu_impl.hpp	rive::gpu::TextureWebGPUImpl	2	m_textureView	wgpu::TextureView	342	webgpu:renderer:render_context_webgpu_impl	value-lifetime-review-required
webgpu	webgpu-dawn-v2	renderer/src/ore/wgpu/ore_bind_group_layout_wgpu.hpp	rive::ore::BindGroupLayoutWGPU	1	m_wgpuBGL	wgpu::BindGroupLayout	19	webgpu:ore:bind_group_layout	value-lifetime-review-required
webgpu	webgpu-dawn-v2	renderer/src/ore/wgpu/ore_bind_group_wgpu.hpp	rive::ore::BindGroupWGPU	1	m_uboEntries	std::vector<UBOEntry>	51	webgpu:ore:bind_group	container-owner-review-required
webgpu	webgpu-dawn-v2	renderer/src/ore/wgpu/ore_bind_group_wgpu.hpp	rive::ore::BindGroupWGPU	2	m_texEntries	std::vector<TexEntry>	52	webgpu:ore:bind_group	container-owner-review-required
webgpu	webgpu-dawn-v2	renderer/src/ore/wgpu/ore_bind_group_wgpu.hpp	rive::ore::BindGroupWGPU	3	m_sampEntries	std::vector<SampEntry>	53	webgpu:ore:bind_group	container-owner-review-required
webgpu	webgpu-dawn-v2	renderer/src/ore/wgpu/ore_bind_group_wgpu.hpp	rive::ore::BindGroupWGPU	4	m_wgpuBGL	wgpu::BindGroupLayout	54	webgpu:ore:bind_group	value-lifetime-review-required
webgpu	webgpu-dawn-v2	renderer/src/ore/wgpu/ore_bind_group_wgpu.hpp	rive::ore::BindGroupWGPU	5	m_label	std::string	55	webgpu:ore:bind_group	value-lifetime-review-required
webgpu	webgpu-dawn-v2	renderer/src/ore/wgpu/ore_bind_group_wgpu.hpp	rive::ore::BindGroupWGPU	6	m_cache	std::vector<CachedGroup>	64	webgpu:ore:bind_group	container-owner-review-required
webgpu	webgpu-dawn-v2	renderer/src/ore/wgpu/ore_bind_group_wgpu.hpp	rive::ore::BindGroupWGPU	7	m_nullBindGroup	wgpu::BindGroup	68	webgpu:ore:bind_group	value-lifetime-review-required
webgpu	webgpu-dawn-v2	renderer/src/ore/wgpu/ore_bind_group_wgpu.hpp	rive::ore::BindGroupWGPU::CachedGroup	1	key	std::vector<WGPUBuffer>	61	webgpu:ore:bind_group	native-handle-review-required
webgpu	webgpu-dawn-v2	renderer/src/ore/wgpu/ore_bind_group_wgpu.hpp	rive::ore::BindGroupWGPU::CachedGroup	2	bindGroup	wgpu::BindGroup	62	webgpu:ore:bind_group	value-lifetime-review-required
webgpu	webgpu-dawn-v2	renderer/src/ore/wgpu/ore_bind_group_wgpu.hpp	rive::ore::BindGroupWGPU::SampEntry	1	binding	uint32_t	48	webgpu:ore:bind_group	value-lifetime-review-required
webgpu	webgpu-dawn-v2	renderer/src/ore/wgpu/ore_bind_group_wgpu.hpp	rive::ore::BindGroupWGPU::SampEntry	2	sampler	wgpu::Sampler	49	webgpu:ore:bind_group	value-lifetime-review-required
webgpu	webgpu-dawn-v2	renderer/src/ore/wgpu/ore_bind_group_wgpu.hpp	rive::ore::BindGroupWGPU::TexEntry	1	binding	uint32_t	43	webgpu:ore:bind_group	value-lifetime-review-required
webgpu	webgpu-dawn-v2	renderer/src/ore/wgpu/ore_bind_group_wgpu.hpp	rive::ore::BindGroupWGPU::TexEntry	2	view	wgpu::TextureView	44	webgpu:ore:bind_group	value-lifetime-review-required
webgpu	webgpu-dawn-v2	renderer/src/ore/wgpu/ore_bind_group_wgpu.hpp	rive::ore::BindGroupWGPU::UBOEntry	1	buffer	BufferWGPU *	36	webgpu:ore:bind_group	native-handle-review-required
webgpu	webgpu-dawn-v2	renderer/src/ore/wgpu/ore_bind_group_wgpu.hpp	rive::ore::BindGroupWGPU::UBOEntry	2	binding	uint32_t	37	webgpu:ore:bind_group	value-lifetime-review-required
webgpu	webgpu-dawn-v2	renderer/src/ore/wgpu/ore_bind_group_wgpu.hpp	rive::ore::BindGroupWGPU::UBOEntry	3	offset	uint64_t	38	webgpu:ore:bind_group	value-lifetime-review-required
webgpu	webgpu-dawn-v2	renderer/src/ore/wgpu/ore_bind_group_wgpu.hpp	rive::ore::BindGroupWGPU::UBOEntry	4	size	uint64_t	39	webgpu:ore:bind_group	value-lifetime-review-required
webgpu	webgpu-dawn-v2	renderer/src/ore/wgpu/ore_buffer_wgpu.hpp	rive::ore::BufferWGPU	1	m_pool	std::vector<Backing>	50	webgpu:ore:buffer	container-owner-review-required
webgpu	webgpu-dawn-v2	renderer/src/ore/wgpu/ore_buffer_wgpu.hpp	rive::ore::BufferWGPU	2	m_currentIndex	size_t	51	webgpu:ore:buffer	value-lifetime-review-required
webgpu	webgpu-dawn-v2	renderer/src/ore/wgpu/ore_buffer_wgpu.hpp	rive::ore::BufferWGPU	3	m_boundSinceUpdate	bool	52	webgpu:ore:buffer	value-lifetime-review-required
webgpu	webgpu-dawn-v2	renderer/src/ore/wgpu/ore_buffer_wgpu.hpp	rive::ore::BufferWGPU	4	m_shadow	std::vector<uint8_t>	57	webgpu:ore:buffer	container-owner-review-required
webgpu	webgpu-dawn-v2	renderer/src/ore/wgpu/ore_buffer_wgpu.hpp	rive::ore::BufferWGPU	5	m_wgpuUsage	wgpu::BufferUsage	59	webgpu:ore:buffer	value-lifetime-review-required
webgpu	webgpu-dawn-v2	renderer/src/ore/wgpu/ore_buffer_wgpu.hpp	rive::ore::BufferWGPU	6	m_wgpuDevice	wgpu::Device	60	webgpu:ore:buffer	value-lifetime-review-required
webgpu	webgpu-dawn-v2	renderer/src/ore/wgpu/ore_buffer_wgpu.hpp	rive::ore::BufferWGPU	7	m_wgpuQueue	wgpu::Queue	61	webgpu:ore:buffer	value-lifetime-review-required
webgpu	webgpu-dawn-v2	renderer/src/ore/wgpu/ore_buffer_wgpu.hpp	rive::ore::BufferWGPU	8	m_ctx	ContextWGPU *	62	webgpu:ore:buffer	native-handle-review-required
webgpu	webgpu-dawn-v2	renderer/src/ore/wgpu/ore_buffer_wgpu.hpp	rive::ore::BufferWGPU::Backing	1	buffer	wgpu::Buffer	40	webgpu:ore:buffer	value-lifetime-review-required
webgpu	webgpu-dawn-v2	renderer/src/ore/wgpu/ore_buffer_wgpu.hpp	rive::ore::BufferWGPU::Backing	2	frameStamp	uint64_t	41	webgpu:ore:buffer	value-lifetime-review-required
webgpu	webgpu-dawn-v2	renderer/src/ore/wgpu/ore_pipeline_wgpu.hpp	rive::ore::PipelineWGPU	1	m_wgpuDevice	wgpu::Device	18	webgpu:ore:pipeline	value-lifetime-review-required
webgpu	webgpu-dawn-v2	renderer/src/ore/wgpu/ore_pipeline_wgpu.hpp	rive::ore::PipelineWGPU	2	m_wgpuPipeline	wgpu::RenderPipeline	19	webgpu:ore:pipeline	value-lifetime-review-required
webgpu	webgpu-dawn-v2	renderer/src/ore/wgpu/ore_pipeline_wgpu.hpp	rive::ore::PipelineWGPU	3	m_wgpuPipelineLayout	wgpu::PipelineLayout	20	webgpu:ore:pipeline	value-lifetime-review-required
webgpu	webgpu-dawn-v2	renderer/src/ore/wgpu/ore_render_pass_wgpu.hpp	rive::ore::RenderPassWGPU	1	m_wgpuContext	ContextWGPU *	59	webgpu:ore:render_pass	native-handle-review-required
webgpu	webgpu-dawn-v2	renderer/src/ore/wgpu/ore_render_pass_wgpu.hpp	rive::ore::RenderPassWGPU	2	m_currentPipeline	rcp<Pipeline>	60	webgpu:ore:render_pass	retained-owner-review-required
webgpu	webgpu-dawn-v2	renderer/src/ore/wgpu/ore_render_pass_wgpu.hpp	rive::ore::RenderPassWGPU	3	m_wgpuPassEncoder	wgpu::RenderPassEncoder	61	webgpu:ore:render_pass	value-lifetime-review-required
webgpu	webgpu-dawn-v2	renderer/src/ore/wgpu/ore_render_pass_wgpu.hpp	rive::ore::RenderPassWGPU	4	m_wgpuIndexBuffer	wgpu::Buffer	62	webgpu:ore:render_pass	value-lifetime-review-required
webgpu	webgpu-dawn-v2	renderer/src/ore/wgpu/ore_render_pass_wgpu.hpp	rive::ore::RenderPassWGPU	5	m_wgpuIndexFormat	wgpu::IndexFormat	63	webgpu:ore:render_pass	value-lifetime-review-required
webgpu	webgpu-dawn-v2	renderer/src/ore/wgpu/ore_render_pass_wgpu.hpp	rive::ore::RenderPassWGPU	6	m_wgpuIndexOffset	uint32_t	64	webgpu:ore:render_pass	value-lifetime-review-required
webgpu	webgpu-dawn-v2	renderer/src/ore/wgpu/ore_sampler_wgpu.hpp	rive::ore::SamplerWGPU	1	m_wgpuSampler	wgpu::Sampler	17	webgpu:ore:sampler	value-lifetime-review-required
webgpu	webgpu-dawn-v2	renderer/src/ore/wgpu/ore_shader_module_wgpu.hpp	rive::ore::ShaderModuleWGPU	1	m_wgpuShaderModule	wgpu::ShaderModule	19	webgpu:ore:shader_module	value-lifetime-review-required
webgpu	webgpu-dawn-v2	renderer/src/ore/wgpu/ore_texture_wgpu.hpp	rive::ore::TextureViewWGPU	1	m_wgpuTextureView	wgpu::TextureView	33	webgpu:ore:texture	value-lifetime-review-required
webgpu	webgpu-dawn-v2	renderer/src/ore/wgpu/ore_texture_wgpu.hpp	rive::ore::TextureWGPU	1	m_wgpuTexture	wgpu::Texture	18	webgpu:ore:texture	value-lifetime-review-required
webgpu	webgpu-dawn-v2	renderer/src/ore/wgpu/ore_texture_wgpu.hpp	rive::ore::TextureWGPU	2	m_wgpuQueue	wgpu::Queue	19	webgpu:ore:texture	value-lifetime-review-required
webgpu	webgpu-wagyu-v1	renderer/include/rive/renderer/ore/ore_context_wgpu.hpp	rive::ore::ContextWGPU	1	m_wgpuBackend	WGPUBackend	92	webgpu:ore:context	native-handle-review-required
webgpu	webgpu-wagyu-v1	renderer/include/rive/renderer/ore/ore_context_wgpu.hpp	rive::ore::ContextWGPU	2	m_wgpuDevice	wgpu::Device	93	webgpu:ore:context	value-lifetime-review-required
webgpu	webgpu-wagyu-v1	renderer/include/rive/renderer/ore/ore_context_wgpu.hpp	rive::ore::ContextWGPU	3	m_wgpuQueue	wgpu::Queue	94	webgpu:ore:context	value-lifetime-review-required
webgpu	webgpu-wagyu-v1	renderer/include/rive/renderer/ore/ore_context_wgpu.hpp	rive::ore::ContextWGPU	4	m_wgpuCommandEncoder	wgpu::CommandEncoder	95	webgpu:ore:context	value-lifetime-review-required
webgpu	webgpu-wagyu-v1	renderer/include/rive/renderer/ore/ore_context_wgpu.hpp	rive::ore::ContextWGPU	5	m_frameSerial	uint64_t	96	webgpu:ore:context	value-lifetime-review-required
webgpu	webgpu-wagyu-v1	renderer/include/rive/renderer/webgpu/render_context_webgpu_impl.hpp	rive::gpu::RenderContextWebGPUImpl	1	m_device	const wgpu::Device	189	webgpu:renderer:render_context_webgpu_impl	value-lifetime-review-required
webgpu	webgpu-wagyu-v1	renderer/include/rive/renderer/webgpu/render_context_webgpu_impl.hpp	rive::gpu::RenderContextWebGPUImpl	2	m_queue	const wgpu::Queue	190	webgpu:renderer:render_context_webgpu_impl	value-lifetime-review-required
webgpu	webgpu-wagyu-v1	renderer/include/rive/renderer/webgpu/render_context_webgpu_impl.hpp	rive::gpu::RenderContextWebGPUImpl	3	m_contextOptions	const ContextOptions	191	webgpu:renderer:render_context_webgpu_impl	value-lifetime-review-required
webgpu	webgpu-wagyu-v1	renderer/include/rive/renderer/webgpu/render_context_webgpu_impl.hpp	rive::gpu::RenderContextWebGPUImpl	4	m_capabilities	Capabilities	192	webgpu:renderer:render_context_webgpu_impl	value-lifetime-review-required
webgpu	webgpu-wagyu-v1	renderer/include/rive/renderer/webgpu/render_context_webgpu_impl.hpp	rive::gpu::RenderContextWebGPUImpl	5	m_drawPipelineLayouts	std::array<std::unique_ptr<DrawPipelineLayout>, gpu::INTERLOCK_MODE_COUNT>	199	webgpu:renderer:render_context_webgpu_impl	retained-owner-review-required
webgpu	webgpu-wagyu-v1	renderer/include/rive/renderer/webgpu/render_context_webgpu_impl.hpp	rive::gpu::RenderContextWebGPUImpl	6	m_blitTextureAsDrawPipeline	std::unique_ptr<BlitTextureAsDrawPipeline>	213	webgpu:renderer:render_context_webgpu_impl	retained-owner-review-required
webgpu	webgpu-wagyu-v1	renderer/include/rive/renderer/webgpu/render_context_webgpu_impl.hpp	rive::gpu::RenderContextWebGPUImpl	7	m_colorRampPipeline	std::unique_ptr<ColorRampPipeline>	218	webgpu:renderer:render_context_webgpu_impl	retained-owner-review-required
webgpu	webgpu-wagyu-v1	renderer/include/rive/renderer/webgpu/render_context_webgpu_impl.hpp	rive::gpu::RenderContextWebGPUImpl	8	m_gradientTexture	wgpu::Texture	219	webgpu:renderer:render_context_webgpu_impl	value-lifetime-review-required
webgpu	webgpu-wagyu-v1	renderer/include/rive/renderer/webgpu/render_context_webgpu_impl.hpp	rive::gpu::RenderContextWebGPUImpl	9	m_gradientTextureView	wgpu::TextureView	220	webgpu:renderer:render_context_webgpu_impl	value-lifetime-review-required
webgpu	webgpu-wagyu-v1	renderer/include/rive/renderer/webgpu/render_context_webgpu_impl.hpp	rive::gpu::RenderContextWebGPUImpl	10	m_tessellatePipeline	std::unique_ptr<TessellatePipeline>	224	webgpu:renderer:render_context_webgpu_impl	retained-owner-review-required
webgpu	webgpu-wagyu-v1	renderer/include/rive/renderer/webgpu/render_context_webgpu_impl.hpp	rive::gpu::RenderContextWebGPUImpl	11	m_tessSpanIndexBuffer	wgpu::Buffer	225	webgpu:renderer:render_context_webgpu_impl	value-lifetime-review-required
webgpu	webgpu-wagyu-v1	renderer/include/rive/renderer/webgpu/render_context_webgpu_impl.hpp	rive::gpu::RenderContextWebGPUImpl	12	m_tessVertexTexture	wgpu::Texture	226	webgpu:renderer:render_context_webgpu_impl	value-lifetime-review-required
webgpu	webgpu-wagyu-v1	renderer/include/rive/renderer/webgpu/render_context_webgpu_impl.hpp	rive::gpu::RenderContextWebGPUImpl	13	m_tessVertexTextureView	wgpu::TextureView	227	webgpu:renderer:render_context_webgpu_impl	value-lifetime-review-required
webgpu	webgpu-wagyu-v1	renderer/include/rive/renderer/webgpu/render_context_webgpu_impl.hpp	rive::gpu::RenderContextWebGPUImpl	14	m_featherAtlasPipeline	std::unique_ptr<FeatherAtlasPipeline>	231	webgpu:renderer:render_context_webgpu_impl	retained-owner-review-required
webgpu	webgpu-wagyu-v1	renderer/include/rive/renderer/webgpu/render_context_webgpu_impl.hpp	rive::gpu::RenderContextWebGPUImpl	15	m_featherAtlasTexture	wgpu::Texture	232	webgpu:renderer:render_context_webgpu_impl	value-lifetime-review-required
webgpu	webgpu-wagyu-v1	renderer/include/rive/renderer/webgpu/render_context_webgpu_impl.hpp	rive::gpu::RenderContextWebGPUImpl	16	m_featherAtlasTextureView	wgpu::TextureView	233	webgpu:renderer:render_context_webgpu_impl	value-lifetime-review-required
webgpu	webgpu-wagyu-v1	renderer/include/rive/renderer/webgpu/render_context_webgpu_impl.hpp	rive::gpu::RenderContextWebGPUImpl	17	m_drawPipelines	std::map<uint64_t, DrawPipeline>	237	webgpu:renderer:render_context_webgpu_impl	container-owner-review-required
webgpu	webgpu-wagyu-v1	renderer/include/rive/renderer/webgpu/render_context_webgpu_impl.hpp	rive::gpu::RenderContextWebGPUImpl	18	m_linearSampler	wgpu::Sampler	238	webgpu:renderer:render_context_webgpu_impl	value-lifetime-review-required
webgpu	webgpu-wagyu-v1	renderer/include/rive/renderer/webgpu/render_context_webgpu_impl.hpp	rive::gpu::RenderContextWebGPUImpl	19	m_imageSamplers	wgpu::Sampler[18]	239	webgpu:renderer:render_context_webgpu_impl	value-lifetime-review-required
webgpu	webgpu-wagyu-v1	renderer/include/rive/renderer/webgpu/render_context_webgpu_impl.hpp	rive::gpu::RenderContextWebGPUImpl	20	m_samplerBindings	wgpu::BindGroup	240	webgpu:renderer:render_context_webgpu_impl	value-lifetime-review-required
webgpu	webgpu-wagyu-v1	renderer/include/rive/renderer/webgpu/render_context_webgpu_impl.hpp	rive::gpu::RenderContextWebGPUImpl	21	m_emptyBindingsLayout	wgpu::BindGroupLayout	241	webgpu:renderer:render_context_webgpu_impl	value-lifetime-review-required
webgpu	webgpu-wagyu-v1	renderer/include/rive/renderer/webgpu/render_context_webgpu_impl.hpp	rive::gpu::RenderContextWebGPUImpl	22	m_pathPatchVertexBuffer	wgpu::Buffer	242	webgpu:renderer:render_context_webgpu_impl	value-lifetime-review-required
webgpu	webgpu-wagyu-v1	renderer/include/rive/renderer/webgpu/render_context_webgpu_impl.hpp	rive::gpu::RenderContextWebGPUImpl	23	m_pathPatchIndexBuffer	wgpu::Buffer	243	webgpu:renderer:render_context_webgpu_impl	value-lifetime-review-required
webgpu	webgpu-wagyu-v1	renderer/include/rive/renderer/webgpu/render_context_webgpu_impl.hpp	rive::gpu::RenderContextWebGPUImpl	24	m_imageRectVertexBuffer	wgpu::Buffer	244	webgpu:renderer:render_context_webgpu_impl	value-lifetime-review-required
webgpu	webgpu-wagyu-v1	renderer/include/rive/renderer/webgpu/render_context_webgpu_impl.hpp	rive::gpu::RenderContextWebGPUImpl	25	m_imageRectIndexBuffer	wgpu::Buffer	245	webgpu:renderer:render_context_webgpu_impl	value-lifetime-review-required
webgpu	webgpu-wagyu-v1	renderer/include/rive/renderer/webgpu/render_context_webgpu_impl.hpp	rive::gpu::RenderContextWebGPUImpl	26	m_gaussianIntegralTexture	wgpu::Texture	248	webgpu:renderer:render_context_webgpu_impl	value-lifetime-review-required
webgpu	webgpu-wagyu-v1	renderer/include/rive/renderer/webgpu/render_context_webgpu_impl.hpp	rive::gpu::RenderContextWebGPUImpl	27	m_gaussianIntegralTextureView	wgpu::TextureView	249	webgpu:renderer:render_context_webgpu_impl	value-lifetime-review-required
webgpu	webgpu-wagyu-v1	renderer/include/rive/renderer/webgpu/render_context_webgpu_impl.hpp	rive::gpu::RenderContextWebGPUImpl	28	m_atomicPLSBackingBufferSize	uint64_t	252	webgpu:renderer:render_context_webgpu_impl	value-lifetime-review-required
webgpu	webgpu-wagyu-v1	renderer/include/rive/renderer/webgpu/render_context_webgpu_impl.hpp	rive::gpu::RenderContextWebGPUImpl	29	m_atomicPLSColorBuffer	wgpu::Buffer	253	webgpu:renderer:render_context_webgpu_impl	value-lifetime-review-required
webgpu	webgpu-wagyu-v1	renderer/include/rive/renderer/webgpu/render_context_webgpu_impl.hpp	rive::gpu::RenderContextWebGPUImpl	30	m_atomicPLSClipBuffer	wgpu::Buffer	254	webgpu:renderer:render_context_webgpu_impl	value-lifetime-review-required
webgpu	webgpu-wagyu-v1	renderer/include/rive/renderer/webgpu/render_context_webgpu_impl.hpp	rive::gpu::RenderContextWebGPUImpl	31	m_atomicPLSCoverageBuffer	wgpu::Buffer	255	webgpu:renderer:render_context_webgpu_impl	value-lifetime-review-required
webgpu	webgpu-wagyu-v1	renderer/include/rive/renderer/webgpu/render_context_webgpu_impl.hpp	rive::gpu::RenderContextWebGPUImpl	32	m_nullTexture	wgpu::Texture	258	webgpu:renderer:render_context_webgpu_impl	value-lifetime-review-required
webgpu	webgpu-wagyu-v1	renderer/include/rive/renderer/webgpu/render_context_webgpu_impl.hpp	rive::gpu::RenderContextWebGPUImpl	33	m_nullTextureView	wgpu::TextureView	259	webgpu:renderer:render_context_webgpu_impl	value-lifetime-review-required
webgpu	webgpu-wagyu-v1	renderer/include/rive/renderer/webgpu/render_context_webgpu_impl.hpp	rive::gpu::RenderContextWebGPUImpl	34	m_nullStorageBuffer	wgpu::Buffer	260	webgpu:renderer:render_context_webgpu_impl	value-lifetime-review-required
webgpu	webgpu-wagyu-v1	renderer/include/rive/renderer/webgpu/render_context_webgpu_impl.hpp	rive::gpu::RenderContextWebGPUImpl::Capabilities	1	backendType	wgpu::BackendType	54	webgpu:renderer:render_context_webgpu_impl	value-lifetime-review-required
webgpu	webgpu-wagyu-v1	renderer/include/rive/renderer/webgpu/render_context_webgpu_impl.hpp	rive::gpu::RenderContextWebGPUImpl::Capabilities	2	polyfillVertexStorageBuffers	bool	60	webgpu:renderer:render_context_webgpu_impl	value-lifetime-review-required
webgpu	webgpu-wagyu-v1	renderer/include/rive/renderer/webgpu/render_context_webgpu_impl.hpp	rive::gpu::RenderContextWebGPUImpl::ContextOptions	1	compatibilityMode	bool	31	webgpu:renderer:render_context_webgpu_impl	value-lifetime-review-required
webgpu	webgpu-wagyu-v1	renderer/include/rive/renderer/webgpu/render_context_webgpu_impl.hpp	rive::gpu::RenderTargetWebGPU	1	m_device	const wgpu::Device	300	webgpu:renderer:render_context_webgpu_impl	value-lifetime-review-required
webgpu	webgpu-wagyu-v1	renderer/include/rive/renderer/webgpu/render_context_webgpu_impl.hpp	rive::gpu::RenderTargetWebGPU	2	m_framebufferFormat	const wgpu::TextureFormat	301	webgpu:renderer:render_context_webgpu_impl	value-lifetime-review-required
webgpu	webgpu-wagyu-v1	renderer/include/rive/renderer/webgpu/render_context_webgpu_impl.hpp	rive::gpu::RenderTargetWebGPU	3	m_transientPLSUsage	wgpu::TextureUsage	302	webgpu:renderer:render_context_webgpu_impl	value-lifetime-review-required
webgpu	webgpu-wagyu-v1	renderer/include/rive/renderer/webgpu/render_context_webgpu_impl.hpp	rive::gpu::RenderTargetWebGPU	4	m_transientMSAAColorUsage	wgpu::TextureUsage	303	webgpu:renderer:render_context_webgpu_impl	value-lifetime-review-required
webgpu	webgpu-wagyu-v1	renderer/include/rive/renderer/webgpu/render_context_webgpu_impl.hpp	rive::gpu::RenderTargetWebGPU	5	m_transientMSAADepthStencilUsage	wgpu::TextureUsage	304	webgpu:renderer:render_context_webgpu_impl	value-lifetime-review-required
webgpu	webgpu-wagyu-v1	renderer/include/rive/renderer/webgpu/render_context_webgpu_impl.hpp	rive::gpu::RenderTargetWebGPU	6	m_targetTexture	wgpu::Texture	306	webgpu:renderer:render_context_webgpu_impl	value-lifetime-review-required
webgpu	webgpu-wagyu-v1	renderer/include/rive/renderer/webgpu/render_context_webgpu_impl.hpp	rive::gpu::RenderTargetWebGPU	7	m_coverageTexture	wgpu::Texture	307	webgpu:renderer:render_context_webgpu_impl	value-lifetime-review-required
webgpu	webgpu-wagyu-v1	renderer/include/rive/renderer/webgpu/render_context_webgpu_impl.hpp	rive::gpu::RenderTargetWebGPU	8	m_clipTexture	wgpu::Texture	308	webgpu:renderer:render_context_webgpu_impl	value-lifetime-review-required
webgpu	webgpu-wagyu-v1	renderer/include/rive/renderer/webgpu/render_context_webgpu_impl.hpp	rive::gpu::RenderTargetWebGPU	9	m_scratchColorTexture	wgpu::Texture	309	webgpu:renderer:render_context_webgpu_impl	value-lifetime-review-required
webgpu	webgpu-wagyu-v1	renderer/include/rive/renderer/webgpu/render_context_webgpu_impl.hpp	rive::gpu::RenderTargetWebGPU	10	m_msaaColorTexture	wgpu::Texture	310	webgpu:renderer:render_context_webgpu_impl	value-lifetime-review-required
webgpu	webgpu-wagyu-v1	renderer/include/rive/renderer/webgpu/render_context_webgpu_impl.hpp	rive::gpu::RenderTargetWebGPU	11	m_msaaDepthStencilTexture	wgpu::Texture	311	webgpu:renderer:render_context_webgpu_impl	value-lifetime-review-required
webgpu	webgpu-wagyu-v1	renderer/include/rive/renderer/webgpu/render_context_webgpu_impl.hpp	rive::gpu::RenderTargetWebGPU	12	m_dstColorTexture	wgpu::Texture	312	webgpu:renderer:render_context_webgpu_impl	value-lifetime-review-required
webgpu	webgpu-wagyu-v1	renderer/include/rive/renderer/webgpu/render_context_webgpu_impl.hpp	rive::gpu::RenderTargetWebGPU	13	m_targetTextureView	wgpu::TextureView	314	webgpu:renderer:render_context_webgpu_impl	value-lifetime-review-required
webgpu	webgpu-wagyu-v1	renderer/include/rive/renderer/webgpu/render_context_webgpu_impl.hpp	rive::gpu::RenderTargetWebGPU	14	m_coverageTextureView	wgpu::TextureView	315	webgpu:renderer:render_context_webgpu_impl	value-lifetime-review-required
webgpu	webgpu-wagyu-v1	renderer/include/rive/renderer/webgpu/render_context_webgpu_impl.hpp	rive::gpu::RenderTargetWebGPU	15	m_clipTextureView	wgpu::TextureView	316	webgpu:renderer:render_context_webgpu_impl	value-lifetime-review-required
webgpu	webgpu-wagyu-v1	renderer/include/rive/renderer/webgpu/render_context_webgpu_impl.hpp	rive::gpu::RenderTargetWebGPU	16	m_scratchColorTextureView	wgpu::TextureView	317	webgpu:renderer:render_context_webgpu_impl	value-lifetime-review-required
webgpu	webgpu-wagyu-v1	renderer/include/rive/renderer/webgpu/render_context_webgpu_impl.hpp	rive::gpu::RenderTargetWebGPU	17	m_msaaColorTextureView	wgpu::TextureView	318	webgpu:renderer:render_context_webgpu_impl	value-lifetime-review-required
webgpu	webgpu-wagyu-v1	renderer/include/rive/renderer/webgpu/render_context_webgpu_impl.hpp	rive::gpu::RenderTargetWebGPU	18	m_msaaDepthStencilTextureView	wgpu::TextureView	319	webgpu:renderer:render_context_webgpu_impl	value-lifetime-review-required
webgpu	webgpu-wagyu-v1	renderer/include/rive/renderer/webgpu/render_context_webgpu_impl.hpp	rive::gpu::RenderTargetWebGPU	19	m_dstColorTextureView	wgpu::TextureView	320	webgpu:renderer:render_context_webgpu_impl	value-lifetime-review-required
webgpu	webgpu-wagyu-v1	renderer/include/rive/renderer/webgpu/render_context_webgpu_impl.hpp	rive::gpu::TextureWebGPUImpl	1	m_texture	wgpu::Texture	341	webgpu:renderer:render_context_webgpu_impl	value-lifetime-review-required
webgpu	webgpu-wagyu-v1	renderer/include/rive/renderer/webgpu/render_context_webgpu_impl.hpp	rive::gpu::TextureWebGPUImpl	2	m_textureView	wgpu::TextureView	342	webgpu:renderer:render_context_webgpu_impl	value-lifetime-review-required
webgpu	webgpu-wagyu-v1	renderer/src/ore/wgpu/ore_bind_group_layout_wgpu.hpp	rive::ore::BindGroupLayoutWGPU	1	m_wgpuBGL	wgpu::BindGroupLayout	19	webgpu:ore:bind_group_layout	value-lifetime-review-required
webgpu	webgpu-wagyu-v1	renderer/src/ore/wgpu/ore_bind_group_wgpu.hpp	rive::ore::BindGroupWGPU	1	m_uboEntries	std::vector<UBOEntry>	51	webgpu:ore:bind_group	container-owner-review-required
webgpu	webgpu-wagyu-v1	renderer/src/ore/wgpu/ore_bind_group_wgpu.hpp	rive::ore::BindGroupWGPU	2	m_texEntries	std::vector<TexEntry>	52	webgpu:ore:bind_group	container-owner-review-required
webgpu	webgpu-wagyu-v1	renderer/src/ore/wgpu/ore_bind_group_wgpu.hpp	rive::ore::BindGroupWGPU	3	m_sampEntries	std::vector<SampEntry>	53	webgpu:ore:bind_group	container-owner-review-required
webgpu	webgpu-wagyu-v1	renderer/src/ore/wgpu/ore_bind_group_wgpu.hpp	rive::ore::BindGroupWGPU	4	m_wgpuBGL	wgpu::BindGroupLayout	54	webgpu:ore:bind_group	value-lifetime-review-required
webgpu	webgpu-wagyu-v1	renderer/src/ore/wgpu/ore_bind_group_wgpu.hpp	rive::ore::BindGroupWGPU	5	m_label	std::string	55	webgpu:ore:bind_group	value-lifetime-review-required
webgpu	webgpu-wagyu-v1	renderer/src/ore/wgpu/ore_bind_group_wgpu.hpp	rive::ore::BindGroupWGPU	6	m_cache	std::vector<CachedGroup>	64	webgpu:ore:bind_group	container-owner-review-required
webgpu	webgpu-wagyu-v1	renderer/src/ore/wgpu/ore_bind_group_wgpu.hpp	rive::ore::BindGroupWGPU	7	m_nullBindGroup	wgpu::BindGroup	68	webgpu:ore:bind_group	value-lifetime-review-required
webgpu	webgpu-wagyu-v1	renderer/src/ore/wgpu/ore_bind_group_wgpu.hpp	rive::ore::BindGroupWGPU::CachedGroup	1	key	std::vector<WGPUBuffer>	61	webgpu:ore:bind_group	native-handle-review-required
webgpu	webgpu-wagyu-v1	renderer/src/ore/wgpu/ore_bind_group_wgpu.hpp	rive::ore::BindGroupWGPU::CachedGroup	2	bindGroup	wgpu::BindGroup	62	webgpu:ore:bind_group	value-lifetime-review-required
webgpu	webgpu-wagyu-v1	renderer/src/ore/wgpu/ore_bind_group_wgpu.hpp	rive::ore::BindGroupWGPU::SampEntry	1	binding	uint32_t	48	webgpu:ore:bind_group	value-lifetime-review-required
webgpu	webgpu-wagyu-v1	renderer/src/ore/wgpu/ore_bind_group_wgpu.hpp	rive::ore::BindGroupWGPU::SampEntry	2	sampler	wgpu::Sampler	49	webgpu:ore:bind_group	value-lifetime-review-required
webgpu	webgpu-wagyu-v1	renderer/src/ore/wgpu/ore_bind_group_wgpu.hpp	rive::ore::BindGroupWGPU::TexEntry	1	binding	uint32_t	43	webgpu:ore:bind_group	value-lifetime-review-required
webgpu	webgpu-wagyu-v1	renderer/src/ore/wgpu/ore_bind_group_wgpu.hpp	rive::ore::BindGroupWGPU::TexEntry	2	view	wgpu::TextureView	44	webgpu:ore:bind_group	value-lifetime-review-required
webgpu	webgpu-wagyu-v1	renderer/src/ore/wgpu/ore_bind_group_wgpu.hpp	rive::ore::BindGroupWGPU::UBOEntry	1	buffer	BufferWGPU *	36	webgpu:ore:bind_group	native-handle-review-required
webgpu	webgpu-wagyu-v1	renderer/src/ore/wgpu/ore_bind_group_wgpu.hpp	rive::ore::BindGroupWGPU::UBOEntry	2	binding	uint32_t	37	webgpu:ore:bind_group	value-lifetime-review-required
webgpu	webgpu-wagyu-v1	renderer/src/ore/wgpu/ore_bind_group_wgpu.hpp	rive::ore::BindGroupWGPU::UBOEntry	3	offset	uint64_t	38	webgpu:ore:bind_group	value-lifetime-review-required
webgpu	webgpu-wagyu-v1	renderer/src/ore/wgpu/ore_bind_group_wgpu.hpp	rive::ore::BindGroupWGPU::UBOEntry	4	size	uint64_t	39	webgpu:ore:bind_group	value-lifetime-review-required
webgpu	webgpu-wagyu-v1	renderer/src/ore/wgpu/ore_buffer_wgpu.hpp	rive::ore::BufferWGPU	1	m_pool	std::vector<Backing>	50	webgpu:ore:buffer	container-owner-review-required
webgpu	webgpu-wagyu-v1	renderer/src/ore/wgpu/ore_buffer_wgpu.hpp	rive::ore::BufferWGPU	2	m_currentIndex	size_t	51	webgpu:ore:buffer	value-lifetime-review-required
webgpu	webgpu-wagyu-v1	renderer/src/ore/wgpu/ore_buffer_wgpu.hpp	rive::ore::BufferWGPU	3	m_boundSinceUpdate	bool	52	webgpu:ore:buffer	value-lifetime-review-required
webgpu	webgpu-wagyu-v1	renderer/src/ore/wgpu/ore_buffer_wgpu.hpp	rive::ore::BufferWGPU	4	m_shadow	std::vector<uint8_t>	57	webgpu:ore:buffer	container-owner-review-required
webgpu	webgpu-wagyu-v1	renderer/src/ore/wgpu/ore_buffer_wgpu.hpp	rive::ore::BufferWGPU	5	m_wgpuUsage	wgpu::BufferUsage	59	webgpu:ore:buffer	value-lifetime-review-required
webgpu	webgpu-wagyu-v1	renderer/src/ore/wgpu/ore_buffer_wgpu.hpp	rive::ore::BufferWGPU	6	m_wgpuDevice	wgpu::Device	60	webgpu:ore:buffer	value-lifetime-review-required
webgpu	webgpu-wagyu-v1	renderer/src/ore/wgpu/ore_buffer_wgpu.hpp	rive::ore::BufferWGPU	7	m_wgpuQueue	wgpu::Queue	61	webgpu:ore:buffer	value-lifetime-review-required
webgpu	webgpu-wagyu-v1	renderer/src/ore/wgpu/ore_buffer_wgpu.hpp	rive::ore::BufferWGPU	8	m_ctx	ContextWGPU *	62	webgpu:ore:buffer	native-handle-review-required
webgpu	webgpu-wagyu-v1	renderer/src/ore/wgpu/ore_buffer_wgpu.hpp	rive::ore::BufferWGPU::Backing	1	buffer	wgpu::Buffer	40	webgpu:ore:buffer	value-lifetime-review-required
webgpu	webgpu-wagyu-v1	renderer/src/ore/wgpu/ore_buffer_wgpu.hpp	rive::ore::BufferWGPU::Backing	2	frameStamp	uint64_t	41	webgpu:ore:buffer	value-lifetime-review-required
webgpu	webgpu-wagyu-v1	renderer/src/ore/wgpu/ore_pipeline_wgpu.hpp	rive::ore::PipelineWGPU	1	m_wgpuDevice	wgpu::Device	18	webgpu:ore:pipeline	value-lifetime-review-required
webgpu	webgpu-wagyu-v1	renderer/src/ore/wgpu/ore_pipeline_wgpu.hpp	rive::ore::PipelineWGPU	2	m_wgpuPipeline	wgpu::RenderPipeline	19	webgpu:ore:pipeline	value-lifetime-review-required
webgpu	webgpu-wagyu-v1	renderer/src/ore/wgpu/ore_pipeline_wgpu.hpp	rive::ore::PipelineWGPU	3	m_wgpuPipelineLayout	wgpu::PipelineLayout	20	webgpu:ore:pipeline	value-lifetime-review-required
webgpu	webgpu-wagyu-v1	renderer/src/ore/wgpu/ore_render_pass_wgpu.hpp	rive::ore::RenderPassWGPU	1	m_wgpuContext	ContextWGPU *	59	webgpu:ore:render_pass	native-handle-review-required
webgpu	webgpu-wagyu-v1	renderer/src/ore/wgpu/ore_render_pass_wgpu.hpp	rive::ore::RenderPassWGPU	2	m_currentPipeline	rcp<Pipeline>	60	webgpu:ore:render_pass	retained-owner-review-required
webgpu	webgpu-wagyu-v1	renderer/src/ore/wgpu/ore_render_pass_wgpu.hpp	rive::ore::RenderPassWGPU	3	m_wgpuPassEncoder	wgpu::RenderPassEncoder	61	webgpu:ore:render_pass	value-lifetime-review-required
webgpu	webgpu-wagyu-v1	renderer/src/ore/wgpu/ore_render_pass_wgpu.hpp	rive::ore::RenderPassWGPU	4	m_wgpuIndexBuffer	wgpu::Buffer	62	webgpu:ore:render_pass	value-lifetime-review-required
webgpu	webgpu-wagyu-v1	renderer/src/ore/wgpu/ore_render_pass_wgpu.hpp	rive::ore::RenderPassWGPU	5	m_wgpuIndexFormat	wgpu::IndexFormat	63	webgpu:ore:render_pass	value-lifetime-review-required
webgpu	webgpu-wagyu-v1	renderer/src/ore/wgpu/ore_render_pass_wgpu.hpp	rive::ore::RenderPassWGPU	6	m_wgpuIndexOffset	uint32_t	64	webgpu:ore:render_pass	value-lifetime-review-required
webgpu	webgpu-wagyu-v1	renderer/src/ore/wgpu/ore_sampler_wgpu.hpp	rive::ore::SamplerWGPU	1	m_wgpuSampler	wgpu::Sampler	17	webgpu:ore:sampler	value-lifetime-review-required
webgpu	webgpu-wagyu-v1	renderer/src/ore/wgpu/ore_shader_module_wgpu.hpp	rive::ore::ShaderModuleWGPU	1	m_wgpuShaderModule	wgpu::ShaderModule	19	webgpu:ore:shader_module	value-lifetime-review-required
webgpu	webgpu-wagyu-v1	renderer/src/ore/wgpu/ore_texture_wgpu.hpp	rive::ore::TextureViewWGPU	1	m_wgpuTextureView	wgpu::TextureView	33	webgpu:ore:texture	value-lifetime-review-required
webgpu	webgpu-wagyu-v1	renderer/src/ore/wgpu/ore_texture_wgpu.hpp	rive::ore::TextureWGPU	1	m_wgpuTexture	wgpu::Texture	18	webgpu:ore:texture	value-lifetime-review-required
webgpu	webgpu-wagyu-v1	renderer/src/ore/wgpu/ore_texture_wgpu.hpp	rive::ore::TextureWGPU	2	m_wgpuQueue	wgpu::Queue	19	webgpu:ore:texture	value-lifetime-review-required
webgpu	webgpu-wagyu-v1	renderer/src/webgpu/wagyu-port/include/webgpu/webgpu.h	WGPUStringView	1	data	const char *	106	webgpu:wagyu:webgpu	borrow-or-pointer-review-required
webgpu	webgpu-wagyu-v1	renderer/src/webgpu/wagyu-port/include/webgpu/webgpu.h	WGPUStringView	2	length	size_t	107	webgpu:wagyu:webgpu	value-lifetime-review-required
webgpu	webgpu-wagyu-v1	renderer/src/webgpu/wagyu-port/include/webgpu/webgpu_cpp.h	wgpu::AdapterInfo	1	nextInChain	ChainedStructOut *	1743	webgpu:wagyu:webgpu_cpp	borrow-or-pointer-review-required
webgpu	webgpu-wagyu-v1	renderer/src/webgpu/wagyu-port/include/webgpu/webgpu_cpp.h	wgpu::AdapterInfo	2	vendor	const StringView	1744	webgpu:wagyu:webgpu_cpp	value-lifetime-review-required
webgpu	webgpu-wagyu-v1	renderer/src/webgpu/wagyu-port/include/webgpu/webgpu_cpp.h	wgpu::AdapterInfo	3	architecture	const StringView	1745	webgpu:wagyu:webgpu_cpp	value-lifetime-review-required
webgpu	webgpu-wagyu-v1	renderer/src/webgpu/wagyu-port/include/webgpu/webgpu_cpp.h	wgpu::AdapterInfo	4	device	const StringView	1746	webgpu:wagyu:webgpu_cpp	value-lifetime-review-required
webgpu	webgpu-wagyu-v1	renderer/src/webgpu/wagyu-port/include/webgpu/webgpu_cpp.h	wgpu::AdapterInfo	5	description	const StringView	1747	webgpu:wagyu:webgpu_cpp	value-lifetime-review-required
webgpu	webgpu-wagyu-v1	renderer/src/webgpu/wagyu-port/include/webgpu/webgpu_cpp.h	wgpu::AdapterInfo	6	backendType	const BackendType	1748	webgpu:wagyu:webgpu_cpp	value-lifetime-review-required
webgpu	webgpu-wagyu-v1	renderer/src/webgpu/wagyu-port/include/webgpu/webgpu_cpp.h	wgpu::AdapterInfo	7	adapterType	const AdapterType	1749	webgpu:wagyu:webgpu_cpp	value-lifetime-review-required
webgpu	webgpu-wagyu-v1	renderer/src/webgpu/wagyu-port/include/webgpu/webgpu_cpp.h	wgpu::AdapterInfo	8	vendorID	const uint32_t	1750	webgpu:wagyu:webgpu_cpp	value-lifetime-review-required
webgpu	webgpu-wagyu-v1	renderer/src/webgpu/wagyu-port/include/webgpu/webgpu_cpp.h	wgpu::AdapterInfo	9	deviceID	const uint32_t	1751	webgpu:wagyu:webgpu_cpp	value-lifetime-review-required
webgpu	webgpu-wagyu-v1	renderer/src/webgpu/wagyu-port/include/webgpu/webgpu_cpp.h	wgpu::AdapterInfo	10	subgroupMinSize	const uint32_t	1752	webgpu:wagyu:webgpu_cpp	value-lifetime-review-required
webgpu	webgpu-wagyu-v1	renderer/src/webgpu/wagyu-port/include/webgpu/webgpu_cpp.h	wgpu::AdapterInfo	11	subgroupMaxSize	const uint32_t	1753	webgpu:wagyu:webgpu_cpp	value-lifetime-review-required
webgpu	webgpu-wagyu-v1	renderer/src/webgpu/wagyu-port/include/webgpu/webgpu_cpp.h	wgpu::BindGroupDescriptor	1	nextInChain	const ChainedStruct *	2247	webgpu:wagyu:webgpu_cpp	borrow-or-pointer-review-required
webgpu	webgpu-wagyu-v1	renderer/src/webgpu/wagyu-port/include/webgpu/webgpu_cpp.h	wgpu::BindGroupDescriptor	2	label	StringView	2248	webgpu:wagyu:webgpu_cpp	value-lifetime-review-required
webgpu	webgpu-wagyu-v1	renderer/src/webgpu/wagyu-port/include/webgpu/webgpu_cpp.h	wgpu::BindGroupDescriptor	3	layout	BindGroupLayout	2249	webgpu:wagyu:webgpu_cpp	value-lifetime-review-required
webgpu	webgpu-wagyu-v1	renderer/src/webgpu/wagyu-port/include/webgpu/webgpu_cpp.h	wgpu::BindGroupDescriptor	4	entryCount	size_t	2250	webgpu:wagyu:webgpu_cpp	value-lifetime-review-required
webgpu	webgpu-wagyu-v1	renderer/src/webgpu/wagyu-port/include/webgpu/webgpu_cpp.h	wgpu::BindGroupDescriptor	5	entries	const BindGroupEntry *	2251	webgpu:wagyu:webgpu_cpp	borrow-or-pointer-review-required
webgpu	webgpu-wagyu-v1	renderer/src/webgpu/wagyu-port/include/webgpu/webgpu_cpp.h	wgpu::BindGroupEntry	1	nextInChain	const ChainedStruct *	1763	webgpu:wagyu:webgpu_cpp	borrow-or-pointer-review-required
webgpu	webgpu-wagyu-v1	renderer/src/webgpu/wagyu-port/include/webgpu/webgpu_cpp.h	wgpu::BindGroupEntry	2	binding	uint32_t	1764	webgpu:wagyu:webgpu_cpp	value-lifetime-review-required
webgpu	webgpu-wagyu-v1	renderer/src/webgpu/wagyu-port/include/webgpu/webgpu_cpp.h	wgpu::BindGroupEntry	3	buffer	Buffer	1765	webgpu:wagyu:webgpu_cpp	value-lifetime-review-required
webgpu	webgpu-wagyu-v1	renderer/src/webgpu/wagyu-port/include/webgpu/webgpu_cpp.h	wgpu::BindGroupEntry	4	offset	uint64_t	1766	webgpu:wagyu:webgpu_cpp	value-lifetime-review-required
webgpu	webgpu-wagyu-v1	renderer/src/webgpu/wagyu-port/include/webgpu/webgpu_cpp.h	wgpu::BindGroupEntry	5	size	uint64_t	1767	webgpu:wagyu:webgpu_cpp	value-lifetime-review-required
webgpu	webgpu-wagyu-v1	renderer/src/webgpu/wagyu-port/include/webgpu/webgpu_cpp.h	wgpu::BindGroupEntry	6	sampler	Sampler	1768	webgpu:wagyu:webgpu_cpp	value-lifetime-review-required
webgpu	webgpu-wagyu-v1	renderer/src/webgpu/wagyu-port/include/webgpu/webgpu_cpp.h	wgpu::BindGroupEntry	7	textureView	TextureView	1769	webgpu:wagyu:webgpu_cpp	value-lifetime-review-required
webgpu	webgpu-wagyu-v1	renderer/src/webgpu/wagyu-port/include/webgpu/webgpu_cpp.h	wgpu::BindGroupLayoutDescriptor	1	nextInChain	const ChainedStruct *	2467	webgpu:wagyu:webgpu_cpp	borrow-or-pointer-review-required
webgpu	webgpu-wagyu-v1	renderer/src/webgpu/wagyu-port/include/webgpu/webgpu_cpp.h	wgpu::BindGroupLayoutDescriptor	2	label	StringView	2468	webgpu:wagyu:webgpu_cpp	value-lifetime-review-required
webgpu	webgpu-wagyu-v1	renderer/src/webgpu/wagyu-port/include/webgpu/webgpu_cpp.h	wgpu::BindGroupLayoutDescriptor	3	entryCount	size_t	2469	webgpu:wagyu:webgpu_cpp	value-lifetime-review-required
webgpu	webgpu-wagyu-v1	renderer/src/webgpu/wagyu-port/include/webgpu/webgpu_cpp.h	wgpu::BindGroupLayoutDescriptor	4	entries	const BindGroupLayoutEntry *	2470	webgpu:wagyu:webgpu_cpp	borrow-or-pointer-review-required
webgpu	webgpu-wagyu-v1	renderer/src/webgpu/wagyu-port/include/webgpu/webgpu_cpp.h	wgpu::BindGroupLayoutEntry	1	nextInChain	const ChainedStruct *	2257	webgpu:wagyu:webgpu_cpp	borrow-or-pointer-review-required
webgpu	webgpu-wagyu-v1	renderer/src/webgpu/wagyu-port/include/webgpu/webgpu_cpp.h	wgpu::BindGroupLayoutEntry	2	binding	uint32_t	2258	webgpu:wagyu:webgpu_cpp	value-lifetime-review-required
webgpu	webgpu-wagyu-v1	renderer/src/webgpu/wagyu-port/include/webgpu/webgpu_cpp.h	wgpu::BindGroupLayoutEntry	3	visibility	ShaderStage	2259	webgpu:wagyu:webgpu_cpp	value-lifetime-review-required
webgpu	webgpu-wagyu-v1	renderer/src/webgpu/wagyu-port/include/webgpu/webgpu_cpp.h	wgpu::BindGroupLayoutEntry	4	bindingArraySize	uint32_t	2260	webgpu:wagyu:webgpu_cpp	value-lifetime-review-required
webgpu	webgpu-wagyu-v1	renderer/src/webgpu/wagyu-port/include/webgpu/webgpu_cpp.h	wgpu::BindGroupLayoutEntry	5	buffer	BufferBindingLayout	2261	webgpu:wagyu:webgpu_cpp	value-lifetime-review-required
webgpu	webgpu-wagyu-v1	renderer/src/webgpu/wagyu-port/include/webgpu/webgpu_cpp.h	wgpu::BindGroupLayoutEntry	6	sampler	SamplerBindingLayout	2262	webgpu:wagyu:webgpu_cpp	value-lifetime-review-required
webgpu	webgpu-wagyu-v1	renderer/src/webgpu/wagyu-port/include/webgpu/webgpu_cpp.h	wgpu::BindGroupLayoutEntry	7	texture	TextureBindingLayout	2263	webgpu:wagyu:webgpu_cpp	value-lifetime-review-required
webgpu	webgpu-wagyu-v1	renderer/src/webgpu/wagyu-port/include/webgpu/webgpu_cpp.h	wgpu::BindGroupLayoutEntry	8	storageTexture	StorageTextureBindingLayout	2264	webgpu:wagyu:webgpu_cpp	value-lifetime-review-required
webgpu	webgpu-wagyu-v1	renderer/src/webgpu/wagyu-port/include/webgpu/webgpu_cpp.h	wgpu::BlendComponent	1	operation	BlendOperation	1775	webgpu:wagyu:webgpu_cpp	value-lifetime-review-required
webgpu	webgpu-wagyu-v1	renderer/src/webgpu/wagyu-port/include/webgpu/webgpu_cpp.h	wgpu::BlendComponent	2	srcFactor	BlendFactor	1776	webgpu:wagyu:webgpu_cpp	value-lifetime-review-required
webgpu	webgpu-wagyu-v1	renderer/src/webgpu/wagyu-port/include/webgpu/webgpu_cpp.h	wgpu::BlendComponent	3	dstFactor	BlendFactor	1777	webgpu:wagyu:webgpu_cpp	value-lifetime-review-required
webgpu	webgpu-wagyu-v1	renderer/src/webgpu/wagyu-port/include/webgpu/webgpu_cpp.h	wgpu::BlendState	1	color	BlendComponent	2270	webgpu:wagyu:webgpu_cpp	value-lifetime-review-required
webgpu	webgpu-wagyu-v1	renderer/src/webgpu/wagyu-port/include/webgpu/webgpu_cpp.h	wgpu::BlendState	2	alpha	BlendComponent	2271	webgpu:wagyu:webgpu_cpp	value-lifetime-review-required
webgpu	webgpu-wagyu-v1	renderer/src/webgpu/wagyu-port/include/webgpu/webgpu_cpp.h	wgpu::Bool	1	mValue	WGPUBool	806	webgpu:wagyu:webgpu_cpp	native-handle-review-required
webgpu	webgpu-wagyu-v1	renderer/src/webgpu/wagyu-port/include/webgpu/webgpu_cpp.h	wgpu::BufferBindingLayout	1	nextInChain	const ChainedStruct *	1783	webgpu:wagyu:webgpu_cpp	borrow-or-pointer-review-required
webgpu	webgpu-wagyu-v1	renderer/src/webgpu/wagyu-port/include/webgpu/webgpu_cpp.h	wgpu::BufferBindingLayout	2	type	BufferBindingType	1784	webgpu:wagyu:webgpu_cpp	value-lifetime-review-required
webgpu	webgpu-wagyu-v1	renderer/src/webgpu/wagyu-port/include/webgpu/webgpu_cpp.h	wgpu::BufferBindingLayout	3	hasDynamicOffset	Bool	1785	webgpu:wagyu:webgpu_cpp	value-lifetime-review-required
webgpu	webgpu-wagyu-v1	renderer/src/webgpu/wagyu-port/include/webgpu/webgpu_cpp.h	wgpu::BufferBindingLayout	4	minBindingSize	uint64_t	1786	webgpu:wagyu:webgpu_cpp	value-lifetime-review-required
webgpu	webgpu-wagyu-v1	renderer/src/webgpu/wagyu-port/include/webgpu/webgpu_cpp.h	wgpu::BufferDescriptor	1	nextInChain	const ChainedStruct *	1792	webgpu:wagyu:webgpu_cpp	borrow-or-pointer-review-required
webgpu	webgpu-wagyu-v1	renderer/src/webgpu/wagyu-port/include/webgpu/webgpu_cpp.h	wgpu::BufferDescriptor	2	label	StringView	1793	webgpu:wagyu:webgpu_cpp	value-lifetime-review-required
webgpu	webgpu-wagyu-v1	renderer/src/webgpu/wagyu-port/include/webgpu/webgpu_cpp.h	wgpu::BufferDescriptor	3	usage	BufferUsage	1794	webgpu:wagyu:webgpu_cpp	value-lifetime-review-required
webgpu	webgpu-wagyu-v1	renderer/src/webgpu/wagyu-port/include/webgpu/webgpu_cpp.h	wgpu::BufferDescriptor	4	size	uint64_t	1795	webgpu:wagyu:webgpu_cpp	value-lifetime-review-required
webgpu	webgpu-wagyu-v1	renderer/src/webgpu/wagyu-port/include/webgpu/webgpu_cpp.h	wgpu::BufferDescriptor	5	mappedAtCreation	Bool	1796	webgpu:wagyu:webgpu_cpp	value-lifetime-review-required
webgpu	webgpu-wagyu-v1	renderer/src/webgpu/wagyu-port/include/webgpu/webgpu_cpp.h	wgpu::Color	1	r	double	1802	webgpu:wagyu:webgpu_cpp	value-lifetime-review-required
webgpu	webgpu-wagyu-v1	renderer/src/webgpu/wagyu-port/include/webgpu/webgpu_cpp.h	wgpu::Color	2	g	double	1803	webgpu:wagyu:webgpu_cpp	value-lifetime-review-required
webgpu	webgpu-wagyu-v1	renderer/src/webgpu/wagyu-port/include/webgpu/webgpu_cpp.h	wgpu::Color	3	b	double	1804	webgpu:wagyu:webgpu_cpp	value-lifetime-review-required
webgpu	webgpu-wagyu-v1	renderer/src/webgpu/wagyu-port/include/webgpu/webgpu_cpp.h	wgpu::Color	4	a	double	1805	webgpu:wagyu:webgpu_cpp	value-lifetime-review-required
webgpu	webgpu-wagyu-v1	renderer/src/webgpu/wagyu-port/include/webgpu/webgpu_cpp.h	wgpu::ColorTargetState	1	nextInChain	const ChainedStruct *	2476	webgpu:wagyu:webgpu_cpp	borrow-or-pointer-review-required
webgpu	webgpu-wagyu-v1	renderer/src/webgpu/wagyu-port/include/webgpu/webgpu_cpp.h	wgpu::ColorTargetState	2	format	TextureFormat	2477	webgpu:wagyu:webgpu_cpp	value-lifetime-review-required
webgpu	webgpu-wagyu-v1	renderer/src/webgpu/wagyu-port/include/webgpu/webgpu_cpp.h	wgpu::ColorTargetState	3	blend	const BlendState *	2478	webgpu:wagyu:webgpu_cpp	borrow-or-pointer-review-required
webgpu	webgpu-wagyu-v1	renderer/src/webgpu/wagyu-port/include/webgpu/webgpu_cpp.h	wgpu::ColorTargetState	4	writeMask	ColorWriteMask	2479	webgpu:wagyu:webgpu_cpp	value-lifetime-review-required
webgpu	webgpu-wagyu-v1	renderer/src/webgpu/wagyu-port/include/webgpu/webgpu_cpp.h	wgpu::CommandBufferDescriptor	1	nextInChain	const ChainedStruct *	1811	webgpu:wagyu:webgpu_cpp	borrow-or-pointer-review-required
webgpu	webgpu-wagyu-v1	renderer/src/webgpu/wagyu-port/include/webgpu/webgpu_cpp.h	wgpu::CommandBufferDescriptor	2	label	StringView	1812	webgpu:wagyu:webgpu_cpp	value-lifetime-review-required
webgpu	webgpu-wagyu-v1	renderer/src/webgpu/wagyu-port/include/webgpu/webgpu_cpp.h	wgpu::CommandEncoderDescriptor	1	nextInChain	const ChainedStruct *	1818	webgpu:wagyu:webgpu_cpp	borrow-or-pointer-review-required
webgpu	webgpu-wagyu-v1	renderer/src/webgpu/wagyu-port/include/webgpu/webgpu_cpp.h	wgpu::CommandEncoderDescriptor	2	label	StringView	1819	webgpu:wagyu:webgpu_cpp	value-lifetime-review-required
webgpu	webgpu-wagyu-v1	renderer/src/webgpu/wagyu-port/include/webgpu/webgpu_cpp.h	wgpu::CompatibilityModeLimits	1	maxStorageBuffersInVertexStage	uint32_t	1831	webgpu:wagyu:webgpu_cpp	value-lifetime-review-required
webgpu	webgpu-wagyu-v1	renderer/src/webgpu/wagyu-port/include/webgpu/webgpu_cpp.h	wgpu::CompatibilityModeLimits	2	maxStorageTexturesInVertexStage	uint32_t	1832	webgpu:wagyu:webgpu_cpp	value-lifetime-review-required
webgpu	webgpu-wagyu-v1	renderer/src/webgpu/wagyu-port/include/webgpu/webgpu_cpp.h	wgpu::CompatibilityModeLimits	3	maxStorageBuffersInFragmentStage	uint32_t	1833	webgpu:wagyu:webgpu_cpp	value-lifetime-review-required
webgpu	webgpu-wagyu-v1	renderer/src/webgpu/wagyu-port/include/webgpu/webgpu_cpp.h	wgpu::CompatibilityModeLimits	4	maxStorageTexturesInFragmentStage	uint32_t	1834	webgpu:wagyu:webgpu_cpp	value-lifetime-review-required
webgpu	webgpu-wagyu-v1	renderer/src/webgpu/wagyu-port/include/webgpu/webgpu_cpp.h	wgpu::CompilationInfo	1	nextInChain	const ChainedStruct *	2485	webgpu:wagyu:webgpu_cpp	borrow-or-pointer-review-required
webgpu	webgpu-wagyu-v1	renderer/src/webgpu/wagyu-port/include/webgpu/webgpu_cpp.h	wgpu::CompilationInfo	2	messageCount	size_t	2486	webgpu:wagyu:webgpu_cpp	value-lifetime-review-required
webgpu	webgpu-wagyu-v1	renderer/src/webgpu/wagyu-port/include/webgpu/webgpu_cpp.h	wgpu::CompilationInfo	3	messages	const CompilationMessage *	2487	webgpu:wagyu:webgpu_cpp	borrow-or-pointer-review-required
webgpu	webgpu-wagyu-v1	renderer/src/webgpu/wagyu-port/include/webgpu/webgpu_cpp.h	wgpu::CompilationMessage	1	nextInChain	const ChainedStruct *	2277	webgpu:wagyu:webgpu_cpp	borrow-or-pointer-review-required
webgpu	webgpu-wagyu-v1	renderer/src/webgpu/wagyu-port/include/webgpu/webgpu_cpp.h	wgpu::CompilationMessage	2	message	StringView	2278	webgpu:wagyu:webgpu_cpp	value-lifetime-review-required
webgpu	webgpu-wagyu-v1	renderer/src/webgpu/wagyu-port/include/webgpu/webgpu_cpp.h	wgpu::CompilationMessage	3	type	CompilationMessageType	2279	webgpu:wagyu:webgpu_cpp	value-lifetime-review-required
webgpu	webgpu-wagyu-v1	renderer/src/webgpu/wagyu-port/include/webgpu/webgpu_cpp.h	wgpu::CompilationMessage	4	lineNum	uint64_t	2280	webgpu:wagyu:webgpu_cpp	value-lifetime-review-required
webgpu	webgpu-wagyu-v1	renderer/src/webgpu/wagyu-port/include/webgpu/webgpu_cpp.h	wgpu::CompilationMessage	5	linePos	uint64_t	2281	webgpu:wagyu:webgpu_cpp	value-lifetime-review-required
webgpu	webgpu-wagyu-v1	renderer/src/webgpu/wagyu-port/include/webgpu/webgpu_cpp.h	wgpu::CompilationMessage	6	offset	uint64_t	2282	webgpu:wagyu:webgpu_cpp	value-lifetime-review-required
webgpu	webgpu-wagyu-v1	renderer/src/webgpu/wagyu-port/include/webgpu/webgpu_cpp.h	wgpu::CompilationMessage	7	length	uint64_t	2283	webgpu:wagyu:webgpu_cpp	value-lifetime-review-required
webgpu	webgpu-wagyu-v1	renderer/src/webgpu/wagyu-port/include/webgpu/webgpu_cpp.h	wgpu::ComputePassDescriptor	1	nextInChain	const ChainedStruct *	2289	webgpu:wagyu:webgpu_cpp	borrow-or-pointer-review-required
webgpu	webgpu-wagyu-v1	renderer/src/webgpu/wagyu-port/include/webgpu/webgpu_cpp.h	wgpu::ComputePassDescriptor	2	label	StringView	2290	webgpu:wagyu:webgpu_cpp	value-lifetime-review-required
webgpu	webgpu-wagyu-v1	renderer/src/webgpu/wagyu-port/include/webgpu/webgpu_cpp.h	wgpu::ComputePassDescriptor	3	timestampWrites	const PassTimestampWrites *	2291	webgpu:wagyu:webgpu_cpp	borrow-or-pointer-review-required
webgpu	webgpu-wagyu-v1	renderer/src/webgpu/wagyu-port/include/webgpu/webgpu_cpp.h	wgpu::ComputePipelineDescriptor	1	nextInChain	const ChainedStruct *	2493	webgpu:wagyu:webgpu_cpp	borrow-or-pointer-review-required
webgpu	webgpu-wagyu-v1	renderer/src/webgpu/wagyu-port/include/webgpu/webgpu_cpp.h	wgpu::ComputePipelineDescriptor	2	label	StringView	2494	webgpu:wagyu:webgpu_cpp	value-lifetime-review-required
webgpu	webgpu-wagyu-v1	renderer/src/webgpu/wagyu-port/include/webgpu/webgpu_cpp.h	wgpu::ComputePipelineDescriptor	3	layout	PipelineLayout	2495	webgpu:wagyu:webgpu_cpp	value-lifetime-review-required
webgpu	webgpu-wagyu-v1	renderer/src/webgpu/wagyu-port/include/webgpu/webgpu_cpp.h	wgpu::ComputePipelineDescriptor	4	compute	ComputeState	2496	webgpu:wagyu:webgpu_cpp	value-lifetime-review-required
webgpu	webgpu-wagyu-v1	renderer/src/webgpu/wagyu-port/include/webgpu/webgpu_cpp.h	wgpu::ComputeState	1	nextInChain	const ChainedStruct *	2297	webgpu:wagyu:webgpu_cpp	borrow-or-pointer-review-required
webgpu	webgpu-wagyu-v1	renderer/src/webgpu/wagyu-port/include/webgpu/webgpu_cpp.h	wgpu::ComputeState	2	module	ShaderModule	2298	webgpu:wagyu:webgpu_cpp	value-lifetime-review-required
webgpu	webgpu-wagyu-v1	renderer/src/webgpu/wagyu-port/include/webgpu/webgpu_cpp.h	wgpu::ComputeState	3	entryPoint	StringView	2299	webgpu:wagyu:webgpu_cpp	value-lifetime-review-required
webgpu	webgpu-wagyu-v1	renderer/src/webgpu/wagyu-port/include/webgpu/webgpu_cpp.h	wgpu::ComputeState	4	constantCount	size_t	2300	webgpu:wagyu:webgpu_cpp	value-lifetime-review-required
webgpu	webgpu-wagyu-v1	renderer/src/webgpu/wagyu-port/include/webgpu/webgpu_cpp.h	wgpu::ComputeState	5	constants	const ConstantEntry *	2301	webgpu:wagyu:webgpu_cpp	borrow-or-pointer-review-required
webgpu	webgpu-wagyu-v1	renderer/src/webgpu/wagyu-port/include/webgpu/webgpu_cpp.h	wgpu::ConstantEntry	1	nextInChain	const ChainedStruct *	1840	webgpu:wagyu:webgpu_cpp	borrow-or-pointer-review-required
webgpu	webgpu-wagyu-v1	renderer/src/webgpu/wagyu-port/include/webgpu/webgpu_cpp.h	wgpu::ConstantEntry	2	key	StringView	1841	webgpu:wagyu:webgpu_cpp	value-lifetime-review-required
webgpu	webgpu-wagyu-v1	renderer/src/webgpu/wagyu-port/include/webgpu/webgpu_cpp.h	wgpu::ConstantEntry	3	value	double	1842	webgpu:wagyu:webgpu_cpp	value-lifetime-review-required
webgpu	webgpu-wagyu-v1	renderer/src/webgpu/wagyu-port/include/webgpu/webgpu_cpp.h	wgpu::ConvertibleStatus	1	status	Status	880	webgpu:wagyu:webgpu_cpp	value-lifetime-review-required
webgpu	webgpu-wagyu-v1	renderer/src/webgpu/wagyu-port/include/webgpu/webgpu_cpp.h	wgpu::DawnCompilationMessageUtf16	1	linePos	uint64_t	1854	webgpu:wagyu:webgpu_cpp	value-lifetime-review-required
webgpu	webgpu-wagyu-v1	renderer/src/webgpu/wagyu-port/include/webgpu/webgpu_cpp.h	wgpu::DawnCompilationMessageUtf16	2	offset	uint64_t	1855	webgpu:wagyu:webgpu_cpp	value-lifetime-review-required
webgpu	webgpu-wagyu-v1	renderer/src/webgpu/wagyu-port/include/webgpu/webgpu_cpp.h	wgpu::DawnCompilationMessageUtf16	3	length	uint64_t	1856	webgpu:wagyu:webgpu_cpp	value-lifetime-review-required
webgpu	webgpu-wagyu-v1	renderer/src/webgpu/wagyu-port/include/webgpu/webgpu_cpp.h	wgpu::DepthStencilState	1	nextInChain	const ChainedStruct *	2307	webgpu:wagyu:webgpu_cpp	borrow-or-pointer-review-required
webgpu	webgpu-wagyu-v1	renderer/src/webgpu/wagyu-port/include/webgpu/webgpu_cpp.h	wgpu::DepthStencilState	2	format	TextureFormat	2308	webgpu:wagyu:webgpu_cpp	value-lifetime-review-required
webgpu	webgpu-wagyu-v1	renderer/src/webgpu/wagyu-port/include/webgpu/webgpu_cpp.h	wgpu::DepthStencilState	3	depthWriteEnabled	OptionalBool	2309	webgpu:wagyu:webgpu_cpp	value-lifetime-review-required
webgpu	webgpu-wagyu-v1	renderer/src/webgpu/wagyu-port/include/webgpu/webgpu_cpp.h	wgpu::DepthStencilState	4	depthCompare	CompareFunction	2310	webgpu:wagyu:webgpu_cpp	value-lifetime-review-required
webgpu	webgpu-wagyu-v1	renderer/src/webgpu/wagyu-port/include/webgpu/webgpu_cpp.h	wgpu::DepthStencilState	5	stencilFront	StencilFaceState	2311	webgpu:wagyu:webgpu_cpp	value-lifetime-review-required
webgpu	webgpu-wagyu-v1	renderer/src/webgpu/wagyu-port/include/webgpu/webgpu_cpp.h	wgpu::DepthStencilState	6	stencilBack	StencilFaceState	2312	webgpu:wagyu:webgpu_cpp	value-lifetime-review-required
webgpu	webgpu-wagyu-v1	renderer/src/webgpu/wagyu-port/include/webgpu/webgpu_cpp.h	wgpu::DepthStencilState	7	stencilReadMask	uint32_t	2313	webgpu:wagyu:webgpu_cpp	value-lifetime-review-required
webgpu	webgpu-wagyu-v1	renderer/src/webgpu/wagyu-port/include/webgpu/webgpu_cpp.h	wgpu::DepthStencilState	8	stencilWriteMask	uint32_t	2314	webgpu:wagyu:webgpu_cpp	value-lifetime-review-required
webgpu	webgpu-wagyu-v1	renderer/src/webgpu/wagyu-port/include/webgpu/webgpu_cpp.h	wgpu::DepthStencilState	9	depthBias	int32_t	2315	webgpu:wagyu:webgpu_cpp	value-lifetime-review-required
webgpu	webgpu-wagyu-v1	renderer/src/webgpu/wagyu-port/include/webgpu/webgpu_cpp.h	wgpu::DepthStencilState	10	depthBiasSlopeScale	float	2316	webgpu:wagyu:webgpu_cpp	value-lifetime-review-required
webgpu	webgpu-wagyu-v1	renderer/src/webgpu/wagyu-port/include/webgpu/webgpu_cpp.h	wgpu::DepthStencilState	11	depthBiasClamp	float	2317	webgpu:wagyu:webgpu_cpp	value-lifetime-review-required
webgpu	webgpu-wagyu-v1	renderer/src/webgpu/wagyu-port/include/webgpu/webgpu_cpp.h	wgpu::EmscriptenSurfaceSourceCanvasHTMLSelector	1	selector	StringView	1868	webgpu:wagyu:webgpu_cpp	value-lifetime-review-required
webgpu	webgpu-wagyu-v1	renderer/src/webgpu/wagyu-port/include/webgpu/webgpu_cpp.h	wgpu::Extent3D	1	width	uint32_t	1874	webgpu:wagyu:webgpu_cpp	value-lifetime-review-required
webgpu	webgpu-wagyu-v1	renderer/src/webgpu/wagyu-port/include/webgpu/webgpu_cpp.h	wgpu::Extent3D	2	height	uint32_t	1875	webgpu:wagyu:webgpu_cpp	value-lifetime-review-required
webgpu	webgpu-wagyu-v1	renderer/src/webgpu/wagyu-port/include/webgpu/webgpu_cpp.h	wgpu::Extent3D	3	depthOrArrayLayers	uint32_t	1876	webgpu:wagyu:webgpu_cpp	value-lifetime-review-required
webgpu	webgpu-wagyu-v1	renderer/src/webgpu/wagyu-port/include/webgpu/webgpu_cpp.h	wgpu::FragmentState	1	nextInChain	const ChainedStruct *	2541	webgpu:wagyu:webgpu_cpp	borrow-or-pointer-review-required
webgpu	webgpu-wagyu-v1	renderer/src/webgpu/wagyu-port/include/webgpu/webgpu_cpp.h	wgpu::FragmentState	2	module	ShaderModule	2542	webgpu:wagyu:webgpu_cpp	value-lifetime-review-required
webgpu	webgpu-wagyu-v1	renderer/src/webgpu/wagyu-port/include/webgpu/webgpu_cpp.h	wgpu::FragmentState	3	entryPoint	StringView	2543	webgpu:wagyu:webgpu_cpp	value-lifetime-review-required
webgpu	webgpu-wagyu-v1	renderer/src/webgpu/wagyu-port/include/webgpu/webgpu_cpp.h	wgpu::FragmentState	4	constantCount	size_t	2544	webgpu:wagyu:webgpu_cpp	value-lifetime-review-required
webgpu	webgpu-wagyu-v1	renderer/src/webgpu/wagyu-port/include/webgpu/webgpu_cpp.h	wgpu::FragmentState	5	constants	const ConstantEntry *	2545	webgpu:wagyu:webgpu_cpp	borrow-or-pointer-review-required
webgpu	webgpu-wagyu-v1	renderer/src/webgpu/wagyu-port/include/webgpu/webgpu_cpp.h	wgpu::FragmentState	6	targetCount	size_t	2546	webgpu:wagyu:webgpu_cpp	value-lifetime-review-required
webgpu	webgpu-wagyu-v1	renderer/src/webgpu/wagyu-port/include/webgpu/webgpu_cpp.h	wgpu::FragmentState	7	targets	const ColorTargetState *	2547	webgpu:wagyu:webgpu_cpp	borrow-or-pointer-review-required
webgpu	webgpu-wagyu-v1	renderer/src/webgpu/wagyu-port/include/webgpu/webgpu_cpp.h	wgpu::Future	1	id	uint64_t	1882	webgpu:wagyu:webgpu_cpp	value-lifetime-review-required
webgpu	webgpu-wagyu-v1	renderer/src/webgpu/wagyu-port/include/webgpu/webgpu_cpp.h	wgpu::FutureWaitInfo	1	future	Future	2323	webgpu:wagyu:webgpu_cpp	value-lifetime-review-required
webgpu	webgpu-wagyu-v1	renderer/src/webgpu/wagyu-port/include/webgpu/webgpu_cpp.h	wgpu::FutureWaitInfo	2	completed	Bool	2324	webgpu:wagyu:webgpu_cpp	value-lifetime-review-required
webgpu	webgpu-wagyu-v1	renderer/src/webgpu/wagyu-port/include/webgpu/webgpu_cpp.h	wgpu::INTERNAL_HAVE_EMDAWNWEBGPU_HEADER	1	unused	Bool	1895	webgpu:wagyu:webgpu_cpp	value-lifetime-review-required
webgpu	webgpu-wagyu-v1	renderer/src/webgpu/wagyu-port/include/webgpu/webgpu_cpp.h	wgpu::Init	1	nextInChain	ChainedStruct *const	2873	webgpu:wagyu:webgpu_cpp	borrow-or-pointer-review-required
webgpu	webgpu-wagyu-v1	renderer/src/webgpu/wagyu-port/include/webgpu/webgpu_cpp.h	wgpu::Init	1	nextInChain	ChainedStruct *const	2901	webgpu:wagyu:webgpu_cpp	borrow-or-pointer-review-required
webgpu	webgpu-wagyu-v1	renderer/src/webgpu/wagyu-port/include/webgpu/webgpu_cpp.h	wgpu::Init	1	nextInChain	ChainedStruct *const	3157	webgpu:wagyu:webgpu_cpp	borrow-or-pointer-review-required
webgpu	webgpu-wagyu-v1	renderer/src/webgpu/wagyu-port/include/webgpu/webgpu_cpp.h	wgpu::Init	1	nextInChain	ChainedStruct *const	3177	webgpu:wagyu:webgpu_cpp	borrow-or-pointer-review-required
webgpu	webgpu-wagyu-v1	renderer/src/webgpu/wagyu-port/include/webgpu/webgpu_cpp.h	wgpu::Init	1	nextInChain	ChainedStruct *const	3243	webgpu:wagyu:webgpu_cpp	borrow-or-pointer-review-required
webgpu	webgpu-wagyu-v1	renderer/src/webgpu/wagyu-port/include/webgpu/webgpu_cpp.h	wgpu::Init	1	nextInChain	ChainedStruct *const	3267	webgpu:wagyu:webgpu_cpp	borrow-or-pointer-review-required
webgpu	webgpu-wagyu-v1	renderer/src/webgpu/wagyu-port/include/webgpu/webgpu_cpp.h	wgpu::Init	1	nextInChain	ChainedStruct *const	3540	webgpu:wagyu:webgpu_cpp	borrow-or-pointer-review-required
webgpu	webgpu-wagyu-v1	renderer/src/webgpu/wagyu-port/include/webgpu/webgpu_cpp.h	wgpu::Init	1	nextInChain	ChainedStruct *const	3640	webgpu:wagyu:webgpu_cpp	borrow-or-pointer-review-required
webgpu	webgpu-wagyu-v1	renderer/src/webgpu/wagyu-port/include/webgpu/webgpu_cpp.h	wgpu::Init	1	nextInChain	ChainedStruct *const	4044	webgpu:wagyu:webgpu_cpp	borrow-or-pointer-review-required
webgpu	webgpu-wagyu-v1	renderer/src/webgpu/wagyu-port/include/webgpu/webgpu_cpp.h	wgpu::Init	1	nextInChain	ChainedStructOut *	2826	webgpu:wagyu:webgpu_cpp	borrow-or-pointer-review-required
webgpu	webgpu-wagyu-v1	renderer/src/webgpu/wagyu-port/include/webgpu/webgpu_cpp.h	wgpu::Init	1	nextInChain	const ChainedStruct *	4323	webgpu:wagyu:webgpu_cpp	borrow-or-pointer-review-required
webgpu	webgpu-wagyu-v1	renderer/src/webgpu/wagyu-port/include/webgpu/webgpu_cpp.h	wgpu::Init	2	code	StringView	3268	webgpu:wagyu:webgpu_cpp	value-lifetime-review-required
webgpu	webgpu-wagyu-v1	renderer/src/webgpu/wagyu-port/include/webgpu/webgpu_cpp.h	wgpu::Init	2	codeSize	uint32_t	3244	webgpu:wagyu:webgpu_cpp	value-lifetime-review-required
webgpu	webgpu-wagyu-v1	renderer/src/webgpu/wagyu-port/include/webgpu/webgpu_cpp.h	wgpu::Init	2	colorSpace	PredefinedColorSpace	3541	webgpu:wagyu:webgpu_cpp	value-lifetime-review-required
webgpu	webgpu-wagyu-v1	renderer/src/webgpu/wagyu-port/include/webgpu/webgpu_cpp.h	wgpu::Init	2	label	StringView	4324	webgpu:wagyu:webgpu_cpp	value-lifetime-review-required
webgpu	webgpu-wagyu-v1	renderer/src/webgpu/wagyu-port/include/webgpu/webgpu_cpp.h	wgpu::Init	2	linePos	uint64_t	2874	webgpu:wagyu:webgpu_cpp	value-lifetime-review-required
webgpu	webgpu-wagyu-v1	renderer/src/webgpu/wagyu-port/include/webgpu/webgpu_cpp.h	wgpu::Init	2	maxDrawCount	uint64_t	3158	webgpu:wagyu:webgpu_cpp	value-lifetime-review-required
webgpu	webgpu-wagyu-v1	renderer/src/webgpu/wagyu-port/include/webgpu/webgpu_cpp.h	wgpu::Init	2	maxStorageBuffersInVertexStage	uint32_t	2827	webgpu:wagyu:webgpu_cpp	value-lifetime-review-required
webgpu	webgpu-wagyu-v1	renderer/src/webgpu/wagyu-port/include/webgpu/webgpu_cpp.h	wgpu::Init	2	selector	StringView	2902	webgpu:wagyu:webgpu_cpp	value-lifetime-review-required
webgpu	webgpu-wagyu-v1	renderer/src/webgpu/wagyu-port/include/webgpu/webgpu_cpp.h	wgpu::Init	2	swizzle	TextureComponentSwizzle	4045	webgpu:wagyu:webgpu_cpp	value-lifetime-review-required
webgpu	webgpu-wagyu-v1	renderer/src/webgpu/wagyu-port/include/webgpu/webgpu_cpp.h	wgpu::Init	2	textureBindingViewDimension	TextureViewDimension	3641	webgpu:wagyu:webgpu_cpp	value-lifetime-review-required
webgpu	webgpu-wagyu-v1	renderer/src/webgpu/wagyu-port/include/webgpu/webgpu_cpp.h	wgpu::Init	2	xrCompatible	Bool	3178	webgpu:wagyu:webgpu_cpp	value-lifetime-review-required
webgpu	webgpu-wagyu-v1	renderer/src/webgpu/wagyu-port/include/webgpu/webgpu_cpp.h	wgpu::Init	3	code	const uint32_t *	3245	webgpu:wagyu:webgpu_cpp	borrow-or-pointer-review-required
webgpu	webgpu-wagyu-v1	renderer/src/webgpu/wagyu-port/include/webgpu/webgpu_cpp.h	wgpu::Init	3	maxStorageTexturesInVertexStage	uint32_t	2828	webgpu:wagyu:webgpu_cpp	value-lifetime-review-required
webgpu	webgpu-wagyu-v1	renderer/src/webgpu/wagyu-port/include/webgpu/webgpu_cpp.h	wgpu::Init	3	offset	uint64_t	2875	webgpu:wagyu:webgpu_cpp	value-lifetime-review-required
webgpu	webgpu-wagyu-v1	renderer/src/webgpu/wagyu-port/include/webgpu/webgpu_cpp.h	wgpu::Init	3	requiredFeatureCount	size_t	4325	webgpu:wagyu:webgpu_cpp	value-lifetime-review-required
webgpu	webgpu-wagyu-v1	renderer/src/webgpu/wagyu-port/include/webgpu/webgpu_cpp.h	wgpu::Init	3	toneMappingMode	ToneMappingMode	3542	webgpu:wagyu:webgpu_cpp	value-lifetime-review-required
webgpu	webgpu-wagyu-v1	renderer/src/webgpu/wagyu-port/include/webgpu/webgpu_cpp.h	wgpu::Init	4	length	uint64_t	2876	webgpu:wagyu:webgpu_cpp	value-lifetime-review-required
webgpu	webgpu-wagyu-v1	renderer/src/webgpu/wagyu-port/include/webgpu/webgpu_cpp.h	wgpu::Init	4	maxStorageBuffersInFragmentStage	uint32_t	2829	webgpu:wagyu:webgpu_cpp	value-lifetime-review-required
webgpu	webgpu-wagyu-v1	renderer/src/webgpu/wagyu-port/include/webgpu/webgpu_cpp.h	wgpu::Init	4	requiredFeatures	const FeatureName *	4326	webgpu:wagyu:webgpu_cpp	borrow-or-pointer-review-required
webgpu	webgpu-wagyu-v1	renderer/src/webgpu/wagyu-port/include/webgpu/webgpu_cpp.h	wgpu::Init	5	maxStorageTexturesInFragmentStage	uint32_t	2830	webgpu:wagyu:webgpu_cpp	value-lifetime-review-required
webgpu	webgpu-wagyu-v1	renderer/src/webgpu/wagyu-port/include/webgpu/webgpu_cpp.h	wgpu::Init	5	requiredLimits	const Limits *	4327	webgpu:wagyu:webgpu_cpp	borrow-or-pointer-review-required
webgpu	webgpu-wagyu-v1	renderer/src/webgpu/wagyu-port/include/webgpu/webgpu_cpp.h	wgpu::Init	6	defaultQueue	QueueDescriptor	4328	webgpu:wagyu:webgpu_cpp	value-lifetime-review-required
webgpu	webgpu-wagyu-v1	renderer/src/webgpu/wagyu-port/include/webgpu/webgpu_cpp.h	wgpu::InstanceDescriptor	1	nextInChain	const ChainedStruct *	2330	webgpu:wagyu:webgpu_cpp	borrow-or-pointer-review-required
webgpu	webgpu-wagyu-v1	renderer/src/webgpu/wagyu-port/include/webgpu/webgpu_cpp.h	wgpu::InstanceDescriptor	2	requiredFeatureCount	size_t	2331	webgpu:wagyu:webgpu_cpp	value-lifetime-review-required
webgpu	webgpu-wagyu-v1	renderer/src/webgpu/wagyu-port/include/webgpu/webgpu_cpp.h	wgpu::InstanceDescriptor	3	requiredFeatures	const InstanceFeatureName *	2332	webgpu:wagyu:webgpu_cpp	borrow-or-pointer-review-required
webgpu	webgpu-wagyu-v1	renderer/src/webgpu/wagyu-port/include/webgpu/webgpu_cpp.h	wgpu::InstanceDescriptor	4	requiredLimits	const InstanceLimits *	2333	webgpu:wagyu:webgpu_cpp	borrow-or-pointer-review-required
webgpu	webgpu-wagyu-v1	renderer/src/webgpu/wagyu-port/include/webgpu/webgpu_cpp.h	wgpu::InstanceLimits	1	nextInChain	ChainedStructOut *	1888	webgpu:wagyu:webgpu_cpp	borrow-or-pointer-review-required
webgpu	webgpu-wagyu-v1	renderer/src/webgpu/wagyu-port/include/webgpu/webgpu_cpp.h	wgpu::InstanceLimits	2	timedWaitAnyMaxCount	size_t	1889	webgpu:wagyu:webgpu_cpp	value-lifetime-review-required
webgpu	webgpu-wagyu-v1	renderer/src/webgpu/wagyu-port/include/webgpu/webgpu_cpp.h	wgpu::Limits	1	nextInChain	ChainedStructOut *	2339	webgpu:wagyu:webgpu_cpp	borrow-or-pointer-review-required
webgpu	webgpu-wagyu-v1	renderer/src/webgpu/wagyu-port/include/webgpu/webgpu_cpp.h	wgpu::Limits	2	maxTextureDimension1D	uint32_t	2340	webgpu:wagyu:webgpu_cpp	value-lifetime-review-required
webgpu	webgpu-wagyu-v1	renderer/src/webgpu/wagyu-port/include/webgpu/webgpu_cpp.h	wgpu::Limits	3	maxTextureDimension2D	uint32_t	2341	webgpu:wagyu:webgpu_cpp	value-lifetime-review-required
webgpu	webgpu-wagyu-v1	renderer/src/webgpu/wagyu-port/include/webgpu/webgpu_cpp.h	wgpu::Limits	4	maxTextureDimension3D	uint32_t	2342	webgpu:wagyu:webgpu_cpp	value-lifetime-review-required
webgpu	webgpu-wagyu-v1	renderer/src/webgpu/wagyu-port/include/webgpu/webgpu_cpp.h	wgpu::Limits	5	maxTextureArrayLayers	uint32_t	2343	webgpu:wagyu:webgpu_cpp	value-lifetime-review-required
webgpu	webgpu-wagyu-v1	renderer/src/webgpu/wagyu-port/include/webgpu/webgpu_cpp.h	wgpu::Limits	6	maxBindGroups	uint32_t	2344	webgpu:wagyu:webgpu_cpp	value-lifetime-review-required
webgpu	webgpu-wagyu-v1	renderer/src/webgpu/wagyu-port/include/webgpu/webgpu_cpp.h	wgpu::Limits	7	maxBindGroupsPlusVertexBuffers	uint32_t	2345	webgpu:wagyu:webgpu_cpp	value-lifetime-review-required
webgpu	webgpu-wagyu-v1	renderer/src/webgpu/wagyu-port/include/webgpu/webgpu_cpp.h	wgpu::Limits	8	maxBindingsPerBindGroup	uint32_t	2346	webgpu:wagyu:webgpu_cpp	value-lifetime-review-required
webgpu	webgpu-wagyu-v1	renderer/src/webgpu/wagyu-port/include/webgpu/webgpu_cpp.h	wgpu::Limits	9	maxDynamicUniformBuffersPerPipelineLayout	uint32_t	2347	webgpu:wagyu:webgpu_cpp	value-lifetime-review-required
webgpu	webgpu-wagyu-v1	renderer/src/webgpu/wagyu-port/include/webgpu/webgpu_cpp.h	wgpu::Limits	10	maxDynamicStorageBuffersPerPipelineLayout	uint32_t	2348	webgpu:wagyu:webgpu_cpp	value-lifetime-review-required
webgpu	webgpu-wagyu-v1	renderer/src/webgpu/wagyu-port/include/webgpu/webgpu_cpp.h	wgpu::Limits	11	maxSampledTexturesPerShaderStage	uint32_t	2349	webgpu:wagyu:webgpu_cpp	value-lifetime-review-required
webgpu	webgpu-wagyu-v1	renderer/src/webgpu/wagyu-port/include/webgpu/webgpu_cpp.h	wgpu::Limits	12	maxSamplersPerShaderStage	uint32_t	2350	webgpu:wagyu:webgpu_cpp	value-lifetime-review-required
webgpu	webgpu-wagyu-v1	renderer/src/webgpu/wagyu-port/include/webgpu/webgpu_cpp.h	wgpu::Limits	13	maxStorageBuffersPerShaderStage	uint32_t	2351	webgpu:wagyu:webgpu_cpp	value-lifetime-review-required
webgpu	webgpu-wagyu-v1	renderer/src/webgpu/wagyu-port/include/webgpu/webgpu_cpp.h	wgpu::Limits	14	maxStorageTexturesPerShaderStage	uint32_t	2352	webgpu:wagyu:webgpu_cpp	value-lifetime-review-required
webgpu	webgpu-wagyu-v1	renderer/src/webgpu/wagyu-port/include/webgpu/webgpu_cpp.h	wgpu::Limits	15	maxUniformBuffersPerShaderStage	uint32_t	2353	webgpu:wagyu:webgpu_cpp	value-lifetime-review-required
webgpu	webgpu-wagyu-v1	renderer/src/webgpu/wagyu-port/include/webgpu/webgpu_cpp.h	wgpu::Limits	16	maxUniformBufferBindingSize	uint64_t	2354	webgpu:wagyu:webgpu_cpp	value-lifetime-review-required
webgpu	webgpu-wagyu-v1	renderer/src/webgpu/wagyu-port/include/webgpu/webgpu_cpp.h	wgpu::Limits	17	maxStorageBufferBindingSize	uint64_t	2355	webgpu:wagyu:webgpu_cpp	value-lifetime-review-required
webgpu	webgpu-wagyu-v1	renderer/src/webgpu/wagyu-port/include/webgpu/webgpu_cpp.h	wgpu::Limits	18	minUniformBufferOffsetAlignment	uint32_t	2356	webgpu:wagyu:webgpu_cpp	value-lifetime-review-required
webgpu	webgpu-wagyu-v1	renderer/src/webgpu/wagyu-port/include/webgpu/webgpu_cpp.h	wgpu::Limits	19	minStorageBufferOffsetAlignment	uint32_t	2357	webgpu:wagyu:webgpu_cpp	value-lifetime-review-required
webgpu	webgpu-wagyu-v1	renderer/src/webgpu/wagyu-port/include/webgpu/webgpu_cpp.h	wgpu::Limits	20	maxVertexBuffers	uint32_t	2358	webgpu:wagyu:webgpu_cpp	value-lifetime-review-required
webgpu	webgpu-wagyu-v1	renderer/src/webgpu/wagyu-port/include/webgpu/webgpu_cpp.h	wgpu::Limits	21	maxBufferSize	uint64_t	2359	webgpu:wagyu:webgpu_cpp	value-lifetime-review-required
webgpu	webgpu-wagyu-v1	renderer/src/webgpu/wagyu-port/include/webgpu/webgpu_cpp.h	wgpu::Limits	22	maxVertexAttributes	uint32_t	2360	webgpu:wagyu:webgpu_cpp	value-lifetime-review-required
webgpu	webgpu-wagyu-v1	renderer/src/webgpu/wagyu-port/include/webgpu/webgpu_cpp.h	wgpu::Limits	23	maxVertexBufferArrayStride	uint32_t	2361	webgpu:wagyu:webgpu_cpp	value-lifetime-review-required
webgpu	webgpu-wagyu-v1	renderer/src/webgpu/wagyu-port/include/webgpu/webgpu_cpp.h	wgpu::Limits	24	maxInterStageShaderVariables	uint32_t	2362	webgpu:wagyu:webgpu_cpp	value-lifetime-review-required
webgpu	webgpu-wagyu-v1	renderer/src/webgpu/wagyu-port/include/webgpu/webgpu_cpp.h	wgpu::Limits	25	maxColorAttachments	uint32_t	2363	webgpu:wagyu:webgpu_cpp	value-lifetime-review-required
webgpu	webgpu-wagyu-v1	renderer/src/webgpu/wagyu-port/include/webgpu/webgpu_cpp.h	wgpu::Limits	26	maxColorAttachmentBytesPerSample	uint32_t	2364	webgpu:wagyu:webgpu_cpp	value-lifetime-review-required
webgpu	webgpu-wagyu-v1	renderer/src/webgpu/wagyu-port/include/webgpu/webgpu_cpp.h	wgpu::Limits	27	maxComputeWorkgroupStorageSize	uint32_t	2365	webgpu:wagyu:webgpu_cpp	value-lifetime-review-required
webgpu	webgpu-wagyu-v1	renderer/src/webgpu/wagyu-port/include/webgpu/webgpu_cpp.h	wgpu::Limits	28	maxComputeInvocationsPerWorkgroup	uint32_t	2366	webgpu:wagyu:webgpu_cpp	value-lifetime-review-required
webgpu	webgpu-wagyu-v1	renderer/src/webgpu/wagyu-port/include/webgpu/webgpu_cpp.h	wgpu::Limits	29	maxComputeWorkgroupSizeX	uint32_t	2367	webgpu:wagyu:webgpu_cpp	value-lifetime-review-required
webgpu	webgpu-wagyu-v1	renderer/src/webgpu/wagyu-port/include/webgpu/webgpu_cpp.h	wgpu::Limits	30	maxComputeWorkgroupSizeY	uint32_t	2368	webgpu:wagyu:webgpu_cpp	value-lifetime-review-required
webgpu	webgpu-wagyu-v1	renderer/src/webgpu/wagyu-port/include/webgpu/webgpu_cpp.h	wgpu::Limits	31	maxComputeWorkgroupSizeZ	uint32_t	2369	webgpu:wagyu:webgpu_cpp	value-lifetime-review-required
webgpu	webgpu-wagyu-v1	renderer/src/webgpu/wagyu-port/include/webgpu/webgpu_cpp.h	wgpu::Limits	32	maxComputeWorkgroupsPerDimension	uint32_t	2370	webgpu:wagyu:webgpu_cpp	value-lifetime-review-required
webgpu	webgpu-wagyu-v1	renderer/src/webgpu/wagyu-port/include/webgpu/webgpu_cpp.h	wgpu::Limits	33	maxImmediateSize	uint32_t	2371	webgpu:wagyu:webgpu_cpp	value-lifetime-review-required
webgpu	webgpu-wagyu-v1	renderer/src/webgpu/wagyu-port/include/webgpu/webgpu_cpp.h	wgpu::MultisampleState	1	nextInChain	const ChainedStruct *	1901	webgpu:wagyu:webgpu_cpp	borrow-or-pointer-review-required
webgpu	webgpu-wagyu-v1	renderer/src/webgpu/wagyu-port/include/webgpu/webgpu_cpp.h	wgpu::MultisampleState	2	count	uint32_t	1902	webgpu:wagyu:webgpu_cpp	value-lifetime-review-required
webgpu	webgpu-wagyu-v1	renderer/src/webgpu/wagyu-port/include/webgpu/webgpu_cpp.h	wgpu::MultisampleState	3	mask	uint32_t	1903	webgpu:wagyu:webgpu_cpp	value-lifetime-review-required
webgpu	webgpu-wagyu-v1	renderer/src/webgpu/wagyu-port/include/webgpu/webgpu_cpp.h	wgpu::MultisampleState	4	alphaToCoverageEnabled	Bool	1904	webgpu:wagyu:webgpu_cpp	value-lifetime-review-required
webgpu	webgpu-wagyu-v1	renderer/src/webgpu/wagyu-port/include/webgpu/webgpu_cpp.h	wgpu::ObjectBase::ObjectBase	1	mHandle	CType	955	webgpu:wagyu:webgpu_cpp	value-lifetime-review-required
webgpu	webgpu-wagyu-v1	renderer/src/webgpu/wagyu-port/include/webgpu/webgpu_cpp.h	wgpu::OptionalBool	1	mValue	WGPUOptionalBool	860	webgpu:wagyu:webgpu_cpp	native-handle-review-required
webgpu	webgpu-wagyu-v1	renderer/src/webgpu/wagyu-port/include/webgpu/webgpu_cpp.h	wgpu::Origin3D	1	x	uint32_t	1910	webgpu:wagyu:webgpu_cpp	value-lifetime-review-required
webgpu	webgpu-wagyu-v1	renderer/src/webgpu/wagyu-port/include/webgpu/webgpu_cpp.h	wgpu::Origin3D	2	y	uint32_t	1911	webgpu:wagyu:webgpu_cpp	value-lifetime-review-required
webgpu	webgpu-wagyu-v1	renderer/src/webgpu/wagyu-port/include/webgpu/webgpu_cpp.h	wgpu::Origin3D	3	z	uint32_t	1912	webgpu:wagyu:webgpu_cpp	value-lifetime-review-required
webgpu	webgpu-wagyu-v1	renderer/src/webgpu/wagyu-port/include/webgpu/webgpu_cpp.h	wgpu::PassTimestampWrites	1	nextInChain	const ChainedStruct *	1918	webgpu:wagyu:webgpu_cpp	borrow-or-pointer-review-required
webgpu	webgpu-wagyu-v1	renderer/src/webgpu/wagyu-port/include/webgpu/webgpu_cpp.h	wgpu::PassTimestampWrites	2	querySet	QuerySet	1919	webgpu:wagyu:webgpu_cpp	value-lifetime-review-required
webgpu	webgpu-wagyu-v1	renderer/src/webgpu/wagyu-port/include/webgpu/webgpu_cpp.h	wgpu::PassTimestampWrites	3	beginningOfPassWriteIndex	uint32_t	1920	webgpu:wagyu:webgpu_cpp	value-lifetime-review-required
webgpu	webgpu-wagyu-v1	renderer/src/webgpu/wagyu-port/include/webgpu/webgpu_cpp.h	wgpu::PassTimestampWrites	4	endOfPassWriteIndex	uint32_t	1921	webgpu:wagyu:webgpu_cpp	value-lifetime-review-required
webgpu	webgpu-wagyu-v1	renderer/src/webgpu/wagyu-port/include/webgpu/webgpu_cpp.h	wgpu::PipelineLayoutDescriptor	1	nextInChain	const ChainedStruct *	1927	webgpu:wagyu:webgpu_cpp	borrow-or-pointer-review-required
webgpu	webgpu-wagyu-v1	renderer/src/webgpu/wagyu-port/include/webgpu/webgpu_cpp.h	wgpu::PipelineLayoutDescriptor	2	label	StringView	1928	webgpu:wagyu:webgpu_cpp	value-lifetime-review-required
webgpu	webgpu-wagyu-v1	renderer/src/webgpu/wagyu-port/include/webgpu/webgpu_cpp.h	wgpu::PipelineLayoutDescriptor	3	bindGroupLayoutCount	size_t	1929	webgpu:wagyu:webgpu_cpp	value-lifetime-review-required
webgpu	webgpu-wagyu-v1	renderer/src/webgpu/wagyu-port/include/webgpu/webgpu_cpp.h	wgpu::PipelineLayoutDescriptor	4	bindGroupLayouts	const BindGroupLayout *	1930	webgpu:wagyu:webgpu_cpp	borrow-or-pointer-review-required
webgpu	webgpu-wagyu-v1	renderer/src/webgpu/wagyu-port/include/webgpu/webgpu_cpp.h	wgpu::PipelineLayoutDescriptor	5	immediateSize	uint32_t	1931	webgpu:wagyu:webgpu_cpp	value-lifetime-review-required
webgpu	webgpu-wagyu-v1	renderer/src/webgpu/wagyu-port/include/webgpu/webgpu_cpp.h	wgpu::PrimitiveState	1	nextInChain	const ChainedStruct *	1937	webgpu:wagyu:webgpu_cpp	borrow-or-pointer-review-required
webgpu	webgpu-wagyu-v1	renderer/src/webgpu/wagyu-port/include/webgpu/webgpu_cpp.h	wgpu::PrimitiveState	2	topology	PrimitiveTopology	1938	webgpu:wagyu:webgpu_cpp	value-lifetime-review-required
webgpu	webgpu-wagyu-v1	renderer/src/webgpu/wagyu-port/include/webgpu/webgpu_cpp.h	wgpu::PrimitiveState	3	stripIndexFormat	IndexFormat	1939	webgpu:wagyu:webgpu_cpp	value-lifetime-review-required
webgpu	webgpu-wagyu-v1	renderer/src/webgpu/wagyu-port/include/webgpu/webgpu_cpp.h	wgpu::PrimitiveState	4	frontFace	FrontFace	1940	webgpu:wagyu:webgpu_cpp	value-lifetime-review-required
webgpu	webgpu-wagyu-v1	renderer/src/webgpu/wagyu-port/include/webgpu/webgpu_cpp.h	wgpu::PrimitiveState	5	cullMode	CullMode	1941	webgpu:wagyu:webgpu_cpp	value-lifetime-review-required
webgpu	webgpu-wagyu-v1	renderer/src/webgpu/wagyu-port/include/webgpu/webgpu_cpp.h	wgpu::PrimitiveState	6	unclippedDepth	Bool	1942	webgpu:wagyu:webgpu_cpp	value-lifetime-review-required
webgpu	webgpu-wagyu-v1	renderer/src/webgpu/wagyu-port/include/webgpu/webgpu_cpp.h	wgpu::QuerySetDescriptor	1	nextInChain	const ChainedStruct *	1948	webgpu:wagyu:webgpu_cpp	borrow-or-pointer-review-required
webgpu	webgpu-wagyu-v1	renderer/src/webgpu/wagyu-port/include/webgpu/webgpu_cpp.h	wgpu::QuerySetDescriptor	2	label	StringView	1949	webgpu:wagyu:webgpu_cpp	value-lifetime-review-required
webgpu	webgpu-wagyu-v1	renderer/src/webgpu/wagyu-port/include/webgpu/webgpu_cpp.h	wgpu::QuerySetDescriptor	3	type	QueryType	1950	webgpu:wagyu:webgpu_cpp	value-lifetime-review-required
webgpu	webgpu-wagyu-v1	renderer/src/webgpu/wagyu-port/include/webgpu/webgpu_cpp.h	wgpu::QuerySetDescriptor	4	count	uint32_t	1951	webgpu:wagyu:webgpu_cpp	value-lifetime-review-required
webgpu	webgpu-wagyu-v1	renderer/src/webgpu/wagyu-port/include/webgpu/webgpu_cpp.h	wgpu::QueueDescriptor	1	nextInChain	const ChainedStruct *	1957	webgpu:wagyu:webgpu_cpp	borrow-or-pointer-review-required
webgpu	webgpu-wagyu-v1	renderer/src/webgpu/wagyu-port/include/webgpu/webgpu_cpp.h	wgpu::QueueDescriptor	2	label	StringView	1958	webgpu:wagyu:webgpu_cpp	value-lifetime-review-required
webgpu	webgpu-wagyu-v1	renderer/src/webgpu/wagyu-port/include/webgpu/webgpu_cpp.h	wgpu::RenderBundleDescriptor	1	nextInChain	const ChainedStruct *	1964	webgpu:wagyu:webgpu_cpp	borrow-or-pointer-review-required
webgpu	webgpu-wagyu-v1	renderer/src/webgpu/wagyu-port/include/webgpu/webgpu_cpp.h	wgpu::RenderBundleDescriptor	2	label	StringView	1965	webgpu:wagyu:webgpu_cpp	value-lifetime-review-required
webgpu	webgpu-wagyu-v1	renderer/src/webgpu/wagyu-port/include/webgpu/webgpu_cpp.h	wgpu::RenderBundleEncoderDescriptor	1	nextInChain	const ChainedStruct *	1971	webgpu:wagyu:webgpu_cpp	borrow-or-pointer-review-required
webgpu	webgpu-wagyu-v1	renderer/src/webgpu/wagyu-port/include/webgpu/webgpu_cpp.h	wgpu::RenderBundleEncoderDescriptor	2	label	StringView	1972	webgpu:wagyu:webgpu_cpp	value-lifetime-review-required
webgpu	webgpu-wagyu-v1	renderer/src/webgpu/wagyu-port/include/webgpu/webgpu_cpp.h	wgpu::RenderBundleEncoderDescriptor	3	colorFormatCount	size_t	1973	webgpu:wagyu:webgpu_cpp	value-lifetime-review-required
webgpu	webgpu-wagyu-v1	renderer/src/webgpu/wagyu-port/include/webgpu/webgpu_cpp.h	wgpu::RenderBundleEncoderDescriptor	4	colorFormats	const TextureFormat *	1974	webgpu:wagyu:webgpu_cpp	borrow-or-pointer-review-required
webgpu	webgpu-wagyu-v1	renderer/src/webgpu/wagyu-port/include/webgpu/webgpu_cpp.h	wgpu::RenderBundleEncoderDescriptor	5	depthStencilFormat	TextureFormat	1975	webgpu:wagyu:webgpu_cpp	value-lifetime-review-required
webgpu	webgpu-wagyu-v1	renderer/src/webgpu/wagyu-port/include/webgpu/webgpu_cpp.h	wgpu::RenderBundleEncoderDescriptor	6	sampleCount	uint32_t	1976	webgpu:wagyu:webgpu_cpp	value-lifetime-review-required
webgpu	webgpu-wagyu-v1	renderer/src/webgpu/wagyu-port/include/webgpu/webgpu_cpp.h	wgpu::RenderBundleEncoderDescriptor	7	depthReadOnly	Bool	1977	webgpu:wagyu:webgpu_cpp	value-lifetime-review-required
webgpu	webgpu-wagyu-v1	renderer/src/webgpu/wagyu-port/include/webgpu/webgpu_cpp.h	wgpu::RenderBundleEncoderDescriptor	8	stencilReadOnly	Bool	1978	webgpu:wagyu:webgpu_cpp	value-lifetime-review-required
webgpu	webgpu-wagyu-v1	renderer/src/webgpu/wagyu-port/include/webgpu/webgpu_cpp.h	wgpu::RenderPassColorAttachment	1	nextInChain	const ChainedStruct *	2377	webgpu:wagyu:webgpu_cpp	borrow-or-pointer-review-required
webgpu	webgpu-wagyu-v1	renderer/src/webgpu/wagyu-port/include/webgpu/webgpu_cpp.h	wgpu::RenderPassColorAttachment	2	view	TextureView	2378	webgpu:wagyu:webgpu_cpp	value-lifetime-review-required
webgpu	webgpu-wagyu-v1	renderer/src/webgpu/wagyu-port/include/webgpu/webgpu_cpp.h	wgpu::RenderPassColorAttachment	3	depthSlice	uint32_t	2379	webgpu:wagyu:webgpu_cpp	value-lifetime-review-required
webgpu	webgpu-wagyu-v1	renderer/src/webgpu/wagyu-port/include/webgpu/webgpu_cpp.h	wgpu::RenderPassColorAttachment	4	resolveTarget	TextureView	2380	webgpu:wagyu:webgpu_cpp	value-lifetime-review-required
webgpu	webgpu-wagyu-v1	renderer/src/webgpu/wagyu-port/include/webgpu/webgpu_cpp.h	wgpu::RenderPassColorAttachment	5	loadOp	LoadOp	2381	webgpu:wagyu:webgpu_cpp	value-lifetime-review-required
webgpu	webgpu-wagyu-v1	renderer/src/webgpu/wagyu-port/include/webgpu/webgpu_cpp.h	wgpu::RenderPassColorAttachment	6	storeOp	StoreOp	2382	webgpu:wagyu:webgpu_cpp	value-lifetime-review-required
webgpu	webgpu-wagyu-v1	renderer/src/webgpu/wagyu-port/include/webgpu/webgpu_cpp.h	wgpu::RenderPassColorAttachment	7	clearValue	Color	2383	webgpu:wagyu:webgpu_cpp	value-lifetime-review-required
webgpu	webgpu-wagyu-v1	renderer/src/webgpu/wagyu-port/include/webgpu/webgpu_cpp.h	wgpu::RenderPassDepthStencilAttachment	1	nextInChain	const ChainedStruct *	1984	webgpu:wagyu:webgpu_cpp	borrow-or-pointer-review-required
webgpu	webgpu-wagyu-v1	renderer/src/webgpu/wagyu-port/include/webgpu/webgpu_cpp.h	wgpu::RenderPassDepthStencilAttachment	2	view	TextureView	1985	webgpu:wagyu:webgpu_cpp	value-lifetime-review-required
webgpu	webgpu-wagyu-v1	renderer/src/webgpu/wagyu-port/include/webgpu/webgpu_cpp.h	wgpu::RenderPassDepthStencilAttachment	3	depthLoadOp	LoadOp	1986	webgpu:wagyu:webgpu_cpp	value-lifetime-review-required
webgpu	webgpu-wagyu-v1	renderer/src/webgpu/wagyu-port/include/webgpu/webgpu_cpp.h	wgpu::RenderPassDepthStencilAttachment	4	depthStoreOp	StoreOp	1987	webgpu:wagyu:webgpu_cpp	value-lifetime-review-required
webgpu	webgpu-wagyu-v1	renderer/src/webgpu/wagyu-port/include/webgpu/webgpu_cpp.h	wgpu::RenderPassDepthStencilAttachment	5	depthClearValue	float	1988	webgpu:wagyu:webgpu_cpp	value-lifetime-review-required
webgpu	webgpu-wagyu-v1	renderer/src/webgpu/wagyu-port/include/webgpu/webgpu_cpp.h	wgpu::RenderPassDepthStencilAttachment	6	depthReadOnly	Bool	1989	webgpu:wagyu:webgpu_cpp	value-lifetime-review-required
webgpu	webgpu-wagyu-v1	renderer/src/webgpu/wagyu-port/include/webgpu/webgpu_cpp.h	wgpu::RenderPassDepthStencilAttachment	7	stencilLoadOp	LoadOp	1990	webgpu:wagyu:webgpu_cpp	value-lifetime-review-required
webgpu	webgpu-wagyu-v1	renderer/src/webgpu/wagyu-port/include/webgpu/webgpu_cpp.h	wgpu::RenderPassDepthStencilAttachment	8	stencilStoreOp	StoreOp	1991	webgpu:wagyu:webgpu_cpp	value-lifetime-review-required
webgpu	webgpu-wagyu-v1	renderer/src/webgpu/wagyu-port/include/webgpu/webgpu_cpp.h	wgpu::RenderPassDepthStencilAttachment	9	stencilClearValue	uint32_t	1992	webgpu:wagyu:webgpu_cpp	value-lifetime-review-required
webgpu	webgpu-wagyu-v1	renderer/src/webgpu/wagyu-port/include/webgpu/webgpu_cpp.h	wgpu::RenderPassDepthStencilAttachment	10	stencilReadOnly	Bool	1993	webgpu:wagyu:webgpu_cpp	value-lifetime-review-required
webgpu	webgpu-wagyu-v1	renderer/src/webgpu/wagyu-port/include/webgpu/webgpu_cpp.h	wgpu::RenderPassDescriptor	1	nextInChain	const ChainedStruct *	2502	webgpu:wagyu:webgpu_cpp	borrow-or-pointer-review-required
webgpu	webgpu-wagyu-v1	renderer/src/webgpu/wagyu-port/include/webgpu/webgpu_cpp.h	wgpu::RenderPassDescriptor	2	label	StringView	2503	webgpu:wagyu:webgpu_cpp	value-lifetime-review-required
webgpu	webgpu-wagyu-v1	renderer/src/webgpu/wagyu-port/include/webgpu/webgpu_cpp.h	wgpu::RenderPassDescriptor	3	colorAttachmentCount	size_t	2504	webgpu:wagyu:webgpu_cpp	value-lifetime-review-required
webgpu	webgpu-wagyu-v1	renderer/src/webgpu/wagyu-port/include/webgpu/webgpu_cpp.h	wgpu::RenderPassDescriptor	4	colorAttachments	const RenderPassColorAttachment *	2505	webgpu:wagyu:webgpu_cpp	borrow-or-pointer-review-required
webgpu	webgpu-wagyu-v1	renderer/src/webgpu/wagyu-port/include/webgpu/webgpu_cpp.h	wgpu::RenderPassDescriptor	5	depthStencilAttachment	const RenderPassDepthStencilAttachment *	2506	webgpu:wagyu:webgpu_cpp	borrow-or-pointer-review-required
webgpu	webgpu-wagyu-v1	renderer/src/webgpu/wagyu-port/include/webgpu/webgpu_cpp.h	wgpu::RenderPassDescriptor	6	occlusionQuerySet	QuerySet	2507	webgpu:wagyu:webgpu_cpp	value-lifetime-review-required
webgpu	webgpu-wagyu-v1	renderer/src/webgpu/wagyu-port/include/webgpu/webgpu_cpp.h	wgpu::RenderPassDescriptor	7	timestampWrites	const PassTimestampWrites *	2508	webgpu:wagyu:webgpu_cpp	borrow-or-pointer-review-required
webgpu	webgpu-wagyu-v1	renderer/src/webgpu/wagyu-port/include/webgpu/webgpu_cpp.h	wgpu::RenderPassMaxDrawCount	1	maxDrawCount	uint64_t	2005	webgpu:wagyu:webgpu_cpp	value-lifetime-review-required
webgpu	webgpu-wagyu-v1	renderer/src/webgpu/wagyu-port/include/webgpu/webgpu_cpp.h	wgpu::RenderPipelineDescriptor	1	nextInChain	const ChainedStruct *	2553	webgpu:wagyu:webgpu_cpp	borrow-or-pointer-review-required
webgpu	webgpu-wagyu-v1	renderer/src/webgpu/wagyu-port/include/webgpu/webgpu_cpp.h	wgpu::RenderPipelineDescriptor	2	label	StringView	2554	webgpu:wagyu:webgpu_cpp	value-lifetime-review-required
webgpu	webgpu-wagyu-v1	renderer/src/webgpu/wagyu-port/include/webgpu/webgpu_cpp.h	wgpu::RenderPipelineDescriptor	3	layout	PipelineLayout	2555	webgpu:wagyu:webgpu_cpp	value-lifetime-review-required
webgpu	webgpu-wagyu-v1	renderer/src/webgpu/wagyu-port/include/webgpu/webgpu_cpp.h	wgpu::RenderPipelineDescriptor	4	vertex	VertexState	2556	webgpu:wagyu:webgpu_cpp	value-lifetime-review-required
webgpu	webgpu-wagyu-v1	renderer/src/webgpu/wagyu-port/include/webgpu/webgpu_cpp.h	wgpu::RenderPipelineDescriptor	5	primitive	PrimitiveState	2557	webgpu:wagyu:webgpu_cpp	value-lifetime-review-required
webgpu	webgpu-wagyu-v1	renderer/src/webgpu/wagyu-port/include/webgpu/webgpu_cpp.h	wgpu::RenderPipelineDescriptor	6	depthStencil	const DepthStencilState *	2558	webgpu:wagyu:webgpu_cpp	borrow-or-pointer-review-required
webgpu	webgpu-wagyu-v1	renderer/src/webgpu/wagyu-port/include/webgpu/webgpu_cpp.h	wgpu::RenderPipelineDescriptor	7	multisample	MultisampleState	2559	webgpu:wagyu:webgpu_cpp	value-lifetime-review-required
webgpu	webgpu-wagyu-v1	renderer/src/webgpu/wagyu-port/include/webgpu/webgpu_cpp.h	wgpu::RenderPipelineDescriptor	8	fragment	const FragmentState *	2560	webgpu:wagyu:webgpu_cpp	borrow-or-pointer-review-required
webgpu	webgpu-wagyu-v1	renderer/src/webgpu/wagyu-port/include/webgpu/webgpu_cpp.h	wgpu::RequestAdapterOptions	1	nextInChain	const ChainedStruct *	2389	webgpu:wagyu:webgpu_cpp	borrow-or-pointer-review-required
webgpu	webgpu-wagyu-v1	renderer/src/webgpu/wagyu-port/include/webgpu/webgpu_cpp.h	wgpu::RequestAdapterOptions	2	featureLevel	FeatureLevel	2390	webgpu:wagyu:webgpu_cpp	value-lifetime-review-required
webgpu	webgpu-wagyu-v1	renderer/src/webgpu/wagyu-port/include/webgpu/webgpu_cpp.h	wgpu::RequestAdapterOptions	3	powerPreference	PowerPreference	2391	webgpu:wagyu:webgpu_cpp	value-lifetime-review-required
webgpu	webgpu-wagyu-v1	renderer/src/webgpu/wagyu-port/include/webgpu/webgpu_cpp.h	wgpu::RequestAdapterOptions	4	forceFallbackAdapter	Bool	2392	webgpu:wagyu:webgpu_cpp	value-lifetime-review-required
webgpu	webgpu-wagyu-v1	renderer/src/webgpu/wagyu-port/include/webgpu/webgpu_cpp.h	wgpu::RequestAdapterOptions	5	backendType	BackendType	2393	webgpu:wagyu:webgpu_cpp	value-lifetime-review-required
webgpu	webgpu-wagyu-v1	renderer/src/webgpu/wagyu-port/include/webgpu/webgpu_cpp.h	wgpu::RequestAdapterOptions	6	compatibleSurface	Surface	2394	webgpu:wagyu:webgpu_cpp	value-lifetime-review-required
webgpu	webgpu-wagyu-v1	renderer/src/webgpu/wagyu-port/include/webgpu/webgpu_cpp.h	wgpu::RequestAdapterWebXROptions	1	xrCompatible	Bool	2017	webgpu:wagyu:webgpu_cpp	value-lifetime-review-required
webgpu	webgpu-wagyu-v1	renderer/src/webgpu/wagyu-port/include/webgpu/webgpu_cpp.h	wgpu::SamplerBindingLayout	1	nextInChain	const ChainedStruct *	2023	webgpu:wagyu:webgpu_cpp	borrow-or-pointer-review-required
webgpu	webgpu-wagyu-v1	renderer/src/webgpu/wagyu-port/include/webgpu/webgpu_cpp.h	wgpu::SamplerBindingLayout	2	type	SamplerBindingType	2024	webgpu:wagyu:webgpu_cpp	value-lifetime-review-required
webgpu	webgpu-wagyu-v1	renderer/src/webgpu/wagyu-port/include/webgpu/webgpu_cpp.h	wgpu::SamplerDescriptor	1	nextInChain	const ChainedStruct *	2030	webgpu:wagyu:webgpu_cpp	borrow-or-pointer-review-required
webgpu	webgpu-wagyu-v1	renderer/src/webgpu/wagyu-port/include/webgpu/webgpu_cpp.h	wgpu::SamplerDescriptor	2	label	StringView	2031	webgpu:wagyu:webgpu_cpp	value-lifetime-review-required
webgpu	webgpu-wagyu-v1	renderer/src/webgpu/wagyu-port/include/webgpu/webgpu_cpp.h	wgpu::SamplerDescriptor	3	addressModeU	AddressMode	2032	webgpu:wagyu:webgpu_cpp	value-lifetime-review-required
webgpu	webgpu-wagyu-v1	renderer/src/webgpu/wagyu-port/include/webgpu/webgpu_cpp.h	wgpu::SamplerDescriptor	4	addressModeV	AddressMode	2033	webgpu:wagyu:webgpu_cpp	value-lifetime-review-required
webgpu	webgpu-wagyu-v1	renderer/src/webgpu/wagyu-port/include/webgpu/webgpu_cpp.h	wgpu::SamplerDescriptor	5	addressModeW	AddressMode	2034	webgpu:wagyu:webgpu_cpp	value-lifetime-review-required
webgpu	webgpu-wagyu-v1	renderer/src/webgpu/wagyu-port/include/webgpu/webgpu_cpp.h	wgpu::SamplerDescriptor	6	magFilter	FilterMode	2035	webgpu:wagyu:webgpu_cpp	value-lifetime-review-required
webgpu	webgpu-wagyu-v1	renderer/src/webgpu/wagyu-port/include/webgpu/webgpu_cpp.h	wgpu::SamplerDescriptor	7	minFilter	FilterMode	2036	webgpu:wagyu:webgpu_cpp	value-lifetime-review-required
webgpu	webgpu-wagyu-v1	renderer/src/webgpu/wagyu-port/include/webgpu/webgpu_cpp.h	wgpu::SamplerDescriptor	8	mipmapFilter	MipmapFilterMode	2037	webgpu:wagyu:webgpu_cpp	value-lifetime-review-required
webgpu	webgpu-wagyu-v1	renderer/src/webgpu/wagyu-port/include/webgpu/webgpu_cpp.h	wgpu::SamplerDescriptor	9	lodMinClamp	float	2038	webgpu:wagyu:webgpu_cpp	value-lifetime-review-required
webgpu	webgpu-wagyu-v1	renderer/src/webgpu/wagyu-port/include/webgpu/webgpu_cpp.h	wgpu::SamplerDescriptor	10	lodMaxClamp	float	2039	webgpu:wagyu:webgpu_cpp	value-lifetime-review-required
webgpu	webgpu-wagyu-v1	renderer/src/webgpu/wagyu-port/include/webgpu/webgpu_cpp.h	wgpu::SamplerDescriptor	11	compare	CompareFunction	2040	webgpu:wagyu:webgpu_cpp	value-lifetime-review-required
webgpu	webgpu-wagyu-v1	renderer/src/webgpu/wagyu-port/include/webgpu/webgpu_cpp.h	wgpu::SamplerDescriptor	12	maxAnisotropy	uint16_t	2041	webgpu:wagyu:webgpu_cpp	value-lifetime-review-required
webgpu	webgpu-wagyu-v1	renderer/src/webgpu/wagyu-port/include/webgpu/webgpu_cpp.h	wgpu::ShaderModuleDescriptor	1	nextInChain	const ChainedStruct *	2400	webgpu:wagyu:webgpu_cpp	borrow-or-pointer-review-required
webgpu	webgpu-wagyu-v1	renderer/src/webgpu/wagyu-port/include/webgpu/webgpu_cpp.h	wgpu::ShaderModuleDescriptor	2	label	StringView	2401	webgpu:wagyu:webgpu_cpp	value-lifetime-review-required
webgpu	webgpu-wagyu-v1	renderer/src/webgpu/wagyu-port/include/webgpu/webgpu_cpp.h	wgpu::ShaderSourceSPIRV	1	codeSize	uint32_t	2053	webgpu:wagyu:webgpu_cpp	value-lifetime-review-required
webgpu	webgpu-wagyu-v1	renderer/src/webgpu/wagyu-port/include/webgpu/webgpu_cpp.h	wgpu::ShaderSourceSPIRV	2	code	const uint32_t *	2054	webgpu:wagyu:webgpu_cpp	borrow-or-pointer-review-required
webgpu	webgpu-wagyu-v1	renderer/src/webgpu/wagyu-port/include/webgpu/webgpu_cpp.h	wgpu::ShaderSourceWGSL	1	code	StringView	2066	webgpu:wagyu:webgpu_cpp	value-lifetime-review-required
webgpu	webgpu-wagyu-v1	renderer/src/webgpu/wagyu-port/include/webgpu/webgpu_cpp.h	wgpu::StencilFaceState	1	compare	CompareFunction	2072	webgpu:wagyu:webgpu_cpp	value-lifetime-review-required
webgpu	webgpu-wagyu-v1	renderer/src/webgpu/wagyu-port/include/webgpu/webgpu_cpp.h	wgpu::StencilFaceState	2	failOp	StencilOperation	2073	webgpu:wagyu:webgpu_cpp	value-lifetime-review-required
webgpu	webgpu-wagyu-v1	renderer/src/webgpu/wagyu-port/include/webgpu/webgpu_cpp.h	wgpu::StencilFaceState	3	depthFailOp	StencilOperation	2074	webgpu:wagyu:webgpu_cpp	value-lifetime-review-required
webgpu	webgpu-wagyu-v1	renderer/src/webgpu/wagyu-port/include/webgpu/webgpu_cpp.h	wgpu::StencilFaceState	4	passOp	StencilOperation	2075	webgpu:wagyu:webgpu_cpp	value-lifetime-review-required
webgpu	webgpu-wagyu-v1	renderer/src/webgpu/wagyu-port/include/webgpu/webgpu_cpp.h	wgpu::StorageTextureBindingLayout	1	nextInChain	const ChainedStruct *	2081	webgpu:wagyu:webgpu_cpp	borrow-or-pointer-review-required
webgpu	webgpu-wagyu-v1	renderer/src/webgpu/wagyu-port/include/webgpu/webgpu_cpp.h	wgpu::StorageTextureBindingLayout	2	access	StorageTextureAccess	2082	webgpu:wagyu:webgpu_cpp	value-lifetime-review-required
webgpu	webgpu-wagyu-v1	renderer/src/webgpu/wagyu-port/include/webgpu/webgpu_cpp.h	wgpu::StorageTextureBindingLayout	3	format	TextureFormat	2083	webgpu:wagyu:webgpu_cpp	value-lifetime-review-required
webgpu	webgpu-wagyu-v1	renderer/src/webgpu/wagyu-port/include/webgpu/webgpu_cpp.h	wgpu::StorageTextureBindingLayout	4	viewDimension	TextureViewDimension	2084	webgpu:wagyu:webgpu_cpp	value-lifetime-review-required
webgpu	webgpu-wagyu-v1	renderer/src/webgpu/wagyu-port/include/webgpu/webgpu_cpp.h	wgpu::StringView	1	data	const char *	1066	webgpu:wagyu:webgpu_cpp	borrow-or-pointer-review-required
webgpu	webgpu-wagyu-v1	renderer/src/webgpu/wagyu-port/include/webgpu/webgpu_cpp.h	wgpu::StringView	2	length	size_t	1067	webgpu:wagyu:webgpu_cpp	value-lifetime-review-required
webgpu	webgpu-wagyu-v1	renderer/src/webgpu/wagyu-port/include/webgpu/webgpu_cpp.h	wgpu::SupportedFeatures	1	featureCount	const size_t	2096	webgpu:wagyu:webgpu_cpp	value-lifetime-review-required
webgpu	webgpu-wagyu-v1	renderer/src/webgpu/wagyu-port/include/webgpu/webgpu_cpp.h	wgpu::SupportedFeatures	2	features	const FeatureName *const	2097	webgpu:wagyu:webgpu_cpp	borrow-or-pointer-review-required
webgpu	webgpu-wagyu-v1	renderer/src/webgpu/wagyu-port/include/webgpu/webgpu_cpp.h	wgpu::SupportedInstanceFeatures	1	featureCount	const size_t	2113	webgpu:wagyu:webgpu_cpp	value-lifetime-review-required
webgpu	webgpu-wagyu-v1	renderer/src/webgpu/wagyu-port/include/webgpu/webgpu_cpp.h	wgpu::SupportedInstanceFeatures	2	features	const InstanceFeatureName *const	2114	webgpu:wagyu:webgpu_cpp	borrow-or-pointer-review-required
webgpu	webgpu-wagyu-v1	renderer/src/webgpu/wagyu-port/include/webgpu/webgpu_cpp.h	wgpu::SupportedWGSLLanguageFeatures	1	featureCount	const size_t	2130	webgpu:wagyu:webgpu_cpp	value-lifetime-review-required
webgpu	webgpu-wagyu-v1	renderer/src/webgpu/wagyu-port/include/webgpu/webgpu_cpp.h	wgpu::SupportedWGSLLanguageFeatures	2	features	const WGSLLanguageFeatureName *const	2131	webgpu:wagyu:webgpu_cpp	borrow-or-pointer-review-required
webgpu	webgpu-wagyu-v1	renderer/src/webgpu/wagyu-port/include/webgpu/webgpu_cpp.h	wgpu::SurfaceCapabilities	1	nextInChain	ChainedStructOut *	2147	webgpu:wagyu:webgpu_cpp	borrow-or-pointer-review-required
webgpu	webgpu-wagyu-v1	renderer/src/webgpu/wagyu-port/include/webgpu/webgpu_cpp.h	wgpu::SurfaceCapabilities	2	usages	const TextureUsage	2148	webgpu:wagyu:webgpu_cpp	value-lifetime-review-required
webgpu	webgpu-wagyu-v1	renderer/src/webgpu/wagyu-port/include/webgpu/webgpu_cpp.h	wgpu::SurfaceCapabilities	3	formatCount	const size_t	2149	webgpu:wagyu:webgpu_cpp	value-lifetime-review-required
webgpu	webgpu-wagyu-v1	renderer/src/webgpu/wagyu-port/include/webgpu/webgpu_cpp.h	wgpu::SurfaceCapabilities	4	formats	const TextureFormat *const	2150	webgpu:wagyu:webgpu_cpp	borrow-or-pointer-review-required
webgpu	webgpu-wagyu-v1	renderer/src/webgpu/wagyu-port/include/webgpu/webgpu_cpp.h	wgpu::SurfaceCapabilities	5	presentModeCount	const size_t	2151	webgpu:wagyu:webgpu_cpp	value-lifetime-review-required
webgpu	webgpu-wagyu-v1	renderer/src/webgpu/wagyu-port/include/webgpu/webgpu_cpp.h	wgpu::SurfaceCapabilities	6	presentModes	const PresentMode *const	2152	webgpu:wagyu:webgpu_cpp	borrow-or-pointer-review-required
webgpu	webgpu-wagyu-v1	renderer/src/webgpu/wagyu-port/include/webgpu/webgpu_cpp.h	wgpu::SurfaceCapabilities	7	alphaModeCount	const size_t	2153	webgpu:wagyu:webgpu_cpp	value-lifetime-review-required
webgpu	webgpu-wagyu-v1	renderer/src/webgpu/wagyu-port/include/webgpu/webgpu_cpp.h	wgpu::SurfaceCapabilities	8	alphaModes	const CompositeAlphaMode *const	2154	webgpu:wagyu:webgpu_cpp	borrow-or-pointer-review-required
webgpu	webgpu-wagyu-v1	renderer/src/webgpu/wagyu-port/include/webgpu/webgpu_cpp.h	wgpu::SurfaceColorManagement	1	colorSpace	PredefinedColorSpace	2170	webgpu:wagyu:webgpu_cpp	value-lifetime-review-required
webgpu	webgpu-wagyu-v1	renderer/src/webgpu/wagyu-port/include/webgpu/webgpu_cpp.h	wgpu::SurfaceColorManagement	2	toneMappingMode	ToneMappingMode	2171	webgpu:wagyu:webgpu_cpp	value-lifetime-review-required
webgpu	webgpu-wagyu-v1	renderer/src/webgpu/wagyu-port/include/webgpu/webgpu_cpp.h	wgpu::SurfaceConfiguration	1	nextInChain	const ChainedStruct *	2177	webgpu:wagyu:webgpu_cpp	borrow-or-pointer-review-required
webgpu	webgpu-wagyu-v1	renderer/src/webgpu/wagyu-port/include/webgpu/webgpu_cpp.h	wgpu::SurfaceConfiguration	2	device	Device	2178	webgpu:wagyu:webgpu_cpp	value-lifetime-review-required
webgpu	webgpu-wagyu-v1	renderer/src/webgpu/wagyu-port/include/webgpu/webgpu_cpp.h	wgpu::SurfaceConfiguration	3	format	TextureFormat	2179	webgpu:wagyu:webgpu_cpp	value-lifetime-review-required
webgpu	webgpu-wagyu-v1	renderer/src/webgpu/wagyu-port/include/webgpu/webgpu_cpp.h	wgpu::SurfaceConfiguration	4	usage	TextureUsage	2180	webgpu:wagyu:webgpu_cpp	value-lifetime-review-required
webgpu	webgpu-wagyu-v1	renderer/src/webgpu/wagyu-port/include/webgpu/webgpu_cpp.h	wgpu::SurfaceConfiguration	5	width	uint32_t	2181	webgpu:wagyu:webgpu_cpp	value-lifetime-review-required
webgpu	webgpu-wagyu-v1	renderer/src/webgpu/wagyu-port/include/webgpu/webgpu_cpp.h	wgpu::SurfaceConfiguration	6	height	uint32_t	2182	webgpu:wagyu:webgpu_cpp	value-lifetime-review-required
webgpu	webgpu-wagyu-v1	renderer/src/webgpu/wagyu-port/include/webgpu/webgpu_cpp.h	wgpu::SurfaceConfiguration	7	viewFormatCount	size_t	2183	webgpu:wagyu:webgpu_cpp	value-lifetime-review-required
webgpu	webgpu-wagyu-v1	renderer/src/webgpu/wagyu-port/include/webgpu/webgpu_cpp.h	wgpu::SurfaceConfiguration	8	viewFormats	const TextureFormat *	2184	webgpu:wagyu:webgpu_cpp	borrow-or-pointer-review-required
webgpu	webgpu-wagyu-v1	renderer/src/webgpu/wagyu-port/include/webgpu/webgpu_cpp.h	wgpu::SurfaceConfiguration	9	alphaMode	CompositeAlphaMode	2185	webgpu:wagyu:webgpu_cpp	value-lifetime-review-required
webgpu	webgpu-wagyu-v1	renderer/src/webgpu/wagyu-port/include/webgpu/webgpu_cpp.h	wgpu::SurfaceConfiguration	10	presentMode	PresentMode	2186	webgpu:wagyu:webgpu_cpp	value-lifetime-review-required
webgpu	webgpu-wagyu-v1	renderer/src/webgpu/wagyu-port/include/webgpu/webgpu_cpp.h	wgpu::SurfaceDescriptor	1	nextInChain	const ChainedStruct *	2407	webgpu:wagyu:webgpu_cpp	borrow-or-pointer-review-required
webgpu	webgpu-wagyu-v1	renderer/src/webgpu/wagyu-port/include/webgpu/webgpu_cpp.h	wgpu::SurfaceDescriptor	2	label	StringView	2408	webgpu:wagyu:webgpu_cpp	value-lifetime-review-required
webgpu	webgpu-wagyu-v1	renderer/src/webgpu/wagyu-port/include/webgpu/webgpu_cpp.h	wgpu::SurfaceTexture	1	nextInChain	ChainedStructOut *	2192	webgpu:wagyu:webgpu_cpp	borrow-or-pointer-review-required
webgpu	webgpu-wagyu-v1	renderer/src/webgpu/wagyu-port/include/webgpu/webgpu_cpp.h	wgpu::SurfaceTexture	2	texture	Texture	2193	webgpu:wagyu:webgpu_cpp	value-lifetime-review-required
webgpu	webgpu-wagyu-v1	renderer/src/webgpu/wagyu-port/include/webgpu/webgpu_cpp.h	wgpu::SurfaceTexture	3	status	SurfaceGetCurrentTextureStatus	2194	webgpu:wagyu:webgpu_cpp	value-lifetime-review-required
webgpu	webgpu-wagyu-v1	renderer/src/webgpu/wagyu-port/include/webgpu/webgpu_cpp.h	wgpu::TexelCopyBufferInfo	1	layout	TexelCopyBufferLayout	2414	webgpu:wagyu:webgpu_cpp	value-lifetime-review-required
webgpu	webgpu-wagyu-v1	renderer/src/webgpu/wagyu-port/include/webgpu/webgpu_cpp.h	wgpu::TexelCopyBufferInfo	2	buffer	Buffer	2415	webgpu:wagyu:webgpu_cpp	value-lifetime-review-required
webgpu	webgpu-wagyu-v1	renderer/src/webgpu/wagyu-port/include/webgpu/webgpu_cpp.h	wgpu::TexelCopyBufferLayout	1	offset	uint64_t	2200	webgpu:wagyu:webgpu_cpp	value-lifetime-review-required
webgpu	webgpu-wagyu-v1	renderer/src/webgpu/wagyu-port/include/webgpu/webgpu_cpp.h	wgpu::TexelCopyBufferLayout	2	bytesPerRow	uint32_t	2201	webgpu:wagyu:webgpu_cpp	value-lifetime-review-required
webgpu	webgpu-wagyu-v1	renderer/src/webgpu/wagyu-port/include/webgpu/webgpu_cpp.h	wgpu::TexelCopyBufferLayout	3	rowsPerImage	uint32_t	2202	webgpu:wagyu:webgpu_cpp	value-lifetime-review-required
webgpu	webgpu-wagyu-v1	renderer/src/webgpu/wagyu-port/include/webgpu/webgpu_cpp.h	wgpu::TexelCopyTextureInfo	1	texture	Texture	2421	webgpu:wagyu:webgpu_cpp	value-lifetime-review-required
webgpu	webgpu-wagyu-v1	renderer/src/webgpu/wagyu-port/include/webgpu/webgpu_cpp.h	wgpu::TexelCopyTextureInfo	2	mipLevel	uint32_t	2422	webgpu:wagyu:webgpu_cpp	value-lifetime-review-required
webgpu	webgpu-wagyu-v1	renderer/src/webgpu/wagyu-port/include/webgpu/webgpu_cpp.h	wgpu::TexelCopyTextureInfo	3	origin	Origin3D	2423	webgpu:wagyu:webgpu_cpp	value-lifetime-review-required
webgpu	webgpu-wagyu-v1	renderer/src/webgpu/wagyu-port/include/webgpu/webgpu_cpp.h	wgpu::TexelCopyTextureInfo	4	aspect	TextureAspect	2424	webgpu:wagyu:webgpu_cpp	value-lifetime-review-required
webgpu	webgpu-wagyu-v1	renderer/src/webgpu/wagyu-port/include/webgpu/webgpu_cpp.h	wgpu::TextureBindingLayout	1	nextInChain	const ChainedStruct *	2208	webgpu:wagyu:webgpu_cpp	borrow-or-pointer-review-required
webgpu	webgpu-wagyu-v1	renderer/src/webgpu/wagyu-port/include/webgpu/webgpu_cpp.h	wgpu::TextureBindingLayout	2	sampleType	TextureSampleType	2209	webgpu:wagyu:webgpu_cpp	value-lifetime-review-required
webgpu	webgpu-wagyu-v1	renderer/src/webgpu/wagyu-port/include/webgpu/webgpu_cpp.h	wgpu::TextureBindingLayout	3	viewDimension	TextureViewDimension	2210	webgpu:wagyu:webgpu_cpp	value-lifetime-review-required
webgpu	webgpu-wagyu-v1	renderer/src/webgpu/wagyu-port/include/webgpu/webgpu_cpp.h	wgpu::TextureBindingLayout	4	multisampled	Bool	2211	webgpu:wagyu:webgpu_cpp	value-lifetime-review-required
webgpu	webgpu-wagyu-v1	renderer/src/webgpu/wagyu-port/include/webgpu/webgpu_cpp.h	wgpu::TextureBindingViewDimensionDescriptor	1	textureBindingViewDimension	TextureViewDimension	2223	webgpu:wagyu:webgpu_cpp	value-lifetime-review-required
webgpu	webgpu-wagyu-v1	renderer/src/webgpu/wagyu-port/include/webgpu/webgpu_cpp.h	wgpu::TextureComponentSwizzle	1	r	ComponentSwizzle	2229	webgpu:wagyu:webgpu_cpp	value-lifetime-review-required
webgpu	webgpu-wagyu-v1	renderer/src/webgpu/wagyu-port/include/webgpu/webgpu_cpp.h	wgpu::TextureComponentSwizzle	2	g	ComponentSwizzle	2230	webgpu:wagyu:webgpu_cpp	value-lifetime-review-required
webgpu	webgpu-wagyu-v1	renderer/src/webgpu/wagyu-port/include/webgpu/webgpu_cpp.h	wgpu::TextureComponentSwizzle	3	b	ComponentSwizzle	2231	webgpu:wagyu:webgpu_cpp	value-lifetime-review-required
webgpu	webgpu-wagyu-v1	renderer/src/webgpu/wagyu-port/include/webgpu/webgpu_cpp.h	wgpu::TextureComponentSwizzle	4	a	ComponentSwizzle	2232	webgpu:wagyu:webgpu_cpp	value-lifetime-review-required
webgpu	webgpu-wagyu-v1	renderer/src/webgpu/wagyu-port/include/webgpu/webgpu_cpp.h	wgpu::TextureComponentSwizzleDescriptor	1	swizzle	TextureComponentSwizzle	2436	webgpu:wagyu:webgpu_cpp	value-lifetime-review-required
webgpu	webgpu-wagyu-v1	renderer/src/webgpu/wagyu-port/include/webgpu/webgpu_cpp.h	wgpu::TextureDescriptor	1	nextInChain	const ChainedStruct *	2442	webgpu:wagyu:webgpu_cpp	borrow-or-pointer-review-required
webgpu	webgpu-wagyu-v1	renderer/src/webgpu/wagyu-port/include/webgpu/webgpu_cpp.h	wgpu::TextureDescriptor	2	label	StringView	2443	webgpu:wagyu:webgpu_cpp	value-lifetime-review-required
webgpu	webgpu-wagyu-v1	renderer/src/webgpu/wagyu-port/include/webgpu/webgpu_cpp.h	wgpu::TextureDescriptor	3	usage	TextureUsage	2444	webgpu:wagyu:webgpu_cpp	value-lifetime-review-required
webgpu	webgpu-wagyu-v1	renderer/src/webgpu/wagyu-port/include/webgpu/webgpu_cpp.h	wgpu::TextureDescriptor	4	dimension	TextureDimension	2445	webgpu:wagyu:webgpu_cpp	value-lifetime-review-required
webgpu	webgpu-wagyu-v1	renderer/src/webgpu/wagyu-port/include/webgpu/webgpu_cpp.h	wgpu::TextureDescriptor	5	size	Extent3D	2446	webgpu:wagyu:webgpu_cpp	value-lifetime-review-required
webgpu	webgpu-wagyu-v1	renderer/src/webgpu/wagyu-port/include/webgpu/webgpu_cpp.h	wgpu::TextureDescriptor	6	format	TextureFormat	2447	webgpu:wagyu:webgpu_cpp	value-lifetime-review-required
webgpu	webgpu-wagyu-v1	renderer/src/webgpu/wagyu-port/include/webgpu/webgpu_cpp.h	wgpu::TextureDescriptor	7	mipLevelCount	uint32_t	2448	webgpu:wagyu:webgpu_cpp	value-lifetime-review-required
webgpu	webgpu-wagyu-v1	renderer/src/webgpu/wagyu-port/include/webgpu/webgpu_cpp.h	wgpu::TextureDescriptor	8	sampleCount	uint32_t	2449	webgpu:wagyu:webgpu_cpp	value-lifetime-review-required
webgpu	webgpu-wagyu-v1	renderer/src/webgpu/wagyu-port/include/webgpu/webgpu_cpp.h	wgpu::TextureDescriptor	9	viewFormatCount	size_t	2450	webgpu:wagyu:webgpu_cpp	value-lifetime-review-required
webgpu	webgpu-wagyu-v1	renderer/src/webgpu/wagyu-port/include/webgpu/webgpu_cpp.h	wgpu::TextureDescriptor	10	viewFormats	const TextureFormat *	2451	webgpu:wagyu:webgpu_cpp	borrow-or-pointer-review-required
webgpu	webgpu-wagyu-v1	renderer/src/webgpu/wagyu-port/include/webgpu/webgpu_cpp.h	wgpu::TextureViewDescriptor	1	nextInChain	const ChainedStruct *	2514	webgpu:wagyu:webgpu_cpp	borrow-or-pointer-review-required
webgpu	webgpu-wagyu-v1	renderer/src/webgpu/wagyu-port/include/webgpu/webgpu_cpp.h	wgpu::TextureViewDescriptor	2	label	StringView	2515	webgpu:wagyu:webgpu_cpp	value-lifetime-review-required
webgpu	webgpu-wagyu-v1	renderer/src/webgpu/wagyu-port/include/webgpu/webgpu_cpp.h	wgpu::TextureViewDescriptor	3	format	TextureFormat	2516	webgpu:wagyu:webgpu_cpp	value-lifetime-review-required
webgpu	webgpu-wagyu-v1	renderer/src/webgpu/wagyu-port/include/webgpu/webgpu_cpp.h	wgpu::TextureViewDescriptor	4	dimension	TextureViewDimension	2517	webgpu:wagyu:webgpu_cpp	value-lifetime-review-required
webgpu	webgpu-wagyu-v1	renderer/src/webgpu/wagyu-port/include/webgpu/webgpu_cpp.h	wgpu::TextureViewDescriptor	5	baseMipLevel	uint32_t	2518	webgpu:wagyu:webgpu_cpp	value-lifetime-review-required
webgpu	webgpu-wagyu-v1	renderer/src/webgpu/wagyu-port/include/webgpu/webgpu_cpp.h	wgpu::TextureViewDescriptor	6	mipLevelCount	uint32_t	2519	webgpu:wagyu:webgpu_cpp	value-lifetime-review-required
webgpu	webgpu-wagyu-v1	renderer/src/webgpu/wagyu-port/include/webgpu/webgpu_cpp.h	wgpu::TextureViewDescriptor	7	baseArrayLayer	uint32_t	2520	webgpu:wagyu:webgpu_cpp	value-lifetime-review-required
webgpu	webgpu-wagyu-v1	renderer/src/webgpu/wagyu-port/include/webgpu/webgpu_cpp.h	wgpu::TextureViewDescriptor	8	arrayLayerCount	uint32_t	2521	webgpu:wagyu:webgpu_cpp	value-lifetime-review-required
webgpu	webgpu-wagyu-v1	renderer/src/webgpu/wagyu-port/include/webgpu/webgpu_cpp.h	wgpu::TextureViewDescriptor	9	aspect	TextureAspect	2522	webgpu:wagyu:webgpu_cpp	value-lifetime-review-required
webgpu	webgpu-wagyu-v1	renderer/src/webgpu/wagyu-port/include/webgpu/webgpu_cpp.h	wgpu::TextureViewDescriptor	10	usage	TextureUsage	2523	webgpu:wagyu:webgpu_cpp	value-lifetime-review-required
webgpu	webgpu-wagyu-v1	renderer/src/webgpu/wagyu-port/include/webgpu/webgpu_cpp.h	wgpu::VertexAttribute	1	nextInChain	const ChainedStruct *	2238	webgpu:wagyu:webgpu_cpp	borrow-or-pointer-review-required
webgpu	webgpu-wagyu-v1	renderer/src/webgpu/wagyu-port/include/webgpu/webgpu_cpp.h	wgpu::VertexAttribute	2	format	VertexFormat	2239	webgpu:wagyu:webgpu_cpp	value-lifetime-review-required
webgpu	webgpu-wagyu-v1	renderer/src/webgpu/wagyu-port/include/webgpu/webgpu_cpp.h	wgpu::VertexAttribute	3	offset	uint64_t	2240	webgpu:wagyu:webgpu_cpp	value-lifetime-review-required
webgpu	webgpu-wagyu-v1	renderer/src/webgpu/wagyu-port/include/webgpu/webgpu_cpp.h	wgpu::VertexAttribute	4	shaderLocation	uint32_t	2241	webgpu:wagyu:webgpu_cpp	value-lifetime-review-required
webgpu	webgpu-wagyu-v1	renderer/src/webgpu/wagyu-port/include/webgpu/webgpu_cpp.h	wgpu::VertexBufferLayout	1	nextInChain	const ChainedStruct *	2457	webgpu:wagyu:webgpu_cpp	borrow-or-pointer-review-required
webgpu	webgpu-wagyu-v1	renderer/src/webgpu/wagyu-port/include/webgpu/webgpu_cpp.h	wgpu::VertexBufferLayout	2	stepMode	VertexStepMode	2458	webgpu:wagyu:webgpu_cpp	value-lifetime-review-required
webgpu	webgpu-wagyu-v1	renderer/src/webgpu/wagyu-port/include/webgpu/webgpu_cpp.h	wgpu::VertexBufferLayout	3	arrayStride	uint64_t	2459	webgpu:wagyu:webgpu_cpp	value-lifetime-review-required
webgpu	webgpu-wagyu-v1	renderer/src/webgpu/wagyu-port/include/webgpu/webgpu_cpp.h	wgpu::VertexBufferLayout	4	attributeCount	size_t	2460	webgpu:wagyu:webgpu_cpp	value-lifetime-review-required
webgpu	webgpu-wagyu-v1	renderer/src/webgpu/wagyu-port/include/webgpu/webgpu_cpp.h	wgpu::VertexBufferLayout	5	attributes	const VertexAttribute *	2461	webgpu:wagyu:webgpu_cpp	borrow-or-pointer-review-required
webgpu	webgpu-wagyu-v1	renderer/src/webgpu/wagyu-port/include/webgpu/webgpu_cpp.h	wgpu::VertexState	1	nextInChain	const ChainedStruct *	2529	webgpu:wagyu:webgpu_cpp	borrow-or-pointer-review-required
webgpu	webgpu-wagyu-v1	renderer/src/webgpu/wagyu-port/include/webgpu/webgpu_cpp.h	wgpu::VertexState	2	module	ShaderModule	2530	webgpu:wagyu:webgpu_cpp	value-lifetime-review-required
webgpu	webgpu-wagyu-v1	renderer/src/webgpu/wagyu-port/include/webgpu/webgpu_cpp.h	wgpu::VertexState	3	entryPoint	StringView	2531	webgpu:wagyu:webgpu_cpp	value-lifetime-review-required
webgpu	webgpu-wagyu-v1	renderer/src/webgpu/wagyu-port/include/webgpu/webgpu_cpp.h	wgpu::VertexState	4	constantCount	size_t	2532	webgpu:wagyu:webgpu_cpp	value-lifetime-review-required
webgpu	webgpu-wagyu-v1	renderer/src/webgpu/wagyu-port/include/webgpu/webgpu_cpp.h	wgpu::VertexState	5	constants	const ConstantEntry *	2533	webgpu:wagyu:webgpu_cpp	borrow-or-pointer-review-required
webgpu	webgpu-wagyu-v1	renderer/src/webgpu/wagyu-port/include/webgpu/webgpu_cpp.h	wgpu::VertexState	6	bufferCount	size_t	2534	webgpu:wagyu:webgpu_cpp	value-lifetime-review-required
webgpu	webgpu-wagyu-v1	renderer/src/webgpu/wagyu-port/include/webgpu/webgpu_cpp.h	wgpu::VertexState	7	buffers	const VertexBufferLayout *	2535	webgpu:wagyu:webgpu_cpp	borrow-or-pointer-review-required
webgpu	webgpu-wagyu-v1	renderer/src/webgpu/wagyu-port/include/webgpu/webgpu_cpp.h	wgpu::detail::DeviceDescriptor	1	nextInChain	const ChainedStruct *	2566	webgpu:wagyu:webgpu_cpp	borrow-or-pointer-review-required
webgpu	webgpu-wagyu-v1	renderer/src/webgpu/wagyu-port/include/webgpu/webgpu_cpp.h	wgpu::detail::DeviceDescriptor	2	label	StringView	2567	webgpu:wagyu:webgpu_cpp	value-lifetime-review-required
webgpu	webgpu-wagyu-v1	renderer/src/webgpu/wagyu-port/include/webgpu/webgpu_cpp.h	wgpu::detail::DeviceDescriptor	3	requiredFeatureCount	size_t	2568	webgpu:wagyu:webgpu_cpp	value-lifetime-review-required
webgpu	webgpu-wagyu-v1	renderer/src/webgpu/wagyu-port/include/webgpu/webgpu_cpp.h	wgpu::detail::DeviceDescriptor	4	requiredFeatures	const FeatureName *	2569	webgpu:wagyu:webgpu_cpp	borrow-or-pointer-review-required
webgpu	webgpu-wagyu-v1	renderer/src/webgpu/wagyu-port/include/webgpu/webgpu_cpp.h	wgpu::detail::DeviceDescriptor	5	requiredLimits	const Limits *	2570	webgpu:wagyu:webgpu_cpp	borrow-or-pointer-review-required
webgpu	webgpu-wagyu-v1	renderer/src/webgpu/wagyu-port/include/webgpu/webgpu_cpp.h	wgpu::detail::DeviceDescriptor	6	defaultQueue	QueueDescriptor	2571	webgpu:wagyu:webgpu_cpp	value-lifetime-review-required
webgpu	webgpu-wagyu-v1	renderer/src/webgpu/wagyu-port/include/webgpu/webgpu_cpp.h	wgpu::detail::DeviceDescriptor	7	deviceLostCallbackInfo	WGPUDeviceLostCallbackInfo	2572	webgpu:wagyu:webgpu_cpp	callback-or-async-review-required
webgpu	webgpu-wagyu-v1	renderer/src/webgpu/wagyu-port/include/webgpu/webgpu_cpp.h	wgpu::detail::DeviceDescriptor	8	uncapturedErrorCallbackInfo	WGPUUncapturedErrorCallbackInfo	2573	webgpu:wagyu:webgpu_cpp	callback-or-async-review-required
webgpu	webgpu-wagyu-v1	renderer/src/webgpu/wagyu-port/include/webgpu/webgpu_cpp.h	wgpu::detail::StringViewAdapter	1	sv	WGPUStringView	1151	webgpu:wagyu:webgpu_cpp	native-handle-review-required
webgpu	webgpu-wagyu-v1	renderer/src/webgpu/wagyu-port/include/webgpu/webgpu_cpp.h	wgpu::detail::StringViewAdapter	2	nullTerminated	char *	1152	webgpu:wagyu:webgpu_cpp	borrow-or-pointer-review-required
webgpu	webgpu-wagyu-v1	renderer/src/webgpu/wagyu-port/include/webgpu/webgpu_cpp_chained_struct.h	wgpu::ChainedStruct	1	nextInChain	const ChainedStruct *	43	webgpu:wagyu:webgpu_cpp_chained_struct	borrow-or-pointer-review-required
webgpu	webgpu-wagyu-v1	renderer/src/webgpu/wagyu-port/include/webgpu/webgpu_cpp_chained_struct.h	wgpu::ChainedStruct	2	sType	SType	44	webgpu:wagyu:webgpu_cpp_chained_struct	value-lifetime-review-required
webgpu	webgpu-wagyu-v1	renderer/src/webgpu/wagyu-port/include/webgpu/webgpu_cpp_chained_struct.h	wgpu::ChainedStructOut	1	nextInChain	ChainedStructOut *	48	webgpu:wagyu:webgpu_cpp_chained_struct	borrow-or-pointer-review-required
webgpu	webgpu-wagyu-v1	renderer/src/webgpu/wagyu-port/include/webgpu/webgpu_cpp_chained_struct.h	wgpu::ChainedStructOut	2	sType	SType	49	webgpu:wagyu:webgpu_cpp_chained_struct	value-lifetime-review-required
webgpu	webgpu-wagyu-v1	renderer/src/webgpu/wagyu-port/include/webgpu/webgpu_enum_class_bitmasks.h	wgpu::BoolConvertible::BoolConvertible	1	value	Integral	73	webgpu:wagyu:webgpu_enum_class_bitmasks	value-lifetime-review-required
