version	upstream_sha	upstream_file	block_id	block_start	block_end	block_depth	branch_ordinal	branch_line	directive	active_branch_path	translation_unit	translation_target	mapping_status	translation_status	translation_disposition	translation_behavior	validation_disposition	evidence
1	4ac7b32798da0482e441ef09304dc3b480ed3ee5	include/rive/renderer.hpp	pp-0001	130	136	1	1	130	#if defined(__EMSCRIPTEN__)	(!defined(_RIVE_RENDERER_HPP_)) && (defined(__EMSCRIPTEN__))	generic-renderer-contract	crates/nuxie-renderer/src/mechanical_port/source/include/rive/renderer_hpp.rs	prepared	verified	required	mechanically-translate-every-branch-in-source-order	compile-and-execute	cpp:include/rive/renderer.hpp:130
1	4ac7b32798da0482e441ef09304dc3b480ed3ee5	include/rive/renderer.hpp	pp-0002	155	167	1	1	155	#if defined(__EMSCRIPTEN__)	(!defined(_RIVE_RENDERER_HPP_)) && (defined(__EMSCRIPTEN__))	generic-renderer-contract	crates/nuxie-renderer/src/mechanical_port/source/include/rive/renderer_hpp.rs	prepared	verified	required	mechanically-translate-every-branch-in-source-order	compile-and-execute	cpp:include/rive/renderer.hpp:155
1	4ac7b32798da0482e441ef09304dc3b480ed3ee5	include/rive/rive_types.hpp	pp-0003	15	17	1	1	15	#if defined(DEBUG) && defined(NDEBUG)	(!defined(_RIVE_TYPES_HPP_)) && (defined(DEBUG) && defined(NDEBUG))	generic-rive-types	crates/nuxie-renderer/src/mechanical_port/source/include/rive/rive_types_hpp.rs	prepared	verified	required	mechanically-translate-every-branch-in-source-order	compile-and-execute	cpp:include/rive/rive_types.hpp:15
1	4ac7b32798da0482e441ef09304dc3b480ed3ee5	include/rive/rive_types.hpp	pp-0004	19	27	1	1	19	#if !defined(DEBUG) && !defined(NDEBUG)	(!defined(_RIVE_TYPES_HPP_)) && (!defined(DEBUG) && !defined(NDEBUG))	generic-rive-types	crates/nuxie-renderer/src/mechanical_port/source/include/rive/rive_types_hpp.rs	prepared	verified	required	mechanically-translate-every-branch-in-source-order	compile-and-execute	cpp:include/rive/rive_types.hpp:19
1	4ac7b32798da0482e441ef09304dc3b480ed3ee5	include/rive/rive_types.hpp	pp-0005	29	37	1	1	29	#ifdef NDEBUG	(!defined(_RIVE_TYPES_HPP_)) && (defined(NDEBUG))	generic-rive-types	crates/nuxie-renderer/src/mechanical_port/source/include/rive/rive_types_hpp.rs	prepared	verified	required	mechanically-translate-every-branch-in-source-order	compile-and-execute	cpp:include/rive/rive_types.hpp:29
1	4ac7b32798da0482e441ef09304dc3b480ed3ee5	include/rive/rive_types.hpp	pp-0005	29	37	1	2	33	#else // debug mode	(!defined(_RIVE_TYPES_HPP_)) && (!((defined(NDEBUG))))	generic-rive-types	crates/nuxie-renderer/src/mechanical_port/source/include/rive/rive_types_hpp.rs	prepared	verified	required	mechanically-translate-every-branch-in-source-order	compile-and-execute	cpp:include/rive/rive_types.hpp:33
1	4ac7b32798da0482e441ef09304dc3b480ed3ee5	include/rive/rive_types.hpp	pp-0006	30	32	2	1	30	#ifndef RELEASE	(!defined(_RIVE_TYPES_HPP_)) && (defined(NDEBUG)) && (!defined(RELEASE))	generic-rive-types	crates/nuxie-renderer/src/mechanical_port/source/include/rive/rive_types_hpp.rs	prepared	verified	required	mechanically-translate-every-branch-in-source-order	compile-and-execute	cpp:include/rive/rive_types.hpp:30
1	4ac7b32798da0482e441ef09304dc3b480ed3ee5	include/rive/rive_types.hpp	pp-0007	34	36	2	1	34	#ifndef DEBUG	(!defined(_RIVE_TYPES_HPP_)) && (!((defined(NDEBUG)))) && (!defined(DEBUG))	generic-rive-types	crates/nuxie-renderer/src/mechanical_port/source/include/rive/rive_types_hpp.rs	prepared	verified	required	mechanically-translate-every-branch-in-source-order	compile-and-execute	cpp:include/rive/rive_types.hpp:34
1	4ac7b32798da0482e441ef09304dc3b480ed3ee5	include/rive/rive_types.hpp	pp-0008	41	54	1	1	41	#ifdef __APPLE__	(!defined(_RIVE_TYPES_HPP_)) && (defined(__APPLE__))	generic-rive-types	crates/nuxie-renderer/src/mechanical_port/source/include/rive/rive_types_hpp.rs	prepared	verified	required	mechanically-translate-every-branch-in-source-order	compile-and-execute	cpp:include/rive/rive_types.hpp:41
1	4ac7b32798da0482e441ef09304dc3b480ed3ee5	include/rive/rive_types.hpp	pp-0009	46	50	2	1	46	#if TARGET_OS_IPHONE	(!defined(_RIVE_TYPES_HPP_)) && (defined(__APPLE__)) && (TARGET_OS_IPHONE)	generic-rive-types	crates/nuxie-renderer/src/mechanical_port/source/include/rive/rive_types_hpp.rs	prepared	verified	required	mechanically-translate-every-branch-in-source-order	compile-and-execute	cpp:include/rive/rive_types.hpp:46
1	4ac7b32798da0482e441ef09304dc3b480ed3ee5	include/rive/rive_types.hpp	pp-0009	46	50	2	2	48	#elif TARGET_OS_MAC	(!defined(_RIVE_TYPES_HPP_)) && (defined(__APPLE__)) && (!((TARGET_OS_IPHONE)) && (TARGET_OS_MAC))	generic-rive-types	crates/nuxie-renderer/src/mechanical_port/source/include/rive/rive_types_hpp.rs	prepared	verified	required	mechanically-translate-every-branch-in-source-order	compile-and-execute	cpp:include/rive/rive_types.hpp:48
1	4ac7b32798da0482e441ef09304dc3b480ed3ee5	include/rive/rive_types.hpp	pp-0010	66	80	1	1	66	#if defined(__GNUC__) || defined(__clang__)	(!defined(_RIVE_TYPES_HPP_)) && (defined(__GNUC__) || defined(__clang__))	generic-rive-types	crates/nuxie-renderer/src/mechanical_port/source/include/rive/rive_types_hpp.rs	prepared	verified	required	mechanically-translate-every-branch-in-source-order	compile-and-execute	cpp:include/rive/rive_types.hpp:66
1	4ac7b32798da0482e441ef09304dc3b480ed3ee5	include/rive/rive_types.hpp	pp-0010	66	80	1	2	70	#elif _MSC_VER	(!defined(_RIVE_TYPES_HPP_)) && (!((defined(__GNUC__) || defined(__clang__))) && (_MSC_VER))	generic-rive-types	crates/nuxie-renderer/src/mechanical_port/source/include/rive/rive_types_hpp.rs	prepared	verified	required	mechanically-translate-every-branch-in-source-order	compile-and-execute	cpp:include/rive/rive_types.hpp:70
1	4ac7b32798da0482e441ef09304dc3b480ed3ee5	include/rive/rive_types.hpp	pp-0010	66	80	1	3	74	#else	(!defined(_RIVE_TYPES_HPP_)) && (!((defined(__GNUC__) || defined(__clang__)) || (_MSC_VER)))	generic-rive-types	crates/nuxie-renderer/src/mechanical_port/source/include/rive/rive_types_hpp.rs	prepared	verified	required	mechanically-translate-every-branch-in-source-order	compile-and-execute	cpp:include/rive/rive_types.hpp:74
1	4ac7b32798da0482e441ef09304dc3b480ed3ee5	include/rive/rive_types.hpp	pp-0011	82	86	1	1	82	#if __cplusplus >= 201703L	(!defined(_RIVE_TYPES_HPP_)) && (__cplusplus >= 201703L)	generic-rive-types	crates/nuxie-renderer/src/mechanical_port/source/include/rive/rive_types_hpp.rs	prepared	verified	required	mechanically-translate-every-branch-in-source-order	compile-and-execute	cpp:include/rive/rive_types.hpp:82
1	4ac7b32798da0482e441ef09304dc3b480ed3ee5	include/rive/rive_types.hpp	pp-0011	82	86	1	2	84	#else	(!defined(_RIVE_TYPES_HPP_)) && (!((__cplusplus >= 201703L)))	generic-rive-types	crates/nuxie-renderer/src/mechanical_port/source/include/rive/rive_types_hpp.rs	prepared	verified	required	mechanically-translate-every-branch-in-source-order	compile-and-execute	cpp:include/rive/rive_types.hpp:84
1	4ac7b32798da0482e441ef09304dc3b480ed3ee5	include/rive/rive_types.hpp	pp-0012	88	94	1	1	88	#if __cplusplus >= 201703L	(!defined(_RIVE_TYPES_HPP_)) && (__cplusplus >= 201703L)	generic-rive-types	crates/nuxie-renderer/src/mechanical_port/source/include/rive/rive_types_hpp.rs	prepared	verified	required	mechanically-translate-every-branch-in-source-order	compile-and-execute	cpp:include/rive/rive_types.hpp:88
1	4ac7b32798da0482e441ef09304dc3b480ed3ee5	include/rive/rive_types.hpp	pp-0012	88	94	1	2	90	#elif defined(__clang__)	(!defined(_RIVE_TYPES_HPP_)) && (!((__cplusplus >= 201703L)) && (defined(__clang__)))	generic-rive-types	crates/nuxie-renderer/src/mechanical_port/source/include/rive/rive_types_hpp.rs	prepared	verified	required	mechanically-translate-every-branch-in-source-order	compile-and-execute	cpp:include/rive/rive_types.hpp:90
1	4ac7b32798da0482e441ef09304dc3b480ed3ee5	include/rive/rive_types.hpp	pp-0012	88	94	1	3	92	#else	(!defined(_RIVE_TYPES_HPP_)) && (!((__cplusplus >= 201703L) || (defined(__clang__))))	generic-rive-types	crates/nuxie-renderer/src/mechanical_port/source/include/rive/rive_types_hpp.rs	prepared	verified	required	mechanically-translate-every-branch-in-source-order	compile-and-execute	cpp:include/rive/rive_types.hpp:92
1	4ac7b32798da0482e441ef09304dc3b480ed3ee5	include/rive/rive_types.hpp	pp-0013	96	100	1	1	96	#if defined(__GNUC__) || defined(__clang__)	(!defined(_RIVE_TYPES_HPP_)) && (defined(__GNUC__) || defined(__clang__))	generic-rive-types	crates/nuxie-renderer/src/mechanical_port/source/include/rive/rive_types_hpp.rs	prepared	verified	required	mechanically-translate-every-branch-in-source-order	compile-and-execute	cpp:include/rive/rive_types.hpp:96
1	4ac7b32798da0482e441ef09304dc3b480ed3ee5	include/rive/rive_types.hpp	pp-0013	96	100	1	2	98	#else	(!defined(_RIVE_TYPES_HPP_)) && (!((defined(__GNUC__) || defined(__clang__))))	generic-rive-types	crates/nuxie-renderer/src/mechanical_port/source/include/rive/rive_types_hpp.rs	prepared	verified	required	mechanically-translate-every-branch-in-source-order	compile-and-execute	cpp:include/rive/rive_types.hpp:98
1	4ac7b32798da0482e441ef09304dc3b480ed3ee5	include/rive/rive_types.hpp	pp-0014	105	107	1	1	105	#ifndef __has_attribute	(!defined(_RIVE_TYPES_HPP_)) && (!defined(__has_attribute))	generic-rive-types	crates/nuxie-renderer/src/mechanical_port/source/include/rive/rive_types_hpp.rs	prepared	verified	required	mechanically-translate-every-branch-in-source-order	compile-and-execute	cpp:include/rive/rive_types.hpp:105
1	4ac7b32798da0482e441ef09304dc3b480ed3ee5	include/rive/rive_types.hpp	pp-0015	108	113	1	1	108	#if defined(__clang__) && __has_attribute(no_thread_safety_analysis)	(!defined(_RIVE_TYPES_HPP_)) && (defined(__clang__) && __has_attribute(no_thread_safety_analysis))	generic-rive-types	crates/nuxie-renderer/src/mechanical_port/source/include/rive/rive_types_hpp.rs	prepared	verified	required	mechanically-translate-every-branch-in-source-order	compile-and-execute	cpp:include/rive/rive_types.hpp:108
1	4ac7b32798da0482e441ef09304dc3b480ed3ee5	include/rive/rive_types.hpp	pp-0015	108	113	1	2	111	#else	(!defined(_RIVE_TYPES_HPP_)) && (!((defined(__clang__) && __has_attribute(no_thread_safety_analysis))))	generic-rive-types	crates/nuxie-renderer/src/mechanical_port/source/include/rive/rive_types_hpp.rs	prepared	verified	required	mechanically-translate-every-branch-in-source-order	compile-and-execute	cpp:include/rive/rive_types.hpp:111
1	4ac7b32798da0482e441ef09304dc3b480ed3ee5	include/rive/rive_types.hpp	pp-0016	115	123	1	1	115	#if defined(__GNUC__) || defined(__clang__)	(!defined(_RIVE_TYPES_HPP_)) && (defined(__GNUC__) || defined(__clang__))	generic-rive-types	crates/nuxie-renderer/src/mechanical_port/source/include/rive/rive_types_hpp.rs	prepared	verified	required	mechanically-translate-every-branch-in-source-order	compile-and-execute	cpp:include/rive/rive_types.hpp:115
1	4ac7b32798da0482e441ef09304dc3b480ed3ee5	include/rive/rive_types.hpp	pp-0016	115	123	1	2	121	#else	(!defined(_RIVE_TYPES_HPP_)) && (!((defined(__GNUC__) || defined(__clang__))))	generic-rive-types	crates/nuxie-renderer/src/mechanical_port/source/include/rive/rive_types_hpp.rs	prepared	verified	required	mechanically-translate-every-branch-in-source-order	compile-and-execute	cpp:include/rive/rive_types.hpp:121
1	4ac7b32798da0482e441ef09304dc3b480ed3ee5	include/rive/rive_types.hpp	pp-0017	118	120	2	1	118	#ifndef __has_builtin	(!defined(_RIVE_TYPES_HPP_)) && (defined(__GNUC__) || defined(__clang__)) && (!defined(__has_builtin))	generic-rive-types	crates/nuxie-renderer/src/mechanical_port/source/include/rive/rive_types_hpp.rs	prepared	verified	required	mechanically-translate-every-branch-in-source-order	compile-and-execute	cpp:include/rive/rive_types.hpp:118
1	4ac7b32798da0482e441ef09304dc3b480ed3ee5	include/rive/rive_types.hpp	pp-0018	125	129	1	1	125	#if __has_builtin(__builtin_memcpy)	(!defined(_RIVE_TYPES_HPP_)) && (__has_builtin(__builtin_memcpy))	generic-rive-types	crates/nuxie-renderer/src/mechanical_port/source/include/rive/rive_types_hpp.rs	prepared	verified	required	mechanically-translate-every-branch-in-source-order	compile-and-execute	cpp:include/rive/rive_types.hpp:125
1	4ac7b32798da0482e441ef09304dc3b480ed3ee5	include/rive/rive_types.hpp	pp-0018	125	129	1	2	127	#else	(!defined(_RIVE_TYPES_HPP_)) && (!((__has_builtin(__builtin_memcpy))))	generic-rive-types	crates/nuxie-renderer/src/mechanical_port/source/include/rive/rive_types_hpp.rs	prepared	verified	required	mechanically-translate-every-branch-in-source-order	compile-and-execute	cpp:include/rive/rive_types.hpp:127
1	4ac7b32798da0482e441ef09304dc3b480ed3ee5	include/rive/rive_types.hpp	pp-0019	131	135	1	1	131	#ifdef DEBUG	(!defined(_RIVE_TYPES_HPP_)) && (defined(DEBUG))	generic-rive-types	crates/nuxie-renderer/src/mechanical_port/source/include/rive/rive_types_hpp.rs	prepared	verified	required	mechanically-translate-every-branch-in-source-order	compile-and-execute	cpp:include/rive/rive_types.hpp:131
1	4ac7b32798da0482e441ef09304dc3b480ed3ee5	include/rive/rive_types.hpp	pp-0019	131	135	1	2	133	#else	(!defined(_RIVE_TYPES_HPP_)) && (!((defined(DEBUG))))	generic-rive-types	crates/nuxie-renderer/src/mechanical_port/source/include/rive/rive_types_hpp.rs	prepared	verified	required	mechanically-translate-every-branch-in-source-order	compile-and-execute	cpp:include/rive/rive_types.hpp:133
1	4ac7b32798da0482e441ef09304dc3b480ed3ee5	renderer/include/rive/renderer/gpu.hpp	pp-0020	330	338	0	1	330	#ifndef NDEBUG	(!defined(NDEBUG))	generic-gpu-contract	crates/nuxie-renderer/src/mechanical_port/source/renderer/include/rive/renderer/gpu_hpp.rs	prepared	verified	required	mechanically-translate-every-branch-in-source-order	compile-and-execute	cpp:renderer/include/rive/renderer/gpu.hpp:330
1	4ac7b32798da0482e441ef09304dc3b480ed3ee5	renderer/include/rive/renderer/gpu.hpp	pp-0020	330	338	0	2	336	#else	(!((!defined(NDEBUG))))	generic-gpu-contract	crates/nuxie-renderer/src/mechanical_port/source/renderer/include/rive/renderer/gpu_hpp.rs	prepared	verified	required	mechanically-translate-every-branch-in-source-order	compile-and-execute	cpp:renderer/include/rive/renderer/gpu.hpp:336
1	4ac7b32798da0482e441ef09304dc3b480ed3ee5	renderer/include/rive/renderer/gpu.hpp	pp-0021	360	362	0	1	360	#ifndef NDEBUG	(!defined(NDEBUG))	generic-gpu-contract	crates/nuxie-renderer/src/mechanical_port/source/renderer/include/rive/renderer/gpu_hpp.rs	prepared	verified	required	mechanically-translate-every-branch-in-source-order	compile-and-execute	cpp:renderer/include/rive/renderer/gpu.hpp:360
1	4ac7b32798da0482e441ef09304dc3b480ed3ee5	renderer/include/rive/renderer/gpu.hpp	pp-0022	1209	1219	0	1	1209	#ifdef WITH_RIVE_TOOLS	(defined(WITH_RIVE_TOOLS))	generic-gpu-contract	crates/nuxie-renderer/src/mechanical_port/source/renderer/include/rive/renderer/gpu_hpp.rs	prepared	verified	required	mechanically-translate-every-branch-in-source-order	compile-and-execute	cpp:renderer/include/rive/renderer/gpu.hpp:1209
1	4ac7b32798da0482e441ef09304dc3b480ed3ee5	renderer/include/rive/renderer/gpu.hpp	pp-0023	1320	1327	0	1	1320	#ifdef WITH_RIVE_TOOLS	(defined(WITH_RIVE_TOOLS))	generic-gpu-contract	crates/nuxie-renderer/src/mechanical_port/source/renderer/include/rive/renderer/gpu_hpp.rs	prepared	verified	required	mechanically-translate-every-branch-in-source-order	compile-and-execute	cpp:renderer/include/rive/renderer/gpu.hpp:1320
1	4ac7b32798da0482e441ef09304dc3b480ed3ee5	renderer/include/rive/renderer/gpu.hpp	pp-0024	1649	1652	0	1	1649	#ifdef TESTING	(defined(TESTING))	generic-gpu-contract	crates/nuxie-renderer/src/mechanical_port/source/renderer/include/rive/renderer/gpu_hpp.rs	prepared	verified	required	mechanically-translate-every-branch-in-source-order	compile-and-execute	cpp:renderer/include/rive/renderer/gpu.hpp:1649
1	4ac7b32798da0482e441ef09304dc3b480ed3ee5	renderer/include/rive/renderer/gpu.hpp	pp-0025	2013	2016	0	1	2013	#ifdef RIVE_GENERATE_FEATHER_LUT	(defined(RIVE_GENERATE_FEATHER_LUT))	generic-gpu-contract	crates/nuxie-renderer/src/mechanical_port/source/renderer/include/rive/renderer/gpu_hpp.rs	prepared	verified	required	mechanically-translate-every-branch-in-source-order	compile-and-execute	cpp:renderer/include/rive/renderer/gpu.hpp:2013
1	4ac7b32798da0482e441ef09304dc3b480ed3ee5	renderer/include/rive/renderer/metal/render_context_metal_impl.h	pp-0026	13	15	0	1	13	#ifndef RIVE_OBJC_NOP	(!defined(RIVE_OBJC_NOP))	metal-render-context-api	crates/nuxie-renderer/src/mechanical_port/source/renderer/include/rive/renderer/metal/render_context_metal_impl_h.rs	prepared	verified	required	mechanically-translate-every-branch-in-source-order	compile-and-execute	cpp:renderer/include/rive/renderer/metal/render_context_metal_impl.h:13
1	4ac7b32798da0482e441ef09304dc3b480ed3ee5	renderer/include/rive/renderer/metal/render_context_metal_impl.h	pp-0027	106	109	0	1	106	#ifdef WITH_RIVE_TOOLS	(defined(WITH_RIVE_TOOLS))	metal-render-context-api	crates/nuxie-renderer/src/mechanical_port/source/renderer/include/rive/renderer/metal/render_context_metal_impl_h.rs	prepared	verified	required	mechanically-translate-every-branch-in-source-order	compile-and-execute	cpp:renderer/include/rive/renderer/metal/render_context_metal_impl.h:106
1	4ac7b32798da0482e441ef09304dc3b480ed3ee5	renderer/include/rive/renderer/metal/render_context_metal_impl.h	pp-0028	155	159	0	1	155	#ifdef RIVE_CANVAS	(defined(RIVE_CANVAS))	metal-render-context-api	crates/nuxie-renderer/src/mechanical_port/source/renderer/include/rive/renderer/metal/render_context_metal_impl_h.rs	prepared	verified	required	mechanically-translate-every-branch-in-source-order	compile-and-execute	cpp:renderer/include/rive/renderer/metal/render_context_metal_impl.h:155
1	4ac7b32798da0482e441ef09304dc3b480ed3ee5	renderer/include/rive/renderer/ore/ore_binding_map.hpp	pp-0029	241	270	0	1	241	#ifdef WITH_RIVE_TOOLS	(defined(WITH_RIVE_TOOLS))	ore-binding-map	crates/nuxie-ore-metal/src/mechanical_port/source/renderer/include/rive/renderer/ore/ore_binding_map_hpp.rs	prepared	verified	required	mechanically-translate-every-branch-in-source-order	compile-and-execute	cpp:renderer/include/rive/renderer/ore/ore_binding_map.hpp:241
1	4ac7b32798da0482e441ef09304dc3b480ed3ee5	renderer/include/rive/renderer/ore/ore_binding_map.hpp	pp-0030	277	279	0	1	277	#ifdef WITH_RIVE_TOOLS	(defined(WITH_RIVE_TOOLS))	ore-binding-map	crates/nuxie-ore-metal/src/mechanical_port/source/renderer/include/rive/renderer/ore/ore_binding_map_hpp.rs	prepared	verified	required	mechanically-translate-every-branch-in-source-order	compile-and-execute	cpp:renderer/include/rive/renderer/ore/ore_binding_map.hpp:277
1	4ac7b32798da0482e441ef09304dc3b480ed3ee5	renderer/include/rive/renderer/ore/ore_binding_map.hpp	pp-0031	296	298	0	1	296	#ifdef WITH_RIVE_TOOLS	(defined(WITH_RIVE_TOOLS))	ore-binding-map	crates/nuxie-ore-metal/src/mechanical_port/source/renderer/include/rive/renderer/ore/ore_binding_map_hpp.rs	prepared	verified	required	mechanically-translate-every-branch-in-source-order	compile-and-execute	cpp:renderer/include/rive/renderer/ore/ore_binding_map.hpp:296
1	4ac7b32798da0482e441ef09304dc3b480ed3ee5	renderer/include/rive/renderer/ore/ore_context.hpp	pp-0032	154	156	0	1	154	#if defined(__GNUC__) || defined(__clang__)	(defined(__GNUC__) || defined(__clang__))	ore-context-render-pass	crates/nuxie-ore-metal/src/mechanical_port/source/renderer/include/rive/renderer/ore/ore_context_hpp.rs	prepared	verified	required	mechanically-translate-every-branch-in-source-order	compile-and-execute	cpp:renderer/include/rive/renderer/ore/ore_context.hpp:154
1	4ac7b32798da0482e441ef09304dc3b480ed3ee5	renderer/include/rive/renderer/ore/ore_shader_module.hpp	pp-0033	47	50	0	1	47	#ifdef TRACK_RIVE_SHADER_ID	(defined(TRACK_RIVE_SHADER_ID))	ore-shader-module	crates/nuxie-ore-metal/src/mechanical_port/source/renderer/include/rive/renderer/ore/ore_shader_module_hpp.rs	prepared	verified	required	mechanically-translate-every-branch-in-source-order	compile-and-execute	cpp:renderer/include/rive/renderer/ore/ore_shader_module.hpp:47
1	4ac7b32798da0482e441ef09304dc3b480ed3ee5	renderer/include/rive/renderer/ore/ore_shader_module.hpp	pp-0034	66	68	0	1	66	#ifdef TRACK_RIVE_SHADER_ID	(defined(TRACK_RIVE_SHADER_ID))	ore-shader-module	crates/nuxie-ore-metal/src/mechanical_port/source/renderer/include/rive/renderer/ore/ore_shader_module_hpp.rs	prepared	verified	required	mechanically-translate-every-branch-in-source-order	compile-and-execute	cpp:renderer/include/rive/renderer/ore/ore_shader_module.hpp:66
1	4ac7b32798da0482e441ef09304dc3b480ed3ee5	renderer/include/rive/renderer/render_context.hpp	pp-0035	10	13	0	1	10	#ifdef RIVE_CANVAS	(defined(RIVE_CANVAS))	generic-render-context-contract	crates/nuxie-renderer/src/mechanical_port/source/renderer/include/rive/renderer/render_context_hpp.rs	prepared	verified	required	mechanically-translate-every-branch-in-source-order	compile-and-execute	cpp:renderer/include/rive/renderer/render_context.hpp:10
1	4ac7b32798da0482e441ef09304dc3b480ed3ee5	renderer/include/rive/renderer/render_context.hpp	pp-0036	133	140	0	1	133	#ifdef WITH_RIVE_TOOLS	(defined(WITH_RIVE_TOOLS))	generic-render-context-contract	crates/nuxie-renderer/src/mechanical_port/source/renderer/include/rive/renderer/render_context_hpp.rs	prepared	verified	required	mechanically-translate-every-branch-in-source-order	compile-and-execute	cpp:renderer/include/rive/renderer/render_context.hpp:133
1	4ac7b32798da0482e441ef09304dc3b480ed3ee5	renderer/include/rive/renderer/render_context.hpp	pp-0037	304	310	0	1	304	#ifdef RIVE_CANVAS	(defined(RIVE_CANVAS))	generic-render-context-contract	crates/nuxie-renderer/src/mechanical_port/source/renderer/include/rive/renderer/render_context_hpp.rs	prepared	verified	required	mechanically-translate-every-branch-in-source-order	compile-and-execute	cpp:renderer/include/rive/renderer/render_context.hpp:304
1	4ac7b32798da0482e441ef09304dc3b480ed3ee5	renderer/include/rive/renderer/render_context.hpp	pp-0038	396	398	0	1	396	#ifdef RIVE_CANVAS	(defined(RIVE_CANVAS))	generic-render-context-contract	crates/nuxie-renderer/src/mechanical_port/source/renderer/include/rive/renderer/render_context_hpp.rs	prepared	verified	required	mechanically-translate-every-branch-in-source-order	compile-and-execute	cpp:renderer/include/rive/renderer/render_context.hpp:396
1	4ac7b32798da0482e441ef09304dc3b480ed3ee5	renderer/include/rive/renderer/render_context_impl.hpp	pp-0039	10	12	0	1	10	#ifdef RIVE_CANVAS	(defined(RIVE_CANVAS))	generic-render-context-impl-contract	crates/nuxie-renderer/src/mechanical_port/source/renderer/include/rive/renderer/render_context_impl_hpp.rs	prepared	verified	required	mechanically-translate-every-branch-in-source-order	compile-and-execute	cpp:renderer/include/rive/renderer/render_context_impl.hpp:10
1	4ac7b32798da0482e441ef09304dc3b480ed3ee5	renderer/include/rive/renderer/render_context_impl.hpp	pp-0040	14	19	0	1	14	#ifdef RIVE_CANVAS	(defined(RIVE_CANVAS))	generic-render-context-impl-contract	crates/nuxie-renderer/src/mechanical_port/source/renderer/include/rive/renderer/render_context_impl_hpp.rs	prepared	verified	required	mechanically-translate-every-branch-in-source-order	compile-and-execute	cpp:renderer/include/rive/renderer/render_context_impl.hpp:14
1	4ac7b32798da0482e441ef09304dc3b480ed3ee5	renderer/include/rive/renderer/render_context_impl.hpp	pp-0041	23	25	0	1	23	#ifdef RIVE_CANVAS	(defined(RIVE_CANVAS))	generic-render-context-impl-contract	crates/nuxie-renderer/src/mechanical_port/source/renderer/include/rive/renderer/render_context_impl_hpp.rs	prepared	verified	required	mechanically-translate-every-branch-in-source-order	compile-and-execute	cpp:renderer/include/rive/renderer/render_context_impl.hpp:23
1	4ac7b32798da0482e441ef09304dc3b480ed3ee5	renderer/include/rive/renderer/render_context_impl.hpp	pp-0042	76	86	0	1	76	#ifdef RIVE_CANVAS	(defined(RIVE_CANVAS))	generic-render-context-impl-contract	crates/nuxie-renderer/src/mechanical_port/source/renderer/include/rive/renderer/render_context_impl_hpp.rs	prepared	verified	required	mechanically-translate-every-branch-in-source-order	compile-and-execute	cpp:renderer/include/rive/renderer/render_context_impl.hpp:76
1	4ac7b32798da0482e441ef09304dc3b480ed3ee5	renderer/include/rive/renderer/render_context_impl.hpp	pp-0043	230	242	0	1	230	#if defined(ORE_BACKEND_GL) && defined(RIVE_CANVAS)	(defined(ORE_BACKEND_GL) && defined(RIVE_CANVAS))	generic-render-context-impl-contract	crates/nuxie-renderer/src/mechanical_port/source/renderer/include/rive/renderer/render_context_impl_hpp.rs	prepared	verified	required	mechanically-translate-every-branch-in-source-order	compile-and-execute	cpp:renderer/include/rive/renderer/render_context_impl.hpp:230
1	4ac7b32798da0482e441ef09304dc3b480ed3ee5	renderer/include/rive/renderer/rive_render_image.hpp	pp-0044	9	11	0	1	9	#ifdef __EMSCRIPTEN__	(defined(__EMSCRIPTEN__))	generic-texture-image	crates/nuxie-renderer/src/mechanical_port/source/renderer/include/rive/renderer/rive_render_image_hpp.rs	prepared	verified	required	mechanically-translate-every-branch-in-source-order	compile-and-execute	cpp:renderer/include/rive/renderer/rive_render_image.hpp:9
1	4ac7b32798da0482e441ef09304dc3b480ed3ee5	renderer/include/rive/renderer/rive_renderer.hpp	pp-0045	56	73	0	1	56	#ifdef TESTING	(defined(TESTING))	generic-rive-renderer	crates/nuxie-renderer/src/mechanical_port/source/renderer/include/rive/renderer/rive_renderer_hpp.rs	prepared	verified	required	mechanically-translate-every-branch-in-source-order	compile-and-execute	cpp:renderer/include/rive/renderer/rive_renderer.hpp:56
1	4ac7b32798da0482e441ef09304dc3b480ed3ee5	renderer/src/draw.cpp	pp-0046	442	449	0	1	442	#ifdef NDEBUG	(defined(NDEBUG))	generic-render-context-implementation	crates/nuxie-renderer/src/mechanical_port/source/renderer/src/draw_cpp.rs	prepared	verified	required	mechanically-translate-every-branch-in-source-order	compile-and-execute	cpp:renderer/src/draw.cpp:442
1	4ac7b32798da0482e441ef09304dc3b480ed3ee5	renderer/src/gpu.cpp	pp-0047	1796	1840	0	1	1796	#ifndef NDEBUG	(!defined(NDEBUG))	generic-gpu-implementation	crates/nuxie-renderer/src/mechanical_port/source/renderer/src/gpu_cpp.rs	prepared	verified	required	mechanically-translate-every-branch-in-source-order	compile-and-execute	cpp:renderer/src/gpu.cpp:1796
1	4ac7b32798da0482e441ef09304dc3b480ed3ee5	renderer/src/gpu.cpp	pp-0048	1908	1987	0	1	1908	#ifdef RIVE_GENERATE_FEATHER_LUT	(defined(RIVE_GENERATE_FEATHER_LUT))	generic-gpu-implementation	crates/nuxie-renderer/src/mechanical_port/source/renderer/src/gpu_cpp.rs	prepared	verified	required	mechanically-translate-every-branch-in-source-order	compile-and-execute	cpp:renderer/src/gpu.cpp:1908
1	4ac7b32798da0482e441ef09304dc3b480ed3ee5	renderer/src/gpu.cpp	pp-0049	2050	2124	0	1	2050	#ifdef RIVE_GENERATE_FEATHER_LUT	(defined(RIVE_GENERATE_FEATHER_LUT))	generic-gpu-implementation	crates/nuxie-renderer/src/mechanical_port/source/renderer/src/gpu_cpp.rs	prepared	verified	required	mechanically-translate-every-branch-in-source-order	compile-and-execute	cpp:renderer/src/gpu.cpp:2050
1	4ac7b32798da0482e441ef09304dc3b480ed3ee5	renderer/src/metal/background_shader_compiler.h	pp-0050	26	29	0	1	26	#ifdef WITH_RIVE_TOOLS	(defined(WITH_RIVE_TOOLS))	metal-background-shader-compiler	crates/nuxie-renderer/src/mechanical_port/source/renderer/src/metal/background_shader_compiler_h.rs	prepared	verified	required	mechanically-translate-every-branch-in-source-order	compile-and-execute	cpp:renderer/src/metal/background_shader_compiler.h:26
1	4ac7b32798da0482e441ef09304dc3b480ed3ee5	renderer/src/metal/background_shader_compiler.mm	pp-0051	18	22	0	1	18	#ifndef RIVE_IOS	(!defined(RIVE_IOS))	metal-background-shader-compiler	crates/nuxie-renderer/src/mechanical_port/source/renderer/src/metal/background_shader_compiler_mm.rs	prepared	verified	required	mechanically-translate-every-branch-in-source-order	compile-and-execute	cpp:renderer/src/metal/background_shader_compiler.mm:18
1	4ac7b32798da0482e441ef09304dc3b480ed3ee5	renderer/src/metal/background_shader_compiler.mm	pp-0052	162	168	0	1	162	#ifdef RIVE_IOS	(defined(RIVE_IOS))	metal-background-shader-compiler	crates/nuxie-renderer/src/mechanical_port/source/renderer/src/metal/background_shader_compiler_mm.rs	prepared	verified	required	mechanically-translate-every-branch-in-source-order	compile-and-execute	cpp:renderer/src/metal/background_shader_compiler.mm:162
1	4ac7b32798da0482e441ef09304dc3b480ed3ee5	renderer/src/metal/background_shader_compiler.mm	pp-0052	162	168	0	2	164	#else	(!((defined(RIVE_IOS))))	metal-background-shader-compiler	crates/nuxie-renderer/src/mechanical_port/source/renderer/src/metal/background_shader_compiler_mm.rs	prepared	verified	required	mechanically-translate-every-branch-in-source-order	compile-and-execute	cpp:renderer/src/metal/background_shader_compiler.mm:164
1	4ac7b32798da0482e441ef09304dc3b480ed3ee5	renderer/src/metal/background_shader_compiler.mm	pp-0053	175	200	0	1	175	#ifdef RIVE_IOS	(defined(RIVE_IOS))	metal-background-shader-compiler	crates/nuxie-renderer/src/mechanical_port/source/renderer/src/metal/background_shader_compiler_mm.rs	prepared	verified	required	mechanically-translate-every-branch-in-source-order	compile-and-execute	cpp:renderer/src/metal/background_shader_compiler.mm:175
1	4ac7b32798da0482e441ef09304dc3b480ed3ee5	renderer/src/metal/background_shader_compiler.mm	pp-0053	175	200	0	2	177	#else	(!((defined(RIVE_IOS))))	metal-background-shader-compiler	crates/nuxie-renderer/src/mechanical_port/source/renderer/src/metal/background_shader_compiler_mm.rs	prepared	verified	required	mechanically-translate-every-branch-in-source-order	compile-and-execute	cpp:renderer/src/metal/background_shader_compiler.mm:177
1	4ac7b32798da0482e441ef09304dc3b480ed3ee5	renderer/src/metal/background_shader_compiler.mm	pp-0054	203	215	0	1	203	#ifdef RIVE_IOS	(defined(RIVE_IOS))	metal-background-shader-compiler	crates/nuxie-renderer/src/mechanical_port/source/renderer/src/metal/background_shader_compiler_mm.rs	prepared	verified	required	mechanically-translate-every-branch-in-source-order	compile-and-execute	cpp:renderer/src/metal/background_shader_compiler.mm:203
1	4ac7b32798da0482e441ef09304dc3b480ed3ee5	renderer/src/metal/background_shader_compiler.mm	pp-0054	203	215	0	2	205	#else	(!((defined(RIVE_IOS))))	metal-background-shader-compiler	crates/nuxie-renderer/src/mechanical_port/source/renderer/src/metal/background_shader_compiler_mm.rs	prepared	verified	required	mechanically-translate-every-branch-in-source-order	compile-and-execute	cpp:renderer/src/metal/background_shader_compiler.mm:205
1	4ac7b32798da0482e441ef09304dc3b480ed3ee5	renderer/src/metal/background_shader_compiler.mm	pp-0055	229	236	0	1	229	#ifndef RIVE_IOS	(!defined(RIVE_IOS))	metal-background-shader-compiler	crates/nuxie-renderer/src/mechanical_port/source/renderer/src/metal/background_shader_compiler_mm.rs	prepared	verified	required	mechanically-translate-every-branch-in-source-order	compile-and-execute	cpp:renderer/src/metal/background_shader_compiler.mm:229
1	4ac7b32798da0482e441ef09304dc3b480ed3ee5	renderer/src/metal/background_shader_compiler.mm	pp-0056	279	285	0	1	279	#if defined(RIVE_IOS) || defined(RIVE_IOS_SIMULATOR)	(defined(RIVE_IOS) || defined(RIVE_IOS_SIMULATOR))	metal-background-shader-compiler	crates/nuxie-renderer/src/mechanical_port/source/renderer/src/metal/background_shader_compiler_mm.rs	prepared	verified	required	mechanically-translate-every-branch-in-source-order	compile-and-execute	cpp:renderer/src/metal/background_shader_compiler.mm:279
1	4ac7b32798da0482e441ef09304dc3b480ed3ee5	renderer/src/metal/background_shader_compiler.mm	pp-0056	279	285	0	2	282	#else	(!((defined(RIVE_IOS) || defined(RIVE_IOS_SIMULATOR))))	metal-background-shader-compiler	crates/nuxie-renderer/src/mechanical_port/source/renderer/src/metal/background_shader_compiler_mm.rs	prepared	verified	required	mechanically-translate-every-branch-in-source-order	compile-and-execute	cpp:renderer/src/metal/background_shader_compiler.mm:282
1	4ac7b32798da0482e441ef09304dc3b480ed3ee5	renderer/src/metal/background_shader_compiler.mm	pp-0057	292	299	0	1	292	#ifdef WITH_RIVE_TOOLS	(defined(WITH_RIVE_TOOLS))	metal-background-shader-compiler	crates/nuxie-renderer/src/mechanical_port/source/renderer/src/metal/background_shader_compiler_mm.rs	prepared	verified	required	mechanically-translate-every-branch-in-source-order	compile-and-execute	cpp:renderer/src/metal/background_shader_compiler.mm:292
1	4ac7b32798da0482e441ef09304dc3b480ed3ee5	renderer/src/metal/background_shader_compiler.mm	pp-0058	310	317	0	1	310	#ifdef WITH_RIVE_TOOLS	(defined(WITH_RIVE_TOOLS))	metal-background-shader-compiler	crates/nuxie-renderer/src/mechanical_port/source/renderer/src/metal/background_shader_compiler_mm.rs	prepared	verified	required	mechanically-translate-every-branch-in-source-order	compile-and-execute	cpp:renderer/src/metal/background_shader_compiler.mm:310
1	4ac7b32798da0482e441ef09304dc3b480ed3ee5	renderer/src/metal/background_shader_compiler.mm	pp-0059	335	338	0	1	335	#ifdef WITH_RIVE_TOOLS	(defined(WITH_RIVE_TOOLS))	metal-background-shader-compiler	crates/nuxie-renderer/src/mechanical_port/source/renderer/src/metal/background_shader_compiler_mm.rs	prepared	verified	required	mechanically-translate-every-branch-in-source-order	compile-and-execute	cpp:renderer/src/metal/background_shader_compiler.mm:335
1	4ac7b32798da0482e441ef09304dc3b480ed3ee5	renderer/src/metal/render_context_metal_impl.mm	pp-0060	11	14	0	1	11	#ifdef RIVE_CANVAS	(defined(RIVE_CANVAS))	metal-render-context-implementation	crates/nuxie-renderer/src/mechanical_port/source/renderer/src/metal/render_context_metal_impl_mm.rs	prepared	verified	required	mechanically-translate-every-branch-in-source-order	compile-and-execute	cpp:renderer/src/metal/render_context_metal_impl.mm:11
1	4ac7b32798da0482e441ef09304dc3b480ed3ee5	renderer/src/metal/render_context_metal_impl.mm	pp-0061	23	25	0	1	23	#if defined(RIVE_IOS_SIMULATOR)	(defined(RIVE_IOS_SIMULATOR))	metal-render-context-implementation	crates/nuxie-renderer/src/mechanical_port/source/renderer/src/metal/render_context_metal_impl_mm.rs	prepared	verified	required	mechanically-translate-every-branch-in-source-order	compile-and-execute	cpp:renderer/src/metal/render_context_metal_impl.mm:23
1	4ac7b32798da0482e441ef09304dc3b480ed3ee5	renderer/src/metal/render_context_metal_impl.mm	pp-0062	29	43	0	1	29	#if defined(RIVE_IOS)	(defined(RIVE_IOS))	metal-render-context-implementation	crates/nuxie-renderer/src/mechanical_port/source/renderer/src/metal/render_context_metal_impl_mm.rs	prepared	verified	required	mechanically-translate-every-branch-in-source-order	compile-and-execute	cpp:renderer/src/metal/render_context_metal_impl.mm:29
1	4ac7b32798da0482e441ef09304dc3b480ed3ee5	renderer/src/metal/render_context_metal_impl.mm	pp-0062	29	43	0	2	31	#elif defined(RIVE_IOS_SIMULATOR)	(!((defined(RIVE_IOS))) && (defined(RIVE_IOS_SIMULATOR)))	metal-render-context-implementation	crates/nuxie-renderer/src/mechanical_port/source/renderer/src/metal/render_context_metal_impl_mm.rs	prepared	verified	required	mechanically-translate-every-branch-in-source-order	compile-and-execute	cpp:renderer/src/metal/render_context_metal_impl.mm:31
1	4ac7b32798da0482e441ef09304dc3b480ed3ee5	renderer/src/metal/render_context_metal_impl.mm	pp-0062	29	43	0	3	33	#elif defined(RIVE_XROS)	(!((defined(RIVE_IOS)) || (defined(RIVE_IOS_SIMULATOR))) && (defined(RIVE_XROS)))	metal-render-context-implementation	crates/nuxie-renderer/src/mechanical_port/source/renderer/src/metal/render_context_metal_impl_mm.rs	prepared	verified	required	mechanically-translate-every-branch-in-source-order	compile-and-execute	cpp:renderer/src/metal/render_context_metal_impl.mm:33
1	4ac7b32798da0482e441ef09304dc3b480ed3ee5	renderer/src/metal/render_context_metal_impl.mm	pp-0062	29	43	0	4	35	#elif defined(RIVE_XROS_SIMULATOR)	(!((defined(RIVE_IOS)) || (defined(RIVE_IOS_SIMULATOR)) || (defined(RIVE_XROS))) && (defined(RIVE_XROS_SIMULATOR)))	metal-render-context-implementation	crates/nuxie-renderer/src/mechanical_port/source/renderer/src/metal/render_context_metal_impl_mm.rs	prepared	verified	required	mechanically-translate-every-branch-in-source-order	compile-and-execute	cpp:renderer/src/metal/render_context_metal_impl.mm:35
1	4ac7b32798da0482e441ef09304dc3b480ed3ee5	renderer/src/metal/render_context_metal_impl.mm	pp-0062	29	43	0	5	37	#elif defined(RIVE_APPLETVOS)	(!((defined(RIVE_IOS)) || (defined(RIVE_IOS_SIMULATOR)) || (defined(RIVE_XROS)) || (defined(RIVE_XROS_SIMULATOR))) && (defined(RIVE_APPLETVOS)))	metal-render-context-implementation	crates/nuxie-renderer/src/mechanical_port/source/renderer/src/metal/render_context_metal_impl_mm.rs	prepared	verified	required	mechanically-translate-every-branch-in-source-order	compile-and-execute	cpp:renderer/src/metal/render_context_metal_impl.mm:37
1	4ac7b32798da0482e441ef09304dc3b480ed3ee5	renderer/src/metal/render_context_metal_impl.mm	pp-0062	29	43	0	6	39	#elif defined(RIVE_APPLETVOS_SIMULATOR)	(!((defined(RIVE_IOS)) || (defined(RIVE_IOS_SIMULATOR)) || (defined(RIVE_XROS)) || (defined(RIVE_XROS_SIMULATOR)) || (defined(RIVE_APPLETVOS))) && (defined(RIVE_APPLETVOS_SIMULATOR)))	metal-render-context-implementation	crates/nuxie-renderer/src/mechanical_port/source/renderer/src/metal/render_context_metal_impl_mm.rs	prepared	verified	required	mechanically-translate-every-branch-in-source-order	compile-and-execute	cpp:renderer/src/metal/render_context_metal_impl.mm:39
1	4ac7b32798da0482e441ef09304dc3b480ed3ee5	renderer/src/metal/render_context_metal_impl.mm	pp-0062	29	43	0	7	41	#else	(!((defined(RIVE_IOS)) || (defined(RIVE_IOS_SIMULATOR)) || (defined(RIVE_XROS)) || (defined(RIVE_XROS_SIMULATOR)) || (defined(RIVE_APPLETVOS)) || (defined(RIVE_APPLETVOS_SIMULATOR))))	metal-render-context-implementation	crates/nuxie-renderer/src/mechanical_port/source/renderer/src/metal/render_context_metal_impl_mm.rs	prepared	verified	required	mechanically-translate-every-branch-in-source-order	compile-and-execute	cpp:renderer/src/metal/render_context_metal_impl.mm:41
1	4ac7b32798da0482e441ef09304dc3b480ed3ee5	renderer/src/metal/render_context_metal_impl.mm	pp-0063	271	274	0	1	271	#ifdef WITH_RIVE_TOOLS	(defined(WITH_RIVE_TOOLS))	metal-render-context-implementation	crates/nuxie-renderer/src/mechanical_port/source/renderer/src/metal/render_context_metal_impl_mm.rs	prepared	verified	required	mechanically-translate-every-branch-in-source-order	compile-and-execute	cpp:renderer/src/metal/render_context_metal_impl.mm:271
1	4ac7b32798da0482e441ef09304dc3b480ed3ee5	renderer/src/metal/render_context_metal_impl.mm	pp-0064	284	290	0	1	284	#ifdef WITH_RIVE_TOOLS	(defined(WITH_RIVE_TOOLS))	metal-render-context-implementation	crates/nuxie-renderer/src/mechanical_port/source/renderer/src/metal/render_context_metal_impl_mm.rs	prepared	verified	required	mechanically-translate-every-branch-in-source-order	compile-and-execute	cpp:renderer/src/metal/render_context_metal_impl.mm:284
1	4ac7b32798da0482e441ef09304dc3b480ed3ee5	renderer/src/metal/render_context_metal_impl.mm	pp-0065	403	412	0	1	403	#if defined(RIVE_IOS) || defined(RIVE_XROS) || defined(RIVE_APPLETVOS)	(defined(RIVE_IOS) || defined(RIVE_XROS) || defined(RIVE_APPLETVOS))	metal-render-context-implementation	crates/nuxie-renderer/src/mechanical_port/source/renderer/src/metal/render_context_metal_impl_mm.rs	prepared	verified	required	mechanically-translate-every-branch-in-source-order	compile-and-execute	cpp:renderer/src/metal/render_context_metal_impl.mm:403
1	4ac7b32798da0482e441ef09304dc3b480ed3ee5	renderer/src/metal/render_context_metal_impl.mm	pp-0066	480	501	0	1	480	#if defined(RIVE_IOS) || defined(RIVE_XROS) || defined(RIVE_APPLETVOS)	(defined(RIVE_IOS) || defined(RIVE_XROS) || defined(RIVE_APPLETVOS))	metal-render-context-implementation	crates/nuxie-renderer/src/mechanical_port/source/renderer/src/metal/render_context_metal_impl_mm.rs	prepared	verified	required	mechanically-translate-every-branch-in-source-order	compile-and-execute	cpp:renderer/src/metal/render_context_metal_impl.mm:480
1	4ac7b32798da0482e441ef09304dc3b480ed3ee5	renderer/src/metal/render_context_metal_impl.mm	pp-0066	480	501	0	2	490	#elif defined(RIVE_IOS_SIMULATOR) || defined(RIVE_XROS_SIMULATOR) || defined(RIVE_APPLETVOS_SIMULATOR)	(!((defined(RIVE_IOS) || defined(RIVE_XROS) || defined(RIVE_APPLETVOS))) && (defined(RIVE_IOS_SIMULATOR) || defined(RIVE_XROS_SIMULATOR) || defined(RIVE_APPLETVOS_SIMULATOR)))	metal-render-context-implementation	crates/nuxie-renderer/src/mechanical_port/source/renderer/src/metal/render_context_metal_impl_mm.rs	prepared	verified	required	mechanically-translate-every-branch-in-source-order	compile-and-execute	cpp:renderer/src/metal/render_context_metal_impl.mm:490
1	4ac7b32798da0482e441ef09304dc3b480ed3ee5	renderer/src/metal/render_context_metal_impl.mm	pp-0066	480	501	0	3	496	#else	(!((defined(RIVE_IOS) || defined(RIVE_XROS) || defined(RIVE_APPLETVOS)) || (defined(RIVE_IOS_SIMULATOR) || defined(RIVE_XROS_SIMULATOR) || defined(RIVE_APPLETVOS_SIMULATOR))))	metal-render-context-implementation	crates/nuxie-renderer/src/mechanical_port/source/renderer/src/metal/render_context_metal_impl_mm.rs	prepared	verified	required	mechanically-translate-every-branch-in-source-order	compile-and-execute	cpp:renderer/src/metal/render_context_metal_impl.mm:496
1	4ac7b32798da0482e441ef09304dc3b480ed3ee5	renderer/src/metal/render_context_metal_impl.mm	pp-0067	507	518	0	1	507	#if defined(RIVE_IOS) || defined(RIVE_XROS) || defined(RIVE_APPLETVOS) || defined(RIVE_IOS_SIMULATOR) || defined(RIVE_XROS_SIMULATOR) || defined(RIVE_APPLETVOS_SIMULATOR)	(defined(RIVE_IOS) || defined(RIVE_XROS) || defined(RIVE_APPLETVOS) || defined(RIVE_IOS_SIMULATOR) || defined(RIVE_XROS_SIMULATOR) || defined(RIVE_APPLETVOS_SIMULATOR))	metal-render-context-implementation	crates/nuxie-renderer/src/mechanical_port/source/renderer/src/metal/render_context_metal_impl_mm.rs	prepared	verified	required	mechanically-translate-every-branch-in-source-order	compile-and-execute	cpp:renderer/src/metal/render_context_metal_impl.mm:507
1	4ac7b32798da0482e441ef09304dc3b480ed3ee5	renderer/src/metal/render_context_metal_impl.mm	pp-0067	507	518	0	2	513	#else	(!((defined(RIVE_IOS) || defined(RIVE_XROS) || defined(RIVE_APPLETVOS) || defined(RIVE_IOS_SIMULATOR) || defined(RIVE_XROS_SIMULATOR) || defined(RIVE_APPLETVOS_SIMULATOR))))	metal-render-context-implementation	crates/nuxie-renderer/src/mechanical_port/source/renderer/src/metal/render_context_metal_impl_mm.rs	prepared	verified	required	mechanically-translate-every-branch-in-source-order	compile-and-execute	cpp:renderer/src/metal/render_context_metal_impl.mm:513
1	4ac7b32798da0482e441ef09304dc3b480ed3ee5	renderer/src/metal/render_context_metal_impl.mm	pp-0068	520	560	0	1	520	#if defined(RIVE_IOS) || defined(RIVE_XROS) || defined(RIVE_XROS_SIMULATOR) || defined(RIVE_APPLETVOS) || defined(RIVE_APPLETVOS_SIMULATOR)	(defined(RIVE_IOS) || defined(RIVE_XROS) || defined(RIVE_XROS_SIMULATOR) || defined(RIVE_APPLETVOS) || defined(RIVE_APPLETVOS_SIMULATOR))	metal-render-context-implementation	crates/nuxie-renderer/src/mechanical_port/source/renderer/src/metal/render_context_metal_impl_mm.rs	prepared	verified	required	mechanically-translate-every-branch-in-source-order	compile-and-execute	cpp:renderer/src/metal/render_context_metal_impl.mm:520
1	4ac7b32798da0482e441ef09304dc3b480ed3ee5	renderer/src/metal/render_context_metal_impl.mm	pp-0068	520	560	0	2	525	#elif defined(RIVE_IOS_SIMULATOR)	(!((defined(RIVE_IOS) || defined(RIVE_XROS) || defined(RIVE_XROS_SIMULATOR) || defined(RIVE_APPLETVOS) || defined(RIVE_APPLETVOS_SIMULATOR))) && (defined(RIVE_IOS_SIMULATOR)))	metal-render-context-implementation	crates/nuxie-renderer/src/mechanical_port/source/renderer/src/metal/render_context_metal_impl_mm.rs	prepared	verified	required	mechanically-translate-every-branch-in-source-order	compile-and-execute	cpp:renderer/src/metal/render_context_metal_impl.mm:525
1	4ac7b32798da0482e441ef09304dc3b480ed3ee5	renderer/src/metal/render_context_metal_impl.mm	pp-0068	520	560	0	3	541	#else	(!((defined(RIVE_IOS) || defined(RIVE_XROS) || defined(RIVE_XROS_SIMULATOR) || defined(RIVE_APPLETVOS) || defined(RIVE_APPLETVOS_SIMULATOR)) || (defined(RIVE_IOS_SIMULATOR))))	metal-render-context-implementation	crates/nuxie-renderer/src/mechanical_port/source/renderer/src/metal/render_context_metal_impl_mm.rs	prepared	verified	required	mechanically-translate-every-branch-in-source-order	compile-and-execute	cpp:renderer/src/metal/render_context_metal_impl.mm:541
1	4ac7b32798da0482e441ef09304dc3b480ed3ee5	renderer/src/metal/render_context_metal_impl.mm	pp-0069	584	605	0	1	584	#if defined(RIVE_IOS)	(defined(RIVE_IOS))	metal-render-context-implementation	crates/nuxie-renderer/src/mechanical_port/source/renderer/src/metal/render_context_metal_impl_mm.rs	prepared	verified	required	mechanically-translate-every-branch-in-source-order	compile-and-execute	cpp:renderer/src/metal/render_context_metal_impl.mm:584
1	4ac7b32798da0482e441ef09304dc3b480ed3ee5	renderer/src/metal/render_context_metal_impl.mm	pp-0069	584	605	0	2	587	#elif defined(RIVE_IOS_SIMULATOR)	(!((defined(RIVE_IOS))) && (defined(RIVE_IOS_SIMULATOR)))	metal-render-context-implementation	crates/nuxie-renderer/src/mechanical_port/source/renderer/src/metal/render_context_metal_impl_mm.rs	prepared	verified	required	mechanically-translate-every-branch-in-source-order	compile-and-execute	cpp:renderer/src/metal/render_context_metal_impl.mm:587
1	4ac7b32798da0482e441ef09304dc3b480ed3ee5	renderer/src/metal/render_context_metal_impl.mm	pp-0069	584	605	0	3	590	#elif defined(RIVE_XROS)	(!((defined(RIVE_IOS)) || (defined(RIVE_IOS_SIMULATOR))) && (defined(RIVE_XROS)))	metal-render-context-implementation	crates/nuxie-renderer/src/mechanical_port/source/renderer/src/metal/render_context_metal_impl_mm.rs	prepared	verified	required	mechanically-translate-every-branch-in-source-order	compile-and-execute	cpp:renderer/src/metal/render_context_metal_impl.mm:590
1	4ac7b32798da0482e441ef09304dc3b480ed3ee5	renderer/src/metal/render_context_metal_impl.mm	pp-0069	584	605	0	4	593	#elif defined(RIVE_XROS_SIMULATOR)	(!((defined(RIVE_IOS)) || (defined(RIVE_IOS_SIMULATOR)) || (defined(RIVE_XROS))) && (defined(RIVE_XROS_SIMULATOR)))	metal-render-context-implementation	crates/nuxie-renderer/src/mechanical_port/source/renderer/src/metal/render_context_metal_impl_mm.rs	prepared	verified	required	mechanically-translate-every-branch-in-source-order	compile-and-execute	cpp:renderer/src/metal/render_context_metal_impl.mm:593
1	4ac7b32798da0482e441ef09304dc3b480ed3ee5	renderer/src/metal/render_context_metal_impl.mm	pp-0069	584	605	0	5	596	#elif defined(RIVE_APPLETVOS)	(!((defined(RIVE_IOS)) || (defined(RIVE_IOS_SIMULATOR)) || (defined(RIVE_XROS)) || (defined(RIVE_XROS_SIMULATOR))) && (defined(RIVE_APPLETVOS)))	metal-render-context-implementation	crates/nuxie-renderer/src/mechanical_port/source/renderer/src/metal/render_context_metal_impl_mm.rs	prepared	verified	required	mechanically-translate-every-branch-in-source-order	compile-and-execute	cpp:renderer/src/metal/render_context_metal_impl.mm:596
1	4ac7b32798da0482e441ef09304dc3b480ed3ee5	renderer/src/metal/render_context_metal_impl.mm	pp-0069	584	605	0	6	599	#elif defined(RIVE_APPLETVOS_SIMULATOR)	(!((defined(RIVE_IOS)) || (defined(RIVE_IOS_SIMULATOR)) || (defined(RIVE_XROS)) || (defined(RIVE_XROS_SIMULATOR)) || (defined(RIVE_APPLETVOS))) && (defined(RIVE_APPLETVOS_SIMULATOR)))	metal-render-context-implementation	crates/nuxie-renderer/src/mechanical_port/source/renderer/src/metal/render_context_metal_impl_mm.rs	prepared	verified	required	mechanically-translate-every-branch-in-source-order	compile-and-execute	cpp:renderer/src/metal/render_context_metal_impl.mm:599
1	4ac7b32798da0482e441ef09304dc3b480ed3ee5	renderer/src/metal/render_context_metal_impl.mm	pp-0069	584	605	0	7	602	#else	(!((defined(RIVE_IOS)) || (defined(RIVE_IOS_SIMULATOR)) || (defined(RIVE_XROS)) || (defined(RIVE_XROS_SIMULATOR)) || (defined(RIVE_APPLETVOS)) || (defined(RIVE_APPLETVOS_SIMULATOR))))	metal-render-context-implementation	crates/nuxie-renderer/src/mechanical_port/source/renderer/src/metal/render_context_metal_impl_mm.rs	prepared	verified	required	mechanically-translate-every-branch-in-source-order	compile-and-execute	cpp:renderer/src/metal/render_context_metal_impl.mm:602
1	4ac7b32798da0482e441ef09304dc3b480ed3ee5	renderer/src/metal/render_context_metal_impl.mm	pp-0070	697	700	0	1	697	#ifdef WITH_RIVE_TOOLS	(defined(WITH_RIVE_TOOLS))	metal-render-context-implementation	crates/nuxie-renderer/src/mechanical_port/source/renderer/src/metal/render_context_metal_impl_mm.rs	prepared	verified	required	mechanically-translate-every-branch-in-source-order	compile-and-execute	cpp:renderer/src/metal/render_context_metal_impl.mm:697
1	4ac7b32798da0482e441ef09304dc3b480ed3ee5	renderer/src/metal/render_context_metal_impl.mm	pp-0071	927	933	0	1	927	#if !TARGET_OS_IPHONE	(!TARGET_OS_IPHONE)	metal-render-context-implementation	crates/nuxie-renderer/src/mechanical_port/source/renderer/src/metal/render_context_metal_impl_mm.rs	prepared	verified	required	mechanically-translate-every-branch-in-source-order	compile-and-execute	cpp:renderer/src/metal/render_context_metal_impl.mm:927
1	4ac7b32798da0482e441ef09304dc3b480ed3ee5	renderer/src/metal/render_context_metal_impl.mm	pp-0072	986	1021	0	1	986	#ifdef RIVE_CANVAS	(defined(RIVE_CANVAS))	metal-render-context-implementation	crates/nuxie-renderer/src/mechanical_port/source/renderer/src/metal/render_context_metal_impl_mm.rs	prepared	verified	required	mechanically-translate-every-branch-in-source-order	compile-and-execute	cpp:renderer/src/metal/render_context_metal_impl.mm:986
1	4ac7b32798da0482e441ef09304dc3b480ed3ee5	renderer/src/metal/render_context_metal_impl.mm	pp-0073	1140	1147	0	1	1140	#ifdef WITH_RIVE_TOOLS	(defined(WITH_RIVE_TOOLS))	metal-render-context-implementation	crates/nuxie-renderer/src/mechanical_port/source/renderer/src/metal/render_context_metal_impl_mm.rs	prepared	verified	required	mechanically-translate-every-branch-in-source-order	compile-and-execute	cpp:renderer/src/metal/render_context_metal_impl.mm:1140
1	4ac7b32798da0482e441ef09304dc3b480ed3ee5	renderer/src/metal/render_context_metal_impl.mm	pp-0074	1161	1163	0	1	1161	#ifdef WITH_RIVE_TOOLS	(defined(WITH_RIVE_TOOLS))	metal-render-context-implementation	crates/nuxie-renderer/src/mechanical_port/source/renderer/src/metal/render_context_metal_impl_mm.rs	prepared	verified	required	mechanically-translate-every-branch-in-source-order	compile-and-execute	cpp:renderer/src/metal/render_context_metal_impl.mm:1161
1	4ac7b32798da0482e441ef09304dc3b480ed3ee5	renderer/src/metal/render_context_metal_impl.mm	pp-0075	1200	1203	0	1	1200	#ifdef WITH_RIVE_TOOLS	(defined(WITH_RIVE_TOOLS))	metal-render-context-implementation	crates/nuxie-renderer/src/mechanical_port/source/renderer/src/metal/render_context_metal_impl_mm.rs	prepared	verified	required	mechanically-translate-every-branch-in-source-order	compile-and-execute	cpp:renderer/src/metal/render_context_metal_impl.mm:1200
1	4ac7b32798da0482e441ef09304dc3b480ed3ee5	renderer/src/metal/render_context_metal_impl.mm	pp-0076	1866	1876	0	1	1866	#if defined(RIVE_MACOSX)	(defined(RIVE_MACOSX))	metal-render-context-implementation	crates/nuxie-renderer/src/mechanical_port/source/renderer/src/metal/render_context_metal_impl_mm.rs	prepared	verified	required	mechanically-translate-every-branch-in-source-order	compile-and-execute	cpp:renderer/src/metal/render_context_metal_impl.mm:1866
1	4ac7b32798da0482e441ef09304dc3b480ed3ee5	renderer/src/ore/metal/ore_context_metal.mm	pp-0077	61	66	0	1	61	#if defined(RIVE_IOS) || defined(RIVE_IOS_SIMULATOR) || TARGET_CPU_ARM64	(defined(RIVE_IOS) || defined(RIVE_IOS_SIMULATOR) || TARGET_CPU_ARM64)	ore-context-render-pass	crates/nuxie-ore-metal/src/mechanical_port/source/renderer/src/ore/metal/ore_context_metal_mm.rs	prepared	verified	required	mechanically-translate-every-branch-in-source-order	compile-and-execute	cpp:renderer/src/ore/metal/ore_context_metal.mm:61
1	4ac7b32798da0482e441ef09304dc3b480ed3ee5	renderer/src/ore/metal/ore_context_metal.mm	pp-0077	61	66	0	2	64	#else	(!((defined(RIVE_IOS) || defined(RIVE_IOS_SIMULATOR) || TARGET_CPU_ARM64)))	ore-context-render-pass	crates/nuxie-ore-metal/src/mechanical_port/source/renderer/src/ore/metal/ore_context_metal_mm.rs	prepared	verified	required	mechanically-translate-every-branch-in-source-order	compile-and-execute	cpp:renderer/src/ore/metal/ore_context_metal.mm:64
1	4ac7b32798da0482e441ef09304dc3b480ed3ee5	renderer/src/ore/metal/ore_context_metal.mm	pp-0078	72	75	0	1	72	#if TARGET_OS_OSX || (__IPHONE_OS_VERSION_MAX_ALLOWED >= 160400)	(TARGET_OS_OSX || (__IPHONE_OS_VERSION_MAX_ALLOWED >= 160400))	ore-context-render-pass	crates/nuxie-ore-metal/src/mechanical_port/source/renderer/src/ore/metal/ore_context_metal_mm.rs	prepared	verified	required	mechanically-translate-every-branch-in-source-order	compile-and-execute	cpp:renderer/src/ore/metal/ore_context_metal.mm:72
1	4ac7b32798da0482e441ef09304dc3b480ed3ee5	renderer/src/ore/metal/ore_context_metal.mm	pp-0079	78	81	0	1	78	#if TARGET_OS_OSX || (__IPHONE_OS_VERSION_MAX_ALLOWED >= 160400)	(TARGET_OS_OSX || (__IPHONE_OS_VERSION_MAX_ALLOWED >= 160400))	ore-context-render-pass	crates/nuxie-ore-metal/src/mechanical_port/source/renderer/src/ore/metal/ore_context_metal_mm.rs	prepared	verified	required	mechanically-translate-every-branch-in-source-order	compile-and-execute	cpp:renderer/src/ore/metal/ore_context_metal.mm:78
1	4ac7b32798da0482e441ef09304dc3b480ed3ee5	renderer/src/ore/metal/ore_context_metal.mm	pp-0080	84	87	0	1	84	#if TARGET_OS_OSX || (__IPHONE_OS_VERSION_MAX_ALLOWED >= 160400)	(TARGET_OS_OSX || (__IPHONE_OS_VERSION_MAX_ALLOWED >= 160400))	ore-context-render-pass	crates/nuxie-ore-metal/src/mechanical_port/source/renderer/src/ore/metal/ore_context_metal_mm.rs	prepared	verified	required	mechanically-translate-every-branch-in-source-order	compile-and-execute	cpp:renderer/src/ore/metal/ore_context_metal.mm:84
1	4ac7b32798da0482e441ef09304dc3b480ed3ee5	renderer/src/ore/metal/ore_context_metal.mm	pp-0081	386	394	0	1	386	#if defined(RIVE_IOS) || defined(RIVE_IOS_SIMULATOR)	(defined(RIVE_IOS) || defined(RIVE_IOS_SIMULATOR))	ore-context-render-pass	crates/nuxie-ore-metal/src/mechanical_port/source/renderer/src/ore/metal/ore_context_metal_mm.rs	prepared	verified	required	mechanically-translate-every-branch-in-source-order	compile-and-execute	cpp:renderer/src/ore/metal/ore_context_metal.mm:386
1	4ac7b32798da0482e441ef09304dc3b480ed3ee5	renderer/src/ore/metal/ore_context_metal.mm	pp-0081	386	394	0	2	390	#else	(!((defined(RIVE_IOS) || defined(RIVE_IOS_SIMULATOR))))	ore-context-render-pass	crates/nuxie-ore-metal/src/mechanical_port/source/renderer/src/ore/metal/ore_context_metal_mm.rs	prepared	verified	required	mechanically-translate-every-branch-in-source-order	compile-and-execute	cpp:renderer/src/ore/metal/ore_context_metal.mm:390
1	4ac7b32798da0482e441ef09304dc3b480ed3ee5	renderer/src/ore/metal/ore_context_metal.mm	pp-0082	498	510	0	1	498	#if RIVE_OBJC_EXCEPTIONS	(RIVE_OBJC_EXCEPTIONS)	ore-context-render-pass	crates/nuxie-ore-metal/src/mechanical_port/source/renderer/src/ore/metal/ore_context_metal_mm.rs	prepared	verified	required	mechanically-translate-every-branch-in-source-order	compile-and-execute	cpp:renderer/src/ore/metal/ore_context_metal.mm:498
1	4ac7b32798da0482e441ef09304dc3b480ed3ee5	renderer/src/ore/metal/ore_context_metal.mm	pp-0082	498	510	0	2	508	#else	(!((RIVE_OBJC_EXCEPTIONS)))	ore-context-render-pass	crates/nuxie-ore-metal/src/mechanical_port/source/renderer/src/ore/metal/ore_context_metal_mm.rs	prepared	verified	required	mechanically-translate-every-branch-in-source-order	compile-and-execute	cpp:renderer/src/ore/metal/ore_context_metal.mm:508
1	4ac7b32798da0482e441ef09304dc3b480ed3ee5	renderer/src/ore/metal/ore_context_metal.mm	pp-0083	773	792	0	1	773	#if RIVE_OBJC_EXCEPTIONS	(RIVE_OBJC_EXCEPTIONS)	ore-context-render-pass	crates/nuxie-ore-metal/src/mechanical_port/source/renderer/src/ore/metal/ore_context_metal_mm.rs	prepared	verified	required	mechanically-translate-every-branch-in-source-order	compile-and-execute	cpp:renderer/src/ore/metal/ore_context_metal.mm:773
1	4ac7b32798da0482e441ef09304dc3b480ed3ee5	renderer/src/ore/metal/ore_context_metal.mm	pp-0083	773	792	0	2	788	#else	(!((RIVE_OBJC_EXCEPTIONS)))	ore-context-render-pass	crates/nuxie-ore-metal/src/mechanical_port/source/renderer/src/ore/metal/ore_context_metal_mm.rs	prepared	verified	required	mechanically-translate-every-branch-in-source-order	compile-and-execute	cpp:renderer/src/ore/metal/ore_context_metal.mm:788
1	4ac7b32798da0482e441ef09304dc3b480ed3ee5	renderer/src/ore/metal/ore_context_metal.mm	pp-0084	1160	1163	0	1	1160	#if defined(ORE_BACKEND_METAL)	(defined(ORE_BACKEND_METAL))	ore-context-render-pass	crates/nuxie-ore-metal/src/mechanical_port/source/renderer/src/ore/metal/ore_context_metal_mm.rs	prepared	verified	required	mechanically-translate-every-branch-in-source-order	compile-and-execute	cpp:renderer/src/ore/metal/ore_context_metal.mm:1160
1	4ac7b32798da0482e441ef09304dc3b480ed3ee5	renderer/src/ore/ore_binding_map.cpp	pp-0085	65	79	0	1	65	#ifdef WITH_RIVE_TOOLS	(defined(WITH_RIVE_TOOLS))	ore-binding-map	crates/nuxie-ore-metal/src/mechanical_port/source/renderer/src/ore/ore_binding_map_cpp.rs	prepared	verified	required	mechanically-translate-every-branch-in-source-order	compile-and-execute	cpp:renderer/src/ore/ore_binding_map.cpp:65
1	4ac7b32798da0482e441ef09304dc3b480ed3ee5	renderer/src/ore/ore_binding_map.cpp	pp-0086	90	92	0	1	90	#ifdef WITH_RIVE_TOOLS	(defined(WITH_RIVE_TOOLS))	ore-binding-map	crates/nuxie-ore-metal/src/mechanical_port/source/renderer/src/ore/ore_binding_map_cpp.rs	prepared	verified	required	mechanically-translate-every-branch-in-source-order	compile-and-execute	cpp:renderer/src/ore/ore_binding_map.cpp:90
1	4ac7b32798da0482e441ef09304dc3b480ed3ee5	renderer/src/ore/ore_binding_map.cpp	pp-0087	137	141	0	1	137	#ifdef WITH_RIVE_TOOLS	(defined(WITH_RIVE_TOOLS))	ore-binding-map	crates/nuxie-ore-metal/src/mechanical_port/source/renderer/src/ore/ore_binding_map_cpp.rs	prepared	verified	required	mechanically-translate-every-branch-in-source-order	compile-and-execute	cpp:renderer/src/ore/ore_binding_map.cpp:137
1	4ac7b32798da0482e441ef09304dc3b480ed3ee5	renderer/src/ore/ore_binding_map.cpp	pp-0088	145	187	0	1	145	#ifdef WITH_RIVE_TOOLS	(defined(WITH_RIVE_TOOLS))	ore-binding-map	crates/nuxie-ore-metal/src/mechanical_port/source/renderer/src/ore/ore_binding_map_cpp.rs	prepared	verified	required	mechanically-translate-every-branch-in-source-order	compile-and-execute	cpp:renderer/src/ore/ore_binding_map.cpp:145
1	4ac7b32798da0482e441ef09304dc3b480ed3ee5	renderer/src/render_context.cpp	pp-0089	12	14	0	1	12	#ifdef RIVE_CANVAS	(defined(RIVE_CANVAS))	generic-render-context-implementation	crates/nuxie-renderer/src/mechanical_port/source/renderer/src/render_context_cpp.rs	prepared	verified	required	mechanically-translate-every-branch-in-source-order	compile-and-execute	cpp:renderer/src/render_context.cpp:12
1	4ac7b32798da0482e441ef09304dc3b480ed3ee5	renderer/src/render_context.cpp	pp-0090	25	27	0	1	25	#ifdef RIVE_DECODERS	(defined(RIVE_DECODERS))	generic-render-context-implementation	crates/nuxie-renderer/src/mechanical_port/source/renderer/src/render_context_cpp.rs	prepared	verified	required	mechanically-translate-every-branch-in-source-order	compile-and-execute	cpp:renderer/src/render_context.cpp:25
1	4ac7b32798da0482e441ef09304dc3b480ed3ee5	renderer/src/render_context.cpp	pp-0091	29	31	0	1	29	#ifdef RIVE_KTX2	(defined(RIVE_KTX2))	generic-render-context-implementation	crates/nuxie-renderer/src/mechanical_port/source/renderer/src/render_context_cpp.rs	prepared	verified	required	mechanically-translate-every-branch-in-source-order	compile-and-execute	cpp:renderer/src/render_context.cpp:29
1	4ac7b32798da0482e441ef09304dc3b480ed3ee5	renderer/src/render_context.cpp	pp-0092	144	148	0	1	144	#ifdef RIVE_GENERATE_FEATHER_LUT	(defined(RIVE_GENERATE_FEATHER_LUT))	generic-render-context-implementation	crates/nuxie-renderer/src/mechanical_port/source/renderer/src/render_context_cpp.rs	prepared	verified	required	mechanically-translate-every-branch-in-source-order	compile-and-execute	cpp:renderer/src/render_context.cpp:144
1	4ac7b32798da0482e441ef09304dc3b480ed3ee5	renderer/src/render_context.cpp	pp-0093	161	163	0	1	161	#ifdef RIVE_CANVAS	(defined(RIVE_CANVAS))	generic-render-context-implementation	crates/nuxie-renderer/src/mechanical_port/source/renderer/src/render_context_cpp.rs	prepared	verified	required	mechanically-translate-every-branch-in-source-order	compile-and-execute	cpp:renderer/src/render_context.cpp:161
1	4ac7b32798da0482e441ef09304dc3b480ed3ee5	renderer/src/render_context.cpp	pp-0094	178	190	0	1	178	#ifdef RIVE_CANVAS	(defined(RIVE_CANVAS))	generic-render-context-implementation	crates/nuxie-renderer/src/mechanical_port/source/renderer/src/render_context_cpp.rs	prepared	verified	required	mechanically-translate-every-branch-in-source-order	compile-and-execute	cpp:renderer/src/render_context.cpp:178
1	4ac7b32798da0482e441ef09304dc3b480ed3ee5	renderer/src/render_context.cpp	pp-0095	197	228	0	1	197	#ifdef RIVE_KTX2	(defined(RIVE_KTX2))	generic-render-context-implementation	crates/nuxie-renderer/src/mechanical_port/source/renderer/src/render_context_cpp.rs	prepared	verified	required	mechanically-translate-every-branch-in-source-order	compile-and-execute	cpp:renderer/src/render_context.cpp:197
1	4ac7b32798da0482e441ef09304dc3b480ed3ee5	renderer/src/render_context.cpp	pp-0096	230	255	0	1	230	#ifdef RIVE_DECODERS	(defined(RIVE_DECODERS))	generic-render-context-implementation	crates/nuxie-renderer/src/mechanical_port/source/renderer/src/render_context_cpp.rs	prepared	verified	required	mechanically-translate-every-branch-in-source-order	compile-and-execute	cpp:renderer/src/render_context.cpp:230
1	4ac7b32798da0482e441ef09304dc3b480ed3ee5	renderer/src/render_context.cpp	pp-0097	1332	1334	0	1	1332	#ifdef WITH_RIVE_TOOLS	(defined(WITH_RIVE_TOOLS))	generic-render-context-implementation	crates/nuxie-renderer/src/mechanical_port/source/renderer/src/render_context_cpp.rs	prepared	verified	required	mechanically-translate-every-branch-in-source-order	compile-and-execute	cpp:renderer/src/render_context.cpp:1332
1	4ac7b32798da0482e441ef09304dc3b480ed3ee5	renderer/src/render_context.cpp	pp-0098	2386	2394	0	1	2386	#ifndef NDEBUG	(!defined(NDEBUG))	generic-render-context-implementation	crates/nuxie-renderer/src/mechanical_port/source/renderer/src/render_context_cpp.rs	prepared	verified	required	mechanically-translate-every-branch-in-source-order	compile-and-execute	cpp:renderer/src/render_context.cpp:2386
1	4ac7b32798da0482e441ef09304dc3b480ed3ee5	renderer/src/render_context.cpp	pp-0099	2476	2623	0	1	2476	#if 0	(0)	generic-render-context-implementation	crates/nuxie-renderer/src/mechanical_port/source/renderer/src/render_context_cpp.rs	prepared	verified	required	mechanically-translate-every-branch-in-source-order	compile-and-execute	cpp:renderer/src/render_context.cpp:2476
1	4ac7b32798da0482e441ef09304dc3b480ed3ee5	renderer/src/render_context.cpp	pp-0099	2476	2623	0	2	2613	#else	(!((0)))	generic-render-context-implementation	crates/nuxie-renderer/src/mechanical_port/source/renderer/src/render_context_cpp.rs	prepared	verified	required	mechanically-translate-every-branch-in-source-order	compile-and-execute	cpp:renderer/src/render_context.cpp:2613
1	4ac7b32798da0482e441ef09304dc3b480ed3ee5	renderer/src/render_context_helper_impl.cpp	pp-0100	10	12	0	1	10	#ifdef RIVE_DECODERS	(defined(RIVE_DECODERS))	generic-render-context-helper	crates/nuxie-renderer/src/mechanical_port/source/renderer/src/render_context_helper_impl_cpp.rs	prepared	verified	required	mechanically-translate-every-branch-in-source-order	compile-and-execute	cpp:renderer/src/render_context_helper_impl.cpp:10
1	4ac7b32798da0482e441ef09304dc3b480ed3ee5	renderer/src/rive_render_path.hpp	pp-0101	57	66	0	1	57	#ifdef DEBUG	(defined(DEBUG))	generic-rive-render-path	crates/nuxie-renderer/src/mechanical_port/source/renderer/src/rive_render_path_hpp.rs	prepared	verified	required	mechanically-translate-every-branch-in-source-order	compile-and-execute	cpp:renderer/src/rive_render_path.hpp:57
1	4ac7b32798da0482e441ef09304dc3b480ed3ee5	renderer/src/shaders/advanced_blend.glsl	pp-0102	58	330	0	1	58	#ifdef @FRAGMENT	(defined(@FRAGMENT))	metal-shader-source-batch	crates/nuxie-renderer/src/mechanical_port/source/renderer/src/shaders/advanced_blend_glsl.rs	prepared	verified	required	preserve-directive-and-every-branch-in-artifact-source	artifact-generation-and-compile	cpp:renderer/src/shaders/advanced_blend.glsl:58
1	4ac7b32798da0482e441ef09304dc3b480ed3ee5	renderer/src/shaders/advanced_blend.glsl	pp-0103	60	78	1	1	60	#ifdef @ENABLE_KHR_BLEND	(defined(@FRAGMENT)) && (defined(@ENABLE_KHR_BLEND))	metal-shader-source-batch	crates/nuxie-renderer/src/mechanical_port/source/renderer/src/shaders/advanced_blend_glsl.rs	prepared	verified	required	preserve-directive-and-every-branch-in-artifact-source	artifact-generation-and-compile	cpp:renderer/src/shaders/advanced_blend.glsl:60
1	4ac7b32798da0482e441ef09304dc3b480ed3ee5	renderer/src/shaders/advanced_blend.glsl	pp-0104	62	76	2	1	62	#ifdef @ENABLE_HSL_BLEND_MODES	(defined(@FRAGMENT)) && (defined(@ENABLE_KHR_BLEND)) && (defined(@ENABLE_HSL_BLEND_MODES))	metal-shader-source-batch	crates/nuxie-renderer/src/mechanical_port/source/renderer/src/shaders/advanced_blend_glsl.rs	prepared	verified	required	preserve-directive-and-every-branch-in-artifact-source	artifact-generation-and-compile	cpp:renderer/src/shaders/advanced_blend.glsl:62
1	4ac7b32798da0482e441ef09304dc3b480ed3ee5	renderer/src/shaders/advanced_blend.glsl	pp-0104	62	76	2	2	64	#else	(defined(@FRAGMENT)) && (defined(@ENABLE_KHR_BLEND)) && (!((defined(@ENABLE_HSL_BLEND_MODES))))	metal-shader-source-batch	crates/nuxie-renderer/src/mechanical_port/source/renderer/src/shaders/advanced_blend_glsl.rs	prepared	verified	required	preserve-directive-and-every-branch-in-artifact-source	artifact-generation-and-compile	cpp:renderer/src/shaders/advanced_blend.glsl:64
1	4ac7b32798da0482e441ef09304dc3b480ed3ee5	renderer/src/shaders/advanced_blend.glsl	pp-0105	80	328	1	1	80	#ifdef @ENABLE_ADVANCED_BLEND	(defined(@FRAGMENT)) && (defined(@ENABLE_ADVANCED_BLEND))	metal-shader-source-batch	crates/nuxie-renderer/src/mechanical_port/source/renderer/src/shaders/advanced_blend_glsl.rs	prepared	verified	required	preserve-directive-and-every-branch-in-artifact-source	artifact-generation-and-compile	cpp:renderer/src/shaders/advanced_blend.glsl:80
1	4ac7b32798da0482e441ef09304dc3b480ed3ee5	renderer/src/shaders/advanced_blend.glsl	pp-0106	81	152	2	1	81	#ifdef @ENABLE_HSL_BLEND_MODES	(defined(@FRAGMENT)) && (defined(@ENABLE_ADVANCED_BLEND)) && (defined(@ENABLE_HSL_BLEND_MODES))	metal-shader-source-batch	crates/nuxie-renderer/src/mechanical_port/source/renderer/src/shaders/advanced_blend_glsl.rs	prepared	verified	required	preserve-directive-and-every-branch-in-artifact-source	artifact-generation-and-compile	cpp:renderer/src/shaders/advanced_blend.glsl:81
1	4ac7b32798da0482e441ef09304dc3b480ed3ee5	renderer/src/shaders/advanced_blend.glsl	pp-0107	253	284	2	1	253	#ifdef @ENABLE_HSL_BLEND_MODES	(defined(@FRAGMENT)) && (defined(@ENABLE_ADVANCED_BLEND)) && (defined(@ENABLE_HSL_BLEND_MODES))	metal-shader-source-batch	crates/nuxie-renderer/src/mechanical_port/source/renderer/src/shaders/advanced_blend_glsl.rs	prepared	verified	required	preserve-directive-and-every-branch-in-artifact-source	artifact-generation-and-compile	cpp:renderer/src/shaders/advanced_blend.glsl:253
1	4ac7b32798da0482e441ef09304dc3b480ed3ee5	renderer/src/shaders/atomic_draw.glsl	pp-0108	5	69	0	1	5	#ifdef @DRAW_PATH	(defined(@DRAW_PATH))	metal-shader-source-batch	crates/nuxie-renderer/src/mechanical_port/source/renderer/src/shaders/atomic_draw_glsl.rs	prepared	verified	required	preserve-directive-and-every-branch-in-artifact-source	artifact-generation-and-compile	cpp:renderer/src/shaders/atomic_draw.glsl:5
1	4ac7b32798da0482e441ef09304dc3b480ed3ee5	renderer/src/shaders/atomic_draw.glsl	pp-0109	6	13	1	1	6	#ifdef @VERTEX	(defined(@DRAW_PATH)) && (defined(@VERTEX))	metal-shader-source-batch	crates/nuxie-renderer/src/mechanical_port/source/renderer/src/shaders/atomic_draw_glsl.rs	prepared	verified	required	preserve-directive-and-every-branch-in-artifact-source	artifact-generation-and-compile	cpp:renderer/src/shaders/atomic_draw.glsl:6
1	4ac7b32798da0482e441ef09304dc3b480ed3ee5	renderer/src/shaders/atomic_draw.glsl	pp-0110	16	20	1	1	16	#ifdef @ENABLE_FEATHER	(defined(@DRAW_PATH)) && (defined(@ENABLE_FEATHER))	metal-shader-source-batch	crates/nuxie-renderer/src/mechanical_port/source/renderer/src/shaders/atomic_draw_glsl.rs	prepared	verified	required	preserve-directive-and-every-branch-in-artifact-source	artifact-generation-and-compile	cpp:renderer/src/shaders/atomic_draw.glsl:16
1	4ac7b32798da0482e441ef09304dc3b480ed3ee5	renderer/src/shaders/atomic_draw.glsl	pp-0110	16	20	1	2	18	#else	(defined(@DRAW_PATH)) && (!((defined(@ENABLE_FEATHER))))	metal-shader-source-batch	crates/nuxie-renderer/src/mechanical_port/source/renderer/src/shaders/atomic_draw_glsl.rs	prepared	verified	required	preserve-directive-and-every-branch-in-artifact-source	artifact-generation-and-compile	cpp:renderer/src/shaders/atomic_draw.glsl:18
1	4ac7b32798da0482e441ef09304dc3b480ed3ee5	renderer/src/shaders/atomic_draw.glsl	pp-0111	24	68	1	1	24	#ifdef @VERTEX	(defined(@DRAW_PATH)) && (defined(@VERTEX))	metal-shader-source-batch	crates/nuxie-renderer/src/mechanical_port/source/renderer/src/shaders/atomic_draw_glsl.rs	prepared	verified	required	preserve-directive-and-every-branch-in-artifact-source	artifact-generation-and-compile	cpp:renderer/src/shaders/atomic_draw.glsl:24
1	4ac7b32798da0482e441ef09304dc3b480ed3ee5	renderer/src/shaders/atomic_draw.glsl	pp-0112	30	34	2	1	30	#ifdef @ENABLE_FEATHER	(defined(@DRAW_PATH)) && (defined(@VERTEX)) && (defined(@ENABLE_FEATHER))	metal-shader-source-batch	crates/nuxie-renderer/src/mechanical_port/source/renderer/src/shaders/atomic_draw_glsl.rs	prepared	verified	required	preserve-directive-and-every-branch-in-artifact-source	artifact-generation-and-compile	cpp:renderer/src/shaders/atomic_draw.glsl:30
1	4ac7b32798da0482e441ef09304dc3b480ed3ee5	renderer/src/shaders/atomic_draw.glsl	pp-0112	30	34	2	2	32	#else	(defined(@DRAW_PATH)) && (defined(@VERTEX)) && (!((defined(@ENABLE_FEATHER))))	metal-shader-source-batch	crates/nuxie-renderer/src/mechanical_port/source/renderer/src/shaders/atomic_draw_glsl.rs	prepared	verified	required	preserve-directive-and-every-branch-in-artifact-source	artifact-generation-and-compile	cpp:renderer/src/shaders/atomic_draw.glsl:32
1	4ac7b32798da0482e441ef09304dc3b480ed3ee5	renderer/src/shaders/atomic_draw.glsl	pp-0113	48	52	2	1	48	#ifdef @ENABLE_FEATHER	(defined(@DRAW_PATH)) && (defined(@VERTEX)) && (defined(@ENABLE_FEATHER))	metal-shader-source-batch	crates/nuxie-renderer/src/mechanical_port/source/renderer/src/shaders/atomic_draw_glsl.rs	prepared	verified	required	preserve-directive-and-every-branch-in-artifact-source	artifact-generation-and-compile	cpp:renderer/src/shaders/atomic_draw.glsl:48
1	4ac7b32798da0482e441ef09304dc3b480ed3ee5	renderer/src/shaders/atomic_draw.glsl	pp-0113	48	52	2	2	50	#else	(defined(@DRAW_PATH)) && (defined(@VERTEX)) && (!((defined(@ENABLE_FEATHER))))	metal-shader-source-batch	crates/nuxie-renderer/src/mechanical_port/source/renderer/src/shaders/atomic_draw_glsl.rs	prepared	verified	required	preserve-directive-and-every-branch-in-artifact-source	artifact-generation-and-compile	cpp:renderer/src/shaders/atomic_draw.glsl:50
1	4ac7b32798da0482e441ef09304dc3b480ed3ee5	renderer/src/shaders/atomic_draw.glsl	pp-0114	71	124	0	1	71	#if defined(@DRAW_INTERIOR_TRIANGLES) || defined(@FEATHER_ATLAS_BLIT)	(defined(@DRAW_INTERIOR_TRIANGLES) || defined(@FEATHER_ATLAS_BLIT))	metal-shader-source-batch	crates/nuxie-renderer/src/mechanical_port/source/renderer/src/shaders/atomic_draw_glsl.rs	prepared	verified	required	preserve-directive-and-every-branch-in-artifact-source	artifact-generation-and-compile	cpp:renderer/src/shaders/atomic_draw.glsl:71
1	4ac7b32798da0482e441ef09304dc3b480ed3ee5	renderer/src/shaders/atomic_draw.glsl	pp-0115	72	76	1	1	72	#ifdef @VERTEX	(defined(@DRAW_INTERIOR_TRIANGLES) || defined(@FEATHER_ATLAS_BLIT)) && (defined(@VERTEX))	metal-shader-source-batch	crates/nuxie-renderer/src/mechanical_port/source/renderer/src/shaders/atomic_draw_glsl.rs	prepared	verified	required	preserve-directive-and-every-branch-in-artifact-source	artifact-generation-and-compile	cpp:renderer/src/shaders/atomic_draw.glsl:72
1	4ac7b32798da0482e441ef09304dc3b480ed3ee5	renderer/src/shaders/atomic_draw.glsl	pp-0116	79	83	1	1	79	#ifdef @FEATHER_ATLAS_BLIT	(defined(@DRAW_INTERIOR_TRIANGLES) || defined(@FEATHER_ATLAS_BLIT)) && (defined(@FEATHER_ATLAS_BLIT))	metal-shader-source-batch	crates/nuxie-renderer/src/mechanical_port/source/renderer/src/shaders/atomic_draw_glsl.rs	prepared	verified	required	preserve-directive-and-every-branch-in-artifact-source	artifact-generation-and-compile	cpp:renderer/src/shaders/atomic_draw.glsl:79
1	4ac7b32798da0482e441ef09304dc3b480ed3ee5	renderer/src/shaders/atomic_draw.glsl	pp-0116	79	83	1	2	81	#else	(defined(@DRAW_INTERIOR_TRIANGLES) || defined(@FEATHER_ATLAS_BLIT)) && (!((defined(@FEATHER_ATLAS_BLIT))))	metal-shader-source-batch	crates/nuxie-renderer/src/mechanical_port/source/renderer/src/shaders/atomic_draw_glsl.rs	prepared	verified	required	preserve-directive-and-every-branch-in-artifact-source	artifact-generation-and-compile	cpp:renderer/src/shaders/atomic_draw.glsl:81
1	4ac7b32798da0482e441ef09304dc3b480ed3ee5	renderer/src/shaders/atomic_draw.glsl	pp-0117	87	123	1	1	87	#ifdef @VERTEX	(defined(@DRAW_INTERIOR_TRIANGLES) || defined(@FEATHER_ATLAS_BLIT)) && (defined(@VERTEX))	metal-shader-source-batch	crates/nuxie-renderer/src/mechanical_port/source/renderer/src/shaders/atomic_draw_glsl.rs	prepared	verified	required	preserve-directive-and-every-branch-in-artifact-source	artifact-generation-and-compile	cpp:renderer/src/shaders/atomic_draw.glsl:87
1	4ac7b32798da0482e441ef09304dc3b480ed3ee5	renderer/src/shaders/atomic_draw.glsl	pp-0118	92	96	2	1	92	#ifdef @FEATHER_ATLAS_BLIT	(defined(@DRAW_INTERIOR_TRIANGLES) || defined(@FEATHER_ATLAS_BLIT)) && (defined(@VERTEX)) && (defined(@FEATHER_ATLAS_BLIT))	metal-shader-source-batch	crates/nuxie-renderer/src/mechanical_port/source/renderer/src/shaders/atomic_draw_glsl.rs	prepared	verified	required	preserve-directive-and-every-branch-in-artifact-source	artifact-generation-and-compile	cpp:renderer/src/shaders/atomic_draw.glsl:92
1	4ac7b32798da0482e441ef09304dc3b480ed3ee5	renderer/src/shaders/atomic_draw.glsl	pp-0118	92	96	2	2	94	#else	(defined(@DRAW_INTERIOR_TRIANGLES) || defined(@FEATHER_ATLAS_BLIT)) && (defined(@VERTEX)) && (!((defined(@FEATHER_ATLAS_BLIT))))	metal-shader-source-batch	crates/nuxie-renderer/src/mechanical_port/source/renderer/src/shaders/atomic_draw_glsl.rs	prepared	verified	required	preserve-directive-and-every-branch-in-artifact-source	artifact-generation-and-compile	cpp:renderer/src/shaders/atomic_draw.glsl:94
1	4ac7b32798da0482e441ef09304dc3b480ed3ee5	renderer/src/shaders/atomic_draw.glsl	pp-0119	101	111	2	1	101	#ifdef @FEATHER_ATLAS_BLIT	(defined(@DRAW_INTERIOR_TRIANGLES) || defined(@FEATHER_ATLAS_BLIT)) && (defined(@VERTEX)) && (defined(@FEATHER_ATLAS_BLIT))	metal-shader-source-batch	crates/nuxie-renderer/src/mechanical_port/source/renderer/src/shaders/atomic_draw_glsl.rs	prepared	verified	required	preserve-directive-and-every-branch-in-artifact-source	artifact-generation-and-compile	cpp:renderer/src/shaders/atomic_draw.glsl:101
1	4ac7b32798da0482e441ef09304dc3b480ed3ee5	renderer/src/shaders/atomic_draw.glsl	pp-0119	101	111	2	2	106	#else	(defined(@DRAW_INTERIOR_TRIANGLES) || defined(@FEATHER_ATLAS_BLIT)) && (defined(@VERTEX)) && (!((defined(@FEATHER_ATLAS_BLIT))))	metal-shader-source-batch	crates/nuxie-renderer/src/mechanical_port/source/renderer/src/shaders/atomic_draw_glsl.rs	prepared	verified	required	preserve-directive-and-every-branch-in-artifact-source	artifact-generation-and-compile	cpp:renderer/src/shaders/atomic_draw.glsl:106
1	4ac7b32798da0482e441ef09304dc3b480ed3ee5	renderer/src/shaders/atomic_draw.glsl	pp-0120	115	119	2	1	115	#ifdef @FEATHER_ATLAS_BLIT	(defined(@DRAW_INTERIOR_TRIANGLES) || defined(@FEATHER_ATLAS_BLIT)) && (defined(@VERTEX)) && (defined(@FEATHER_ATLAS_BLIT))	metal-shader-source-batch	crates/nuxie-renderer/src/mechanical_port/source/renderer/src/shaders/atomic_draw_glsl.rs	prepared	verified	required	preserve-directive-and-every-branch-in-artifact-source	artifact-generation-and-compile	cpp:renderer/src/shaders/atomic_draw.glsl:115
1	4ac7b32798da0482e441ef09304dc3b480ed3ee5	renderer/src/shaders/atomic_draw.glsl	pp-0120	115	119	2	2	117	#else	(defined(@DRAW_INTERIOR_TRIANGLES) || defined(@FEATHER_ATLAS_BLIT)) && (defined(@VERTEX)) && (!((defined(@FEATHER_ATLAS_BLIT))))	metal-shader-source-batch	crates/nuxie-renderer/src/mechanical_port/source/renderer/src/shaders/atomic_draw_glsl.rs	prepared	verified	required	preserve-directive-and-every-branch-in-artifact-source	artifact-generation-and-compile	cpp:renderer/src/shaders/atomic_draw.glsl:117
1	4ac7b32798da0482e441ef09304dc3b480ed3ee5	renderer/src/shaders/atomic_draw.glsl	pp-0121	126	411	0	1	126	#ifdef @DRAW_IMAGE_RECT	(defined(@DRAW_IMAGE_RECT))	metal-shader-source-batch	crates/nuxie-renderer/src/mechanical_port/source/renderer/src/shaders/atomic_draw_glsl.rs	prepared	verified	required	preserve-directive-and-every-branch-in-artifact-source	artifact-generation-and-compile	cpp:renderer/src/shaders/atomic_draw.glsl:126
1	4ac7b32798da0482e441ef09304dc3b480ed3ee5	renderer/src/shaders/atomic_draw.glsl	pp-0121	126	411	0	2	289	#elif defined(@DRAW_IMAGE_MESH)	(!((defined(@DRAW_IMAGE_RECT))) && (defined(@DRAW_IMAGE_MESH)))	metal-shader-source-batch	crates/nuxie-renderer/src/mechanical_port/source/renderer/src/shaders/atomic_draw_glsl.rs	prepared	verified	required	preserve-directive-and-every-branch-in-artifact-source	artifact-generation-and-compile	cpp:renderer/src/shaders/atomic_draw.glsl:289
1	4ac7b32798da0482e441ef09304dc3b480ed3ee5	renderer/src/shaders/atomic_draw.glsl	pp-0122	127	147	1	1	127	#ifdef @VERTEX	(defined(@DRAW_IMAGE_RECT)) && (defined(@VERTEX))	metal-shader-source-batch	crates/nuxie-renderer/src/mechanical_port/source/renderer/src/shaders/atomic_draw_glsl.rs	prepared	verified	required	preserve-directive-and-every-branch-in-artifact-source	artifact-generation-and-compile	cpp:renderer/src/shaders/atomic_draw.glsl:127
1	4ac7b32798da0482e441ef09304dc3b480ed3ee5	renderer/src/shaders/atomic_draw.glsl	pp-0123	138	145	2	1	138	#ifdef SPLIT_UINT4_ATTRIBUTES	(defined(@DRAW_IMAGE_RECT)) && (defined(@VERTEX)) && (defined(SPLIT_UINT4_ATTRIBUTES))	metal-shader-source-batch	crates/nuxie-renderer/src/mechanical_port/source/renderer/src/shaders/atomic_draw_glsl.rs	prepared	verified	required	preserve-directive-and-every-branch-in-artifact-source	artifact-generation-and-compile	cpp:renderer/src/shaders/atomic_draw.glsl:138
1	4ac7b32798da0482e441ef09304dc3b480ed3ee5	renderer/src/shaders/atomic_draw.glsl	pp-0123	138	145	2	2	143	#else	(defined(@DRAW_IMAGE_RECT)) && (defined(@VERTEX)) && (!((defined(SPLIT_UINT4_ATTRIBUTES))))	metal-shader-source-batch	crates/nuxie-renderer/src/mechanical_port/source/renderer/src/shaders/atomic_draw_glsl.rs	prepared	verified	required	preserve-directive-and-every-branch-in-artifact-source	artifact-generation-and-compile	cpp:renderer/src/shaders/atomic_draw.glsl:143
1	4ac7b32798da0482e441ef09304dc3b480ed3ee5	renderer/src/shaders/atomic_draw.glsl	pp-0124	152	154	1	1	152	#ifdef @ENABLE_CLIP_RECT	(defined(@DRAW_IMAGE_RECT)) && (defined(@ENABLE_CLIP_RECT))	metal-shader-source-batch	crates/nuxie-renderer/src/mechanical_port/source/renderer/src/shaders/atomic_draw_glsl.rs	prepared	verified	required	preserve-directive-and-every-branch-in-artifact-source	artifact-generation-and-compile	cpp:renderer/src/shaders/atomic_draw.glsl:152
1	4ac7b32798da0482e441ef09304dc3b480ed3ee5	renderer/src/shaders/atomic_draw.glsl	pp-0125	156	158	1	1	156	#ifdef @ENABLE_CLIPPING	(defined(@DRAW_IMAGE_RECT)) && (defined(@ENABLE_CLIPPING))	metal-shader-source-batch	crates/nuxie-renderer/src/mechanical_port/source/renderer/src/shaders/atomic_draw_glsl.rs	prepared	verified	required	preserve-directive-and-every-branch-in-artifact-source	artifact-generation-and-compile	cpp:renderer/src/shaders/atomic_draw.glsl:156
1	4ac7b32798da0482e441ef09304dc3b480ed3ee5	renderer/src/shaders/atomic_draw.glsl	pp-0126	159	161	1	1	159	#ifdef @ENABLE_ADVANCED_BLEND	(defined(@DRAW_IMAGE_RECT)) && (defined(@ENABLE_ADVANCED_BLEND))	metal-shader-source-batch	crates/nuxie-renderer/src/mechanical_port/source/renderer/src/shaders/atomic_draw_glsl.rs	prepared	verified	required	preserve-directive-and-every-branch-in-artifact-source	artifact-generation-and-compile	cpp:renderer/src/shaders/atomic_draw.glsl:159
1	4ac7b32798da0482e441ef09304dc3b480ed3ee5	renderer/src/shaders/atomic_draw.glsl	pp-0127	164	287	1	1	164	#ifdef @VERTEX	(defined(@DRAW_IMAGE_RECT)) && (defined(@VERTEX))	metal-shader-source-batch	crates/nuxie-renderer/src/mechanical_port/source/renderer/src/shaders/atomic_draw_glsl.rs	prepared	verified	required	preserve-directive-and-every-branch-in-artifact-source	artifact-generation-and-compile	cpp:renderer/src/shaders/atomic_draw.glsl:164
1	4ac7b32798da0482e441ef09304dc3b480ed3ee5	renderer/src/shaders/atomic_draw.glsl	pp-0128	180	191	2	1	180	#ifdef SPLIT_UINT4_ATTRIBUTES	(defined(@DRAW_IMAGE_RECT)) && (defined(@VERTEX)) && (defined(SPLIT_UINT4_ATTRIBUTES))	metal-shader-source-batch	crates/nuxie-renderer/src/mechanical_port/source/renderer/src/shaders/atomic_draw_glsl.rs	prepared	verified	required	preserve-directive-and-every-branch-in-artifact-source	artifact-generation-and-compile	cpp:renderer/src/shaders/atomic_draw.glsl:180
1	4ac7b32798da0482e441ef09304dc3b480ed3ee5	renderer/src/shaders/atomic_draw.glsl	pp-0128	180	191	2	2	189	#else	(defined(@DRAW_IMAGE_RECT)) && (defined(@VERTEX)) && (!((defined(SPLIT_UINT4_ATTRIBUTES))))	metal-shader-source-batch	crates/nuxie-renderer/src/mechanical_port/source/renderer/src/shaders/atomic_draw_glsl.rs	prepared	verified	required	preserve-directive-and-every-branch-in-artifact-source	artifact-generation-and-compile	cpp:renderer/src/shaders/atomic_draw.glsl:189
1	4ac7b32798da0482e441ef09304dc3b480ed3ee5	renderer/src/shaders/atomic_draw.glsl	pp-0129	195	197	2	1	195	#ifdef @ENABLE_CLIP_RECT	(defined(@DRAW_IMAGE_RECT)) && (defined(@VERTEX)) && (defined(@ENABLE_CLIP_RECT))	metal-shader-source-batch	crates/nuxie-renderer/src/mechanical_port/source/renderer/src/shaders/atomic_draw_glsl.rs	prepared	verified	required	preserve-directive-and-every-branch-in-artifact-source	artifact-generation-and-compile	cpp:renderer/src/shaders/atomic_draw.glsl:195
1	4ac7b32798da0482e441ef09304dc3b480ed3ee5	renderer/src/shaders/atomic_draw.glsl	pp-0130	199	201	2	1	199	#ifdef @ENABLE_CLIPPING	(defined(@DRAW_IMAGE_RECT)) && (defined(@VERTEX)) && (defined(@ENABLE_CLIPPING))	metal-shader-source-batch	crates/nuxie-renderer/src/mechanical_port/source/renderer/src/shaders/atomic_draw_glsl.rs	prepared	verified	required	preserve-directive-and-every-branch-in-artifact-source	artifact-generation-and-compile	cpp:renderer/src/shaders/atomic_draw.glsl:199
1	4ac7b32798da0482e441ef09304dc3b480ed3ee5	renderer/src/shaders/atomic_draw.glsl	pp-0131	202	204	2	1	202	#ifdef @ENABLE_ADVANCED_BLEND	(defined(@DRAW_IMAGE_RECT)) && (defined(@VERTEX)) && (defined(@ENABLE_ADVANCED_BLEND))	metal-shader-source-batch	crates/nuxie-renderer/src/mechanical_port/source/renderer/src/shaders/atomic_draw_glsl.rs	prepared	verified	required	preserve-directive-and-every-branch-in-artifact-source	artifact-generation-and-compile	cpp:renderer/src/shaders/atomic_draw.glsl:202
1	4ac7b32798da0482e441ef09304dc3b480ed3ee5	renderer/src/shaders/atomic_draw.glsl	pp-0132	253	261	2	1	253	#ifdef @ENABLE_CLIP_RECT	(defined(@DRAW_IMAGE_RECT)) && (defined(@VERTEX)) && (defined(@ENABLE_CLIP_RECT))	metal-shader-source-batch	crates/nuxie-renderer/src/mechanical_port/source/renderer/src/shaders/atomic_draw_glsl.rs	prepared	verified	required	preserve-directive-and-every-branch-in-artifact-source	artifact-generation-and-compile	cpp:renderer/src/shaders/atomic_draw.glsl:253
1	4ac7b32798da0482e441ef09304dc3b480ed3ee5	renderer/src/shaders/atomic_draw.glsl	pp-0133	264	266	2	1	264	#ifdef @ENABLE_CLIPPING	(defined(@DRAW_IMAGE_RECT)) && (defined(@VERTEX)) && (defined(@ENABLE_CLIPPING))	metal-shader-source-batch	crates/nuxie-renderer/src/mechanical_port/source/renderer/src/shaders/atomic_draw_glsl.rs	prepared	verified	required	preserve-directive-and-every-branch-in-artifact-source	artifact-generation-and-compile	cpp:renderer/src/shaders/atomic_draw.glsl:264
1	4ac7b32798da0482e441ef09304dc3b480ed3ee5	renderer/src/shaders/atomic_draw.glsl	pp-0134	267	269	2	1	267	#ifdef @ENABLE_ADVANCED_BLEND	(defined(@DRAW_IMAGE_RECT)) && (defined(@VERTEX)) && (defined(@ENABLE_ADVANCED_BLEND))	metal-shader-source-batch	crates/nuxie-renderer/src/mechanical_port/source/renderer/src/shaders/atomic_draw_glsl.rs	prepared	verified	required	preserve-directive-and-every-branch-in-artifact-source	artifact-generation-and-compile	cpp:renderer/src/shaders/atomic_draw.glsl:267
1	4ac7b32798da0482e441ef09304dc3b480ed3ee5	renderer/src/shaders/atomic_draw.glsl	pp-0135	275	277	2	1	275	#ifdef @ENABLE_CLIP_RECT	(defined(@DRAW_IMAGE_RECT)) && (defined(@VERTEX)) && (defined(@ENABLE_CLIP_RECT))	metal-shader-source-batch	crates/nuxie-renderer/src/mechanical_port/source/renderer/src/shaders/atomic_draw_glsl.rs	prepared	verified	required	preserve-directive-and-every-branch-in-artifact-source	artifact-generation-and-compile	cpp:renderer/src/shaders/atomic_draw.glsl:275
1	4ac7b32798da0482e441ef09304dc3b480ed3ee5	renderer/src/shaders/atomic_draw.glsl	pp-0136	279	281	2	1	279	#ifdef @ENABLE_CLIPPING	(defined(@DRAW_IMAGE_RECT)) && (defined(@VERTEX)) && (defined(@ENABLE_CLIPPING))	metal-shader-source-batch	crates/nuxie-renderer/src/mechanical_port/source/renderer/src/shaders/atomic_draw_glsl.rs	prepared	verified	required	preserve-directive-and-every-branch-in-artifact-source	artifact-generation-and-compile	cpp:renderer/src/shaders/atomic_draw.glsl:279
1	4ac7b32798da0482e441ef09304dc3b480ed3ee5	renderer/src/shaders/atomic_draw.glsl	pp-0137	282	284	2	1	282	#ifdef @ENABLE_ADVANCED_BLEND	(defined(@DRAW_IMAGE_RECT)) && (defined(@VERTEX)) && (defined(@ENABLE_ADVANCED_BLEND))	metal-shader-source-batch	crates/nuxie-renderer/src/mechanical_port/source/renderer/src/shaders/atomic_draw_glsl.rs	prepared	verified	required	preserve-directive-and-every-branch-in-artifact-source	artifact-generation-and-compile	cpp:renderer/src/shaders/atomic_draw.glsl:282
1	4ac7b32798da0482e441ef09304dc3b480ed3ee5	renderer/src/shaders/atomic_draw.glsl	pp-0138	290	314	1	1	290	#ifdef @VERTEX	(!((defined(@DRAW_IMAGE_RECT))) && (defined(@DRAW_IMAGE_MESH))) && (defined(@VERTEX))	metal-shader-source-batch	crates/nuxie-renderer/src/mechanical_port/source/renderer/src/shaders/atomic_draw_glsl.rs	prepared	verified	required	preserve-directive-and-every-branch-in-artifact-source	artifact-generation-and-compile	cpp:renderer/src/shaders/atomic_draw.glsl:290
1	4ac7b32798da0482e441ef09304dc3b480ed3ee5	renderer/src/shaders/atomic_draw.glsl	pp-0139	305	312	2	1	305	#ifdef SPLIT_UINT4_ATTRIBUTES	(!((defined(@DRAW_IMAGE_RECT))) && (defined(@DRAW_IMAGE_MESH))) && (defined(@VERTEX)) && (defined(SPLIT_UINT4_ATTRIBUTES))	metal-shader-source-batch	crates/nuxie-renderer/src/mechanical_port/source/renderer/src/shaders/atomic_draw_glsl.rs	prepared	verified	required	preserve-directive-and-every-branch-in-artifact-source	artifact-generation-and-compile	cpp:renderer/src/shaders/atomic_draw.glsl:305
1	4ac7b32798da0482e441ef09304dc3b480ed3ee5	renderer/src/shaders/atomic_draw.glsl	pp-0139	305	312	2	2	310	#else	(!((defined(@DRAW_IMAGE_RECT))) && (defined(@DRAW_IMAGE_MESH))) && (defined(@VERTEX)) && (!((defined(SPLIT_UINT4_ATTRIBUTES))))	metal-shader-source-batch	crates/nuxie-renderer/src/mechanical_port/source/renderer/src/shaders/atomic_draw_glsl.rs	prepared	verified	required	preserve-directive-and-every-branch-in-artifact-source	artifact-generation-and-compile	cpp:renderer/src/shaders/atomic_draw.glsl:310
1	4ac7b32798da0482e441ef09304dc3b480ed3ee5	renderer/src/shaders/atomic_draw.glsl	pp-0140	318	320	1	1	318	#ifdef @ENABLE_CLIP_RECT	(!((defined(@DRAW_IMAGE_RECT))) && (defined(@DRAW_IMAGE_MESH))) && (defined(@ENABLE_CLIP_RECT))	metal-shader-source-batch	crates/nuxie-renderer/src/mechanical_port/source/renderer/src/shaders/atomic_draw_glsl.rs	prepared	verified	required	preserve-directive-and-every-branch-in-artifact-source	artifact-generation-and-compile	cpp:renderer/src/shaders/atomic_draw.glsl:318
1	4ac7b32798da0482e441ef09304dc3b480ed3ee5	renderer/src/shaders/atomic_draw.glsl	pp-0141	322	324	1	1	322	#ifdef @ENABLE_CLIPPING	(!((defined(@DRAW_IMAGE_RECT))) && (defined(@DRAW_IMAGE_MESH))) && (defined(@ENABLE_CLIPPING))	metal-shader-source-batch	crates/nuxie-renderer/src/mechanical_port/source/renderer/src/shaders/atomic_draw_glsl.rs	prepared	verified	required	preserve-directive-and-every-branch-in-artifact-source	artifact-generation-and-compile	cpp:renderer/src/shaders/atomic_draw.glsl:322
1	4ac7b32798da0482e441ef09304dc3b480ed3ee5	renderer/src/shaders/atomic_draw.glsl	pp-0142	325	327	1	1	325	#ifdef @ENABLE_ADVANCED_BLEND	(!((defined(@DRAW_IMAGE_RECT))) && (defined(@DRAW_IMAGE_MESH))) && (defined(@ENABLE_ADVANCED_BLEND))	metal-shader-source-batch	crates/nuxie-renderer/src/mechanical_port/source/renderer/src/shaders/atomic_draw_glsl.rs	prepared	verified	required	preserve-directive-and-every-branch-in-artifact-source	artifact-generation-and-compile	cpp:renderer/src/shaders/atomic_draw.glsl:325
1	4ac7b32798da0482e441ef09304dc3b480ed3ee5	renderer/src/shaders/atomic_draw.glsl	pp-0143	330	410	1	1	330	#ifdef @VERTEX	(!((defined(@DRAW_IMAGE_RECT))) && (defined(@DRAW_IMAGE_MESH))) && (defined(@VERTEX))	metal-shader-source-batch	crates/nuxie-renderer/src/mechanical_port/source/renderer/src/shaders/atomic_draw_glsl.rs	prepared	verified	required	preserve-directive-and-every-branch-in-artifact-source	artifact-generation-and-compile	cpp:renderer/src/shaders/atomic_draw.glsl:330
1	4ac7b32798da0482e441ef09304dc3b480ed3ee5	renderer/src/shaders/atomic_draw.glsl	pp-0144	348	359	2	1	348	#ifdef SPLIT_UINT4_ATTRIBUTES	(!((defined(@DRAW_IMAGE_RECT))) && (defined(@DRAW_IMAGE_MESH))) && (defined(@VERTEX)) && (defined(SPLIT_UINT4_ATTRIBUTES))	metal-shader-source-batch	crates/nuxie-renderer/src/mechanical_port/source/renderer/src/shaders/atomic_draw_glsl.rs	prepared	verified	required	preserve-directive-and-every-branch-in-artifact-source	artifact-generation-and-compile	cpp:renderer/src/shaders/atomic_draw.glsl:348
1	4ac7b32798da0482e441ef09304dc3b480ed3ee5	renderer/src/shaders/atomic_draw.glsl	pp-0144	348	359	2	2	357	#else	(!((defined(@DRAW_IMAGE_RECT))) && (defined(@DRAW_IMAGE_MESH))) && (defined(@VERTEX)) && (!((defined(SPLIT_UINT4_ATTRIBUTES))))	metal-shader-source-batch	crates/nuxie-renderer/src/mechanical_port/source/renderer/src/shaders/atomic_draw_glsl.rs	prepared	verified	required	preserve-directive-and-every-branch-in-artifact-source	artifact-generation-and-compile	cpp:renderer/src/shaders/atomic_draw.glsl:357
1	4ac7b32798da0482e441ef09304dc3b480ed3ee5	renderer/src/shaders/atomic_draw.glsl	pp-0145	362	364	2	1	362	#ifdef @ENABLE_CLIP_RECT	(!((defined(@DRAW_IMAGE_RECT))) && (defined(@DRAW_IMAGE_MESH))) && (defined(@VERTEX)) && (defined(@ENABLE_CLIP_RECT))	metal-shader-source-batch	crates/nuxie-renderer/src/mechanical_port/source/renderer/src/shaders/atomic_draw_glsl.rs	prepared	verified	required	preserve-directive-and-every-branch-in-artifact-source	artifact-generation-and-compile	cpp:renderer/src/shaders/atomic_draw.glsl:362
1	4ac7b32798da0482e441ef09304dc3b480ed3ee5	renderer/src/shaders/atomic_draw.glsl	pp-0146	366	368	2	1	366	#ifdef @ENABLE_CLIPPING	(!((defined(@DRAW_IMAGE_RECT))) && (defined(@DRAW_IMAGE_MESH))) && (defined(@VERTEX)) && (defined(@ENABLE_CLIPPING))	metal-shader-source-batch	crates/nuxie-renderer/src/mechanical_port/source/renderer/src/shaders/atomic_draw_glsl.rs	prepared	verified	required	preserve-directive-and-every-branch-in-artifact-source	artifact-generation-and-compile	cpp:renderer/src/shaders/atomic_draw.glsl:366
1	4ac7b32798da0482e441ef09304dc3b480ed3ee5	renderer/src/shaders/atomic_draw.glsl	pp-0147	369	371	2	1	369	#ifdef @ENABLE_ADVANCED_BLEND	(!((defined(@DRAW_IMAGE_RECT))) && (defined(@DRAW_IMAGE_MESH))) && (defined(@VERTEX)) && (defined(@ENABLE_ADVANCED_BLEND))	metal-shader-source-batch	crates/nuxie-renderer/src/mechanical_port/source/renderer/src/shaders/atomic_draw_glsl.rs	prepared	verified	required	preserve-directive-and-every-branch-in-artifact-source	artifact-generation-and-compile	cpp:renderer/src/shaders/atomic_draw.glsl:369
1	4ac7b32798da0482e441ef09304dc3b480ed3ee5	renderer/src/shaders/atomic_draw.glsl	pp-0148	377	385	2	1	377	#ifdef @ENABLE_CLIP_RECT	(!((defined(@DRAW_IMAGE_RECT))) && (defined(@DRAW_IMAGE_MESH))) && (defined(@VERTEX)) && (defined(@ENABLE_CLIP_RECT))	metal-shader-source-batch	crates/nuxie-renderer/src/mechanical_port/source/renderer/src/shaders/atomic_draw_glsl.rs	prepared	verified	required	preserve-directive-and-every-branch-in-artifact-source	artifact-generation-and-compile	cpp:renderer/src/shaders/atomic_draw.glsl:377
1	4ac7b32798da0482e441ef09304dc3b480ed3ee5	renderer/src/shaders/atomic_draw.glsl	pp-0149	388	390	2	1	388	#ifdef @ENABLE_CLIPPING	(!((defined(@DRAW_IMAGE_RECT))) && (defined(@DRAW_IMAGE_MESH))) && (defined(@VERTEX)) && (defined(@ENABLE_CLIPPING))	metal-shader-source-batch	crates/nuxie-renderer/src/mechanical_port/source/renderer/src/shaders/atomic_draw_glsl.rs	prepared	verified	required	preserve-directive-and-every-branch-in-artifact-source	artifact-generation-and-compile	cpp:renderer/src/shaders/atomic_draw.glsl:388
1	4ac7b32798da0482e441ef09304dc3b480ed3ee5	renderer/src/shaders/atomic_draw.glsl	pp-0150	391	393	2	1	391	#ifdef @ENABLE_ADVANCED_BLEND	(!((defined(@DRAW_IMAGE_RECT))) && (defined(@DRAW_IMAGE_MESH))) && (defined(@VERTEX)) && (defined(@ENABLE_ADVANCED_BLEND))	metal-shader-source-batch	crates/nuxie-renderer/src/mechanical_port/source/renderer/src/shaders/atomic_draw_glsl.rs	prepared	verified	required	preserve-directive-and-every-branch-in-artifact-source	artifact-generation-and-compile	cpp:renderer/src/shaders/atomic_draw.glsl:391
1	4ac7b32798da0482e441ef09304dc3b480ed3ee5	renderer/src/shaders/atomic_draw.glsl	pp-0151	398	400	2	1	398	#ifdef @ENABLE_CLIP_RECT	(!((defined(@DRAW_IMAGE_RECT))) && (defined(@DRAW_IMAGE_MESH))) && (defined(@VERTEX)) && (defined(@ENABLE_CLIP_RECT))	metal-shader-source-batch	crates/nuxie-renderer/src/mechanical_port/source/renderer/src/shaders/atomic_draw_glsl.rs	prepared	verified	required	preserve-directive-and-every-branch-in-artifact-source	artifact-generation-and-compile	cpp:renderer/src/shaders/atomic_draw.glsl:398
1	4ac7b32798da0482e441ef09304dc3b480ed3ee5	renderer/src/shaders/atomic_draw.glsl	pp-0152	402	404	2	1	402	#ifdef @ENABLE_CLIPPING	(!((defined(@DRAW_IMAGE_RECT))) && (defined(@DRAW_IMAGE_MESH))) && (defined(@VERTEX)) && (defined(@ENABLE_CLIPPING))	metal-shader-source-batch	crates/nuxie-renderer/src/mechanical_port/source/renderer/src/shaders/atomic_draw_glsl.rs	prepared	verified	required	preserve-directive-and-every-branch-in-artifact-source	artifact-generation-and-compile	cpp:renderer/src/shaders/atomic_draw.glsl:402
1	4ac7b32798da0482e441ef09304dc3b480ed3ee5	renderer/src/shaders/atomic_draw.glsl	pp-0153	405	407	2	1	405	#ifdef @ENABLE_ADVANCED_BLEND	(!((defined(@DRAW_IMAGE_RECT))) && (defined(@DRAW_IMAGE_MESH))) && (defined(@VERTEX)) && (defined(@ENABLE_ADVANCED_BLEND))	metal-shader-source-batch	crates/nuxie-renderer/src/mechanical_port/source/renderer/src/shaders/atomic_draw_glsl.rs	prepared	verified	required	preserve-directive-and-every-branch-in-artifact-source	artifact-generation-and-compile	cpp:renderer/src/shaders/atomic_draw.glsl:405
1	4ac7b32798da0482e441ef09304dc3b480ed3ee5	renderer/src/shaders/atomic_draw.glsl	pp-0154	413	434	0	1	413	#ifdef @DRAW_RENDER_TARGET_UPDATE_BOUNDS	(defined(@DRAW_RENDER_TARGET_UPDATE_BOUNDS))	metal-shader-source-batch	crates/nuxie-renderer/src/mechanical_port/source/renderer/src/shaders/atomic_draw_glsl.rs	prepared	verified	required	preserve-directive-and-every-branch-in-artifact-source	artifact-generation-and-compile	cpp:renderer/src/shaders/atomic_draw.glsl:413
1	4ac7b32798da0482e441ef09304dc3b480ed3ee5	renderer/src/shaders/atomic_draw.glsl	pp-0155	414	417	1	1	414	#ifdef @VERTEX	(defined(@DRAW_RENDER_TARGET_UPDATE_BOUNDS)) && (defined(@VERTEX))	metal-shader-source-batch	crates/nuxie-renderer/src/mechanical_port/source/renderer/src/shaders/atomic_draw_glsl.rs	prepared	verified	required	preserve-directive-and-every-branch-in-artifact-source	artifact-generation-and-compile	cpp:renderer/src/shaders/atomic_draw.glsl:414
1	4ac7b32798da0482e441ef09304dc3b480ed3ee5	renderer/src/shaders/atomic_draw.glsl	pp-0156	422	433	1	1	422	#ifdef @VERTEX	(defined(@DRAW_RENDER_TARGET_UPDATE_BOUNDS)) && (defined(@VERTEX))	metal-shader-source-batch	crates/nuxie-renderer/src/mechanical_port/source/renderer/src/shaders/atomic_draw_glsl.rs	prepared	verified	required	preserve-directive-and-every-branch-in-artifact-source	artifact-generation-and-compile	cpp:renderer/src/shaders/atomic_draw.glsl:422
1	4ac7b32798da0482e441ef09304dc3b480ed3ee5	renderer/src/shaders/atomic_draw.glsl	pp-0157	436	438	0	1	436	#ifdef @DRAW_IMAGE	(defined(@DRAW_IMAGE))	metal-shader-source-batch	crates/nuxie-renderer/src/mechanical_port/source/renderer/src/shaders/atomic_draw_glsl.rs	prepared	verified	required	preserve-directive-and-every-branch-in-artifact-source	artifact-generation-and-compile	cpp:renderer/src/shaders/atomic_draw.glsl:436
1	4ac7b32798da0482e441ef09304dc3b480ed3ee5	renderer/src/shaders/atomic_draw.glsl	pp-0158	446	448	0	1	446	#if defined(@INITIALIZE_PLS) && !defined(@FIXED_FUNCTION_COLOR_OUTPUT)	(defined(@INITIALIZE_PLS) && !defined(@FIXED_FUNCTION_COLOR_OUTPUT))	metal-shader-source-batch	crates/nuxie-renderer/src/mechanical_port/source/renderer/src/shaders/atomic_draw_glsl.rs	prepared	verified	required	preserve-directive-and-every-branch-in-artifact-source	artifact-generation-and-compile	cpp:renderer/src/shaders/atomic_draw.glsl:446
1	4ac7b32798da0482e441ef09304dc3b480ed3ee5	renderer/src/shaders/atomic_draw.glsl	pp-0159	450	1104	0	1	450	#ifdef @FRAGMENT	(defined(@FRAGMENT))	metal-shader-source-batch	crates/nuxie-renderer/src/mechanical_port/source/renderer/src/shaders/atomic_draw_glsl.rs	prepared	verified	required	preserve-directive-and-every-branch-in-artifact-source	artifact-generation-and-compile	cpp:renderer/src/shaders/atomic_draw.glsl:450
1	4ac7b32798da0482e441ef09304dc3b480ed3ee5	renderer/src/shaders/atomic_draw.glsl	pp-0160	454	467	1	1	454	#ifndef @FIXED_FUNCTION_COLOR_OUTPUT	(defined(@FRAGMENT)) && (!defined(@FIXED_FUNCTION_COLOR_OUTPUT))	metal-shader-source-batch	crates/nuxie-renderer/src/mechanical_port/source/renderer/src/shaders/atomic_draw_glsl.rs	prepared	verified	required	preserve-directive-and-every-branch-in-artifact-source	artifact-generation-and-compile	cpp:renderer/src/shaders/atomic_draw.glsl:454
1	4ac7b32798da0482e441ef09304dc3b480ed3ee5	renderer/src/shaders/atomic_draw.glsl	pp-0161	455	461	2	1	455	#ifdef @COLOR_PLANE_IDX_OVERRIDE	(defined(@FRAGMENT)) && (!defined(@FIXED_FUNCTION_COLOR_OUTPUT)) && (defined(@COLOR_PLANE_IDX_OVERRIDE))	metal-shader-source-batch	crates/nuxie-renderer/src/mechanical_port/source/renderer/src/shaders/atomic_draw_glsl.rs	prepared	verified	required	preserve-directive-and-every-branch-in-artifact-source	artifact-generation-and-compile	cpp:renderer/src/shaders/atomic_draw.glsl:455
1	4ac7b32798da0482e441ef09304dc3b480ed3ee5	renderer/src/shaders/atomic_draw.glsl	pp-0161	455	461	2	2	459	#else	(defined(@FRAGMENT)) && (!defined(@FIXED_FUNCTION_COLOR_OUTPUT)) && (!((defined(@COLOR_PLANE_IDX_OVERRIDE))))	metal-shader-source-batch	crates/nuxie-renderer/src/mechanical_port/source/renderer/src/shaders/atomic_draw_glsl.rs	prepared	verified	required	preserve-directive-and-every-branch-in-artifact-source	artifact-generation-and-compile	cpp:renderer/src/shaders/atomic_draw.glsl:459
1	4ac7b32798da0482e441ef09304dc3b480ed3ee5	renderer/src/shaders/atomic_draw.glsl	pp-0162	462	466	2	1	462	#ifdef @COALESCED_PLS_RESOLVE_AND_TRANSFER	(defined(@FRAGMENT)) && (!defined(@FIXED_FUNCTION_COLOR_OUTPUT)) && (defined(@COALESCED_PLS_RESOLVE_AND_TRANSFER))	metal-shader-source-batch	crates/nuxie-renderer/src/mechanical_port/source/renderer/src/shaders/atomic_draw_glsl.rs	prepared	verified	required	preserve-directive-and-every-branch-in-artifact-source	artifact-generation-and-compile	cpp:renderer/src/shaders/atomic_draw.glsl:462
1	4ac7b32798da0482e441ef09304dc3b480ed3ee5	renderer/src/shaders/atomic_draw.glsl	pp-0162	462	466	2	2	464	#else	(defined(@FRAGMENT)) && (!defined(@FIXED_FUNCTION_COLOR_OUTPUT)) && (!((defined(@COALESCED_PLS_RESOLVE_AND_TRANSFER))))	metal-shader-source-batch	crates/nuxie-renderer/src/mechanical_port/source/renderer/src/shaders/atomic_draw_glsl.rs	prepared	verified	required	preserve-directive-and-every-branch-in-artifact-source	artifact-generation-and-compile	cpp:renderer/src/shaders/atomic_draw.glsl:464
1	4ac7b32798da0482e441ef09304dc3b480ed3ee5	renderer/src/shaders/atomic_draw.glsl	pp-0163	468	494	1	1	468	#ifdef @PLS_BLEND_SRC_OVER	(defined(@FRAGMENT)) && (defined(@PLS_BLEND_SRC_OVER))	metal-shader-source-batch	crates/nuxie-renderer/src/mechanical_port/source/renderer/src/shaders/atomic_draw_glsl.rs	prepared	verified	required	preserve-directive-and-every-branch-in-artifact-source	artifact-generation-and-compile	cpp:renderer/src/shaders/atomic_draw.glsl:468
1	4ac7b32798da0482e441ef09304dc3b480ed3ee5	renderer/src/shaders/atomic_draw.glsl	pp-0163	468	494	1	2	484	#else	(defined(@FRAGMENT)) && (!((defined(@PLS_BLEND_SRC_OVER))))	metal-shader-source-batch	crates/nuxie-renderer/src/mechanical_port/source/renderer/src/shaders/atomic_draw_glsl.rs	prepared	verified	required	preserve-directive-and-every-branch-in-artifact-source	artifact-generation-and-compile	cpp:renderer/src/shaders/atomic_draw.glsl:484
1	4ac7b32798da0482e441ef09304dc3b480ed3ee5	renderer/src/shaders/atomic_draw.glsl	pp-0164	477	483	2	1	477	#ifdef @ENABLE_CLIPPING	(defined(@FRAGMENT)) && (defined(@PLS_BLEND_SRC_OVER)) && (defined(@ENABLE_CLIPPING))	metal-shader-source-batch	crates/nuxie-renderer/src/mechanical_port/source/renderer/src/shaders/atomic_draw_glsl.rs	prepared	verified	required	preserve-directive-and-every-branch-in-artifact-source	artifact-generation-and-compile	cpp:renderer/src/shaders/atomic_draw.glsl:477
1	4ac7b32798da0482e441ef09304dc3b480ed3ee5	renderer/src/shaders/atomic_draw.glsl	pp-0165	478	482	3	1	478	#ifndef @RESOLVE_PLS	(defined(@FRAGMENT)) && (defined(@PLS_BLEND_SRC_OVER)) && (defined(@ENABLE_CLIPPING)) && (!defined(@RESOLVE_PLS))	metal-shader-source-batch	crates/nuxie-renderer/src/mechanical_port/source/renderer/src/shaders/atomic_draw_glsl.rs	prepared	verified	required	preserve-directive-and-every-branch-in-artifact-source	artifact-generation-and-compile	cpp:renderer/src/shaders/atomic_draw.glsl:478
1	4ac7b32798da0482e441ef09304dc3b480ed3ee5	renderer/src/shaders/atomic_draw.glsl	pp-0165	478	482	3	2	480	#else	(defined(@FRAGMENT)) && (defined(@PLS_BLEND_SRC_OVER)) && (defined(@ENABLE_CLIPPING)) && (!((!defined(@RESOLVE_PLS))))	metal-shader-source-batch	crates/nuxie-renderer/src/mechanical_port/source/renderer/src/shaders/atomic_draw_glsl.rs	prepared	verified	required	preserve-directive-and-every-branch-in-artifact-source	artifact-generation-and-compile	cpp:renderer/src/shaders/atomic_draw.glsl:480
1	4ac7b32798da0482e441ef09304dc3b480ed3ee5	renderer/src/shaders/atomic_draw.glsl	pp-0166	491	493	2	1	491	#ifdef @ENABLE_CLIPPING	(defined(@FRAGMENT)) && (!((defined(@PLS_BLEND_SRC_OVER)))) && (defined(@ENABLE_CLIPPING))	metal-shader-source-batch	crates/nuxie-renderer/src/mechanical_port/source/renderer/src/shaders/atomic_draw_glsl.rs	prepared	verified	required	preserve-directive-and-every-branch-in-artifact-source	artifact-generation-and-compile	cpp:renderer/src/shaders/atomic_draw.glsl:491
1	4ac7b32798da0482e441ef09304dc3b480ed3ee5	renderer/src/shaders/atomic_draw.glsl	pp-0167	517	523	1	1	517	#ifdef @NEEDS_PATH_ID_CLAMP_WORKAROUND	(defined(@FRAGMENT)) && (defined(@NEEDS_PATH_ID_CLAMP_WORKAROUND))	metal-shader-source-batch	crates/nuxie-renderer/src/mechanical_port/source/renderer/src/shaders/atomic_draw_glsl.rs	prepared	verified	required	preserve-directive-and-every-branch-in-artifact-source	artifact-generation-and-compile	cpp:renderer/src/shaders/atomic_draw.glsl:517
1	4ac7b32798da0482e441ef09304dc3b480ed3ee5	renderer/src/shaders/atomic_draw.glsl	pp-0168	527	549	1	1	527	#ifdef @ENABLE_CLIPPING	(defined(@FRAGMENT)) && (defined(@ENABLE_CLIPPING))	metal-shader-source-batch	crates/nuxie-renderer/src/mechanical_port/source/renderer/src/shaders/atomic_draw_glsl.rs	prepared	verified	required	preserve-directive-and-every-branch-in-artifact-source	artifact-generation-and-compile	cpp:renderer/src/shaders/atomic_draw.glsl:527
1	4ac7b32798da0482e441ef09304dc3b480ed3ee5	renderer/src/shaders/atomic_draw.glsl	pp-0169	532	547	2	1	532	#ifdef @PLS_BLEND_SRC_OVER	(defined(@FRAGMENT)) && (defined(@ENABLE_CLIPPING)) && (defined(@PLS_BLEND_SRC_OVER))	metal-shader-source-batch	crates/nuxie-renderer/src/mechanical_port/source/renderer/src/shaders/atomic_draw_glsl.rs	prepared	verified	required	preserve-directive-and-every-branch-in-artifact-source	artifact-generation-and-compile	cpp:renderer/src/shaders/atomic_draw.glsl:532
1	4ac7b32798da0482e441ef09304dc3b480ed3ee5	renderer/src/shaders/atomic_draw.glsl	pp-0169	532	547	2	2	541	#else	(defined(@FRAGMENT)) && (defined(@ENABLE_CLIPPING)) && (!((defined(@PLS_BLEND_SRC_OVER))))	metal-shader-source-batch	crates/nuxie-renderer/src/mechanical_port/source/renderer/src/shaders/atomic_draw_glsl.rs	prepared	verified	required	preserve-directive-and-every-branch-in-artifact-source	artifact-generation-and-compile	cpp:renderer/src/shaders/atomic_draw.glsl:541
1	4ac7b32798da0482e441ef09304dc3b480ed3ee5	renderer/src/shaders/atomic_draw.glsl	pp-0170	554	557	1	1	554	#if defined(@ENABLE_CLIPPING) && !defined(@RESOLVE_PLS)	(defined(@FRAGMENT)) && (defined(@ENABLE_CLIPPING) && !defined(@RESOLVE_PLS))	metal-shader-source-batch	crates/nuxie-renderer/src/mechanical_port/source/renderer/src/shaders/atomic_draw_glsl.rs	prepared	verified	required	preserve-directive-and-every-branch-in-artifact-source	artifact-generation-and-compile	cpp:renderer/src/shaders/atomic_draw.glsl:554
1	4ac7b32798da0482e441ef09304dc3b480ed3ee5	renderer/src/shaders/atomic_draw.glsl	pp-0171	567	572	1	1	567	#ifdef @ENABLE_EVEN_ODD	(defined(@FRAGMENT)) && (defined(@ENABLE_EVEN_ODD))	metal-shader-source-batch	crates/nuxie-renderer/src/mechanical_port/source/renderer/src/shaders/atomic_draw_glsl.rs	prepared	verified	required	preserve-directive-and-every-branch-in-artifact-source	artifact-generation-and-compile	cpp:renderer/src/shaders/atomic_draw.glsl:567
1	4ac7b32798da0482e441ef09304dc3b480ed3ee5	renderer/src/shaders/atomic_draw.glsl	pp-0172	576	585	1	1	576	#ifdef @ENABLE_CLIPPING	(defined(@FRAGMENT)) && (defined(@ENABLE_CLIPPING))	metal-shader-source-batch	crates/nuxie-renderer/src/mechanical_port/source/renderer/src/shaders/atomic_draw_glsl.rs	prepared	verified	required	preserve-directive-and-every-branch-in-artifact-source	artifact-generation-and-compile	cpp:renderer/src/shaders/atomic_draw.glsl:576
1	4ac7b32798da0482e441ef09304dc3b480ed3ee5	renderer/src/shaders/atomic_draw.glsl	pp-0173	586	601	1	1	586	#ifdef @ENABLE_CLIP_RECT	(defined(@FRAGMENT)) && (defined(@ENABLE_CLIP_RECT))	metal-shader-source-batch	crates/nuxie-renderer/src/mechanical_port/source/renderer/src/shaders/atomic_draw_glsl.rs	prepared	verified	required	preserve-directive-and-every-branch-in-artifact-source	artifact-generation-and-compile	cpp:renderer/src/shaders/atomic_draw.glsl:586
1	4ac7b32798da0482e441ef09304dc3b480ed3ee5	renderer/src/shaders/atomic_draw.glsl	pp-0174	607	625	1	1	607	#ifdef @ENABLE_CLIPPING	(defined(@FRAGMENT)) && (defined(@ENABLE_CLIPPING))	metal-shader-source-batch	crates/nuxie-renderer/src/mechanical_port/source/renderer/src/shaders/atomic_draw_glsl.rs	prepared	verified	required	preserve-directive-and-every-branch-in-artifact-source	artifact-generation-and-compile	cpp:renderer/src/shaders/atomic_draw.glsl:607
1	4ac7b32798da0482e441ef09304dc3b480ed3ee5	renderer/src/shaders/atomic_draw.glsl	pp-0175	610	621	2	1	610	#ifndef @RESOLVE_PLS	(defined(@FRAGMENT)) && (defined(@ENABLE_CLIPPING)) && (!defined(@RESOLVE_PLS))	metal-shader-source-batch	crates/nuxie-renderer/src/mechanical_port/source/renderer/src/shaders/atomic_draw_glsl.rs	prepared	verified	required	preserve-directive-and-every-branch-in-artifact-source	artifact-generation-and-compile	cpp:renderer/src/shaders/atomic_draw.glsl:610
1	4ac7b32798da0482e441ef09304dc3b480ed3ee5	renderer/src/shaders/atomic_draw.glsl	pp-0176	611	620	3	1	611	#ifdef @PLS_BLEND_SRC_OVER	(defined(@FRAGMENT)) && (defined(@ENABLE_CLIPPING)) && (!defined(@RESOLVE_PLS)) && (defined(@PLS_BLEND_SRC_OVER))	metal-shader-source-batch	crates/nuxie-renderer/src/mechanical_port/source/renderer/src/shaders/atomic_draw_glsl.rs	prepared	verified	required	preserve-directive-and-every-branch-in-artifact-source	artifact-generation-and-compile	cpp:renderer/src/shaders/atomic_draw.glsl:611
1	4ac7b32798da0482e441ef09304dc3b480ed3ee5	renderer/src/shaders/atomic_draw.glsl	pp-0176	611	620	3	2	618	#else	(defined(@FRAGMENT)) && (defined(@ENABLE_CLIPPING)) && (!defined(@RESOLVE_PLS)) && (!((defined(@PLS_BLEND_SRC_OVER))))	metal-shader-source-batch	crates/nuxie-renderer/src/mechanical_port/source/renderer/src/shaders/atomic_draw_glsl.rs	prepared	verified	required	preserve-directive-and-every-branch-in-artifact-source	artifact-generation-and-compile	cpp:renderer/src/shaders/atomic_draw.glsl:618
1	4ac7b32798da0482e441ef09304dc3b480ed3ee5	renderer/src/shaders/atomic_draw.glsl	pp-0177	645	656	1	1	645	#if !defined(@FIXED_FUNCTION_COLOR_OUTPUT) && defined(@ENABLE_ADVANCED_BLEND)	(defined(@FRAGMENT)) && (!defined(@FIXED_FUNCTION_COLOR_OUTPUT) && defined(@ENABLE_ADVANCED_BLEND))	metal-shader-source-batch	crates/nuxie-renderer/src/mechanical_port/source/renderer/src/shaders/atomic_draw_glsl.rs	prepared	verified	required	preserve-directive-and-every-branch-in-artifact-source	artifact-generation-and-compile	cpp:renderer/src/shaders/atomic_draw.glsl:645
1	4ac7b32798da0482e441ef09304dc3b480ed3ee5	renderer/src/shaders/atomic_draw.glsl	pp-0178	662	665	1	1	662	#if defined(@NEEDS_GAMMA_CORRECTION) && (defined(@FIXED_FUNCTION_COLOR_OUTPUT) || defined(@RESOLVE_PLS))	(defined(@FRAGMENT)) && (defined(@NEEDS_GAMMA_CORRECTION) && (defined(@FIXED_FUNCTION_COLOR_OUTPUT) || defined(@RESOLVE_PLS)))	metal-shader-source-batch	crates/nuxie-renderer/src/mechanical_port/source/renderer/src/shaders/atomic_draw_glsl.rs	prepared	verified	required	preserve-directive-and-every-branch-in-artifact-source	artifact-generation-and-compile	cpp:renderer/src/shaders/atomic_draw.glsl:662
1	4ac7b32798da0482e441ef09304dc3b480ed3ee5	renderer/src/shaders/atomic_draw.glsl	pp-0179	670	683	1	1	670	#if !defined(@FIXED_FUNCTION_COLOR_OUTPUT) && !defined(@COALESCED_PLS_RESOLVE_AND_TRANSFER)	(defined(@FRAGMENT)) && (!defined(@FIXED_FUNCTION_COLOR_OUTPUT) && !defined(@COALESCED_PLS_RESOLVE_AND_TRANSFER))	metal-shader-source-batch	crates/nuxie-renderer/src/mechanical_port/source/renderer/src/shaders/atomic_draw_glsl.rs	prepared	verified	required	preserve-directive-and-every-branch-in-artifact-source	artifact-generation-and-compile	cpp:renderer/src/shaders/atomic_draw.glsl:670
1	4ac7b32798da0482e441ef09304dc3b480ed3ee5	renderer/src/shaders/atomic_draw.glsl	pp-0180	674	680	2	1	674	#ifndef @PLS_BLEND_SRC_OVER	(defined(@FRAGMENT)) && (!defined(@FIXED_FUNCTION_COLOR_OUTPUT) && !defined(@COALESCED_PLS_RESOLVE_AND_TRANSFER)) && (!defined(@PLS_BLEND_SRC_OVER))	metal-shader-source-batch	crates/nuxie-renderer/src/mechanical_port/source/renderer/src/shaders/atomic_draw_glsl.rs	prepared	verified	required	preserve-directive-and-every-branch-in-artifact-source	artifact-generation-and-compile	cpp:renderer/src/shaders/atomic_draw.glsl:674
1	4ac7b32798da0482e441ef09304dc3b480ed3ee5	renderer/src/shaders/atomic_draw.glsl	pp-0181	686	696	1	1	686	#if defined(@ENABLE_CLIPPING) && !defined(@RESOLVE_PLS)	(defined(@FRAGMENT)) && (defined(@ENABLE_CLIPPING) && !defined(@RESOLVE_PLS))	metal-shader-source-batch	crates/nuxie-renderer/src/mechanical_port/source/renderer/src/shaders/atomic_draw_glsl.rs	prepared	verified	required	preserve-directive-and-every-branch-in-artifact-source	artifact-generation-and-compile	cpp:renderer/src/shaders/atomic_draw.glsl:686
1	4ac7b32798da0482e441ef09304dc3b480ed3ee5	renderer/src/shaders/atomic_draw.glsl	pp-0182	689	694	2	1	689	#ifdef @PLS_BLEND_SRC_OVER	(defined(@FRAGMENT)) && (defined(@ENABLE_CLIPPING) && !defined(@RESOLVE_PLS)) && (defined(@PLS_BLEND_SRC_OVER))	metal-shader-source-batch	crates/nuxie-renderer/src/mechanical_port/source/renderer/src/shaders/atomic_draw_glsl.rs	prepared	verified	required	preserve-directive-and-every-branch-in-artifact-source	artifact-generation-and-compile	cpp:renderer/src/shaders/atomic_draw.glsl:689
1	4ac7b32798da0482e441ef09304dc3b480ed3ee5	renderer/src/shaders/atomic_draw.glsl	pp-0182	689	694	2	2	691	#else	(defined(@FRAGMENT)) && (defined(@ENABLE_CLIPPING) && !defined(@RESOLVE_PLS)) && (!((defined(@PLS_BLEND_SRC_OVER))))	metal-shader-source-batch	crates/nuxie-renderer/src/mechanical_port/source/renderer/src/shaders/atomic_draw_glsl.rs	prepared	verified	required	preserve-directive-and-every-branch-in-artifact-source	artifact-generation-and-compile	cpp:renderer/src/shaders/atomic_draw.glsl:691
1	4ac7b32798da0482e441ef09304dc3b480ed3ee5	renderer/src/shaders/atomic_draw.glsl	pp-0183	698	704	1	1	698	#ifdef @FIXED_FUNCTION_COLOR_OUTPUT	(defined(@FRAGMENT)) && (defined(@FIXED_FUNCTION_COLOR_OUTPUT))	metal-shader-source-batch	crates/nuxie-renderer/src/mechanical_port/source/renderer/src/shaders/atomic_draw_glsl.rs	prepared	verified	required	preserve-directive-and-every-branch-in-artifact-source	artifact-generation-and-compile	cpp:renderer/src/shaders/atomic_draw.glsl:698
1	4ac7b32798da0482e441ef09304dc3b480ed3ee5	renderer/src/shaders/atomic_draw.glsl	pp-0183	698	704	1	2	701	#else // !FIXED_FUNCTION_COLOR_OUTPUT	(defined(@FRAGMENT)) && (!((defined(@FIXED_FUNCTION_COLOR_OUTPUT))))	metal-shader-source-batch	crates/nuxie-renderer/src/mechanical_port/source/renderer/src/shaders/atomic_draw_glsl.rs	prepared	verified	required	preserve-directive-and-every-branch-in-artifact-source	artifact-generation-and-compile	cpp:renderer/src/shaders/atomic_draw.glsl:701
1	4ac7b32798da0482e441ef09304dc3b480ed3ee5	renderer/src/shaders/atomic_draw.glsl	pp-0184	706	812	1	1	706	#ifdef @DRAW_PATH	(defined(@FRAGMENT)) && (defined(@DRAW_PATH))	metal-shader-source-batch	crates/nuxie-renderer/src/mechanical_port/source/renderer/src/shaders/atomic_draw_glsl.rs	prepared	verified	required	preserve-directive-and-every-branch-in-artifact-source	artifact-generation-and-compile	cpp:renderer/src/shaders/atomic_draw.glsl:706
1	4ac7b32798da0482e441ef09304dc3b480ed3ee5	renderer/src/shaders/atomic_draw.glsl	pp-0185	709	713	2	1	709	#ifdef @ENABLE_FEATHER	(defined(@FRAGMENT)) && (defined(@DRAW_PATH)) && (defined(@ENABLE_FEATHER))	metal-shader-source-batch	crates/nuxie-renderer/src/mechanical_port/source/renderer/src/shaders/atomic_draw_glsl.rs	prepared	verified	required	preserve-directive-and-every-branch-in-artifact-source	artifact-generation-and-compile	cpp:renderer/src/shaders/atomic_draw.glsl:709
1	4ac7b32798da0482e441ef09304dc3b480ed3ee5	renderer/src/shaders/atomic_draw.glsl	pp-0185	709	713	2	2	711	#else	(defined(@FRAGMENT)) && (defined(@DRAW_PATH)) && (!((defined(@ENABLE_FEATHER))))	metal-shader-source-batch	crates/nuxie-renderer/src/mechanical_port/source/renderer/src/shaders/atomic_draw_glsl.rs	prepared	verified	required	preserve-directive-and-every-branch-in-artifact-source	artifact-generation-and-compile	cpp:renderer/src/shaders/atomic_draw.glsl:711
1	4ac7b32798da0482e441ef09304dc3b480ed3ee5	renderer/src/shaders/atomic_draw.glsl	pp-0186	718	730	2	1	718	#ifdef @ENABLE_FEATHER	(defined(@FRAGMENT)) && (defined(@DRAW_PATH)) && (defined(@ENABLE_FEATHER))	metal-shader-source-batch	crates/nuxie-renderer/src/mechanical_port/source/renderer/src/shaders/atomic_draw_glsl.rs	prepared	verified	required	preserve-directive-and-every-branch-in-artifact-source	artifact-generation-and-compile	cpp:renderer/src/shaders/atomic_draw.glsl:718
1	4ac7b32798da0482e441ef09304dc3b480ed3ee5	renderer/src/shaders/atomic_draw.glsl	pp-0187	739	741	2	1	739	#ifdef @ENABLE_CLIPPING	(defined(@FRAGMENT)) && (defined(@DRAW_PATH)) && (defined(@ENABLE_CLIPPING))	metal-shader-source-batch	crates/nuxie-renderer/src/mechanical_port/source/renderer/src/shaders/atomic_draw_glsl.rs	prepared	verified	required	preserve-directive-and-every-branch-in-artifact-source	artifact-generation-and-compile	cpp:renderer/src/shaders/atomic_draw.glsl:739
1	4ac7b32798da0482e441ef09304dc3b480ed3ee5	renderer/src/shaders/atomic_draw.glsl	pp-0188	789	792	2	1	789	#ifdef @ENABLE_CLIPPING	(defined(@FRAGMENT)) && (defined(@DRAW_PATH)) && (defined(@ENABLE_CLIPPING))	metal-shader-source-batch	crates/nuxie-renderer/src/mechanical_port/source/renderer/src/shaders/atomic_draw_glsl.rs	prepared	verified	required	preserve-directive-and-every-branch-in-artifact-source	artifact-generation-and-compile	cpp:renderer/src/shaders/atomic_draw.glsl:789
1	4ac7b32798da0482e441ef09304dc3b480ed3ee5	renderer/src/shaders/atomic_draw.glsl	pp-0189	801	805	2	1	801	#ifdef @FIXED_FUNCTION_COLOR_OUTPUT	(defined(@FRAGMENT)) && (defined(@DRAW_PATH)) && (defined(@FIXED_FUNCTION_COLOR_OUTPUT))	metal-shader-source-batch	crates/nuxie-renderer/src/mechanical_port/source/renderer/src/shaders/atomic_draw_glsl.rs	prepared	verified	required	preserve-directive-and-every-branch-in-artifact-source	artifact-generation-and-compile	cpp:renderer/src/shaders/atomic_draw.glsl:801
1	4ac7b32798da0482e441ef09304dc3b480ed3ee5	renderer/src/shaders/atomic_draw.glsl	pp-0189	801	805	2	2	803	#else	(defined(@FRAGMENT)) && (defined(@DRAW_PATH)) && (!((defined(@FIXED_FUNCTION_COLOR_OUTPUT))))	metal-shader-source-batch	crates/nuxie-renderer/src/mechanical_port/source/renderer/src/shaders/atomic_draw_glsl.rs	prepared	verified	required	preserve-directive-and-every-branch-in-artifact-source	artifact-generation-and-compile	cpp:renderer/src/shaders/atomic_draw.glsl:803
1	4ac7b32798da0482e441ef09304dc3b480ed3ee5	renderer/src/shaders/atomic_draw.glsl	pp-0190	806	808	2	1	806	#ifdef @ENABLE_CLIPPING	(defined(@FRAGMENT)) && (defined(@DRAW_PATH)) && (defined(@ENABLE_CLIPPING))	metal-shader-source-batch	crates/nuxie-renderer/src/mechanical_port/source/renderer/src/shaders/atomic_draw_glsl.rs	prepared	verified	required	preserve-directive-and-every-branch-in-artifact-source	artifact-generation-and-compile	cpp:renderer/src/shaders/atomic_draw.glsl:806
1	4ac7b32798da0482e441ef09304dc3b480ed3ee5	renderer/src/shaders/atomic_draw.glsl	pp-0191	814	903	1	1	814	#if defined(@DRAW_INTERIOR_TRIANGLES) || defined(@FEATHER_ATLAS_BLIT)	(defined(@FRAGMENT)) && (defined(@DRAW_INTERIOR_TRIANGLES) || defined(@FEATHER_ATLAS_BLIT))	metal-shader-source-batch	crates/nuxie-renderer/src/mechanical_port/source/renderer/src/shaders/atomic_draw_glsl.rs	prepared	verified	required	preserve-directive-and-every-branch-in-artifact-source	artifact-generation-and-compile	cpp:renderer/src/shaders/atomic_draw.glsl:814
1	4ac7b32798da0482e441ef09304dc3b480ed3ee5	renderer/src/shaders/atomic_draw.glsl	pp-0192	817	821	2	1	817	#ifdef @FEATHER_ATLAS_BLIT	(defined(@FRAGMENT)) && (defined(@DRAW_INTERIOR_TRIANGLES) || defined(@FEATHER_ATLAS_BLIT)) && (defined(@FEATHER_ATLAS_BLIT))	metal-shader-source-batch	crates/nuxie-renderer/src/mechanical_port/source/renderer/src/shaders/atomic_draw_glsl.rs	prepared	verified	required	preserve-directive-and-every-branch-in-artifact-source	artifact-generation-and-compile	cpp:renderer/src/shaders/atomic_draw.glsl:817
1	4ac7b32798da0482e441ef09304dc3b480ed3ee5	renderer/src/shaders/atomic_draw.glsl	pp-0192	817	821	2	2	819	#else	(defined(@FRAGMENT)) && (defined(@DRAW_INTERIOR_TRIANGLES) || defined(@FEATHER_ATLAS_BLIT)) && (!((defined(@FEATHER_ATLAS_BLIT))))	metal-shader-source-batch	crates/nuxie-renderer/src/mechanical_port/source/renderer/src/shaders/atomic_draw_glsl.rs	prepared	verified	required	preserve-directive-and-every-branch-in-artifact-source	artifact-generation-and-compile	cpp:renderer/src/shaders/atomic_draw.glsl:819
1	4ac7b32798da0482e441ef09304dc3b480ed3ee5	renderer/src/shaders/atomic_draw.glsl	pp-0193	832	838	2	1	832	#ifndef @FEATHER_ATLAS_BLIT	(defined(@FRAGMENT)) && (defined(@DRAW_INTERIOR_TRIANGLES) || defined(@FEATHER_ATLAS_BLIT)) && (!defined(@FEATHER_ATLAS_BLIT))	metal-shader-source-batch	crates/nuxie-renderer/src/mechanical_port/source/renderer/src/shaders/atomic_draw_glsl.rs	prepared	verified	required	preserve-directive-and-every-branch-in-artifact-source	artifact-generation-and-compile	cpp:renderer/src/shaders/atomic_draw.glsl:832
1	4ac7b32798da0482e441ef09304dc3b480ed3ee5	renderer/src/shaders/atomic_draw.glsl	pp-0194	846	856	2	1	846	#ifdef @FEATHER_ATLAS_BLIT	(defined(@FRAGMENT)) && (defined(@DRAW_INTERIOR_TRIANGLES) || defined(@FEATHER_ATLAS_BLIT)) && (defined(@FEATHER_ATLAS_BLIT))	metal-shader-source-batch	crates/nuxie-renderer/src/mechanical_port/source/renderer/src/shaders/atomic_draw_glsl.rs	prepared	verified	required	preserve-directive-and-every-branch-in-artifact-source	artifact-generation-and-compile	cpp:renderer/src/shaders/atomic_draw.glsl:846
1	4ac7b32798da0482e441ef09304dc3b480ed3ee5	renderer/src/shaders/atomic_draw.glsl	pp-0194	846	856	2	2	854	#else	(defined(@FRAGMENT)) && (defined(@DRAW_INTERIOR_TRIANGLES) || defined(@FEATHER_ATLAS_BLIT)) && (!((defined(@FEATHER_ATLAS_BLIT))))	metal-shader-source-batch	crates/nuxie-renderer/src/mechanical_port/source/renderer/src/shaders/atomic_draw_glsl.rs	prepared	verified	required	preserve-directive-and-every-branch-in-artifact-source	artifact-generation-and-compile	cpp:renderer/src/shaders/atomic_draw.glsl:854
1	4ac7b32798da0482e441ef09304dc3b480ed3ee5	renderer/src/shaders/atomic_draw.glsl	pp-0195	863	865	2	1	863	#ifdef @ENABLE_CLIPPING	(defined(@FRAGMENT)) && (defined(@DRAW_INTERIOR_TRIANGLES) || defined(@FEATHER_ATLAS_BLIT)) && (defined(@ENABLE_CLIPPING))	metal-shader-source-batch	crates/nuxie-renderer/src/mechanical_port/source/renderer/src/shaders/atomic_draw_glsl.rs	prepared	verified	required	preserve-directive-and-every-branch-in-artifact-source	artifact-generation-and-compile	cpp:renderer/src/shaders/atomic_draw.glsl:863
1	4ac7b32798da0482e441ef09304dc3b480ed3ee5	renderer/src/shaders/atomic_draw.glsl	pp-0196	867	871	2	1	867	#ifndef @FEATHER_ATLAS_BLIT	(defined(@FRAGMENT)) && (defined(@DRAW_INTERIOR_TRIANGLES) || defined(@FEATHER_ATLAS_BLIT)) && (!defined(@FEATHER_ATLAS_BLIT))	metal-shader-source-batch	crates/nuxie-renderer/src/mechanical_port/source/renderer/src/shaders/atomic_draw_glsl.rs	prepared	verified	required	preserve-directive-and-every-branch-in-artifact-source	artifact-generation-and-compile	cpp:renderer/src/shaders/atomic_draw.glsl:867
1	4ac7b32798da0482e441ef09304dc3b480ed3ee5	renderer/src/shaders/atomic_draw.glsl	pp-0197	880	883	2	1	880	#ifdef @ENABLE_CLIPPING	(defined(@FRAGMENT)) && (defined(@DRAW_INTERIOR_TRIANGLES) || defined(@FEATHER_ATLAS_BLIT)) && (defined(@ENABLE_CLIPPING))	metal-shader-source-batch	crates/nuxie-renderer/src/mechanical_port/source/renderer/src/shaders/atomic_draw_glsl.rs	prepared	verified	required	preserve-directive-and-every-branch-in-artifact-source	artifact-generation-and-compile	cpp:renderer/src/shaders/atomic_draw.glsl:880
1	4ac7b32798da0482e441ef09304dc3b480ed3ee5	renderer/src/shaders/atomic_draw.glsl	pp-0198	892	896	2	1	892	#ifdef @FIXED_FUNCTION_COLOR_OUTPUT	(defined(@FRAGMENT)) && (defined(@DRAW_INTERIOR_TRIANGLES) || defined(@FEATHER_ATLAS_BLIT)) && (defined(@FIXED_FUNCTION_COLOR_OUTPUT))	metal-shader-source-batch	crates/nuxie-renderer/src/mechanical_port/source/renderer/src/shaders/atomic_draw_glsl.rs	prepared	verified	required	preserve-directive-and-every-branch-in-artifact-source	artifact-generation-and-compile	cpp:renderer/src/shaders/atomic_draw.glsl:892
1	4ac7b32798da0482e441ef09304dc3b480ed3ee5	renderer/src/shaders/atomic_draw.glsl	pp-0198	892	896	2	2	894	#else	(defined(@FRAGMENT)) && (defined(@DRAW_INTERIOR_TRIANGLES) || defined(@FEATHER_ATLAS_BLIT)) && (!((defined(@FIXED_FUNCTION_COLOR_OUTPUT))))	metal-shader-source-batch	crates/nuxie-renderer/src/mechanical_port/source/renderer/src/shaders/atomic_draw_glsl.rs	prepared	verified	required	preserve-directive-and-every-branch-in-artifact-source	artifact-generation-and-compile	cpp:renderer/src/shaders/atomic_draw.glsl:894
1	4ac7b32798da0482e441ef09304dc3b480ed3ee5	renderer/src/shaders/atomic_draw.glsl	pp-0199	897	899	2	1	897	#ifdef @ENABLE_CLIPPING	(defined(@FRAGMENT)) && (defined(@DRAW_INTERIOR_TRIANGLES) || defined(@FEATHER_ATLAS_BLIT)) && (defined(@ENABLE_CLIPPING))	metal-shader-source-batch	crates/nuxie-renderer/src/mechanical_port/source/renderer/src/shaders/atomic_draw_glsl.rs	prepared	verified	required	preserve-directive-and-every-branch-in-artifact-source	artifact-generation-and-compile	cpp:renderer/src/shaders/atomic_draw.glsl:897
1	4ac7b32798da0482e441ef09304dc3b480ed3ee5	renderer/src/shaders/atomic_draw.glsl	pp-0200	905	1025	1	1	905	#ifdef @DRAW_IMAGE	(defined(@FRAGMENT)) && (defined(@DRAW_IMAGE))	metal-shader-source-batch	crates/nuxie-renderer/src/mechanical_port/source/renderer/src/shaders/atomic_draw_glsl.rs	prepared	verified	required	preserve-directive-and-every-branch-in-artifact-source	artifact-generation-and-compile	cpp:renderer/src/shaders/atomic_draw.glsl:905
1	4ac7b32798da0482e441ef09304dc3b480ed3ee5	renderer/src/shaders/atomic_draw.glsl	pp-0201	909	911	2	1	909	#ifdef @DRAW_IMAGE_RECT	(defined(@FRAGMENT)) && (defined(@DRAW_IMAGE)) && (defined(@DRAW_IMAGE_RECT))	metal-shader-source-batch	crates/nuxie-renderer/src/mechanical_port/source/renderer/src/shaders/atomic_draw_glsl.rs	prepared	verified	required	preserve-directive-and-every-branch-in-artifact-source	artifact-generation-and-compile	cpp:renderer/src/shaders/atomic_draw.glsl:909
1	4ac7b32798da0482e441ef09304dc3b480ed3ee5	renderer/src/shaders/atomic_draw.glsl	pp-0202	912	914	2	1	912	#ifdef @ENABLE_CLIP_RECT	(defined(@FRAGMENT)) && (defined(@DRAW_IMAGE)) && (defined(@ENABLE_CLIP_RECT))	metal-shader-source-batch	crates/nuxie-renderer/src/mechanical_port/source/renderer/src/shaders/atomic_draw_glsl.rs	prepared	verified	required	preserve-directive-and-every-branch-in-artifact-source	artifact-generation-and-compile	cpp:renderer/src/shaders/atomic_draw.glsl:912
1	4ac7b32798da0482e441ef09304dc3b480ed3ee5	renderer/src/shaders/atomic_draw.glsl	pp-0203	916	918	2	1	916	#ifdef @ENABLE_CLIPPING	(defined(@FRAGMENT)) && (defined(@DRAW_IMAGE)) && (defined(@ENABLE_CLIPPING))	metal-shader-source-batch	crates/nuxie-renderer/src/mechanical_port/source/renderer/src/shaders/atomic_draw_glsl.rs	prepared	verified	required	preserve-directive-and-every-branch-in-artifact-source	artifact-generation-and-compile	cpp:renderer/src/shaders/atomic_draw.glsl:916
1	4ac7b32798da0482e441ef09304dc3b480ed3ee5	renderer/src/shaders/atomic_draw.glsl	pp-0204	919	921	2	1	919	#ifdef @ENABLE_ADVANCED_BLEND	(defined(@FRAGMENT)) && (defined(@DRAW_IMAGE)) && (defined(@ENABLE_ADVANCED_BLEND))	metal-shader-source-batch	crates/nuxie-renderer/src/mechanical_port/source/renderer/src/shaders/atomic_draw_glsl.rs	prepared	verified	required	preserve-directive-and-every-branch-in-artifact-source	artifact-generation-and-compile	cpp:renderer/src/shaders/atomic_draw.glsl:919
1	4ac7b32798da0482e441ef09304dc3b480ed3ee5	renderer/src/shaders/atomic_draw.glsl	pp-0205	931	933	2	1	931	#ifdef @DRAW_IMAGE_RECT	(defined(@FRAGMENT)) && (defined(@DRAW_IMAGE)) && (defined(@DRAW_IMAGE_RECT))	metal-shader-source-batch	crates/nuxie-renderer/src/mechanical_port/source/renderer/src/shaders/atomic_draw_glsl.rs	prepared	verified	required	preserve-directive-and-every-branch-in-artifact-source	artifact-generation-and-compile	cpp:renderer/src/shaders/atomic_draw.glsl:931
1	4ac7b32798da0482e441ef09304dc3b480ed3ee5	renderer/src/shaders/atomic_draw.glsl	pp-0206	934	940	2	1	934	#ifdef @ENABLE_CLIP_RECT	(defined(@FRAGMENT)) && (defined(@DRAW_IMAGE)) && (defined(@ENABLE_CLIP_RECT))	metal-shader-source-batch	crates/nuxie-renderer/src/mechanical_port/source/renderer/src/shaders/atomic_draw_glsl.rs	prepared	verified	required	preserve-directive-and-every-branch-in-artifact-source	artifact-generation-and-compile	cpp:renderer/src/shaders/atomic_draw.glsl:934
1	4ac7b32798da0482e441ef09304dc3b480ed3ee5	renderer/src/shaders/atomic_draw.glsl	pp-0207	949	951	2	1	949	#ifdef @ENABLE_CLIPPING	(defined(@FRAGMENT)) && (defined(@DRAW_IMAGE)) && (defined(@ENABLE_CLIPPING))	metal-shader-source-batch	crates/nuxie-renderer/src/mechanical_port/source/renderer/src/shaders/atomic_draw_glsl.rs	prepared	verified	required	preserve-directive-and-every-branch-in-artifact-source	artifact-generation-and-compile	cpp:renderer/src/shaders/atomic_draw.glsl:949
1	4ac7b32798da0482e441ef09304dc3b480ed3ee5	renderer/src/shaders/atomic_draw.glsl	pp-0208	960	963	2	1	960	#ifdef @ENABLE_CLIPPING	(defined(@FRAGMENT)) && (defined(@DRAW_IMAGE)) && (defined(@ENABLE_CLIPPING))	metal-shader-source-batch	crates/nuxie-renderer/src/mechanical_port/source/renderer/src/shaders/atomic_draw_glsl.rs	prepared	verified	required	preserve-directive-and-every-branch-in-artifact-source	artifact-generation-and-compile	cpp:renderer/src/shaders/atomic_draw.glsl:960
1	4ac7b32798da0482e441ef09304dc3b480ed3ee5	renderer/src/shaders/atomic_draw.glsl	pp-0209	968	977	2	1	968	#ifdef @ENABLE_CLIPPING // TODO! ENABLE_IMAGE_CLIPPING in addition to	(defined(@FRAGMENT)) && (defined(@DRAW_IMAGE)) && (defined(@ENABLE_CLIPPING // TODO! ENABLE_IMAGE_CLIPPING in addition to))	metal-shader-source-batch	crates/nuxie-renderer/src/mechanical_port/source/renderer/src/shaders/atomic_draw_glsl.rs	prepared	verified	required	preserve-directive-and-every-branch-in-artifact-source	artifact-generation-and-compile	cpp:renderer/src/shaders/atomic_draw.glsl:968
1	4ac7b32798da0482e441ef09304dc3b480ed3ee5	renderer/src/shaders/atomic_draw.glsl	pp-0210	980	993	2	1	980	#if !defined(@FIXED_FUNCTION_COLOR_OUTPUT) && defined(@ENABLE_ADVANCED_BLEND)	(defined(@FRAGMENT)) && (defined(@DRAW_IMAGE)) && (!defined(@FIXED_FUNCTION_COLOR_OUTPUT) && defined(@ENABLE_ADVANCED_BLEND))	metal-shader-source-batch	crates/nuxie-renderer/src/mechanical_port/source/renderer/src/shaders/atomic_draw_glsl.rs	prepared	verified	required	preserve-directive-and-every-branch-in-artifact-source	artifact-generation-and-compile	cpp:renderer/src/shaders/atomic_draw.glsl:980
1	4ac7b32798da0482e441ef09304dc3b480ed3ee5	renderer/src/shaders/atomic_draw.glsl	pp-0211	996	998	2	1	996	#if defined(@NEEDS_GAMMA_CORRECTION)	(defined(@FRAGMENT)) && (defined(@DRAW_IMAGE)) && (defined(@NEEDS_GAMMA_CORRECTION))	metal-shader-source-batch	crates/nuxie-renderer/src/mechanical_port/source/renderer/src/shaders/atomic_draw_glsl.rs	prepared	verified	required	preserve-directive-and-every-branch-in-artifact-source	artifact-generation-and-compile	cpp:renderer/src/shaders/atomic_draw.glsl:996
1	4ac7b32798da0482e441ef09304dc3b480ed3ee5	renderer/src/shaders/atomic_draw.glsl	pp-0212	1010	1014	2	1	1010	#ifdef @FIXED_FUNCTION_COLOR_OUTPUT	(defined(@FRAGMENT)) && (defined(@DRAW_IMAGE)) && (defined(@FIXED_FUNCTION_COLOR_OUTPUT))	metal-shader-source-batch	crates/nuxie-renderer/src/mechanical_port/source/renderer/src/shaders/atomic_draw_glsl.rs	prepared	verified	required	preserve-directive-and-every-branch-in-artifact-source	artifact-generation-and-compile	cpp:renderer/src/shaders/atomic_draw.glsl:1010
1	4ac7b32798da0482e441ef09304dc3b480ed3ee5	renderer/src/shaders/atomic_draw.glsl	pp-0212	1010	1014	2	2	1012	#else	(defined(@FRAGMENT)) && (defined(@DRAW_IMAGE)) && (!((defined(@FIXED_FUNCTION_COLOR_OUTPUT))))	metal-shader-source-batch	crates/nuxie-renderer/src/mechanical_port/source/renderer/src/shaders/atomic_draw_glsl.rs	prepared	verified	required	preserve-directive-and-every-branch-in-artifact-source	artifact-generation-and-compile	cpp:renderer/src/shaders/atomic_draw.glsl:1012
1	4ac7b32798da0482e441ef09304dc3b480ed3ee5	renderer/src/shaders/atomic_draw.glsl	pp-0213	1015	1017	2	1	1015	#ifdef @ENABLE_CLIPPING	(defined(@FRAGMENT)) && (defined(@DRAW_IMAGE)) && (defined(@ENABLE_CLIPPING))	metal-shader-source-batch	crates/nuxie-renderer/src/mechanical_port/source/renderer/src/shaders/atomic_draw_glsl.rs	prepared	verified	required	preserve-directive-and-every-branch-in-artifact-source	artifact-generation-and-compile	cpp:renderer/src/shaders/atomic_draw.glsl:1015
1	4ac7b32798da0482e441ef09304dc3b480ed3ee5	renderer/src/shaders/atomic_draw.glsl	pp-0214	1027	1062	1	1	1027	#ifdef @INITIALIZE_PLS	(defined(@FRAGMENT)) && (defined(@INITIALIZE_PLS))	metal-shader-source-batch	crates/nuxie-renderer/src/mechanical_port/source/renderer/src/shaders/atomic_draw_glsl.rs	prepared	verified	required	preserve-directive-and-every-branch-in-artifact-source	artifact-generation-and-compile	cpp:renderer/src/shaders/atomic_draw.glsl:1027
1	4ac7b32798da0482e441ef09304dc3b480ed3ee5	renderer/src/shaders/atomic_draw.glsl	pp-0215	1031	1048	2	1	1031	#ifndef @FIXED_FUNCTION_COLOR_OUTPUT	(defined(@FRAGMENT)) && (defined(@INITIALIZE_PLS)) && (!defined(@FIXED_FUNCTION_COLOR_OUTPUT))	metal-shader-source-batch	crates/nuxie-renderer/src/mechanical_port/source/renderer/src/shaders/atomic_draw_glsl.rs	prepared	verified	required	preserve-directive-and-every-branch-in-artifact-source	artifact-generation-and-compile	cpp:renderer/src/shaders/atomic_draw.glsl:1031
1	4ac7b32798da0482e441ef09304dc3b480ed3ee5	renderer/src/shaders/atomic_draw.glsl	pp-0216	1032	1037	3	1	1032	#ifdef @STORE_COLOR_CLEAR	(defined(@FRAGMENT)) && (defined(@INITIALIZE_PLS)) && (!defined(@FIXED_FUNCTION_COLOR_OUTPUT)) && (defined(@STORE_COLOR_CLEAR))	metal-shader-source-batch	crates/nuxie-renderer/src/mechanical_port/source/renderer/src/shaders/atomic_draw_glsl.rs	prepared	verified	required	preserve-directive-and-every-branch-in-artifact-source	artifact-generation-and-compile	cpp:renderer/src/shaders/atomic_draw.glsl:1032
1	4ac7b32798da0482e441ef09304dc3b480ed3ee5	renderer/src/shaders/atomic_draw.glsl	pp-0217	1038	1043	3	1	1038	#ifdef @LOAD_COLOR_FROM_DST_TEXTURE	(defined(@FRAGMENT)) && (defined(@INITIALIZE_PLS)) && (!defined(@FIXED_FUNCTION_COLOR_OUTPUT)) && (defined(@LOAD_COLOR_FROM_DST_TEXTURE))	metal-shader-source-batch	crates/nuxie-renderer/src/mechanical_port/source/renderer/src/shaders/atomic_draw_glsl.rs	prepared	verified	required	preserve-directive-and-every-branch-in-artifact-source	artifact-generation-and-compile	cpp:renderer/src/shaders/atomic_draw.glsl:1038
1	4ac7b32798da0482e441ef09304dc3b480ed3ee5	renderer/src/shaders/atomic_draw.glsl	pp-0218	1044	1047	3	1	1044	#ifdef @SWIZZLE_COLOR_BGRA_TO_RGBA	(defined(@FRAGMENT)) && (defined(@INITIALIZE_PLS)) && (!defined(@FIXED_FUNCTION_COLOR_OUTPUT)) && (defined(@SWIZZLE_COLOR_BGRA_TO_RGBA))	metal-shader-source-batch	crates/nuxie-renderer/src/mechanical_port/source/renderer/src/shaders/atomic_draw_glsl.rs	prepared	verified	required	preserve-directive-and-every-branch-in-artifact-source	artifact-generation-and-compile	cpp:renderer/src/shaders/atomic_draw.glsl:1044
1	4ac7b32798da0482e441ef09304dc3b480ed3ee5	renderer/src/shaders/atomic_draw.glsl	pp-0219	1050	1055	2	1	1050	#ifdef @ENABLE_CLIPPING	(defined(@FRAGMENT)) && (defined(@INITIALIZE_PLS)) && (defined(@ENABLE_CLIPPING))	metal-shader-source-batch	crates/nuxie-renderer/src/mechanical_port/source/renderer/src/shaders/atomic_draw_glsl.rs	prepared	verified	required	preserve-directive-and-every-branch-in-artifact-source	artifact-generation-and-compile	cpp:renderer/src/shaders/atomic_draw.glsl:1050
1	4ac7b32798da0482e441ef09304dc3b480ed3ee5	renderer/src/shaders/atomic_draw.glsl	pp-0220	1056	1058	2	1	1056	#ifdef @FIXED_FUNCTION_COLOR_OUTPUT	(defined(@FRAGMENT)) && (defined(@INITIALIZE_PLS)) && (defined(@FIXED_FUNCTION_COLOR_OUTPUT))	metal-shader-source-batch	crates/nuxie-renderer/src/mechanical_port/source/renderer/src/shaders/atomic_draw_glsl.rs	prepared	verified	required	preserve-directive-and-every-branch-in-artifact-source	artifact-generation-and-compile	cpp:renderer/src/shaders/atomic_draw.glsl:1056
1	4ac7b32798da0482e441ef09304dc3b480ed3ee5	renderer/src/shaders/atomic_draw.glsl	pp-0221	1064	1103	1	1	1064	#ifdef @RESOLVE_PLS	(defined(@FRAGMENT)) && (defined(@RESOLVE_PLS))	metal-shader-source-batch	crates/nuxie-renderer/src/mechanical_port/source/renderer/src/shaders/atomic_draw_glsl.rs	prepared	verified	required	preserve-directive-and-every-branch-in-artifact-source	artifact-generation-and-compile	cpp:renderer/src/shaders/atomic_draw.glsl:1064
1	4ac7b32798da0482e441ef09304dc3b480ed3ee5	renderer/src/shaders/atomic_draw.glsl	pp-0222	1066	1070	2	1	1066	#ifdef @COALESCED_PLS_RESOLVE_AND_TRANSFER	(defined(@FRAGMENT)) && (defined(@RESOLVE_PLS)) && (defined(@COALESCED_PLS_RESOLVE_AND_TRANSFER))	metal-shader-source-batch	crates/nuxie-renderer/src/mechanical_port/source/renderer/src/shaders/atomic_draw_glsl.rs	prepared	verified	required	preserve-directive-and-every-branch-in-artifact-source	artifact-generation-and-compile	cpp:renderer/src/shaders/atomic_draw.glsl:1066
1	4ac7b32798da0482e441ef09304dc3b480ed3ee5	renderer/src/shaders/atomic_draw.glsl	pp-0222	1066	1070	2	2	1068	#else	(defined(@FRAGMENT)) && (defined(@RESOLVE_PLS)) && (!((defined(@COALESCED_PLS_RESOLVE_AND_TRANSFER))))	metal-shader-source-batch	crates/nuxie-renderer/src/mechanical_port/source/renderer/src/shaders/atomic_draw_glsl.rs	prepared	verified	required	preserve-directive-and-every-branch-in-artifact-source	artifact-generation-and-compile	cpp:renderer/src/shaders/atomic_draw.glsl:1068
1	4ac7b32798da0482e441ef09304dc3b480ed3ee5	renderer/src/shaders/atomic_draw.glsl	pp-0223	1081	1101	2	1	1081	#ifdef @COALESCED_PLS_RESOLVE_AND_TRANSFER	(defined(@FRAGMENT)) && (defined(@RESOLVE_PLS)) && (defined(@COALESCED_PLS_RESOLVE_AND_TRANSFER))	metal-shader-source-batch	crates/nuxie-renderer/src/mechanical_port/source/renderer/src/shaders/atomic_draw_glsl.rs	prepared	verified	required	preserve-directive-and-every-branch-in-artifact-source	artifact-generation-and-compile	cpp:renderer/src/shaders/atomic_draw.glsl:1081
1	4ac7b32798da0482e441ef09304dc3b480ed3ee5	renderer/src/shaders/atomic_draw.glsl	pp-0223	1081	1101	2	2	1087	#else	(defined(@FRAGMENT)) && (defined(@RESOLVE_PLS)) && (!((defined(@COALESCED_PLS_RESOLVE_AND_TRANSFER))))	metal-shader-source-batch	crates/nuxie-renderer/src/mechanical_port/source/renderer/src/shaders/atomic_draw_glsl.rs	prepared	verified	required	preserve-directive-and-every-branch-in-artifact-source	artifact-generation-and-compile	cpp:renderer/src/shaders/atomic_draw.glsl:1087
1	4ac7b32798da0482e441ef09304dc3b480ed3ee5	renderer/src/shaders/atomic_draw.glsl	pp-0224	1094	1098	3	1	1094	#ifdef @FIXED_FUNCTION_COLOR_OUTPUT	(defined(@FRAGMENT)) && (defined(@RESOLVE_PLS)) && (!((defined(@COALESCED_PLS_RESOLVE_AND_TRANSFER)))) && (defined(@FIXED_FUNCTION_COLOR_OUTPUT))	metal-shader-source-batch	crates/nuxie-renderer/src/mechanical_port/source/renderer/src/shaders/atomic_draw_glsl.rs	prepared	verified	required	preserve-directive-and-every-branch-in-artifact-source	artifact-generation-and-compile	cpp:renderer/src/shaders/atomic_draw.glsl:1094
1	4ac7b32798da0482e441ef09304dc3b480ed3ee5	renderer/src/shaders/atomic_draw.glsl	pp-0224	1094	1098	3	2	1096	#else	(defined(@FRAGMENT)) && (defined(@RESOLVE_PLS)) && (!((defined(@COALESCED_PLS_RESOLVE_AND_TRANSFER)))) && (!((defined(@FIXED_FUNCTION_COLOR_OUTPUT))))	metal-shader-source-batch	crates/nuxie-renderer/src/mechanical_port/source/renderer/src/shaders/atomic_draw_glsl.rs	prepared	verified	required	preserve-directive-and-every-branch-in-artifact-source	artifact-generation-and-compile	cpp:renderer/src/shaders/atomic_draw.glsl:1096
1	4ac7b32798da0482e441ef09304dc3b480ed3ee5	renderer/src/shaders/bezier_utils.glsl	pp-0225	17	19	0	1	17	#ifndef make_float4	(!defined(make_float4))	metal-shader-source-batch	crates/nuxie-renderer/src/mechanical_port/source/renderer/src/shaders/bezier_utils_glsl.rs	prepared	verified	required	preserve-directive-and-every-branch-in-artifact-source	artifact-generation-and-compile	cpp:renderer/src/shaders/bezier_utils.glsl:17
1	4ac7b32798da0482e441ef09304dc3b480ed3ee5	renderer/src/shaders/bezier_utils.glsl	pp-0226	20	22	0	1	20	#ifndef make_float2	(!defined(make_float2))	metal-shader-source-batch	crates/nuxie-renderer/src/mechanical_port/source/renderer/src/shaders/bezier_utils_glsl.rs	prepared	verified	required	preserve-directive-and-every-branch-in-artifact-source	artifact-generation-and-compile	cpp:renderer/src/shaders/bezier_utils.glsl:20
1	4ac7b32798da0482e441ef09304dc3b480ed3ee5	renderer/src/shaders/bezier_utils.glsl	pp-0227	195	244	0	1	195	#if 0	(0)	metal-shader-source-batch	crates/nuxie-renderer/src/mechanical_port/source/renderer/src/shaders/bezier_utils_glsl.rs	prepared	verified	required	preserve-directive-and-every-branch-in-artifact-source	artifact-generation-and-compile	cpp:renderer/src/shaders/bezier_utils.glsl:195
1	4ac7b32798da0482e441ef09304dc3b480ed3ee5	renderer/src/shaders/bezier_utils.glsl	pp-0227	195	244	0	2	211	#else	(!((0)))	metal-shader-source-batch	crates/nuxie-renderer/src/mechanical_port/source/renderer/src/shaders/bezier_utils_glsl.rs	prepared	verified	required	preserve-directive-and-every-branch-in-artifact-source	artifact-generation-and-compile	cpp:renderer/src/shaders/bezier_utils.glsl:211
1	4ac7b32798da0482e441ef09304dc3b480ed3ee5	renderer/src/shaders/blit_texture_as_draw.glsl	pp-0228	6	8	0	1	6	#ifdef @USE_FILTERING	(defined(@USE_FILTERING))	metal-shader-source-batch	crates/nuxie-renderer/src/mechanical_port/source/renderer/src/shaders/blit_texture_as_draw_glsl.rs	prepared	verified	required	preserve-directive-and-every-branch-in-artifact-source	artifact-generation-and-compile	cpp:renderer/src/shaders/blit_texture_as_draw.glsl:6
1	4ac7b32798da0482e441ef09304dc3b480ed3ee5	renderer/src/shaders/blit_texture_as_draw.glsl	pp-0229	11	37	0	1	11	#ifdef @VERTEX	(defined(@VERTEX))	metal-shader-source-batch	crates/nuxie-renderer/src/mechanical_port/source/renderer/src/shaders/blit_texture_as_draw_glsl.rs	prepared	verified	required	preserve-directive-and-every-branch-in-artifact-source	artifact-generation-and-compile	cpp:renderer/src/shaders/blit_texture_as_draw.glsl:11
1	4ac7b32798da0482e441ef09304dc3b480ed3ee5	renderer/src/shaders/blit_texture_as_draw.glsl	pp-0230	28	33	1	1	28	#ifdef @USE_FILTERING	(defined(@VERTEX)) && (defined(@USE_FILTERING))	metal-shader-source-batch	crates/nuxie-renderer/src/mechanical_port/source/renderer/src/shaders/blit_texture_as_draw_glsl.rs	prepared	verified	required	preserve-directive-and-every-branch-in-artifact-source	artifact-generation-and-compile	cpp:renderer/src/shaders/blit_texture_as_draw.glsl:28
1	4ac7b32798da0482e441ef09304dc3b480ed3ee5	renderer/src/shaders/blit_texture_as_draw.glsl	pp-0231	39	72	0	1	39	#ifdef @FRAGMENT	(defined(@FRAGMENT))	metal-shader-source-batch	crates/nuxie-renderer/src/mechanical_port/source/renderer/src/shaders/blit_texture_as_draw_glsl.rs	prepared	verified	required	preserve-directive-and-every-branch-in-artifact-source	artifact-generation-and-compile	cpp:renderer/src/shaders/blit_texture_as_draw.glsl:39
1	4ac7b32798da0482e441ef09304dc3b480ed3ee5	renderer/src/shaders/blit_texture_as_draw.glsl	pp-0232	41	45	1	1	41	#ifdef @SOURCE_TEXTURE_MSAA	(defined(@FRAGMENT)) && (defined(@SOURCE_TEXTURE_MSAA))	metal-shader-source-batch	crates/nuxie-renderer/src/mechanical_port/source/renderer/src/shaders/blit_texture_as_draw_glsl.rs	prepared	verified	required	preserve-directive-and-every-branch-in-artifact-source	artifact-generation-and-compile	cpp:renderer/src/shaders/blit_texture_as_draw.glsl:41
1	4ac7b32798da0482e441ef09304dc3b480ed3ee5	renderer/src/shaders/blit_texture_as_draw.glsl	pp-0232	41	45	1	2	43	#else	(defined(@FRAGMENT)) && (!((defined(@SOURCE_TEXTURE_MSAA))))	metal-shader-source-batch	crates/nuxie-renderer/src/mechanical_port/source/renderer/src/shaders/blit_texture_as_draw_glsl.rs	prepared	verified	required	preserve-directive-and-every-branch-in-artifact-source	artifact-generation-and-compile	cpp:renderer/src/shaders/blit_texture_as_draw.glsl:43
1	4ac7b32798da0482e441ef09304dc3b480ed3ee5	renderer/src/shaders/blit_texture_as_draw.glsl	pp-0233	48	52	1	1	48	#ifdef @USE_FILTERING	(defined(@FRAGMENT)) && (defined(@USE_FILTERING))	metal-shader-source-batch	crates/nuxie-renderer/src/mechanical_port/source/renderer/src/shaders/blit_texture_as_draw_glsl.rs	prepared	verified	required	preserve-directive-and-every-branch-in-artifact-source	artifact-generation-and-compile	cpp:renderer/src/shaders/blit_texture_as_draw.glsl:48
1	4ac7b32798da0482e441ef09304dc3b480ed3ee5	renderer/src/shaders/blit_texture_as_draw.glsl	pp-0234	57	69	1	1	57	#ifdef @USE_FILTERING	(defined(@FRAGMENT)) && (defined(@USE_FILTERING))	metal-shader-source-batch	crates/nuxie-renderer/src/mechanical_port/source/renderer/src/shaders/blit_texture_as_draw_glsl.rs	prepared	verified	required	preserve-directive-and-every-branch-in-artifact-source	artifact-generation-and-compile	cpp:renderer/src/shaders/blit_texture_as_draw.glsl:57
1	4ac7b32798da0482e441ef09304dc3b480ed3ee5	renderer/src/shaders/blit_texture_as_draw.glsl	pp-0234	57	69	1	2	61	#elif defined(@SOURCE_TEXTURE_MSAA)	(defined(@FRAGMENT)) && (!((defined(@USE_FILTERING))) && (defined(@SOURCE_TEXTURE_MSAA)))	metal-shader-source-batch	crates/nuxie-renderer/src/mechanical_port/source/renderer/src/shaders/blit_texture_as_draw_glsl.rs	prepared	verified	required	preserve-directive-and-every-branch-in-artifact-source	artifact-generation-and-compile	cpp:renderer/src/shaders/blit_texture_as_draw.glsl:61
1	4ac7b32798da0482e441ef09304dc3b480ed3ee5	renderer/src/shaders/blit_texture_as_draw.glsl	pp-0234	57	69	1	3	67	#else	(defined(@FRAGMENT)) && (!((defined(@USE_FILTERING)) || (defined(@SOURCE_TEXTURE_MSAA))))	metal-shader-source-batch	crates/nuxie-renderer/src/mechanical_port/source/renderer/src/shaders/blit_texture_as_draw_glsl.rs	prepared	verified	required	preserve-directive-and-every-branch-in-artifact-source	artifact-generation-and-compile	cpp:renderer/src/shaders/blit_texture_as_draw.glsl:67
1	4ac7b32798da0482e441ef09304dc3b480ed3ee5	renderer/src/shaders/clear_clockwise_atomic_clip.glsl	pp-0235	5	16	0	1	5	#ifdef @VERTEX	(defined(@VERTEX))	metal-shader-source-batch	crates/nuxie-renderer/src/mechanical_port/source/renderer/src/shaders/clear_clockwise_atomic_clip_glsl.rs	prepared	verified	required	preserve-directive-and-every-branch-in-artifact-source	artifact-generation-and-compile	cpp:renderer/src/shaders/clear_clockwise_atomic_clip.glsl:5
1	4ac7b32798da0482e441ef09304dc3b480ed3ee5	renderer/src/shaders/clear_clockwise_atomic_clip.glsl	pp-0236	18	36	0	1	18	#ifdef @FRAGMENT	(defined(@FRAGMENT))	metal-shader-source-batch	crates/nuxie-renderer/src/mechanical_port/source/renderer/src/shaders/clear_clockwise_atomic_clip_glsl.rs	prepared	verified	required	preserve-directive-and-every-branch-in-artifact-source	artifact-generation-and-compile	cpp:renderer/src/shaders/clear_clockwise_atomic_clip.glsl:18
1	4ac7b32798da0482e441ef09304dc3b480ed3ee5	renderer/src/shaders/clear_clockwise_atomic_clip.glsl	pp-0237	20	22	1	1	20	#ifndef @FIXED_FUNCTION_COLOR_OUTPUT	(defined(@FRAGMENT)) && (!defined(@FIXED_FUNCTION_COLOR_OUTPUT))	metal-shader-source-batch	crates/nuxie-renderer/src/mechanical_port/source/renderer/src/shaders/clear_clockwise_atomic_clip_glsl.rs	prepared	verified	required	preserve-directive-and-every-branch-in-artifact-source	artifact-generation-and-compile	cpp:renderer/src/shaders/clear_clockwise_atomic_clip.glsl:20
1	4ac7b32798da0482e441ef09304dc3b480ed3ee5	renderer/src/shaders/color_ramp.glsl	pp-0238	8	19	0	1	8	#ifdef @VERTEX	(defined(@VERTEX))	metal-shader-source-batch	crates/nuxie-renderer/src/mechanical_port/source/renderer/src/shaders/color_ramp_glsl.rs	prepared	verified	required	preserve-directive-and-every-branch-in-artifact-source	artifact-generation-and-compile	cpp:renderer/src/shaders/color_ramp.glsl:8
1	4ac7b32798da0482e441ef09304dc3b480ed3ee5	renderer/src/shaders/color_ramp.glsl	pp-0239	10	17	1	1	10	#ifdef SPLIT_UINT4_ATTRIBUTES	(defined(@VERTEX)) && (defined(SPLIT_UINT4_ATTRIBUTES))	metal-shader-source-batch	crates/nuxie-renderer/src/mechanical_port/source/renderer/src/shaders/color_ramp_glsl.rs	prepared	verified	required	preserve-directive-and-every-branch-in-artifact-source	artifact-generation-and-compile	cpp:renderer/src/shaders/color_ramp.glsl:10
1	4ac7b32798da0482e441ef09304dc3b480ed3ee5	renderer/src/shaders/color_ramp.glsl	pp-0239	10	17	1	2	15	#else	(defined(@VERTEX)) && (!((defined(SPLIT_UINT4_ATTRIBUTES))))	metal-shader-source-batch	crates/nuxie-renderer/src/mechanical_port/source/renderer/src/shaders/color_ramp_glsl.rs	prepared	verified	required	preserve-directive-and-every-branch-in-artifact-source	artifact-generation-and-compile	cpp:renderer/src/shaders/color_ramp.glsl:15
1	4ac7b32798da0482e441ef09304dc3b480ed3ee5	renderer/src/shaders/color_ramp.glsl	pp-0240	25	96	0	1	25	#ifdef @VERTEX	(defined(@VERTEX))	metal-shader-source-batch	crates/nuxie-renderer/src/mechanical_port/source/renderer/src/shaders/color_ramp_glsl.rs	prepared	verified	required	preserve-directive-and-every-branch-in-artifact-source	artifact-generation-and-compile	cpp:renderer/src/shaders/color_ramp.glsl:25
1	4ac7b32798da0482e441ef09304dc3b480ed3ee5	renderer/src/shaders/color_ramp.glsl	pp-0241	42	50	1	1	42	#ifdef SPLIT_UINT4_ATTRIBUTES	(defined(@VERTEX)) && (defined(SPLIT_UINT4_ATTRIBUTES))	metal-shader-source-batch	crates/nuxie-renderer/src/mechanical_port/source/renderer/src/shaders/color_ramp_glsl.rs	prepared	verified	required	preserve-directive-and-every-branch-in-artifact-source	artifact-generation-and-compile	cpp:renderer/src/shaders/color_ramp.glsl:42
1	4ac7b32798da0482e441ef09304dc3b480ed3ee5	renderer/src/shaders/color_ramp.glsl	pp-0241	42	50	1	2	48	#else	(defined(@VERTEX)) && (!((defined(SPLIT_UINT4_ATTRIBUTES))))	metal-shader-source-batch	crates/nuxie-renderer/src/mechanical_port/source/renderer/src/shaders/color_ramp_glsl.rs	prepared	verified	required	preserve-directive-and-every-branch-in-artifact-source	artifact-generation-and-compile	cpp:renderer/src/shaders/color_ramp.glsl:48
1	4ac7b32798da0482e441ef09304dc3b480ed3ee5	renderer/src/shaders/color_ramp.glsl	pp-0242	89	91	1	1	89	#ifdef @POST_INVERT_Y	(defined(@VERTEX)) && (defined(@POST_INVERT_Y))	metal-shader-source-batch	crates/nuxie-renderer/src/mechanical_port/source/renderer/src/shaders/color_ramp_glsl.rs	prepared	verified	required	preserve-directive-and-every-branch-in-artifact-source	artifact-generation-and-compile	cpp:renderer/src/shaders/color_ramp.glsl:89
1	4ac7b32798da0482e441ef09304dc3b480ed3ee5	renderer/src/shaders/color_ramp.glsl	pp-0243	98	107	0	1	98	#ifdef @FRAGMENT	(defined(@FRAGMENT))	metal-shader-source-batch	crates/nuxie-renderer/src/mechanical_port/source/renderer/src/shaders/color_ramp_glsl.rs	prepared	verified	required	preserve-directive-and-every-branch-in-artifact-source	artifact-generation-and-compile	cpp:renderer/src/shaders/color_ramp.glsl:98
1	4ac7b32798da0482e441ef09304dc3b480ed3ee5	renderer/src/shaders/common.glsl	pp-0244	12	16	0	1	12	#ifndef @RENDER_MODE_MSAA	(!defined(@RENDER_MODE_MSAA))	metal-shader-source-batch	crates/nuxie-renderer/src/mechanical_port/source/renderer/src/shaders/common_glsl.rs	prepared	verified	required	preserve-directive-and-every-branch-in-artifact-source	artifact-generation-and-compile	cpp:renderer/src/shaders/common.glsl:12
1	4ac7b32798da0482e441ef09304dc3b480ed3ee5	renderer/src/shaders/common.glsl	pp-0244	12	16	0	2	14	#else	(!((!defined(@RENDER_MODE_MSAA))))	metal-shader-source-batch	crates/nuxie-renderer/src/mechanical_port/source/renderer/src/shaders/common_glsl.rs	prepared	verified	required	preserve-directive-and-every-branch-in-artifact-source	artifact-generation-and-compile	cpp:renderer/src/shaders/common.glsl:14
1	4ac7b32798da0482e441ef09304dc3b480ed3ee5	renderer/src/shaders/common.glsl	pp-0245	24	38	0	1	24	#ifdef @TESS_TEXTURE_FLOATING_POINT	(defined(@TESS_TEXTURE_FLOATING_POINT))	metal-shader-source-batch	crates/nuxie-renderer/src/mechanical_port/source/renderer/src/shaders/common_glsl.rs	prepared	verified	required	preserve-directive-and-every-branch-in-artifact-source	artifact-generation-and-compile	cpp:renderer/src/shaders/common.glsl:24
1	4ac7b32798da0482e441ef09304dc3b480ed3ee5	renderer/src/shaders/common.glsl	pp-0245	24	38	0	2	31	#else	(!((defined(@TESS_TEXTURE_FLOATING_POINT))))	metal-shader-source-batch	crates/nuxie-renderer/src/mechanical_port/source/renderer/src/shaders/common_glsl.rs	prepared	verified	required	preserve-directive-and-every-branch-in-artifact-source	artifact-generation-and-compile	cpp:renderer/src/shaders/common.glsl:31
1	4ac7b32798da0482e441ef09304dc3b480ed3ee5	renderer/src/shaders/common.glsl	pp-0246	70	92	0	1	70	#ifdef GLSL	(defined(GLSL))	metal-shader-source-batch	crates/nuxie-renderer/src/mechanical_port/source/renderer/src/shaders/common_glsl.rs	prepared	verified	required	preserve-directive-and-every-branch-in-artifact-source	artifact-generation-and-compile	cpp:renderer/src/shaders/common.glsl:70
1	4ac7b32798da0482e441ef09304dc3b480ed3ee5	renderer/src/shaders/common.glsl	pp-0246	70	92	0	2	82	#else	(!((defined(GLSL))))	metal-shader-source-batch	crates/nuxie-renderer/src/mechanical_port/source/renderer/src/shaders/common_glsl.rs	prepared	verified	required	preserve-directive-and-every-branch-in-artifact-source	artifact-generation-and-compile	cpp:renderer/src/shaders/common.glsl:82
1	4ac7b32798da0482e441ef09304dc3b480ed3ee5	renderer/src/shaders/common.glsl	pp-0247	252	265	0	1	252	#if defined(@GL_RENDERER_MALI) || defined(@VULKAN_VENDOR_ARM)	(defined(@GL_RENDERER_MALI) || defined(@VULKAN_VENDOR_ARM))	metal-shader-source-batch	crates/nuxie-renderer/src/mechanical_port/source/renderer/src/shaders/common_glsl.rs	prepared	verified	required	preserve-directive-and-every-branch-in-artifact-source	artifact-generation-and-compile	cpp:renderer/src/shaders/common.glsl:252
1	4ac7b32798da0482e441ef09304dc3b480ed3ee5	renderer/src/shaders/common.glsl	pp-0248	253	255	1	1	253	#ifdef @VULKAN_VENDOR_ARM	(defined(@GL_RENDERER_MALI) || defined(@VULKAN_VENDOR_ARM)) && (defined(@VULKAN_VENDOR_ARM))	metal-shader-source-batch	crates/nuxie-renderer/src/mechanical_port/source/renderer/src/shaders/common_glsl.rs	prepared	verified	required	preserve-directive-and-every-branch-in-artifact-source	artifact-generation-and-compile	cpp:renderer/src/shaders/common.glsl:253
1	4ac7b32798da0482e441ef09304dc3b480ed3ee5	renderer/src/shaders/common.glsl	pp-0249	276	302	0	1	276	#if 0	(0)	metal-shader-source-batch	crates/nuxie-renderer/src/mechanical_port/source/renderer/src/shaders/common_glsl.rs	prepared	verified	required	preserve-directive-and-every-branch-in-artifact-source	artifact-generation-and-compile	cpp:renderer/src/shaders/common.glsl:276
1	4ac7b32798da0482e441ef09304dc3b480ed3ee5	renderer/src/shaders/common.glsl	pp-0250	304	356	0	1	304	#ifdef @ENABLE_DITHER	(defined(@ENABLE_DITHER))	metal-shader-source-batch	crates/nuxie-renderer/src/mechanical_port/source/renderer/src/shaders/common_glsl.rs	prepared	verified	required	preserve-directive-and-every-branch-in-artifact-source	artifact-generation-and-compile	cpp:renderer/src/shaders/common.glsl:304
1	4ac7b32798da0482e441ef09304dc3b480ed3ee5	renderer/src/shaders/common.glsl	pp-0250	304	356	0	2	337	#else	(!((defined(@ENABLE_DITHER))))	metal-shader-source-batch	crates/nuxie-renderer/src/mechanical_port/source/renderer/src/shaders/common_glsl.rs	prepared	verified	required	preserve-directive-and-every-branch-in-artifact-source	artifact-generation-and-compile	cpp:renderer/src/shaders/common.glsl:337
1	4ac7b32798da0482e441ef09304dc3b480ed3ee5	renderer/src/shaders/common.glsl	pp-0251	358	444	0	1	358	#ifdef @VERTEX	(defined(@VERTEX))	metal-shader-source-batch	crates/nuxie-renderer/src/mechanical_port/source/renderer/src/shaders/common_glsl.rs	prepared	verified	required	preserve-directive-and-every-branch-in-artifact-source	artifact-generation-and-compile	cpp:renderer/src/shaders/common.glsl:358
1	4ac7b32798da0482e441ef09304dc3b480ed3ee5	renderer/src/shaders/common.glsl	pp-0252	370	443	1	1	370	#ifndef @RENDER_MODE_MSAA	(defined(@VERTEX)) && (!defined(@RENDER_MODE_MSAA))	metal-shader-source-batch	crates/nuxie-renderer/src/mechanical_port/source/renderer/src/shaders/common_glsl.rs	prepared	verified	required	preserve-directive-and-every-branch-in-artifact-source	artifact-generation-and-compile	cpp:renderer/src/shaders/common.glsl:370
1	4ac7b32798da0482e441ef09304dc3b480ed3ee5	renderer/src/shaders/common.glsl	pp-0252	370	443	1	2	402	#else // !@RENDER_MODE_MSAA => @RENDER_MODE_MSAA	(defined(@VERTEX)) && (!((!defined(@RENDER_MODE_MSAA))))	metal-shader-source-batch	crates/nuxie-renderer/src/mechanical_port/source/renderer/src/shaders/common_glsl.rs	prepared	verified	required	preserve-directive-and-every-branch-in-artifact-source	artifact-generation-and-compile	cpp:renderer/src/shaders/common.glsl:402
1	4ac7b32798da0482e441ef09304dc3b480ed3ee5	renderer/src/shaders/common.glsl	pp-0253	409	441	2	1	409	#ifdef @ENABLE_CLIP_RECT	(defined(@VERTEX)) && (!((!defined(@RENDER_MODE_MSAA)))) && (defined(@ENABLE_CLIP_RECT))	metal-shader-source-batch	crates/nuxie-renderer/src/mechanical_port/source/renderer/src/shaders/common_glsl.rs	prepared	verified	required	preserve-directive-and-every-branch-in-artifact-source	artifact-generation-and-compile	cpp:renderer/src/shaders/common.glsl:409
1	4ac7b32798da0482e441ef09304dc3b480ed3ee5	renderer/src/shaders/common.glsl	pp-0254	421	439	3	1	421	#ifndef @DISABLE_CLIP_DISTANCE_FOR_UBERSHADERS	(defined(@VERTEX)) && (!((!defined(@RENDER_MODE_MSAA)))) && (defined(@ENABLE_CLIP_RECT)) && (!defined(@DISABLE_CLIP_DISTANCE_FOR_UBERSHADERS))	metal-shader-source-batch	crates/nuxie-renderer/src/mechanical_port/source/renderer/src/shaders/common_glsl.rs	prepared	verified	required	preserve-directive-and-every-branch-in-artifact-source	artifact-generation-and-compile	cpp:renderer/src/shaders/common.glsl:421
1	4ac7b32798da0482e441ef09304dc3b480ed3ee5	renderer/src/shaders/common.glsl	pp-0255	446	466	0	1	446	#ifdef @FRAGMENT	(defined(@FRAGMENT))	metal-shader-source-batch	crates/nuxie-renderer/src/mechanical_port/source/renderer/src/shaders/common_glsl.rs	prepared	verified	required	preserve-directive-and-every-branch-in-artifact-source	artifact-generation-and-compile	cpp:renderer/src/shaders/common.glsl:446
1	4ac7b32798da0482e441ef09304dc3b480ed3ee5	renderer/src/shaders/common.glsl	pp-0256	447	465	1	1	447	#ifdef @NEEDS_GAMMA_CORRECTION	(defined(@FRAGMENT)) && (defined(@NEEDS_GAMMA_CORRECTION))	metal-shader-source-batch	crates/nuxie-renderer/src/mechanical_port/source/renderer/src/shaders/common_glsl.rs	prepared	verified	required	preserve-directive-and-every-branch-in-artifact-source	artifact-generation-and-compile	cpp:renderer/src/shaders/common.glsl:447
1	4ac7b32798da0482e441ef09304dc3b480ed3ee5	renderer/src/shaders/common.glsl	pp-0257	470	494	0	1	470	#if defined(@FRAGMENT) && defined(@RENDER_MODE_MSAA) && !defined(@FIXED_FUNCTION_COLOR_OUTPUT)	(defined(@FRAGMENT) && defined(@RENDER_MODE_MSAA) && !defined(@FIXED_FUNCTION_COLOR_OUTPUT))	metal-shader-source-batch	crates/nuxie-renderer/src/mechanical_port/source/renderer/src/shaders/common_glsl.rs	prepared	verified	required	preserve-directive-and-every-branch-in-artifact-source	artifact-generation-and-compile	cpp:renderer/src/shaders/common.glsl:470
1	4ac7b32798da0482e441ef09304dc3b480ed3ee5	renderer/src/shaders/constants.glsl	pp-0258	318	322	0	1	318	#ifdef __cplusplus	(defined(__cplusplus))	metal-shader-source-batch	crates/nuxie-renderer/src/mechanical_port/source/renderer/src/shaders/constants_glsl.rs	prepared	verified	required	preserve-directive-and-every-branch-in-artifact-source	artifact-generation-and-compile	cpp:renderer/src/shaders/constants.glsl:318
1	4ac7b32798da0482e441ef09304dc3b480ed3ee5	renderer/src/shaders/constants.glsl	pp-0259	319	321	1	1	319	#if __cplusplus >= 201703	(defined(__cplusplus)) && (__cplusplus >= 201703)	metal-shader-source-batch	crates/nuxie-renderer/src/mechanical_port/source/renderer/src/shaders/constants_glsl.rs	prepared	verified	required	preserve-directive-and-every-branch-in-artifact-source	artifact-generation-and-compile	cpp:renderer/src/shaders/constants.glsl:319
1	4ac7b32798da0482e441ef09304dc3b480ed3ee5	renderer/src/shaders/draw_clockwise_atomic_borrowed_coverage.frag	pp-0260	5	55	0	1	5	#ifdef @FRAGMENT	(defined(@FRAGMENT))	metal-shader-source-batch	crates/nuxie-renderer/src/mechanical_port/source/renderer/src/shaders/draw_clockwise_atomic_borrowed_coverage_frag.rs	prepared	verified	required	preserve-directive-and-every-branch-in-artifact-source	artifact-generation-and-compile	cpp:renderer/src/shaders/draw_clockwise_atomic_borrowed_coverage.frag:5
1	4ac7b32798da0482e441ef09304dc3b480ed3ee5	renderer/src/shaders/draw_clockwise_atomic_borrowed_coverage.frag	pp-0261	13	17	1	1	13	#ifdef @DRAW_INTERIOR_TRIANGLES	(defined(@FRAGMENT)) && (defined(@DRAW_INTERIOR_TRIANGLES))	metal-shader-source-batch	crates/nuxie-renderer/src/mechanical_port/source/renderer/src/shaders/draw_clockwise_atomic_borrowed_coverage_frag.rs	prepared	verified	required	preserve-directive-and-every-branch-in-artifact-source	artifact-generation-and-compile	cpp:renderer/src/shaders/draw_clockwise_atomic_borrowed_coverage.frag:13
1	4ac7b32798da0482e441ef09304dc3b480ed3ee5	renderer/src/shaders/draw_clockwise_atomic_borrowed_coverage.frag	pp-0261	13	17	1	2	15	#else	(defined(@FRAGMENT)) && (!((defined(@DRAW_INTERIOR_TRIANGLES))))	metal-shader-source-batch	crates/nuxie-renderer/src/mechanical_port/source/renderer/src/shaders/draw_clockwise_atomic_borrowed_coverage_frag.rs	prepared	verified	required	preserve-directive-and-every-branch-in-artifact-source	artifact-generation-and-compile	cpp:renderer/src/shaders/draw_clockwise_atomic_borrowed_coverage.frag:15
1	4ac7b32798da0482e441ef09304dc3b480ed3ee5	renderer/src/shaders/draw_clockwise_atomic_borrowed_coverage.frag	pp-0262	22	26	1	1	22	#ifdef @DRAW_INTERIOR_TRIANGLES	(defined(@FRAGMENT)) && (defined(@DRAW_INTERIOR_TRIANGLES))	metal-shader-source-batch	crates/nuxie-renderer/src/mechanical_port/source/renderer/src/shaders/draw_clockwise_atomic_borrowed_coverage_frag.rs	prepared	verified	required	preserve-directive-and-every-branch-in-artifact-source	artifact-generation-and-compile	cpp:renderer/src/shaders/draw_clockwise_atomic_borrowed_coverage.frag:22
1	4ac7b32798da0482e441ef09304dc3b480ed3ee5	renderer/src/shaders/draw_clockwise_atomic_borrowed_coverage.frag	pp-0262	22	26	1	2	24	#else	(defined(@FRAGMENT)) && (!((defined(@DRAW_INTERIOR_TRIANGLES))))	metal-shader-source-batch	crates/nuxie-renderer/src/mechanical_port/source/renderer/src/shaders/draw_clockwise_atomic_borrowed_coverage_frag.rs	prepared	verified	required	preserve-directive-and-every-branch-in-artifact-source	artifact-generation-and-compile	cpp:renderer/src/shaders/draw_clockwise_atomic_borrowed_coverage.frag:24
1	4ac7b32798da0482e441ef09304dc3b480ed3ee5	renderer/src/shaders/draw_clockwise_atomic_clip.frag	pp-0263	5	138	0	1	5	#ifdef @FRAGMENT	(defined(@FRAGMENT))	metal-shader-source-batch	crates/nuxie-renderer/src/mechanical_port/source/renderer/src/shaders/draw_clockwise_atomic_clip_frag.rs	prepared	verified	required	preserve-directive-and-every-branch-in-artifact-source	artifact-generation-and-compile	cpp:renderer/src/shaders/draw_clockwise_atomic_clip.frag:5
1	4ac7b32798da0482e441ef09304dc3b480ed3ee5	renderer/src/shaders/draw_clockwise_atomic_clip.frag	pp-0264	8	10	1	1	8	#ifndef @FIXED_FUNCTION_COLOR_OUTPUT	(defined(@FRAGMENT)) && (!defined(@FIXED_FUNCTION_COLOR_OUTPUT))	metal-shader-source-batch	crates/nuxie-renderer/src/mechanical_port/source/renderer/src/shaders/draw_clockwise_atomic_clip_frag.rs	prepared	verified	required	preserve-directive-and-every-branch-in-artifact-source	artifact-generation-and-compile	cpp:renderer/src/shaders/draw_clockwise_atomic_clip.frag:8
1	4ac7b32798da0482e441ef09304dc3b480ed3ee5	renderer/src/shaders/draw_clockwise_atomic_clip.frag	pp-0265	14	18	1	1	14	#ifdef @NESTED_CLIP_UPDATE_ONLY	(defined(@FRAGMENT)) && (defined(@NESTED_CLIP_UPDATE_ONLY))	metal-shader-source-batch	crates/nuxie-renderer/src/mechanical_port/source/renderer/src/shaders/draw_clockwise_atomic_clip_frag.rs	prepared	verified	required	preserve-directive-and-every-branch-in-artifact-source	artifact-generation-and-compile	cpp:renderer/src/shaders/draw_clockwise_atomic_clip.frag:14
1	4ac7b32798da0482e441ef09304dc3b480ed3ee5	renderer/src/shaders/draw_clockwise_atomic_clip.frag	pp-0266	20	30	1	1	20	#ifdef @FIXED_FUNCTION_COLOR_OUTPUT	(defined(@FRAGMENT)) && (defined(@FIXED_FUNCTION_COLOR_OUTPUT))	metal-shader-source-batch	crates/nuxie-renderer/src/mechanical_port/source/renderer/src/shaders/draw_clockwise_atomic_clip_frag.rs	prepared	verified	required	preserve-directive-and-every-branch-in-artifact-source	artifact-generation-and-compile	cpp:renderer/src/shaders/draw_clockwise_atomic_clip.frag:20
1	4ac7b32798da0482e441ef09304dc3b480ed3ee5	renderer/src/shaders/draw_clockwise_atomic_clip.frag	pp-0266	20	30	1	2	25	#else	(defined(@FRAGMENT)) && (!((defined(@FIXED_FUNCTION_COLOR_OUTPUT))))	metal-shader-source-batch	crates/nuxie-renderer/src/mechanical_port/source/renderer/src/shaders/draw_clockwise_atomic_clip_frag.rs	prepared	verified	required	preserve-directive-and-every-branch-in-artifact-source	artifact-generation-and-compile	cpp:renderer/src/shaders/draw_clockwise_atomic_clip.frag:25
1	4ac7b32798da0482e441ef09304dc3b480ed3ee5	renderer/src/shaders/draw_clockwise_atomic_clip.frag	pp-0267	34	40	1	1	34	#ifdef @DRAW_INTERIOR_TRIANGLES	(defined(@FRAGMENT)) && (defined(@DRAW_INTERIOR_TRIANGLES))	metal-shader-source-batch	crates/nuxie-renderer/src/mechanical_port/source/renderer/src/shaders/draw_clockwise_atomic_clip_frag.rs	prepared	verified	required	preserve-directive-and-every-branch-in-artifact-source	artifact-generation-and-compile	cpp:renderer/src/shaders/draw_clockwise_atomic_clip.frag:34
1	4ac7b32798da0482e441ef09304dc3b480ed3ee5	renderer/src/shaders/draw_clockwise_atomic_clip.frag	pp-0267	34	40	1	2	37	#else	(defined(@FRAGMENT)) && (!((defined(@DRAW_INTERIOR_TRIANGLES))))	metal-shader-source-batch	crates/nuxie-renderer/src/mechanical_port/source/renderer/src/shaders/draw_clockwise_atomic_clip_frag.rs	prepared	verified	required	preserve-directive-and-every-branch-in-artifact-source	artifact-generation-and-compile	cpp:renderer/src/shaders/draw_clockwise_atomic_clip.frag:37
1	4ac7b32798da0482e441ef09304dc3b480ed3ee5	renderer/src/shaders/draw_clockwise_atomic_clip.frag	pp-0268	42	131	1	1	42	#ifdef @NESTED_CLIP_UPDATE_ONLY	(defined(@FRAGMENT)) && (defined(@NESTED_CLIP_UPDATE_ONLY))	metal-shader-source-batch	crates/nuxie-renderer/src/mechanical_port/source/renderer/src/shaders/draw_clockwise_atomic_clip_frag.rs	prepared	verified	required	preserve-directive-and-every-branch-in-artifact-source	artifact-generation-and-compile	cpp:renderer/src/shaders/draw_clockwise_atomic_clip.frag:42
1	4ac7b32798da0482e441ef09304dc3b480ed3ee5	renderer/src/shaders/draw_clockwise_atomic_path.frag	pp-0269	5	377	0	1	5	#ifdef @FRAGMENT	(defined(@FRAGMENT))	metal-shader-source-batch	crates/nuxie-renderer/src/mechanical_port/source/renderer/src/shaders/draw_clockwise_atomic_path_frag.rs	prepared	verified	required	preserve-directive-and-every-branch-in-artifact-source	artifact-generation-and-compile	cpp:renderer/src/shaders/draw_clockwise_atomic_path.frag:5
1	4ac7b32798da0482e441ef09304dc3b480ed3ee5	renderer/src/shaders/draw_clockwise_atomic_path.frag	pp-0270	8	10	1	1	8	#ifndef @FIXED_FUNCTION_COLOR_OUTPUT	(defined(@FRAGMENT)) && (!defined(@FIXED_FUNCTION_COLOR_OUTPUT))	metal-shader-source-batch	crates/nuxie-renderer/src/mechanical_port/source/renderer/src/shaders/draw_clockwise_atomic_path_frag.rs	prepared	verified	required	preserve-directive-and-every-branch-in-artifact-source	artifact-generation-and-compile	cpp:renderer/src/shaders/draw_clockwise_atomic_path.frag:8
1	4ac7b32798da0482e441ef09304dc3b480ed3ee5	renderer/src/shaders/draw_clockwise_atomic_path.frag	pp-0271	12	14	1	1	12	#ifndef @FIXED_FUNCTION_COLOR_OUTPUT	(defined(@FRAGMENT)) && (!defined(@FIXED_FUNCTION_COLOR_OUTPUT))	metal-shader-source-batch	crates/nuxie-renderer/src/mechanical_port/source/renderer/src/shaders/draw_clockwise_atomic_path_frag.rs	prepared	verified	required	preserve-directive-and-every-branch-in-artifact-source	artifact-generation-and-compile	cpp:renderer/src/shaders/draw_clockwise_atomic_path.frag:12
1	4ac7b32798da0482e441ef09304dc3b480ed3ee5	renderer/src/shaders/draw_clockwise_atomic_path.frag	pp-0272	27	37	1	1	27	#ifdef @FIXED_FUNCTION_COLOR_OUTPUT	(defined(@FRAGMENT)) && (defined(@FIXED_FUNCTION_COLOR_OUTPUT))	metal-shader-source-batch	crates/nuxie-renderer/src/mechanical_port/source/renderer/src/shaders/draw_clockwise_atomic_path_frag.rs	prepared	verified	required	preserve-directive-and-every-branch-in-artifact-source	artifact-generation-and-compile	cpp:renderer/src/shaders/draw_clockwise_atomic_path.frag:27
1	4ac7b32798da0482e441ef09304dc3b480ed3ee5	renderer/src/shaders/draw_clockwise_atomic_path.frag	pp-0273	51	53	1	1	51	#ifndef @FIXED_FUNCTION_COLOR_OUTPUT	(defined(@FRAGMENT)) && (!defined(@FIXED_FUNCTION_COLOR_OUTPUT))	metal-shader-source-batch	crates/nuxie-renderer/src/mechanical_port/source/renderer/src/shaders/draw_clockwise_atomic_path_frag.rs	prepared	verified	required	preserve-directive-and-every-branch-in-artifact-source	artifact-generation-and-compile	cpp:renderer/src/shaders/draw_clockwise_atomic_path.frag:51
1	4ac7b32798da0482e441ef09304dc3b480ed3ee5	renderer/src/shaders/draw_clockwise_atomic_path.frag	pp-0274	57	68	1	1	57	#ifndef @FIXED_FUNCTION_COLOR_OUTPUT	(defined(@FRAGMENT)) && (!defined(@FIXED_FUNCTION_COLOR_OUTPUT))	metal-shader-source-batch	crates/nuxie-renderer/src/mechanical_port/source/renderer/src/shaders/draw_clockwise_atomic_path_frag.rs	prepared	verified	required	preserve-directive-and-every-branch-in-artifact-source	artifact-generation-and-compile	cpp:renderer/src/shaders/draw_clockwise_atomic_path.frag:57
1	4ac7b32798da0482e441ef09304dc3b480ed3ee5	renderer/src/shaders/draw_clockwise_atomic_path.frag	pp-0275	77	79	1	1	77	#ifndef @FIXED_FUNCTION_COLOR_OUTPUT	(defined(@FRAGMENT)) && (!defined(@FIXED_FUNCTION_COLOR_OUTPUT))	metal-shader-source-batch	crates/nuxie-renderer/src/mechanical_port/source/renderer/src/shaders/draw_clockwise_atomic_path_frag.rs	prepared	verified	required	preserve-directive-and-every-branch-in-artifact-source	artifact-generation-and-compile	cpp:renderer/src/shaders/draw_clockwise_atomic_path.frag:77
1	4ac7b32798da0482e441ef09304dc3b480ed3ee5	renderer/src/shaders/draw_clockwise_atomic_path.frag	pp-0276	98	112	1	1	98	#ifdef @FIXED_FUNCTION_COLOR_OUTPUT	(defined(@FRAGMENT)) && (defined(@FIXED_FUNCTION_COLOR_OUTPUT))	metal-shader-source-batch	crates/nuxie-renderer/src/mechanical_port/source/renderer/src/shaders/draw_clockwise_atomic_path_frag.rs	prepared	verified	required	preserve-directive-and-every-branch-in-artifact-source	artifact-generation-and-compile	cpp:renderer/src/shaders/draw_clockwise_atomic_path.frag:98
1	4ac7b32798da0482e441ef09304dc3b480ed3ee5	renderer/src/shaders/draw_clockwise_atomic_path.frag	pp-0277	125	127	1	1	125	#ifndef @FIXED_FUNCTION_COLOR_OUTPUT	(defined(@FRAGMENT)) && (!defined(@FIXED_FUNCTION_COLOR_OUTPUT))	metal-shader-source-batch	crates/nuxie-renderer/src/mechanical_port/source/renderer/src/shaders/draw_clockwise_atomic_path_frag.rs	prepared	verified	required	preserve-directive-and-every-branch-in-artifact-source	artifact-generation-and-compile	cpp:renderer/src/shaders/draw_clockwise_atomic_path.frag:125
1	4ac7b32798da0482e441ef09304dc3b480ed3ee5	renderer/src/shaders/draw_clockwise_atomic_path.frag	pp-0278	132	134	1	1	132	#ifdef @DRAW_INTERIOR_TRIANGLES	(defined(@FRAGMENT)) && (defined(@DRAW_INTERIOR_TRIANGLES))	metal-shader-source-batch	crates/nuxie-renderer/src/mechanical_port/source/renderer/src/shaders/draw_clockwise_atomic_path_frag.rs	prepared	verified	required	preserve-directive-and-every-branch-in-artifact-source	artifact-generation-and-compile	cpp:renderer/src/shaders/draw_clockwise_atomic_path.frag:132
1	4ac7b32798da0482e441ef09304dc3b480ed3ee5	renderer/src/shaders/draw_clockwise_atomic_path.frag	pp-0279	135	137	1	1	135	#ifndef @FIXED_FUNCTION_COLOR_OUTPUT	(defined(@FRAGMENT)) && (!defined(@FIXED_FUNCTION_COLOR_OUTPUT))	metal-shader-source-batch	crates/nuxie-renderer/src/mechanical_port/source/renderer/src/shaders/draw_clockwise_atomic_path_frag.rs	prepared	verified	required	preserve-directive-and-every-branch-in-artifact-source	artifact-generation-and-compile	cpp:renderer/src/shaders/draw_clockwise_atomic_path.frag:135
1	4ac7b32798da0482e441ef09304dc3b480ed3ee5	renderer/src/shaders/draw_clockwise_atomic_path.frag	pp-0280	155	157	1	1	155	#ifdef @DRAW_INTERIOR_TRIANGLES	(defined(@FRAGMENT)) && (defined(@DRAW_INTERIOR_TRIANGLES))	metal-shader-source-batch	crates/nuxie-renderer/src/mechanical_port/source/renderer/src/shaders/draw_clockwise_atomic_path_frag.rs	prepared	verified	required	preserve-directive-and-every-branch-in-artifact-source	artifact-generation-and-compile	cpp:renderer/src/shaders/draw_clockwise_atomic_path.frag:155
1	4ac7b32798da0482e441ef09304dc3b480ed3ee5	renderer/src/shaders/draw_clockwise_atomic_path.frag	pp-0281	158	160	1	1	158	#ifndef @FIXED_FUNCTION_COLOR_OUTPUT	(defined(@FRAGMENT)) && (!defined(@FIXED_FUNCTION_COLOR_OUTPUT))	metal-shader-source-batch	crates/nuxie-renderer/src/mechanical_port/source/renderer/src/shaders/draw_clockwise_atomic_path_frag.rs	prepared	verified	required	preserve-directive-and-every-branch-in-artifact-source	artifact-generation-and-compile	cpp:renderer/src/shaders/draw_clockwise_atomic_path.frag:158
1	4ac7b32798da0482e441ef09304dc3b480ed3ee5	renderer/src/shaders/draw_clockwise_atomic_path.frag	pp-0282	186	188	1	1	186	#ifndef @FIXED_FUNCTION_COLOR_OUTPUT	(defined(@FRAGMENT)) && (!defined(@FIXED_FUNCTION_COLOR_OUTPUT))	metal-shader-source-batch	crates/nuxie-renderer/src/mechanical_port/source/renderer/src/shaders/draw_clockwise_atomic_path_frag.rs	prepared	verified	required	preserve-directive-and-every-branch-in-artifact-source	artifact-generation-and-compile	cpp:renderer/src/shaders/draw_clockwise_atomic_path.frag:186
1	4ac7b32798da0482e441ef09304dc3b480ed3ee5	renderer/src/shaders/draw_clockwise_atomic_path.frag	pp-0283	201	205	1	1	201	#ifdef @DRAW_INTERIOR_TRIANGLES	(defined(@FRAGMENT)) && (defined(@DRAW_INTERIOR_TRIANGLES))	metal-shader-source-batch	crates/nuxie-renderer/src/mechanical_port/source/renderer/src/shaders/draw_clockwise_atomic_path_frag.rs	prepared	verified	required	preserve-directive-and-every-branch-in-artifact-source	artifact-generation-and-compile	cpp:renderer/src/shaders/draw_clockwise_atomic_path.frag:201
1	4ac7b32798da0482e441ef09304dc3b480ed3ee5	renderer/src/shaders/draw_clockwise_atomic_path.frag	pp-0283	201	205	1	2	203	#else	(defined(@FRAGMENT)) && (!((defined(@DRAW_INTERIOR_TRIANGLES))))	metal-shader-source-batch	crates/nuxie-renderer/src/mechanical_port/source/renderer/src/shaders/draw_clockwise_atomic_path_frag.rs	prepared	verified	required	preserve-directive-and-every-branch-in-artifact-source	artifact-generation-and-compile	cpp:renderer/src/shaders/draw_clockwise_atomic_path.frag:203
1	4ac7b32798da0482e441ef09304dc3b480ed3ee5	renderer/src/shaders/draw_clockwise_atomic_path.frag	pp-0284	207	209	1	1	207	#ifdef @ENABLE_CLIPPING	(defined(@FRAGMENT)) && (defined(@ENABLE_CLIPPING))	metal-shader-source-batch	crates/nuxie-renderer/src/mechanical_port/source/renderer/src/shaders/draw_clockwise_atomic_path_frag.rs	prepared	verified	required	preserve-directive-and-every-branch-in-artifact-source	artifact-generation-and-compile	cpp:renderer/src/shaders/draw_clockwise_atomic_path.frag:207
1	4ac7b32798da0482e441ef09304dc3b480ed3ee5	renderer/src/shaders/draw_clockwise_atomic_path.frag	pp-0285	210	212	1	1	210	#ifdef @ENABLE_CLIP_RECT	(defined(@FRAGMENT)) && (defined(@ENABLE_CLIP_RECT))	metal-shader-source-batch	crates/nuxie-renderer/src/mechanical_port/source/renderer/src/shaders/draw_clockwise_atomic_path_frag.rs	prepared	verified	required	preserve-directive-and-every-branch-in-artifact-source	artifact-generation-and-compile	cpp:renderer/src/shaders/draw_clockwise_atomic_path.frag:210
1	4ac7b32798da0482e441ef09304dc3b480ed3ee5	renderer/src/shaders/draw_clockwise_atomic_path.frag	pp-0286	213	215	1	1	213	#ifdef @ENABLE_ADVANCED_BLEND	(defined(@FRAGMENT)) && (defined(@ENABLE_ADVANCED_BLEND))	metal-shader-source-batch	crates/nuxie-renderer/src/mechanical_port/source/renderer/src/shaders/draw_clockwise_atomic_path_frag.rs	prepared	verified	required	preserve-directive-and-every-branch-in-artifact-source	artifact-generation-and-compile	cpp:renderer/src/shaders/draw_clockwise_atomic_path.frag:213
1	4ac7b32798da0482e441ef09304dc3b480ed3ee5	renderer/src/shaders/draw_clockwise_atomic_path.frag	pp-0287	221	226	1	1	221	#ifndef @FIXED_FUNCTION_COLOR_OUTPUT	(defined(@FRAGMENT)) && (!defined(@FIXED_FUNCTION_COLOR_OUTPUT))	metal-shader-source-batch	crates/nuxie-renderer/src/mechanical_port/source/renderer/src/shaders/draw_clockwise_atomic_path_frag.rs	prepared	verified	required	preserve-directive-and-every-branch-in-artifact-source	artifact-generation-and-compile	cpp:renderer/src/shaders/draw_clockwise_atomic_path.frag:221
1	4ac7b32798da0482e441ef09304dc3b480ed3ee5	renderer/src/shaders/draw_clockwise_atomic_path.frag	pp-0288	229	233	1	1	229	#ifdef @DRAW_INTERIOR_TRIANGLES	(defined(@FRAGMENT)) && (defined(@DRAW_INTERIOR_TRIANGLES))	metal-shader-source-batch	crates/nuxie-renderer/src/mechanical_port/source/renderer/src/shaders/draw_clockwise_atomic_path_frag.rs	prepared	verified	required	preserve-directive-and-every-branch-in-artifact-source	artifact-generation-and-compile	cpp:renderer/src/shaders/draw_clockwise_atomic_path.frag:229
1	4ac7b32798da0482e441ef09304dc3b480ed3ee5	renderer/src/shaders/draw_clockwise_atomic_path.frag	pp-0288	229	233	1	2	231	#else	(defined(@FRAGMENT)) && (!((defined(@DRAW_INTERIOR_TRIANGLES))))	metal-shader-source-batch	crates/nuxie-renderer/src/mechanical_port/source/renderer/src/shaders/draw_clockwise_atomic_path_frag.rs	prepared	verified	required	preserve-directive-and-every-branch-in-artifact-source	artifact-generation-and-compile	cpp:renderer/src/shaders/draw_clockwise_atomic_path.frag:231
1	4ac7b32798da0482e441ef09304dc3b480ed3ee5	renderer/src/shaders/draw_clockwise_atomic_path.frag	pp-0289	236	250	1	1	236	#ifndef @FIXED_FUNCTION_COLOR_OUTPUT	(defined(@FRAGMENT)) && (!defined(@FIXED_FUNCTION_COLOR_OUTPUT))	metal-shader-source-batch	crates/nuxie-renderer/src/mechanical_port/source/renderer/src/shaders/draw_clockwise_atomic_path_frag.rs	prepared	verified	required	preserve-directive-and-every-branch-in-artifact-source	artifact-generation-and-compile	cpp:renderer/src/shaders/draw_clockwise_atomic_path.frag:236
1	4ac7b32798da0482e441ef09304dc3b480ed3ee5	renderer/src/shaders/draw_clockwise_atomic_path.frag	pp-0290	259	265	1	1	259	#ifdef @ENABLE_CLIP_RECT	(defined(@FRAGMENT)) && (defined(@ENABLE_CLIP_RECT))	metal-shader-source-batch	crates/nuxie-renderer/src/mechanical_port/source/renderer/src/shaders/draw_clockwise_atomic_path_frag.rs	prepared	verified	required	preserve-directive-and-every-branch-in-artifact-source	artifact-generation-and-compile	cpp:renderer/src/shaders/draw_clockwise_atomic_path.frag:259
1	4ac7b32798da0482e441ef09304dc3b480ed3ee5	renderer/src/shaders/draw_clockwise_atomic_path.frag	pp-0291	267	273	1	1	267	#ifdef @ENABLE_CLIPPING	(defined(@FRAGMENT)) && (defined(@ENABLE_CLIPPING))	metal-shader-source-batch	crates/nuxie-renderer/src/mechanical_port/source/renderer/src/shaders/draw_clockwise_atomic_path_frag.rs	prepared	verified	required	preserve-directive-and-every-branch-in-artifact-source	artifact-generation-and-compile	cpp:renderer/src/shaders/draw_clockwise_atomic_path.frag:267
1	4ac7b32798da0482e441ef09304dc3b480ed3ee5	renderer/src/shaders/draw_clockwise_atomic_path.frag	pp-0292	280	290	1	1	280	#ifndef @DRAW_INTERIOR_TRIANGLES	(defined(@FRAGMENT)) && (!defined(@DRAW_INTERIOR_TRIANGLES))	metal-shader-source-batch	crates/nuxie-renderer/src/mechanical_port/source/renderer/src/shaders/draw_clockwise_atomic_path_frag.rs	prepared	verified	required	preserve-directive-and-every-branch-in-artifact-source	artifact-generation-and-compile	cpp:renderer/src/shaders/draw_clockwise_atomic_path.frag:280
1	4ac7b32798da0482e441ef09304dc3b480ed3ee5	renderer/src/shaders/draw_clockwise_atomic_path.frag	pp-0293	299	307	1	1	299	#ifdef @ENABLE_DITHER	(defined(@FRAGMENT)) && (defined(@ENABLE_DITHER))	metal-shader-source-batch	crates/nuxie-renderer/src/mechanical_port/source/renderer/src/shaders/draw_clockwise_atomic_path_frag.rs	prepared	verified	required	preserve-directive-and-every-branch-in-artifact-source	artifact-generation-and-compile	cpp:renderer/src/shaders/draw_clockwise_atomic_path.frag:299
1	4ac7b32798da0482e441ef09304dc3b480ed3ee5	renderer/src/shaders/draw_clockwise_atomic_path.frag	pp-0294	309	362	1	1	309	#ifndef @FIXED_FUNCTION_COLOR_OUTPUT	(defined(@FRAGMENT)) && (!defined(@FIXED_FUNCTION_COLOR_OUTPUT))	metal-shader-source-batch	crates/nuxie-renderer/src/mechanical_port/source/renderer/src/shaders/draw_clockwise_atomic_path_frag.rs	prepared	verified	required	preserve-directive-and-every-branch-in-artifact-source	artifact-generation-and-compile	cpp:renderer/src/shaders/draw_clockwise_atomic_path.frag:309
1	4ac7b32798da0482e441ef09304dc3b480ed3ee5	renderer/src/shaders/draw_clockwise_atomic_path.frag	pp-0295	337	342	2	1	337	#ifdef @ENABLE_DITHER	(defined(@FRAGMENT)) && (!defined(@FIXED_FUNCTION_COLOR_OUTPUT)) && (defined(@ENABLE_DITHER))	metal-shader-source-batch	crates/nuxie-renderer/src/mechanical_port/source/renderer/src/shaders/draw_clockwise_atomic_path_frag.rs	prepared	verified	required	preserve-directive-and-every-branch-in-artifact-source	artifact-generation-and-compile	cpp:renderer/src/shaders/draw_clockwise_atomic_path.frag:337
1	4ac7b32798da0482e441ef09304dc3b480ed3ee5	renderer/src/shaders/draw_clockwise_atomic_path.frag	pp-0296	366	369	1	1	366	#ifdef @ENABLE_DITHER	(defined(@FRAGMENT)) && (defined(@ENABLE_DITHER))	metal-shader-source-batch	crates/nuxie-renderer/src/mechanical_port/source/renderer/src/shaders/draw_clockwise_atomic_path_frag.rs	prepared	verified	required	preserve-directive-and-every-branch-in-artifact-source	artifact-generation-and-compile	cpp:renderer/src/shaders/draw_clockwise_atomic_path.frag:366
1	4ac7b32798da0482e441ef09304dc3b480ed3ee5	renderer/src/shaders/draw_clockwise_clip.frag	pp-0297	5	101	0	1	5	#ifdef @FRAGMENT	(defined(@FRAGMENT))	metal-shader-source-batch	crates/nuxie-renderer/src/mechanical_port/source/renderer/src/shaders/draw_clockwise_clip_frag.rs	prepared	verified	required	preserve-directive-and-every-branch-in-artifact-source	artifact-generation-and-compile	cpp:renderer/src/shaders/draw_clockwise_clip.frag:5
1	4ac7b32798da0482e441ef09304dc3b480ed3ee5	renderer/src/shaders/draw_clockwise_clip.frag	pp-0298	8	10	1	1	8	#ifndef @FIXED_FUNCTION_COLOR_OUTPUT	(defined(@FRAGMENT)) && (!defined(@FIXED_FUNCTION_COLOR_OUTPUT))	metal-shader-source-batch	crates/nuxie-renderer/src/mechanical_port/source/renderer/src/shaders/draw_clockwise_clip_frag.rs	prepared	verified	required	preserve-directive-and-every-branch-in-artifact-source	artifact-generation-and-compile	cpp:renderer/src/shaders/draw_clockwise_clip.frag:8
1	4ac7b32798da0482e441ef09304dc3b480ed3ee5	renderer/src/shaders/draw_clockwise_clip.frag	pp-0299	12	14	1	1	12	#ifndef @FIXED_FUNCTION_COLOR_OUTPUT	(defined(@FRAGMENT)) && (!defined(@FIXED_FUNCTION_COLOR_OUTPUT))	metal-shader-source-batch	crates/nuxie-renderer/src/mechanical_port/source/renderer/src/shaders/draw_clockwise_clip_frag.rs	prepared	verified	required	preserve-directive-and-every-branch-in-artifact-source	artifact-generation-and-compile	cpp:renderer/src/shaders/draw_clockwise_clip.frag:12
1	4ac7b32798da0482e441ef09304dc3b480ed3ee5	renderer/src/shaders/draw_clockwise_clip.frag	pp-0300	23	29	1	1	23	#ifdef @DRAW_INTERIOR_TRIANGLES	(defined(@FRAGMENT)) && (defined(@DRAW_INTERIOR_TRIANGLES))	metal-shader-source-batch	crates/nuxie-renderer/src/mechanical_port/source/renderer/src/shaders/draw_clockwise_clip_frag.rs	prepared	verified	required	preserve-directive-and-every-branch-in-artifact-source	artifact-generation-and-compile	cpp:renderer/src/shaders/draw_clockwise_clip.frag:23
1	4ac7b32798da0482e441ef09304dc3b480ed3ee5	renderer/src/shaders/draw_clockwise_clip.frag	pp-0300	23	29	1	2	26	#else	(defined(@FRAGMENT)) && (!((defined(@DRAW_INTERIOR_TRIANGLES))))	metal-shader-source-batch	crates/nuxie-renderer/src/mechanical_port/source/renderer/src/shaders/draw_clockwise_clip_frag.rs	prepared	verified	required	preserve-directive-and-every-branch-in-artifact-source	artifact-generation-and-compile	cpp:renderer/src/shaders/draw_clockwise_clip.frag:26
1	4ac7b32798da0482e441ef09304dc3b480ed3ee5	renderer/src/shaders/draw_clockwise_clip.frag	pp-0301	35	44	1	1	35	#if defined(@DRAW_INTERIOR_TRIANGLES) && defined(@BORROWED_COVERAGE_PASS)	(defined(@FRAGMENT)) && (defined(@DRAW_INTERIOR_TRIANGLES) && defined(@BORROWED_COVERAGE_PASS))	metal-shader-source-batch	crates/nuxie-renderer/src/mechanical_port/source/renderer/src/shaders/draw_clockwise_clip_frag.rs	prepared	verified	required	preserve-directive-and-every-branch-in-artifact-source	artifact-generation-and-compile	cpp:renderer/src/shaders/draw_clockwise_clip.frag:35
1	4ac7b32798da0482e441ef09304dc3b480ed3ee5	renderer/src/shaders/draw_clockwise_clip.frag	pp-0302	53	87	1	1	53	#ifdef @ENABLE_NESTED_CLIPPING	(defined(@FRAGMENT)) && (defined(@ENABLE_NESTED_CLIPPING))	metal-shader-source-batch	crates/nuxie-renderer/src/mechanical_port/source/renderer/src/shaders/draw_clockwise_clip_frag.rs	prepared	verified	required	preserve-directive-and-every-branch-in-artifact-source	artifact-generation-and-compile	cpp:renderer/src/shaders/draw_clockwise_clip.frag:53
1	4ac7b32798da0482e441ef09304dc3b480ed3ee5	renderer/src/shaders/draw_clockwise_clip.frag	pp-0303	58	66	2	1	58	#if defined(@DRAW_INTERIOR_TRIANGLES) && defined(@BORROWED_COVERAGE_PASS)	(defined(@FRAGMENT)) && (defined(@ENABLE_NESTED_CLIPPING)) && (defined(@DRAW_INTERIOR_TRIANGLES) && defined(@BORROWED_COVERAGE_PASS))	metal-shader-source-batch	crates/nuxie-renderer/src/mechanical_port/source/renderer/src/shaders/draw_clockwise_clip_frag.rs	prepared	verified	required	preserve-directive-and-every-branch-in-artifact-source	artifact-generation-and-compile	cpp:renderer/src/shaders/draw_clockwise_clip.frag:58
1	4ac7b32798da0482e441ef09304dc3b480ed3ee5	renderer/src/shaders/draw_clockwise_clip.frag	pp-0304	93	95	1	1	93	#ifndef @FIXED_FUNCTION_COLOR_OUTPUT	(defined(@FRAGMENT)) && (!defined(@FIXED_FUNCTION_COLOR_OUTPUT))	metal-shader-source-batch	crates/nuxie-renderer/src/mechanical_port/source/renderer/src/shaders/draw_clockwise_clip_frag.rs	prepared	verified	required	preserve-directive-and-every-branch-in-artifact-source	artifact-generation-and-compile	cpp:renderer/src/shaders/draw_clockwise_clip.frag:93
1	4ac7b32798da0482e441ef09304dc3b480ed3ee5	renderer/src/shaders/draw_clockwise_path.frag	pp-0305	5	251	0	1	5	#ifdef @FRAGMENT	(defined(@FRAGMENT))	metal-shader-source-batch	crates/nuxie-renderer/src/mechanical_port/source/renderer/src/shaders/draw_clockwise_path_frag.rs	prepared	verified	required	preserve-directive-and-every-branch-in-artifact-source	artifact-generation-and-compile	cpp:renderer/src/shaders/draw_clockwise_path.frag:5
1	4ac7b32798da0482e441ef09304dc3b480ed3ee5	renderer/src/shaders/draw_clockwise_path.frag	pp-0306	8	10	1	1	8	#ifndef @FIXED_FUNCTION_COLOR_OUTPUT	(defined(@FRAGMENT)) && (!defined(@FIXED_FUNCTION_COLOR_OUTPUT))	metal-shader-source-batch	crates/nuxie-renderer/src/mechanical_port/source/renderer/src/shaders/draw_clockwise_path_frag.rs	prepared	verified	required	preserve-directive-and-every-branch-in-artifact-source	artifact-generation-and-compile	cpp:renderer/src/shaders/draw_clockwise_path.frag:8
1	4ac7b32798da0482e441ef09304dc3b480ed3ee5	renderer/src/shaders/draw_clockwise_path.frag	pp-0307	12	14	1	1	12	#ifndef @FIXED_FUNCTION_COLOR_OUTPUT	(defined(@FRAGMENT)) && (!defined(@FIXED_FUNCTION_COLOR_OUTPUT))	metal-shader-source-batch	crates/nuxie-renderer/src/mechanical_port/source/renderer/src/shaders/draw_clockwise_path_frag.rs	prepared	verified	required	preserve-directive-and-every-branch-in-artifact-source	artifact-generation-and-compile	cpp:renderer/src/shaders/draw_clockwise_path.frag:12
1	4ac7b32798da0482e441ef09304dc3b480ed3ee5	renderer/src/shaders/draw_clockwise_path.frag	pp-0308	18	22	1	1	18	#ifdef @FIXED_FUNCTION_COLOR_OUTPUT	(defined(@FRAGMENT)) && (defined(@FIXED_FUNCTION_COLOR_OUTPUT))	metal-shader-source-batch	crates/nuxie-renderer/src/mechanical_port/source/renderer/src/shaders/draw_clockwise_path_frag.rs	prepared	verified	required	preserve-directive-and-every-branch-in-artifact-source	artifact-generation-and-compile	cpp:renderer/src/shaders/draw_clockwise_path.frag:18
1	4ac7b32798da0482e441ef09304dc3b480ed3ee5	renderer/src/shaders/draw_clockwise_path.frag	pp-0308	18	22	1	2	20	#else	(defined(@FRAGMENT)) && (!((defined(@FIXED_FUNCTION_COLOR_OUTPUT))))	metal-shader-source-batch	crates/nuxie-renderer/src/mechanical_port/source/renderer/src/shaders/draw_clockwise_path_frag.rs	prepared	verified	required	preserve-directive-and-every-branch-in-artifact-source	artifact-generation-and-compile	cpp:renderer/src/shaders/draw_clockwise_path.frag:20
1	4ac7b32798da0482e441ef09304dc3b480ed3ee5	renderer/src/shaders/draw_clockwise_path.frag	pp-0309	25	29	1	1	25	#ifdef @DRAW_INTERIOR_TRIANGLES	(defined(@FRAGMENT)) && (defined(@DRAW_INTERIOR_TRIANGLES))	metal-shader-source-batch	crates/nuxie-renderer/src/mechanical_port/source/renderer/src/shaders/draw_clockwise_path_frag.rs	prepared	verified	required	preserve-directive-and-every-branch-in-artifact-source	artifact-generation-and-compile	cpp:renderer/src/shaders/draw_clockwise_path.frag:25
1	4ac7b32798da0482e441ef09304dc3b480ed3ee5	renderer/src/shaders/draw_clockwise_path.frag	pp-0309	25	29	1	2	27	#else	(defined(@FRAGMENT)) && (!((defined(@DRAW_INTERIOR_TRIANGLES))))	metal-shader-source-batch	crates/nuxie-renderer/src/mechanical_port/source/renderer/src/shaders/draw_clockwise_path_frag.rs	prepared	verified	required	preserve-directive-and-every-branch-in-artifact-source	artifact-generation-and-compile	cpp:renderer/src/shaders/draw_clockwise_path.frag:27
1	4ac7b32798da0482e441ef09304dc3b480ed3ee5	renderer/src/shaders/draw_clockwise_path.frag	pp-0310	31	33	1	1	31	#ifdef @ENABLE_CLIPPING	(defined(@FRAGMENT)) && (defined(@ENABLE_CLIPPING))	metal-shader-source-batch	crates/nuxie-renderer/src/mechanical_port/source/renderer/src/shaders/draw_clockwise_path_frag.rs	prepared	verified	required	preserve-directive-and-every-branch-in-artifact-source	artifact-generation-and-compile	cpp:renderer/src/shaders/draw_clockwise_path.frag:31
1	4ac7b32798da0482e441ef09304dc3b480ed3ee5	renderer/src/shaders/draw_clockwise_path.frag	pp-0311	34	36	1	1	34	#ifdef @ENABLE_CLIP_RECT	(defined(@FRAGMENT)) && (defined(@ENABLE_CLIP_RECT))	metal-shader-source-batch	crates/nuxie-renderer/src/mechanical_port/source/renderer/src/shaders/draw_clockwise_path_frag.rs	prepared	verified	required	preserve-directive-and-every-branch-in-artifact-source	artifact-generation-and-compile	cpp:renderer/src/shaders/draw_clockwise_path.frag:34
1	4ac7b32798da0482e441ef09304dc3b480ed3ee5	renderer/src/shaders/draw_clockwise_path.frag	pp-0312	37	39	1	1	37	#ifdef @ENABLE_ADVANCED_BLEND	(defined(@FRAGMENT)) && (defined(@ENABLE_ADVANCED_BLEND))	metal-shader-source-batch	crates/nuxie-renderer/src/mechanical_port/source/renderer/src/shaders/draw_clockwise_path_frag.rs	prepared	verified	required	preserve-directive-and-every-branch-in-artifact-source	artifact-generation-and-compile	cpp:renderer/src/shaders/draw_clockwise_path.frag:37
1	4ac7b32798da0482e441ef09304dc3b480ed3ee5	renderer/src/shaders/draw_clockwise_path.frag	pp-0313	43	47	1	1	43	#ifdef @DRAW_INTERIOR_TRIANGLES	(defined(@FRAGMENT)) && (defined(@DRAW_INTERIOR_TRIANGLES))	metal-shader-source-batch	crates/nuxie-renderer/src/mechanical_port/source/renderer/src/shaders/draw_clockwise_path_frag.rs	prepared	verified	required	preserve-directive-and-every-branch-in-artifact-source	artifact-generation-and-compile	cpp:renderer/src/shaders/draw_clockwise_path.frag:43
1	4ac7b32798da0482e441ef09304dc3b480ed3ee5	renderer/src/shaders/draw_clockwise_path.frag	pp-0313	43	47	1	2	45	#else	(defined(@FRAGMENT)) && (!((defined(@DRAW_INTERIOR_TRIANGLES))))	metal-shader-source-batch	crates/nuxie-renderer/src/mechanical_port/source/renderer/src/shaders/draw_clockwise_path_frag.rs	prepared	verified	required	preserve-directive-and-every-branch-in-artifact-source	artifact-generation-and-compile	cpp:renderer/src/shaders/draw_clockwise_path.frag:45
1	4ac7b32798da0482e441ef09304dc3b480ed3ee5	renderer/src/shaders/draw_clockwise_path.frag	pp-0314	51	53	1	1	51	#if defined(@DRAW_INTERIOR_TRIANGLES) && defined(@BORROWED_COVERAGE_PASS)	(defined(@FRAGMENT)) && (defined(@DRAW_INTERIOR_TRIANGLES) && defined(@BORROWED_COVERAGE_PASS))	metal-shader-source-batch	crates/nuxie-renderer/src/mechanical_port/source/renderer/src/shaders/draw_clockwise_path_frag.rs	prepared	verified	required	preserve-directive-and-every-branch-in-artifact-source	artifact-generation-and-compile	cpp:renderer/src/shaders/draw_clockwise_path.frag:51
1	4ac7b32798da0482e441ef09304dc3b480ed3ee5	renderer/src/shaders/draw_clockwise_path.frag	pp-0315	59	66	1	1	59	#ifdef @ENABLE_CLIP_RECT	(defined(@FRAGMENT)) && (defined(@ENABLE_CLIP_RECT))	metal-shader-source-batch	crates/nuxie-renderer/src/mechanical_port/source/renderer/src/shaders/draw_clockwise_path_frag.rs	prepared	verified	required	preserve-directive-and-every-branch-in-artifact-source	artifact-generation-and-compile	cpp:renderer/src/shaders/draw_clockwise_path.frag:59
1	4ac7b32798da0482e441ef09304dc3b480ed3ee5	renderer/src/shaders/draw_clockwise_path.frag	pp-0316	71	84	1	1	71	#if defined(@DRAW_INTERIOR_TRIANGLES) && defined(@BORROWED_COVERAGE_PASS)	(defined(@FRAGMENT)) && (defined(@DRAW_INTERIOR_TRIANGLES) && defined(@BORROWED_COVERAGE_PASS))	metal-shader-source-batch	crates/nuxie-renderer/src/mechanical_port/source/renderer/src/shaders/draw_clockwise_path_frag.rs	prepared	verified	required	preserve-directive-and-every-branch-in-artifact-source	artifact-generation-and-compile	cpp:renderer/src/shaders/draw_clockwise_path.frag:71
1	4ac7b32798da0482e441ef09304dc3b480ed3ee5	renderer/src/shaders/draw_clockwise_path.frag	pp-0317	79	81	2	1	79	#ifndef @FIXED_FUNCTION_COLOR_OUTPUT	(defined(@FRAGMENT)) && (defined(@DRAW_INTERIOR_TRIANGLES) && defined(@BORROWED_COVERAGE_PASS)) && (!defined(@FIXED_FUNCTION_COLOR_OUTPUT))	metal-shader-source-batch	crates/nuxie-renderer/src/mechanical_port/source/renderer/src/shaders/draw_clockwise_path_frag.rs	prepared	verified	required	preserve-directive-and-every-branch-in-artifact-source	artifact-generation-and-compile	cpp:renderer/src/shaders/draw_clockwise_path.frag:79
1	4ac7b32798da0482e441ef09304dc3b480ed3ee5	renderer/src/shaders/draw_clockwise_path.frag	pp-0318	91	93	1	1	91	#ifndef @DRAW_INTERIOR_TRIANGLES	(defined(@FRAGMENT)) && (!defined(@DRAW_INTERIOR_TRIANGLES))	metal-shader-source-batch	crates/nuxie-renderer/src/mechanical_port/source/renderer/src/shaders/draw_clockwise_path_frag.rs	prepared	verified	required	preserve-directive-and-every-branch-in-artifact-source	artifact-generation-and-compile	cpp:renderer/src/shaders/draw_clockwise_path.frag:91
1	4ac7b32798da0482e441ef09304dc3b480ed3ee5	renderer/src/shaders/draw_clockwise_path.frag	pp-0319	96	105	1	1	96	#ifdef @ENABLE_CLIPPING	(defined(@FRAGMENT)) && (defined(@ENABLE_CLIPPING))	metal-shader-source-batch	crates/nuxie-renderer/src/mechanical_port/source/renderer/src/shaders/draw_clockwise_path_frag.rs	prepared	verified	required	preserve-directive-and-every-branch-in-artifact-source	artifact-generation-and-compile	cpp:renderer/src/shaders/draw_clockwise_path.frag:96
1	4ac7b32798da0482e441ef09304dc3b480ed3ee5	renderer/src/shaders/draw_clockwise_path.frag	pp-0320	116	124	1	1	116	#ifdef @ENABLE_DITHER	(defined(@FRAGMENT)) && (defined(@ENABLE_DITHER))	metal-shader-source-batch	crates/nuxie-renderer/src/mechanical_port/source/renderer/src/shaders/draw_clockwise_path_frag.rs	prepared	verified	required	preserve-directive-and-every-branch-in-artifact-source	artifact-generation-and-compile	cpp:renderer/src/shaders/draw_clockwise_path.frag:116
1	4ac7b32798da0482e441ef09304dc3b480ed3ee5	renderer/src/shaders/draw_clockwise_path.frag	pp-0321	126	197	1	1	126	#ifndef @FIXED_FUNCTION_COLOR_OUTPUT	(defined(@FRAGMENT)) && (!defined(@FIXED_FUNCTION_COLOR_OUTPUT))	metal-shader-source-batch	crates/nuxie-renderer/src/mechanical_port/source/renderer/src/shaders/draw_clockwise_path_frag.rs	prepared	verified	required	preserve-directive-and-every-branch-in-artifact-source	artifact-generation-and-compile	cpp:renderer/src/shaders/draw_clockwise_path.frag:126
1	4ac7b32798da0482e441ef09304dc3b480ed3ee5	renderer/src/shaders/draw_clockwise_path.frag	pp-0322	128	196	2	1	128	#ifdef @ENABLE_ADVANCED_BLEND	(defined(@FRAGMENT)) && (!defined(@FIXED_FUNCTION_COLOR_OUTPUT)) && (defined(@ENABLE_ADVANCED_BLEND))	metal-shader-source-batch	crates/nuxie-renderer/src/mechanical_port/source/renderer/src/shaders/draw_clockwise_path_frag.rs	prepared	verified	required	preserve-directive-and-every-branch-in-artifact-source	artifact-generation-and-compile	cpp:renderer/src/shaders/draw_clockwise_path.frag:128
1	4ac7b32798da0482e441ef09304dc3b480ed3ee5	renderer/src/shaders/draw_clockwise_path.frag	pp-0323	162	176	3	1	162	#ifndef @DRAW_INTERIOR_TRIANGLES	(defined(@FRAGMENT)) && (!defined(@FIXED_FUNCTION_COLOR_OUTPUT)) && (defined(@ENABLE_ADVANCED_BLEND)) && (!defined(@DRAW_INTERIOR_TRIANGLES))	metal-shader-source-batch	crates/nuxie-renderer/src/mechanical_port/source/renderer/src/shaders/draw_clockwise_path_frag.rs	prepared	verified	required	preserve-directive-and-every-branch-in-artifact-source	artifact-generation-and-compile	cpp:renderer/src/shaders/draw_clockwise_path.frag:162
1	4ac7b32798da0482e441ef09304dc3b480ed3ee5	renderer/src/shaders/draw_clockwise_path.frag	pp-0324	166	172	4	1	166	#ifdef @ENABLE_DITHER	(defined(@FRAGMENT)) && (!defined(@FIXED_FUNCTION_COLOR_OUTPUT)) && (defined(@ENABLE_ADVANCED_BLEND)) && (!defined(@DRAW_INTERIOR_TRIANGLES)) && (defined(@ENABLE_DITHER))	metal-shader-source-batch	crates/nuxie-renderer/src/mechanical_port/source/renderer/src/shaders/draw_clockwise_path_frag.rs	prepared	verified	required	preserve-directive-and-every-branch-in-artifact-source	artifact-generation-and-compile	cpp:renderer/src/shaders/draw_clockwise_path.frag:166
1	4ac7b32798da0482e441ef09304dc3b480ed3ee5	renderer/src/shaders/draw_clockwise_path.frag	pp-0325	202	205	1	1	202	#ifdef @ENABLE_DITHER	(defined(@FRAGMENT)) && (defined(@ENABLE_DITHER))	metal-shader-source-batch	crates/nuxie-renderer/src/mechanical_port/source/renderer/src/shaders/draw_clockwise_path_frag.rs	prepared	verified	required	preserve-directive-and-every-branch-in-artifact-source	artifact-generation-and-compile	cpp:renderer/src/shaders/draw_clockwise_path.frag:202
1	4ac7b32798da0482e441ef09304dc3b480ed3ee5	renderer/src/shaders/draw_clockwise_path.frag	pp-0326	206	230	1	1	206	#ifndef @DRAW_INTERIOR_TRIANGLES	(defined(@FRAGMENT)) && (!defined(@DRAW_INTERIOR_TRIANGLES))	metal-shader-source-batch	crates/nuxie-renderer/src/mechanical_port/source/renderer/src/shaders/draw_clockwise_path_frag.rs	prepared	verified	required	preserve-directive-and-every-branch-in-artifact-source	artifact-generation-and-compile	cpp:renderer/src/shaders/draw_clockwise_path.frag:206
1	4ac7b32798da0482e441ef09304dc3b480ed3ee5	renderer/src/shaders/draw_clockwise_path.frag	pp-0326	206	230	1	2	228	#else // -> @DRAW_INTERIOR_TRIANGLES	(defined(@FRAGMENT)) && (!((!defined(@DRAW_INTERIOR_TRIANGLES))))	metal-shader-source-batch	crates/nuxie-renderer/src/mechanical_port/source/renderer/src/shaders/draw_clockwise_path_frag.rs	prepared	verified	required	preserve-directive-and-every-branch-in-artifact-source	artifact-generation-and-compile	cpp:renderer/src/shaders/draw_clockwise_path.frag:228
1	4ac7b32798da0482e441ef09304dc3b480ed3ee5	renderer/src/shaders/draw_clockwise_path.frag	pp-0327	213	223	2	1	213	#ifdef @ENABLE_ADVANCED_BLEND	(defined(@FRAGMENT)) && (!defined(@DRAW_INTERIOR_TRIANGLES)) && (defined(@ENABLE_ADVANCED_BLEND))	metal-shader-source-batch	crates/nuxie-renderer/src/mechanical_port/source/renderer/src/shaders/draw_clockwise_path_frag.rs	prepared	verified	required	preserve-directive-and-every-branch-in-artifact-source	artifact-generation-and-compile	cpp:renderer/src/shaders/draw_clockwise_path.frag:213
1	4ac7b32798da0482e441ef09304dc3b480ed3ee5	renderer/src/shaders/draw_clockwise_path.frag	pp-0327	213	223	2	2	221	#else	(defined(@FRAGMENT)) && (!defined(@DRAW_INTERIOR_TRIANGLES)) && (!((defined(@ENABLE_ADVANCED_BLEND))))	metal-shader-source-batch	crates/nuxie-renderer/src/mechanical_port/source/renderer/src/shaders/draw_clockwise_path_frag.rs	prepared	verified	required	preserve-directive-and-every-branch-in-artifact-source	artifact-generation-and-compile	cpp:renderer/src/shaders/draw_clockwise_path.frag:221
1	4ac7b32798da0482e441ef09304dc3b480ed3ee5	renderer/src/shaders/draw_clockwise_path.frag	pp-0328	232	237	1	1	232	#ifndef @FIXED_FUNCTION_COLOR_OUTPUT	(defined(@FRAGMENT)) && (!defined(@FIXED_FUNCTION_COLOR_OUTPUT))	metal-shader-source-batch	crates/nuxie-renderer/src/mechanical_port/source/renderer/src/shaders/draw_clockwise_path_frag.rs	prepared	verified	required	preserve-directive-and-every-branch-in-artifact-source	artifact-generation-and-compile	cpp:renderer/src/shaders/draw_clockwise_path.frag:232
1	4ac7b32798da0482e441ef09304dc3b480ed3ee5	renderer/src/shaders/draw_clockwise_path.frag	pp-0329	243	248	1	1	243	#ifdef @FIXED_FUNCTION_COLOR_OUTPUT	(defined(@FRAGMENT)) && (defined(@FIXED_FUNCTION_COLOR_OUTPUT))	metal-shader-source-batch	crates/nuxie-renderer/src/mechanical_port/source/renderer/src/shaders/draw_clockwise_path_frag.rs	prepared	verified	required	preserve-directive-and-every-branch-in-artifact-source	artifact-generation-and-compile	cpp:renderer/src/shaders/draw_clockwise_path.frag:243
1	4ac7b32798da0482e441ef09304dc3b480ed3ee5	renderer/src/shaders/draw_clockwise_path.frag	pp-0329	243	248	1	2	246	#else	(defined(@FRAGMENT)) && (!((defined(@FIXED_FUNCTION_COLOR_OUTPUT))))	metal-shader-source-batch	crates/nuxie-renderer/src/mechanical_port/source/renderer/src/shaders/draw_clockwise_path_frag.rs	prepared	verified	required	preserve-directive-and-every-branch-in-artifact-source	artifact-generation-and-compile	cpp:renderer/src/shaders/draw_clockwise_path.frag:246
1	4ac7b32798da0482e441ef09304dc3b480ed3ee5	renderer/src/shaders/draw_fullscreen_quad.vert	pp-0330	5	15	0	1	5	#ifdef @VERTEX	(defined(@VERTEX))	metal-shader-source-batch	crates/nuxie-renderer/src/mechanical_port/source/renderer/src/shaders/draw_fullscreen_quad_vert.rs	prepared	verified	required	preserve-directive-and-every-branch-in-artifact-source	artifact-generation-and-compile	cpp:renderer/src/shaders/draw_fullscreen_quad.vert:5
1	4ac7b32798da0482e441ef09304dc3b480ed3ee5	renderer/src/shaders/draw_image_mesh.vert	pp-0331	5	29	0	1	5	#ifdef @VERTEX	(defined(@VERTEX))	metal-shader-source-batch	crates/nuxie-renderer/src/mechanical_port/source/renderer/src/shaders/draw_image_mesh_vert.rs	prepared	verified	required	preserve-directive-and-every-branch-in-artifact-source	artifact-generation-and-compile	cpp:renderer/src/shaders/draw_image_mesh.vert:5
1	4ac7b32798da0482e441ef09304dc3b480ed3ee5	renderer/src/shaders/draw_image_mesh.vert	pp-0332	20	27	1	1	20	#ifdef SPLIT_UINT4_ATTRIBUTES	(defined(@VERTEX)) && (defined(SPLIT_UINT4_ATTRIBUTES))	metal-shader-source-batch	crates/nuxie-renderer/src/mechanical_port/source/renderer/src/shaders/draw_image_mesh_vert.rs	prepared	verified	required	preserve-directive-and-every-branch-in-artifact-source	artifact-generation-and-compile	cpp:renderer/src/shaders/draw_image_mesh.vert:20
1	4ac7b32798da0482e441ef09304dc3b480ed3ee5	renderer/src/shaders/draw_image_mesh.vert	pp-0332	20	27	1	2	25	#else	(defined(@VERTEX)) && (!((defined(SPLIT_UINT4_ATTRIBUTES))))	metal-shader-source-batch	crates/nuxie-renderer/src/mechanical_port/source/renderer/src/shaders/draw_image_mesh_vert.rs	prepared	verified	required	preserve-directive-and-every-branch-in-artifact-source	artifact-generation-and-compile	cpp:renderer/src/shaders/draw_image_mesh.vert:25
1	4ac7b32798da0482e441ef09304dc3b480ed3ee5	renderer/src/shaders/draw_image_mesh.vert	pp-0333	33	35	0	1	33	#ifdef @ENABLE_CLIPPING	(defined(@ENABLE_CLIPPING))	metal-shader-source-batch	crates/nuxie-renderer/src/mechanical_port/source/renderer/src/shaders/draw_image_mesh_vert.rs	prepared	verified	required	preserve-directive-and-every-branch-in-artifact-source	artifact-generation-and-compile	cpp:renderer/src/shaders/draw_image_mesh.vert:33
1	4ac7b32798da0482e441ef09304dc3b480ed3ee5	renderer/src/shaders/draw_image_mesh.vert	pp-0334	36	38	0	1	36	#if defined(@ENABLE_CLIP_RECT) && !defined(@RENDER_MODE_MSAA)	(defined(@ENABLE_CLIP_RECT) && !defined(@RENDER_MODE_MSAA))	metal-shader-source-batch	crates/nuxie-renderer/src/mechanical_port/source/renderer/src/shaders/draw_image_mesh_vert.rs	prepared	verified	required	preserve-directive-and-every-branch-in-artifact-source	artifact-generation-and-compile	cpp:renderer/src/shaders/draw_image_mesh.vert:36
1	4ac7b32798da0482e441ef09304dc3b480ed3ee5	renderer/src/shaders/draw_image_mesh.vert	pp-0335	40	42	0	1	40	#ifdef @ENABLE_ADVANCED_BLEND	(defined(@ENABLE_ADVANCED_BLEND))	metal-shader-source-batch	crates/nuxie-renderer/src/mechanical_port/source/renderer/src/shaders/draw_image_mesh_vert.rs	prepared	verified	required	preserve-directive-and-every-branch-in-artifact-source	artifact-generation-and-compile	cpp:renderer/src/shaders/draw_image_mesh.vert:40
1	4ac7b32798da0482e441ef09304dc3b480ed3ee5	renderer/src/shaders/draw_image_mesh.vert	pp-0336	45	144	0	1	45	#ifdef @VERTEX	(defined(@VERTEX))	metal-shader-source-batch	crates/nuxie-renderer/src/mechanical_port/source/renderer/src/shaders/draw_image_mesh_vert.rs	prepared	verified	required	preserve-directive-and-every-branch-in-artifact-source	artifact-generation-and-compile	cpp:renderer/src/shaders/draw_image_mesh.vert:45
1	4ac7b32798da0482e441ef09304dc3b480ed3ee5	renderer/src/shaders/draw_image_mesh.vert	pp-0337	66	77	1	1	66	#ifdef SPLIT_UINT4_ATTRIBUTES	(defined(@VERTEX)) && (defined(SPLIT_UINT4_ATTRIBUTES))	metal-shader-source-batch	crates/nuxie-renderer/src/mechanical_port/source/renderer/src/shaders/draw_image_mesh_vert.rs	prepared	verified	required	preserve-directive-and-every-branch-in-artifact-source	artifact-generation-and-compile	cpp:renderer/src/shaders/draw_image_mesh.vert:66
1	4ac7b32798da0482e441ef09304dc3b480ed3ee5	renderer/src/shaders/draw_image_mesh.vert	pp-0337	66	77	1	2	75	#else	(defined(@VERTEX)) && (!((defined(SPLIT_UINT4_ATTRIBUTES))))	metal-shader-source-batch	crates/nuxie-renderer/src/mechanical_port/source/renderer/src/shaders/draw_image_mesh_vert.rs	prepared	verified	required	preserve-directive-and-every-branch-in-artifact-source	artifact-generation-and-compile	cpp:renderer/src/shaders/draw_image_mesh.vert:75
1	4ac7b32798da0482e441ef09304dc3b480ed3ee5	renderer/src/shaders/draw_image_mesh.vert	pp-0338	80	82	1	1	80	#ifdef @ENABLE_CLIPPING	(defined(@VERTEX)) && (defined(@ENABLE_CLIPPING))	metal-shader-source-batch	crates/nuxie-renderer/src/mechanical_port/source/renderer/src/shaders/draw_image_mesh_vert.rs	prepared	verified	required	preserve-directive-and-every-branch-in-artifact-source	artifact-generation-and-compile	cpp:renderer/src/shaders/draw_image_mesh.vert:80
1	4ac7b32798da0482e441ef09304dc3b480ed3ee5	renderer/src/shaders/draw_image_mesh.vert	pp-0339	83	85	1	1	83	#if defined(@ENABLE_CLIP_RECT) && !defined(@RENDER_MODE_MSAA)	(defined(@VERTEX)) && (defined(@ENABLE_CLIP_RECT) && !defined(@RENDER_MODE_MSAA))	metal-shader-source-batch	crates/nuxie-renderer/src/mechanical_port/source/renderer/src/shaders/draw_image_mesh_vert.rs	prepared	verified	required	preserve-directive-and-every-branch-in-artifact-source	artifact-generation-and-compile	cpp:renderer/src/shaders/draw_image_mesh.vert:83
1	4ac7b32798da0482e441ef09304dc3b480ed3ee5	renderer/src/shaders/draw_image_mesh.vert	pp-0340	87	89	1	1	87	#ifdef @ENABLE_ADVANCED_BLEND	(defined(@VERTEX)) && (defined(@ENABLE_ADVANCED_BLEND))	metal-shader-source-batch	crates/nuxie-renderer/src/mechanical_port/source/renderer/src/shaders/draw_image_mesh_vert.rs	prepared	verified	required	preserve-directive-and-every-branch-in-artifact-source	artifact-generation-and-compile	cpp:renderer/src/shaders/draw_image_mesh.vert:87
1	4ac7b32798da0482e441ef09304dc3b480ed3ee5	renderer/src/shaders/draw_image_mesh.vert	pp-0341	95	101	1	1	95	#ifdef @ENABLE_CLIPPING	(defined(@VERTEX)) && (defined(@ENABLE_CLIPPING))	metal-shader-source-batch	crates/nuxie-renderer/src/mechanical_port/source/renderer/src/shaders/draw_image_mesh_vert.rs	prepared	verified	required	preserve-directive-and-every-branch-in-artifact-source	artifact-generation-and-compile	cpp:renderer/src/shaders/draw_image_mesh.vert:95
1	4ac7b32798da0482e441ef09304dc3b480ed3ee5	renderer/src/shaders/draw_image_mesh.vert	pp-0342	102	117	1	1	102	#ifdef @ENABLE_CLIP_RECT	(defined(@VERTEX)) && (defined(@ENABLE_CLIP_RECT))	metal-shader-source-batch	crates/nuxie-renderer/src/mechanical_port/source/renderer/src/shaders/draw_image_mesh_vert.rs	prepared	verified	required	preserve-directive-and-every-branch-in-artifact-source	artifact-generation-and-compile	cpp:renderer/src/shaders/draw_image_mesh.vert:102
1	4ac7b32798da0482e441ef09304dc3b480ed3ee5	renderer/src/shaders/draw_image_mesh.vert	pp-0343	105	115	2	1	105	#ifndef @RENDER_MODE_MSAA	(defined(@VERTEX)) && (defined(@ENABLE_CLIP_RECT)) && (!defined(@RENDER_MODE_MSAA))	metal-shader-source-batch	crates/nuxie-renderer/src/mechanical_port/source/renderer/src/shaders/draw_image_mesh_vert.rs	prepared	verified	required	preserve-directive-and-every-branch-in-artifact-source	artifact-generation-and-compile	cpp:renderer/src/shaders/draw_image_mesh.vert:105
1	4ac7b32798da0482e441ef09304dc3b480ed3ee5	renderer/src/shaders/draw_image_mesh.vert	pp-0343	105	115	2	2	110	#else	(defined(@VERTEX)) && (defined(@ENABLE_CLIP_RECT)) && (!((!defined(@RENDER_MODE_MSAA))))	metal-shader-source-batch	crates/nuxie-renderer/src/mechanical_port/source/renderer/src/shaders/draw_image_mesh_vert.rs	prepared	verified	required	preserve-directive-and-every-branch-in-artifact-source	artifact-generation-and-compile	cpp:renderer/src/shaders/draw_image_mesh.vert:110
1	4ac7b32798da0482e441ef09304dc3b480ed3ee5	renderer/src/shaders/draw_image_mesh.vert	pp-0344	119	121	1	1	119	#ifdef @POST_INVERT_Y	(defined(@VERTEX)) && (defined(@POST_INVERT_Y))	metal-shader-source-batch	crates/nuxie-renderer/src/mechanical_port/source/renderer/src/shaders/draw_image_mesh_vert.rs	prepared	verified	required	preserve-directive-and-every-branch-in-artifact-source	artifact-generation-and-compile	cpp:renderer/src/shaders/draw_image_mesh.vert:119
1	4ac7b32798da0482e441ef09304dc3b480ed3ee5	renderer/src/shaders/draw_image_mesh.vert	pp-0345	122	124	1	1	122	#ifdef @RENDER_MODE_MSAA	(defined(@VERTEX)) && (defined(@RENDER_MODE_MSAA))	metal-shader-source-batch	crates/nuxie-renderer/src/mechanical_port/source/renderer/src/shaders/draw_image_mesh_vert.rs	prepared	verified	required	preserve-directive-and-every-branch-in-artifact-source	artifact-generation-and-compile	cpp:renderer/src/shaders/draw_image_mesh.vert:122
1	4ac7b32798da0482e441ef09304dc3b480ed3ee5	renderer/src/shaders/draw_image_mesh.vert	pp-0346	127	129	1	1	127	#ifdef @ENABLE_ADVANCED_BLEND	(defined(@VERTEX)) && (defined(@ENABLE_ADVANCED_BLEND))	metal-shader-source-batch	crates/nuxie-renderer/src/mechanical_port/source/renderer/src/shaders/draw_image_mesh_vert.rs	prepared	verified	required	preserve-directive-and-every-branch-in-artifact-source	artifact-generation-and-compile	cpp:renderer/src/shaders/draw_image_mesh.vert:127
1	4ac7b32798da0482e441ef09304dc3b480ed3ee5	renderer/src/shaders/draw_image_mesh.vert	pp-0347	132	134	1	1	132	#ifdef @ENABLE_CLIPPING	(defined(@VERTEX)) && (defined(@ENABLE_CLIPPING))	metal-shader-source-batch	crates/nuxie-renderer/src/mechanical_port/source/renderer/src/shaders/draw_image_mesh_vert.rs	prepared	verified	required	preserve-directive-and-every-branch-in-artifact-source	artifact-generation-and-compile	cpp:renderer/src/shaders/draw_image_mesh.vert:132
1	4ac7b32798da0482e441ef09304dc3b480ed3ee5	renderer/src/shaders/draw_image_mesh.vert	pp-0348	135	137	1	1	135	#if defined(@ENABLE_CLIP_RECT) && !defined(@RENDER_MODE_MSAA)	(defined(@VERTEX)) && (defined(@ENABLE_CLIP_RECT) && !defined(@RENDER_MODE_MSAA))	metal-shader-source-batch	crates/nuxie-renderer/src/mechanical_port/source/renderer/src/shaders/draw_image_mesh_vert.rs	prepared	verified	required	preserve-directive-and-every-branch-in-artifact-source	artifact-generation-and-compile	cpp:renderer/src/shaders/draw_image_mesh.vert:135
1	4ac7b32798da0482e441ef09304dc3b480ed3ee5	renderer/src/shaders/draw_image_mesh.vert	pp-0349	139	141	1	1	139	#ifdef @ENABLE_ADVANCED_BLEND	(defined(@VERTEX)) && (defined(@ENABLE_ADVANCED_BLEND))	metal-shader-source-batch	crates/nuxie-renderer/src/mechanical_port/source/renderer/src/shaders/draw_image_mesh_vert.rs	prepared	verified	required	preserve-directive-and-every-branch-in-artifact-source	artifact-generation-and-compile	cpp:renderer/src/shaders/draw_image_mesh.vert:139
1	4ac7b32798da0482e441ef09304dc3b480ed3ee5	renderer/src/shaders/draw_input_attachment.frag	pp-0350	5	18	0	1	5	#ifdef @FRAGMENT	(defined(@FRAGMENT))	metal-shader-source-batch	crates/nuxie-renderer/src/mechanical_port/source/renderer/src/shaders/draw_input_attachment_frag.rs	prepared	verified	required	preserve-directive-and-every-branch-in-artifact-source	artifact-generation-and-compile	cpp:renderer/src/shaders/draw_input_attachment.frag:5
1	4ac7b32798da0482e441ef09304dc3b480ed3ee5	renderer/src/shaders/draw_input_attachment.frag	pp-0351	7	11	1	1	7	#ifdef @INPUT_ATTACHMENT_BINDING	(defined(@FRAGMENT)) && (defined(@INPUT_ATTACHMENT_BINDING))	metal-shader-source-batch	crates/nuxie-renderer/src/mechanical_port/source/renderer/src/shaders/draw_input_attachment_frag.rs	prepared	verified	required	preserve-directive-and-every-branch-in-artifact-source	artifact-generation-and-compile	cpp:renderer/src/shaders/draw_input_attachment.frag:7
1	4ac7b32798da0482e441ef09304dc3b480ed3ee5	renderer/src/shaders/draw_input_attachment.frag	pp-0351	7	11	1	2	9	#else	(defined(@FRAGMENT)) && (!((defined(@INPUT_ATTACHMENT_BINDING))))	metal-shader-source-batch	crates/nuxie-renderer/src/mechanical_port/source/renderer/src/shaders/draw_input_attachment_frag.rs	prepared	verified	required	preserve-directive-and-every-branch-in-artifact-source	artifact-generation-and-compile	cpp:renderer/src/shaders/draw_input_attachment.frag:9
1	4ac7b32798da0482e441ef09304dc3b480ed3ee5	renderer/src/shaders/draw_mesh.frag	pp-0352	5	227	0	1	5	#ifdef @FRAGMENT	(defined(@FRAGMENT))	metal-shader-source-batch	crates/nuxie-renderer/src/mechanical_port/source/renderer/src/shaders/draw_mesh_frag.rs	prepared	verified	required	preserve-directive-and-every-branch-in-artifact-source	artifact-generation-and-compile	cpp:renderer/src/shaders/draw_mesh.frag:5
1	4ac7b32798da0482e441ef09304dc3b480ed3ee5	renderer/src/shaders/draw_mesh.frag	pp-0353	12	18	1	1	12	#if (defined(@FIXED_FUNCTION_COLOR_OUTPUT) && !defined(@ENABLE_CLIPPING)) || defined(@RENDER_MODE_CLOCKWISE_ATOMIC)	(defined(@FRAGMENT)) && ((defined(@FIXED_FUNCTION_COLOR_OUTPUT) && !defined(@ENABLE_CLIPPING)) || defined(@RENDER_MODE_CLOCKWISE_ATOMIC))	metal-shader-source-batch	crates/nuxie-renderer/src/mechanical_port/source/renderer/src/shaders/draw_mesh_frag.rs	prepared	verified	required	preserve-directive-and-every-branch-in-artifact-source	artifact-generation-and-compile	cpp:renderer/src/shaders/draw_mesh.frag:12
1	4ac7b32798da0482e441ef09304dc3b480ed3ee5	renderer/src/shaders/draw_mesh.frag	pp-0353	12	18	1	2	16	#else	(defined(@FRAGMENT)) && (!(((defined(@FIXED_FUNCTION_COLOR_OUTPUT) && !defined(@ENABLE_CLIPPING)) || defined(@RENDER_MODE_CLOCKWISE_ATOMIC))))	metal-shader-source-batch	crates/nuxie-renderer/src/mechanical_port/source/renderer/src/shaders/draw_mesh_frag.rs	prepared	verified	required	preserve-directive-and-every-branch-in-artifact-source	artifact-generation-and-compile	cpp:renderer/src/shaders/draw_mesh.frag:16
1	4ac7b32798da0482e441ef09304dc3b480ed3ee5	renderer/src/shaders/draw_mesh.frag	pp-0354	21	23	1	1	21	#ifndef @FIXED_FUNCTION_COLOR_OUTPUT	(defined(@FRAGMENT)) && (!defined(@FIXED_FUNCTION_COLOR_OUTPUT))	metal-shader-source-batch	crates/nuxie-renderer/src/mechanical_port/source/renderer/src/shaders/draw_mesh_frag.rs	prepared	verified	required	preserve-directive-and-every-branch-in-artifact-source	artifact-generation-and-compile	cpp:renderer/src/shaders/draw_mesh.frag:21
1	4ac7b32798da0482e441ef09304dc3b480ed3ee5	renderer/src/shaders/draw_mesh.frag	pp-0355	24	32	1	1	24	#ifndef @RENDER_MODE_CLOCKWISE_ATOMIC	(defined(@FRAGMENT)) && (!defined(@RENDER_MODE_CLOCKWISE_ATOMIC))	metal-shader-source-batch	crates/nuxie-renderer/src/mechanical_port/source/renderer/src/shaders/draw_mesh_frag.rs	prepared	verified	required	preserve-directive-and-every-branch-in-artifact-source	artifact-generation-and-compile	cpp:renderer/src/shaders/draw_mesh.frag:24
1	4ac7b32798da0482e441ef09304dc3b480ed3ee5	renderer/src/shaders/draw_mesh.frag	pp-0355	24	32	1	2	30	#else // @RENDER_MODE_CLOCKWISE_ATOMIC	(defined(@FRAGMENT)) && (!((!defined(@RENDER_MODE_CLOCKWISE_ATOMIC))))	metal-shader-source-batch	crates/nuxie-renderer/src/mechanical_port/source/renderer/src/shaders/draw_mesh_frag.rs	prepared	verified	required	preserve-directive-and-every-branch-in-artifact-source	artifact-generation-and-compile	cpp:renderer/src/shaders/draw_mesh.frag:30
1	4ac7b32798da0482e441ef09304dc3b480ed3ee5	renderer/src/shaders/draw_mesh.frag	pp-0356	26	28	2	1	26	#ifndef @FIXED_FUNCTION_COLOR_OUTPUT	(defined(@FRAGMENT)) && (!defined(@RENDER_MODE_CLOCKWISE_ATOMIC)) && (!defined(@FIXED_FUNCTION_COLOR_OUTPUT))	metal-shader-source-batch	crates/nuxie-renderer/src/mechanical_port/source/renderer/src/shaders/draw_mesh_frag.rs	prepared	verified	required	preserve-directive-and-every-branch-in-artifact-source	artifact-generation-and-compile	cpp:renderer/src/shaders/draw_mesh.frag:26
1	4ac7b32798da0482e441ef09304dc3b480ed3ee5	renderer/src/shaders/draw_mesh.frag	pp-0357	37	48	1	1	37	#ifdef @DRAW_IMAGE_MESH	(defined(@FRAGMENT)) && (defined(@DRAW_IMAGE_MESH))	metal-shader-source-batch	crates/nuxie-renderer/src/mechanical_port/source/renderer/src/shaders/draw_mesh_frag.rs	prepared	verified	required	preserve-directive-and-every-branch-in-artifact-source	artifact-generation-and-compile	cpp:renderer/src/shaders/draw_mesh.frag:37
1	4ac7b32798da0482e441ef09304dc3b480ed3ee5	renderer/src/shaders/draw_mesh.frag	pp-0358	50	62	1	1	50	#ifdef @FIXED_FUNCTION_COLOR_OUTPUT	(defined(@FRAGMENT)) && (defined(@FIXED_FUNCTION_COLOR_OUTPUT))	metal-shader-source-batch	crates/nuxie-renderer/src/mechanical_port/source/renderer/src/shaders/draw_mesh_frag.rs	prepared	verified	required	preserve-directive-and-every-branch-in-artifact-source	artifact-generation-and-compile	cpp:renderer/src/shaders/draw_mesh.frag:50
1	4ac7b32798da0482e441ef09304dc3b480ed3ee5	renderer/src/shaders/draw_mesh.frag	pp-0358	50	62	1	2	56	#else	(defined(@FRAGMENT)) && (!((defined(@FIXED_FUNCTION_COLOR_OUTPUT))))	metal-shader-source-batch	crates/nuxie-renderer/src/mechanical_port/source/renderer/src/shaders/draw_mesh_frag.rs	prepared	verified	required	preserve-directive-and-every-branch-in-artifact-source	artifact-generation-and-compile	cpp:renderer/src/shaders/draw_mesh.frag:56
1	4ac7b32798da0482e441ef09304dc3b480ed3ee5	renderer/src/shaders/draw_mesh.frag	pp-0359	51	55	2	1	51	#ifdef @DRAW_IMAGE_MESH	(defined(@FRAGMENT)) && (defined(@FIXED_FUNCTION_COLOR_OUTPUT)) && (defined(@DRAW_IMAGE_MESH))	metal-shader-source-batch	crates/nuxie-renderer/src/mechanical_port/source/renderer/src/shaders/draw_mesh_frag.rs	prepared	verified	required	preserve-directive-and-every-branch-in-artifact-source	artifact-generation-and-compile	cpp:renderer/src/shaders/draw_mesh.frag:51
1	4ac7b32798da0482e441ef09304dc3b480ed3ee5	renderer/src/shaders/draw_mesh.frag	pp-0359	51	55	2	2	53	#else	(defined(@FRAGMENT)) && (defined(@FIXED_FUNCTION_COLOR_OUTPUT)) && (!((defined(@DRAW_IMAGE_MESH))))	metal-shader-source-batch	crates/nuxie-renderer/src/mechanical_port/source/renderer/src/shaders/draw_mesh_frag.rs	prepared	verified	required	preserve-directive-and-every-branch-in-artifact-source	artifact-generation-and-compile	cpp:renderer/src/shaders/draw_mesh.frag:53
1	4ac7b32798da0482e441ef09304dc3b480ed3ee5	renderer/src/shaders/draw_mesh.frag	pp-0360	57	61	2	1	57	#ifdef @DRAW_IMAGE_MESH	(defined(@FRAGMENT)) && (!((defined(@FIXED_FUNCTION_COLOR_OUTPUT)))) && (defined(@DRAW_IMAGE_MESH))	metal-shader-source-batch	crates/nuxie-renderer/src/mechanical_port/source/renderer/src/shaders/draw_mesh_frag.rs	prepared	verified	required	preserve-directive-and-every-branch-in-artifact-source	artifact-generation-and-compile	cpp:renderer/src/shaders/draw_mesh.frag:57
1	4ac7b32798da0482e441ef09304dc3b480ed3ee5	renderer/src/shaders/draw_mesh.frag	pp-0360	57	61	2	2	59	#else	(defined(@FRAGMENT)) && (!((defined(@FIXED_FUNCTION_COLOR_OUTPUT)))) && (!((defined(@DRAW_IMAGE_MESH))))	metal-shader-source-batch	crates/nuxie-renderer/src/mechanical_port/source/renderer/src/shaders/draw_mesh_frag.rs	prepared	verified	required	preserve-directive-and-every-branch-in-artifact-source	artifact-generation-and-compile	cpp:renderer/src/shaders/draw_mesh.frag:59
1	4ac7b32798da0482e441ef09304dc3b480ed3ee5	renderer/src/shaders/draw_mesh.frag	pp-0361	64	67	1	1	64	#ifdef @FEATHER_ATLAS_BLIT	(defined(@FRAGMENT)) && (defined(@FEATHER_ATLAS_BLIT))	metal-shader-source-batch	crates/nuxie-renderer/src/mechanical_port/source/renderer/src/shaders/draw_mesh_frag.rs	prepared	verified	required	preserve-directive-and-every-branch-in-artifact-source	artifact-generation-and-compile	cpp:renderer/src/shaders/draw_mesh.frag:64
1	4ac7b32798da0482e441ef09304dc3b480ed3ee5	renderer/src/shaders/draw_mesh.frag	pp-0362	68	70	1	1	68	#ifdef @ENABLE_CLIPPING	(defined(@FRAGMENT)) && (defined(@ENABLE_CLIPPING))	metal-shader-source-batch	crates/nuxie-renderer/src/mechanical_port/source/renderer/src/shaders/draw_mesh_frag.rs	prepared	verified	required	preserve-directive-and-every-branch-in-artifact-source	artifact-generation-and-compile	cpp:renderer/src/shaders/draw_mesh.frag:68
1	4ac7b32798da0482e441ef09304dc3b480ed3ee5	renderer/src/shaders/draw_mesh.frag	pp-0363	71	73	1	1	71	#ifdef @ENABLE_CLIP_RECT	(defined(@FRAGMENT)) && (defined(@ENABLE_CLIP_RECT))	metal-shader-source-batch	crates/nuxie-renderer/src/mechanical_port/source/renderer/src/shaders/draw_mesh_frag.rs	prepared	verified	required	preserve-directive-and-every-branch-in-artifact-source	artifact-generation-and-compile	cpp:renderer/src/shaders/draw_mesh.frag:71
1	4ac7b32798da0482e441ef09304dc3b480ed3ee5	renderer/src/shaders/draw_mesh.frag	pp-0364	74	76	1	1	74	#if defined(@FEATHER_ATLAS_BLIT) && defined(@ENABLE_ADVANCED_BLEND)	(defined(@FRAGMENT)) && (defined(@FEATHER_ATLAS_BLIT) && defined(@ENABLE_ADVANCED_BLEND))	metal-shader-source-batch	crates/nuxie-renderer/src/mechanical_port/source/renderer/src/shaders/draw_mesh_frag.rs	prepared	verified	required	preserve-directive-and-every-branch-in-artifact-source	artifact-generation-and-compile	cpp:renderer/src/shaders/draw_mesh.frag:74
1	4ac7b32798da0482e441ef09304dc3b480ed3ee5	renderer/src/shaders/draw_mesh.frag	pp-0365	77	83	1	1	77	#ifdef @DRAW_IMAGE_MESH	(defined(@FRAGMENT)) && (defined(@DRAW_IMAGE_MESH))	metal-shader-source-batch	crates/nuxie-renderer/src/mechanical_port/source/renderer/src/shaders/draw_mesh_frag.rs	prepared	verified	required	preserve-directive-and-every-branch-in-artifact-source	artifact-generation-and-compile	cpp:renderer/src/shaders/draw_mesh.frag:77
1	4ac7b32798da0482e441ef09304dc3b480ed3ee5	renderer/src/shaders/draw_mesh.frag	pp-0366	80	82	2	1	80	#ifdef @ENABLE_ADVANCED_BLEND	(defined(@FRAGMENT)) && (defined(@DRAW_IMAGE_MESH)) && (defined(@ENABLE_ADVANCED_BLEND))	metal-shader-source-batch	crates/nuxie-renderer/src/mechanical_port/source/renderer/src/shaders/draw_mesh_frag.rs	prepared	verified	required	preserve-directive-and-every-branch-in-artifact-source	artifact-generation-and-compile	cpp:renderer/src/shaders/draw_mesh.frag:80
1	4ac7b32798da0482e441ef09304dc3b480ed3ee5	renderer/src/shaders/draw_mesh.frag	pp-0367	85	94	1	1	85	#ifdef @FEATHER_ATLAS_BLIT	(defined(@FRAGMENT)) && (defined(@FEATHER_ATLAS_BLIT))	metal-shader-source-batch	crates/nuxie-renderer/src/mechanical_port/source/renderer/src/shaders/draw_mesh_frag.rs	prepared	verified	required	preserve-directive-and-every-branch-in-artifact-source	artifact-generation-and-compile	cpp:renderer/src/shaders/draw_mesh.frag:85
1	4ac7b32798da0482e441ef09304dc3b480ed3ee5	renderer/src/shaders/draw_mesh.frag	pp-0368	96	102	1	1	96	#ifdef @DRAW_IMAGE_MESH	(defined(@FRAGMENT)) && (defined(@DRAW_IMAGE_MESH))	metal-shader-source-batch	crates/nuxie-renderer/src/mechanical_port/source/renderer/src/shaders/draw_mesh_frag.rs	prepared	verified	required	preserve-directive-and-every-branch-in-artifact-source	artifact-generation-and-compile	cpp:renderer/src/shaders/draw_mesh.frag:96
1	4ac7b32798da0482e441ef09304dc3b480ed3ee5	renderer/src/shaders/draw_mesh.frag	pp-0369	104	112	1	1	104	#ifdef @ENABLE_CLIP_RECT	(defined(@FRAGMENT)) && (defined(@ENABLE_CLIP_RECT))	metal-shader-source-batch	crates/nuxie-renderer/src/mechanical_port/source/renderer/src/shaders/draw_mesh_frag.rs	prepared	verified	required	preserve-directive-and-every-branch-in-artifact-source	artifact-generation-and-compile	cpp:renderer/src/shaders/draw_mesh.frag:104
1	4ac7b32798da0482e441ef09304dc3b480ed3ee5	renderer/src/shaders/draw_mesh.frag	pp-0370	114	116	1	1	114	#ifdef NEEDS_INTERLOCK	(defined(@FRAGMENT)) && (defined(NEEDS_INTERLOCK))	metal-shader-source-batch	crates/nuxie-renderer/src/mechanical_port/source/renderer/src/shaders/draw_mesh_frag.rs	prepared	verified	required	preserve-directive-and-every-branch-in-artifact-source	artifact-generation-and-compile	cpp:renderer/src/shaders/draw_mesh.frag:114
1	4ac7b32798da0482e441ef09304dc3b480ed3ee5	renderer/src/shaders/draw_mesh.frag	pp-0371	118	134	1	1	118	#if defined(@ENABLE_CLIPPING)	(defined(@FRAGMENT)) && (defined(@ENABLE_CLIPPING))	metal-shader-source-batch	crates/nuxie-renderer/src/mechanical_port/source/renderer/src/shaders/draw_mesh_frag.rs	prepared	verified	required	preserve-directive-and-every-branch-in-artifact-source	artifact-generation-and-compile	cpp:renderer/src/shaders/draw_mesh.frag:118
1	4ac7b32798da0482e441ef09304dc3b480ed3ee5	renderer/src/shaders/draw_mesh.frag	pp-0372	122	130	2	1	122	#ifndef @RENDER_MODE_CLOCKWISE_ATOMIC	(defined(@FRAGMENT)) && (defined(@ENABLE_CLIPPING)) && (!defined(@RENDER_MODE_CLOCKWISE_ATOMIC))	metal-shader-source-batch	crates/nuxie-renderer/src/mechanical_port/source/renderer/src/shaders/draw_mesh_frag.rs	prepared	verified	required	preserve-directive-and-every-branch-in-artifact-source	artifact-generation-and-compile	cpp:renderer/src/shaders/draw_mesh.frag:122
1	4ac7b32798da0482e441ef09304dc3b480ed3ee5	renderer/src/shaders/draw_mesh.frag	pp-0372	122	130	2	2	128	#else	(defined(@FRAGMENT)) && (defined(@ENABLE_CLIPPING)) && (!((!defined(@RENDER_MODE_CLOCKWISE_ATOMIC))))	metal-shader-source-batch	crates/nuxie-renderer/src/mechanical_port/source/renderer/src/shaders/draw_mesh_frag.rs	prepared	verified	required	preserve-directive-and-every-branch-in-artifact-source	artifact-generation-and-compile	cpp:renderer/src/shaders/draw_mesh.frag:128
1	4ac7b32798da0482e441ef09304dc3b480ed3ee5	renderer/src/shaders/draw_mesh.frag	pp-0373	136	139	1	1	136	#ifdef @DRAW_IMAGE_MESH	(defined(@FRAGMENT)) && (defined(@DRAW_IMAGE_MESH))	metal-shader-source-batch	crates/nuxie-renderer/src/mechanical_port/source/renderer/src/shaders/draw_mesh_frag.rs	prepared	verified	required	preserve-directive-and-every-branch-in-artifact-source	artifact-generation-and-compile	cpp:renderer/src/shaders/draw_mesh.frag:136
1	4ac7b32798da0482e441ef09304dc3b480ed3ee5	renderer/src/shaders/draw_mesh.frag	pp-0374	141	199	1	1	141	#if !defined(@FIXED_FUNCTION_COLOR_OUTPUT)	(defined(@FRAGMENT)) && (!defined(@FIXED_FUNCTION_COLOR_OUTPUT))	metal-shader-source-batch	crates/nuxie-renderer/src/mechanical_port/source/renderer/src/shaders/draw_mesh_frag.rs	prepared	verified	required	preserve-directive-and-every-branch-in-artifact-source	artifact-generation-and-compile	cpp:renderer/src/shaders/draw_mesh.frag:141
1	4ac7b32798da0482e441ef09304dc3b480ed3ee5	renderer/src/shaders/draw_mesh.frag	pp-0375	143	172	2	1	143	#ifdef @ENABLE_ADVANCED_BLEND	(defined(@FRAGMENT)) && (!defined(@FIXED_FUNCTION_COLOR_OUTPUT)) && (defined(@ENABLE_ADVANCED_BLEND))	metal-shader-source-batch	crates/nuxie-renderer/src/mechanical_port/source/renderer/src/shaders/draw_mesh_frag.rs	prepared	verified	required	preserve-directive-and-every-branch-in-artifact-source	artifact-generation-and-compile	cpp:renderer/src/shaders/draw_mesh.frag:143
1	4ac7b32798da0482e441ef09304dc3b480ed3ee5	renderer/src/shaders/draw_mesh.frag	pp-0376	146	150	3	1	146	#ifdef @FEATHER_ATLAS_BLIT	(defined(@FRAGMENT)) && (!defined(@FIXED_FUNCTION_COLOR_OUTPUT)) && (defined(@ENABLE_ADVANCED_BLEND)) && (defined(@FEATHER_ATLAS_BLIT))	metal-shader-source-batch	crates/nuxie-renderer/src/mechanical_port/source/renderer/src/shaders/draw_mesh_frag.rs	prepared	verified	required	preserve-directive-and-every-branch-in-artifact-source	artifact-generation-and-compile	cpp:renderer/src/shaders/draw_mesh.frag:146
1	4ac7b32798da0482e441ef09304dc3b480ed3ee5	renderer/src/shaders/draw_mesh.frag	pp-0377	152	160	3	1	152	#ifdef @DRAW_IMAGE_MESH	(defined(@FRAGMENT)) && (!defined(@FIXED_FUNCTION_COLOR_OUTPUT)) && (defined(@ENABLE_ADVANCED_BLEND)) && (defined(@DRAW_IMAGE_MESH))	metal-shader-source-batch	crates/nuxie-renderer/src/mechanical_port/source/renderer/src/shaders/draw_mesh_frag.rs	prepared	verified	required	preserve-directive-and-every-branch-in-artifact-source	artifact-generation-and-compile	cpp:renderer/src/shaders/draw_mesh.frag:152
1	4ac7b32798da0482e441ef09304dc3b480ed3ee5	renderer/src/shaders/draw_mesh.frag	pp-0378	181	186	2	1	181	#ifdef @NEEDS_GAMMA_CORRECTION	(defined(@FRAGMENT)) && (!defined(@FIXED_FUNCTION_COLOR_OUTPUT)) && (defined(@NEEDS_GAMMA_CORRECTION))	metal-shader-source-batch	crates/nuxie-renderer/src/mechanical_port/source/renderer/src/shaders/draw_mesh_frag.rs	prepared	verified	required	preserve-directive-and-every-branch-in-artifact-source	artifact-generation-and-compile	cpp:renderer/src/shaders/draw_mesh.frag:181
1	4ac7b32798da0482e441ef09304dc3b480ed3ee5	renderer/src/shaders/draw_mesh.frag	pp-0379	194	196	2	1	194	#ifndef @RENDER_MODE_CLOCKWISE_ATOMIC	(defined(@FRAGMENT)) && (!defined(@FIXED_FUNCTION_COLOR_OUTPUT)) && (!defined(@RENDER_MODE_CLOCKWISE_ATOMIC))	metal-shader-source-batch	crates/nuxie-renderer/src/mechanical_port/source/renderer/src/shaders/draw_mesh_frag.rs	prepared	verified	required	preserve-directive-and-every-branch-in-artifact-source	artifact-generation-and-compile	cpp:renderer/src/shaders/draw_mesh.frag:194
1	4ac7b32798da0482e441ef09304dc3b480ed3ee5	renderer/src/shaders/draw_mesh.frag	pp-0380	201	208	1	1	201	#ifndef @RENDER_MODE_CLOCKWISE_ATOMIC	(defined(@FRAGMENT)) && (!defined(@RENDER_MODE_CLOCKWISE_ATOMIC))	metal-shader-source-batch	crates/nuxie-renderer/src/mechanical_port/source/renderer/src/shaders/draw_mesh_frag.rs	prepared	verified	required	preserve-directive-and-every-branch-in-artifact-source	artifact-generation-and-compile	cpp:renderer/src/shaders/draw_mesh.frag:201
1	4ac7b32798da0482e441ef09304dc3b480ed3ee5	renderer/src/shaders/draw_mesh.frag	pp-0380	201	208	1	2	204	#else	(defined(@FRAGMENT)) && (!((!defined(@RENDER_MODE_CLOCKWISE_ATOMIC))))	metal-shader-source-batch	crates/nuxie-renderer/src/mechanical_port/source/renderer/src/shaders/draw_mesh_frag.rs	prepared	verified	required	preserve-directive-and-every-branch-in-artifact-source	artifact-generation-and-compile	cpp:renderer/src/shaders/draw_mesh.frag:204
1	4ac7b32798da0482e441ef09304dc3b480ed3ee5	renderer/src/shaders/draw_mesh.frag	pp-0381	209	211	1	1	209	#ifdef NEEDS_INTERLOCK	(defined(@FRAGMENT)) && (defined(NEEDS_INTERLOCK))	metal-shader-source-batch	crates/nuxie-renderer/src/mechanical_port/source/renderer/src/shaders/draw_mesh_frag.rs	prepared	verified	required	preserve-directive-and-every-branch-in-artifact-source	artifact-generation-and-compile	cpp:renderer/src/shaders/draw_mesh.frag:209
1	4ac7b32798da0482e441ef09304dc3b480ed3ee5	renderer/src/shaders/draw_mesh.frag	pp-0382	213	224	1	1	213	#ifdef @FIXED_FUNCTION_COLOR_OUTPUT	(defined(@FRAGMENT)) && (defined(@FIXED_FUNCTION_COLOR_OUTPUT))	metal-shader-source-batch	crates/nuxie-renderer/src/mechanical_port/source/renderer/src/shaders/draw_mesh_frag.rs	prepared	verified	required	preserve-directive-and-every-branch-in-artifact-source	artifact-generation-and-compile	cpp:renderer/src/shaders/draw_mesh.frag:213
1	4ac7b32798da0482e441ef09304dc3b480ed3ee5	renderer/src/shaders/draw_mesh.frag	pp-0382	213	224	1	2	222	#else	(defined(@FRAGMENT)) && (!((defined(@FIXED_FUNCTION_COLOR_OUTPUT))))	metal-shader-source-batch	crates/nuxie-renderer/src/mechanical_port/source/renderer/src/shaders/draw_mesh_frag.rs	prepared	verified	required	preserve-directive-and-every-branch-in-artifact-source	artifact-generation-and-compile	cpp:renderer/src/shaders/draw_mesh.frag:222
1	4ac7b32798da0482e441ef09304dc3b480ed3ee5	renderer/src/shaders/draw_msaa_object.frag	pp-0383	5	103	0	1	5	#ifdef @FRAGMENT	(defined(@FRAGMENT))	metal-shader-source-batch	crates/nuxie-renderer/src/mechanical_port/source/renderer/src/shaders/draw_msaa_object_frag.rs	prepared	verified	required	preserve-directive-and-every-branch-in-artifact-source	artifact-generation-and-compile	cpp:renderer/src/shaders/draw_msaa_object.frag:5
1	4ac7b32798da0482e441ef09304dc3b480ed3ee5	renderer/src/shaders/draw_msaa_object.frag	pp-0384	9	20	1	1	9	#ifdef @DRAW_IMAGE_MESH	(defined(@FRAGMENT)) && (defined(@DRAW_IMAGE_MESH))	metal-shader-source-batch	crates/nuxie-renderer/src/mechanical_port/source/renderer/src/shaders/draw_msaa_object_frag.rs	prepared	verified	required	preserve-directive-and-every-branch-in-artifact-source	artifact-generation-and-compile	cpp:renderer/src/shaders/draw_msaa_object.frag:9
1	4ac7b32798da0482e441ef09304dc3b480ed3ee5	renderer/src/shaders/draw_msaa_object.frag	pp-0385	12	14	2	1	12	#ifdef @ENABLE_ADVANCED_BLEND	(defined(@FRAGMENT)) && (defined(@DRAW_IMAGE_MESH)) && (defined(@ENABLE_ADVANCED_BLEND))	metal-shader-source-batch	crates/nuxie-renderer/src/mechanical_port/source/renderer/src/shaders/draw_msaa_object_frag.rs	prepared	verified	required	preserve-directive-and-every-branch-in-artifact-source	artifact-generation-and-compile	cpp:renderer/src/shaders/draw_msaa_object.frag:12
1	4ac7b32798da0482e441ef09304dc3b480ed3ee5	renderer/src/shaders/draw_msaa_object.frag	pp-0386	24	38	1	1	24	#ifdef @DRAW_IMAGE_MESH	(defined(@FRAGMENT)) && (defined(@DRAW_IMAGE_MESH))	metal-shader-source-batch	crates/nuxie-renderer/src/mechanical_port/source/renderer/src/shaders/draw_msaa_object_frag.rs	prepared	verified	required	preserve-directive-and-every-branch-in-artifact-source	artifact-generation-and-compile	cpp:renderer/src/shaders/draw_msaa_object.frag:24
1	4ac7b32798da0482e441ef09304dc3b480ed3ee5	renderer/src/shaders/draw_msaa_object.frag	pp-0386	24	38	1	2	30	#else	(defined(@FRAGMENT)) && (!((defined(@DRAW_IMAGE_MESH))))	metal-shader-source-batch	crates/nuxie-renderer/src/mechanical_port/source/renderer/src/shaders/draw_msaa_object_frag.rs	prepared	verified	required	preserve-directive-and-every-branch-in-artifact-source	artifact-generation-and-compile	cpp:renderer/src/shaders/draw_msaa_object.frag:30
1	4ac7b32798da0482e441ef09304dc3b480ed3ee5	renderer/src/shaders/draw_msaa_object.frag	pp-0387	27	29	2	1	27	#ifdef @ENABLE_ADVANCED_BLEND	(defined(@FRAGMENT)) && (defined(@DRAW_IMAGE_MESH)) && (defined(@ENABLE_ADVANCED_BLEND))	metal-shader-source-batch	crates/nuxie-renderer/src/mechanical_port/source/renderer/src/shaders/draw_msaa_object_frag.rs	prepared	verified	required	preserve-directive-and-every-branch-in-artifact-source	artifact-generation-and-compile	cpp:renderer/src/shaders/draw_msaa_object.frag:27
1	4ac7b32798da0482e441ef09304dc3b480ed3ee5	renderer/src/shaders/draw_msaa_object.frag	pp-0388	32	34	2	1	32	#ifdef @FEATHER_ATLAS_BLIT	(defined(@FRAGMENT)) && (!((defined(@DRAW_IMAGE_MESH)))) && (defined(@FEATHER_ATLAS_BLIT))	metal-shader-source-batch	crates/nuxie-renderer/src/mechanical_port/source/renderer/src/shaders/draw_msaa_object_frag.rs	prepared	verified	required	preserve-directive-and-every-branch-in-artifact-source	artifact-generation-and-compile	cpp:renderer/src/shaders/draw_msaa_object.frag:32
1	4ac7b32798da0482e441ef09304dc3b480ed3ee5	renderer/src/shaders/draw_msaa_object.frag	pp-0389	35	37	2	1	35	#ifdef @ENABLE_ADVANCED_BLEND	(defined(@FRAGMENT)) && (!((defined(@DRAW_IMAGE_MESH)))) && (defined(@ENABLE_ADVANCED_BLEND))	metal-shader-source-batch	crates/nuxie-renderer/src/mechanical_port/source/renderer/src/shaders/draw_msaa_object_frag.rs	prepared	verified	required	preserve-directive-and-every-branch-in-artifact-source	artifact-generation-and-compile	cpp:renderer/src/shaders/draw_msaa_object.frag:35
1	4ac7b32798da0482e441ef09304dc3b480ed3ee5	renderer/src/shaders/draw_msaa_object.frag	pp-0390	40	60	1	1	40	#ifdef @DRAW_IMAGE_MESH	(defined(@FRAGMENT)) && (defined(@DRAW_IMAGE_MESH))	metal-shader-source-batch	crates/nuxie-renderer/src/mechanical_port/source/renderer/src/shaders/draw_msaa_object_frag.rs	prepared	verified	required	preserve-directive-and-every-branch-in-artifact-source	artifact-generation-and-compile	cpp:renderer/src/shaders/draw_msaa_object.frag:40
1	4ac7b32798da0482e441ef09304dc3b480ed3ee5	renderer/src/shaders/draw_msaa_object.frag	pp-0390	40	60	1	2	46	#else	(defined(@FRAGMENT)) && (!((defined(@DRAW_IMAGE_MESH))))	metal-shader-source-batch	crates/nuxie-renderer/src/mechanical_port/source/renderer/src/shaders/draw_msaa_object_frag.rs	prepared	verified	required	preserve-directive-and-every-branch-in-artifact-source	artifact-generation-and-compile	cpp:renderer/src/shaders/draw_msaa_object.frag:46
1	4ac7b32798da0482e441ef09304dc3b480ed3ee5	renderer/src/shaders/draw_msaa_object.frag	pp-0391	48	58	2	1	48	#ifdef @FEATHER_ATLAS_BLIT	(defined(@FRAGMENT)) && (!((defined(@DRAW_IMAGE_MESH)))) && (defined(@FEATHER_ATLAS_BLIT))	metal-shader-source-batch	crates/nuxie-renderer/src/mechanical_port/source/renderer/src/shaders/draw_msaa_object_frag.rs	prepared	verified	required	preserve-directive-and-every-branch-in-artifact-source	artifact-generation-and-compile	cpp:renderer/src/shaders/draw_msaa_object.frag:48
1	4ac7b32798da0482e441ef09304dc3b480ed3ee5	renderer/src/shaders/draw_msaa_object.frag	pp-0391	48	58	2	2	56	#else	(defined(@FRAGMENT)) && (!((defined(@DRAW_IMAGE_MESH)))) && (!((defined(@FEATHER_ATLAS_BLIT))))	metal-shader-source-batch	crates/nuxie-renderer/src/mechanical_port/source/renderer/src/shaders/draw_msaa_object_frag.rs	prepared	verified	required	preserve-directive-and-every-branch-in-artifact-source	artifact-generation-and-compile	cpp:renderer/src/shaders/draw_msaa_object.frag:56
1	4ac7b32798da0482e441ef09304dc3b480ed3ee5	renderer/src/shaders/draw_msaa_object.frag	pp-0392	64	81	1	1	64	#if defined(@ENABLE_ADVANCED_BLEND) && !defined(@FIXED_FUNCTION_COLOR_OUTPUT)	(defined(@FRAGMENT)) && (defined(@ENABLE_ADVANCED_BLEND) && !defined(@FIXED_FUNCTION_COLOR_OUTPUT))	metal-shader-source-batch	crates/nuxie-renderer/src/mechanical_port/source/renderer/src/shaders/draw_msaa_object_frag.rs	prepared	verified	required	preserve-directive-and-every-branch-in-artifact-source	artifact-generation-and-compile	cpp:renderer/src/shaders/draw_msaa_object.frag:64
1	4ac7b32798da0482e441ef09304dc3b480ed3ee5	renderer/src/shaders/draw_msaa_object.frag	pp-0393	66	74	2	1	66	#ifdef @DRAW_IMAGE_MESH	(defined(@FRAGMENT)) && (defined(@ENABLE_ADVANCED_BLEND) && !defined(@FIXED_FUNCTION_COLOR_OUTPUT)) && (defined(@DRAW_IMAGE_MESH))	metal-shader-source-batch	crates/nuxie-renderer/src/mechanical_port/source/renderer/src/shaders/draw_msaa_object_frag.rs	prepared	verified	required	preserve-directive-and-every-branch-in-artifact-source	artifact-generation-and-compile	cpp:renderer/src/shaders/draw_msaa_object.frag:66
1	4ac7b32798da0482e441ef09304dc3b480ed3ee5	renderer/src/shaders/draw_msaa_object.frag	pp-0393	66	74	2	2	69	#else	(defined(@FRAGMENT)) && (defined(@ENABLE_ADVANCED_BLEND) && !defined(@FIXED_FUNCTION_COLOR_OUTPUT)) && (!((defined(@DRAW_IMAGE_MESH))))	metal-shader-source-batch	crates/nuxie-renderer/src/mechanical_port/source/renderer/src/shaders/draw_msaa_object_frag.rs	prepared	verified	required	preserve-directive-and-every-branch-in-artifact-source	artifact-generation-and-compile	cpp:renderer/src/shaders/draw_msaa_object.frag:69
1	4ac7b32798da0482e441ef09304dc3b480ed3ee5	renderer/src/shaders/draw_msaa_object.frag	pp-0394	87	92	1	1	87	#ifdef @NEEDS_GAMMA_CORRECTION	(defined(@FRAGMENT)) && (defined(@NEEDS_GAMMA_CORRECTION))	metal-shader-source-batch	crates/nuxie-renderer/src/mechanical_port/source/renderer/src/shaders/draw_msaa_object_frag.rs	prepared	verified	required	preserve-directive-and-every-branch-in-artifact-source	artifact-generation-and-compile	cpp:renderer/src/shaders/draw_msaa_object.frag:87
1	4ac7b32798da0482e441ef09304dc3b480ed3ee5	renderer/src/shaders/draw_msaa_resolve.frag	pp-0395	5	18	0	1	5	#ifdef @FRAGMENT	(defined(@FRAGMENT))	metal-shader-source-batch	crates/nuxie-renderer/src/mechanical_port/source/renderer/src/shaders/draw_msaa_resolve_frag.rs	prepared	verified	required	preserve-directive-and-every-branch-in-artifact-source	artifact-generation-and-compile	cpp:renderer/src/shaders/draw_msaa_resolve.frag:5
1	4ac7b32798da0482e441ef09304dc3b480ed3ee5	renderer/src/shaders/draw_path.vert	pp-0396	9	22	0	1	9	#ifdef @NEVER_GENERATE_PREMULTIPLIED_PAINT_COLORS	(defined(@NEVER_GENERATE_PREMULTIPLIED_PAINT_COLORS))	metal-shader-source-batch	crates/nuxie-renderer/src/mechanical_port/source/renderer/src/shaders/draw_path_vert.rs	prepared	verified	required	preserve-directive-and-every-branch-in-artifact-source	artifact-generation-and-compile	cpp:renderer/src/shaders/draw_path.vert:9
1	4ac7b32798da0482e441ef09304dc3b480ed3ee5	renderer/src/shaders/draw_path.vert	pp-0396	9	22	0	2	13	#elif defined(@ENABLE_ADVANCED_BLEND)	(!((defined(@NEVER_GENERATE_PREMULTIPLIED_PAINT_COLORS))) && (defined(@ENABLE_ADVANCED_BLEND)))	metal-shader-source-batch	crates/nuxie-renderer/src/mechanical_port/source/renderer/src/shaders/draw_path_vert.rs	prepared	verified	required	preserve-directive-and-every-branch-in-artifact-source	artifact-generation-and-compile	cpp:renderer/src/shaders/draw_path.vert:13
1	4ac7b32798da0482e441ef09304dc3b480ed3ee5	renderer/src/shaders/draw_path.vert	pp-0396	9	22	0	3	18	#else	(!((defined(@NEVER_GENERATE_PREMULTIPLIED_PAINT_COLORS)) || (defined(@ENABLE_ADVANCED_BLEND))))	metal-shader-source-batch	crates/nuxie-renderer/src/mechanical_port/source/renderer/src/shaders/draw_path_vert.rs	prepared	verified	required	preserve-directive-and-every-branch-in-artifact-source	artifact-generation-and-compile	cpp:renderer/src/shaders/draw_path.vert:18
1	4ac7b32798da0482e441ef09304dc3b480ed3ee5	renderer/src/shaders/draw_path.vert	pp-0397	27	31	0	1	27	#ifdef @ENABLE_FEATHER	(defined(@ENABLE_FEATHER))	metal-shader-source-batch	crates/nuxie-renderer/src/mechanical_port/source/renderer/src/shaders/draw_path_vert.rs	prepared	verified	required	preserve-directive-and-every-branch-in-artifact-source	artifact-generation-and-compile	cpp:renderer/src/shaders/draw_path.vert:27
1	4ac7b32798da0482e441ef09304dc3b480ed3ee5	renderer/src/shaders/draw_path.vert	pp-0397	27	31	0	2	29	#else	(!((defined(@ENABLE_FEATHER))))	metal-shader-source-batch	crates/nuxie-renderer/src/mechanical_port/source/renderer/src/shaders/draw_path_vert.rs	prepared	verified	required	preserve-directive-and-every-branch-in-artifact-source	artifact-generation-and-compile	cpp:renderer/src/shaders/draw_path.vert:29
1	4ac7b32798da0482e441ef09304dc3b480ed3ee5	renderer/src/shaders/draw_path.vert	pp-0398	33	44	0	1	33	#ifdef @VERTEX	(defined(@VERTEX))	metal-shader-source-batch	crates/nuxie-renderer/src/mechanical_port/source/renderer/src/shaders/draw_path_vert.rs	prepared	verified	required	preserve-directive-and-every-branch-in-artifact-source	artifact-generation-and-compile	cpp:renderer/src/shaders/draw_path.vert:33
1	4ac7b32798da0482e441ef09304dc3b480ed3ee5	renderer/src/shaders/draw_path.vert	pp-0399	35	42	1	1	35	#if defined(@DRAW_INTERIOR_TRIANGLES) || defined(@FEATHER_ATLAS_BLIT)	(defined(@VERTEX)) && (defined(@DRAW_INTERIOR_TRIANGLES) || defined(@FEATHER_ATLAS_BLIT))	metal-shader-source-batch	crates/nuxie-renderer/src/mechanical_port/source/renderer/src/shaders/draw_path_vert.rs	prepared	verified	required	preserve-directive-and-every-branch-in-artifact-source	artifact-generation-and-compile	cpp:renderer/src/shaders/draw_path.vert:35
1	4ac7b32798da0482e441ef09304dc3b480ed3ee5	renderer/src/shaders/draw_path.vert	pp-0399	35	42	1	2	37	#else	(defined(@VERTEX)) && (!((defined(@DRAW_INTERIOR_TRIANGLES) || defined(@FEATHER_ATLAS_BLIT))))	metal-shader-source-batch	crates/nuxie-renderer/src/mechanical_port/source/renderer/src/shaders/draw_path_vert.rs	prepared	verified	required	preserve-directive-and-every-branch-in-artifact-source	artifact-generation-and-compile	cpp:renderer/src/shaders/draw_path.vert:37
1	4ac7b32798da0482e441ef09304dc3b480ed3ee5	renderer/src/shaders/draw_path.vert	pp-0400	49	58	0	1	49	#ifdef @FEATHER_ATLAS_BLIT	(defined(@FEATHER_ATLAS_BLIT))	metal-shader-source-batch	crates/nuxie-renderer/src/mechanical_port/source/renderer/src/shaders/draw_path_vert.rs	prepared	verified	required	preserve-directive-and-every-branch-in-artifact-source	artifact-generation-and-compile	cpp:renderer/src/shaders/draw_path.vert:49
1	4ac7b32798da0482e441ef09304dc3b480ed3ee5	renderer/src/shaders/draw_path.vert	pp-0400	49	58	0	2	51	#elif !defined(@RENDER_MODE_MSAA)	(!((defined(@FEATHER_ATLAS_BLIT))) && (!defined(@RENDER_MODE_MSAA)))	metal-shader-source-batch	crates/nuxie-renderer/src/mechanical_port/source/renderer/src/shaders/draw_path_vert.rs	prepared	verified	required	preserve-directive-and-every-branch-in-artifact-source	artifact-generation-and-compile	cpp:renderer/src/shaders/draw_path.vert:51
1	4ac7b32798da0482e441ef09304dc3b480ed3ee5	renderer/src/shaders/draw_path.vert	pp-0401	52	56	1	1	52	#ifdef @DRAW_INTERIOR_TRIANGLES	(!((defined(@FEATHER_ATLAS_BLIT))) && (!defined(@RENDER_MODE_MSAA))) && (defined(@DRAW_INTERIOR_TRIANGLES))	metal-shader-source-batch	crates/nuxie-renderer/src/mechanical_port/source/renderer/src/shaders/draw_path_vert.rs	prepared	verified	required	preserve-directive-and-every-branch-in-artifact-source	artifact-generation-and-compile	cpp:renderer/src/shaders/draw_path.vert:52
1	4ac7b32798da0482e441ef09304dc3b480ed3ee5	renderer/src/shaders/draw_path.vert	pp-0401	52	56	1	2	54	#else	(!((defined(@FEATHER_ATLAS_BLIT))) && (!defined(@RENDER_MODE_MSAA))) && (!((defined(@DRAW_INTERIOR_TRIANGLES))))	metal-shader-source-batch	crates/nuxie-renderer/src/mechanical_port/source/renderer/src/shaders/draw_path_vert.rs	prepared	verified	required	preserve-directive-and-every-branch-in-artifact-source	artifact-generation-and-compile	cpp:renderer/src/shaders/draw_path.vert:54
1	4ac7b32798da0482e441ef09304dc3b480ed3ee5	renderer/src/shaders/draw_path.vert	pp-0402	60	66	0	1	60	#ifdef @ENABLE_CLIPPING	(defined(@ENABLE_CLIPPING))	metal-shader-source-batch	crates/nuxie-renderer/src/mechanical_port/source/renderer/src/shaders/draw_path_vert.rs	prepared	verified	required	preserve-directive-and-every-branch-in-artifact-source	artifact-generation-and-compile	cpp:renderer/src/shaders/draw_path.vert:60
1	4ac7b32798da0482e441ef09304dc3b480ed3ee5	renderer/src/shaders/draw_path.vert	pp-0403	61	65	1	1	61	#ifdef @FEATHER_ATLAS_BLIT	(defined(@ENABLE_CLIPPING)) && (defined(@FEATHER_ATLAS_BLIT))	metal-shader-source-batch	crates/nuxie-renderer/src/mechanical_port/source/renderer/src/shaders/draw_path_vert.rs	prepared	verified	required	preserve-directive-and-every-branch-in-artifact-source	artifact-generation-and-compile	cpp:renderer/src/shaders/draw_path.vert:61
1	4ac7b32798da0482e441ef09304dc3b480ed3ee5	renderer/src/shaders/draw_path.vert	pp-0403	61	65	1	2	63	#else	(defined(@ENABLE_CLIPPING)) && (!((defined(@FEATHER_ATLAS_BLIT))))	metal-shader-source-batch	crates/nuxie-renderer/src/mechanical_port/source/renderer/src/shaders/draw_path_vert.rs	prepared	verified	required	preserve-directive-and-every-branch-in-artifact-source	artifact-generation-and-compile	cpp:renderer/src/shaders/draw_path.vert:63
1	4ac7b32798da0482e441ef09304dc3b480ed3ee5	renderer/src/shaders/draw_path.vert	pp-0404	67	69	0	1	67	#if defined(@ENABLE_CLIP_RECT) && !defined(@RENDER_MODE_MSAA)	(defined(@ENABLE_CLIP_RECT) && !defined(@RENDER_MODE_MSAA))	metal-shader-source-batch	crates/nuxie-renderer/src/mechanical_port/source/renderer/src/shaders/draw_path_vert.rs	prepared	verified	required	preserve-directive-and-every-branch-in-artifact-source	artifact-generation-and-compile	cpp:renderer/src/shaders/draw_path.vert:67
1	4ac7b32798da0482e441ef09304dc3b480ed3ee5	renderer/src/shaders/draw_path.vert	pp-0405	70	72	0	1	70	#ifdef @ENABLE_ADVANCED_BLEND	(defined(@ENABLE_ADVANCED_BLEND))	metal-shader-source-batch	crates/nuxie-renderer/src/mechanical_port/source/renderer/src/shaders/draw_path_vert.rs	prepared	verified	required	preserve-directive-and-every-branch-in-artifact-source	artifact-generation-and-compile	cpp:renderer/src/shaders/draw_path.vert:70
1	4ac7b32798da0482e441ef09304dc3b480ed3ee5	renderer/src/shaders/draw_path.vert	pp-0406	74	77	0	1	74	#ifdef @RENDER_MODE_CLOCKWISE_ATOMIC	(defined(@RENDER_MODE_CLOCKWISE_ATOMIC))	metal-shader-source-batch	crates/nuxie-renderer/src/mechanical_port/source/renderer/src/shaders/draw_path_vert.rs	prepared	verified	required	preserve-directive-and-every-branch-in-artifact-source	artifact-generation-and-compile	cpp:renderer/src/shaders/draw_path.vert:74
1	4ac7b32798da0482e441ef09304dc3b480ed3ee5	renderer/src/shaders/draw_path.vert	pp-0407	81	379	0	1	81	#ifdef @VERTEX	(defined(@VERTEX))	metal-shader-source-batch	crates/nuxie-renderer/src/mechanical_port/source/renderer/src/shaders/draw_path_vert.rs	prepared	verified	required	preserve-directive-and-every-branch-in-artifact-source	artifact-generation-and-compile	cpp:renderer/src/shaders/draw_path.vert:81
1	4ac7b32798da0482e441ef09304dc3b480ed3ee5	renderer/src/shaders/draw_path.vert	pp-0408	84	89	1	1	84	#if defined(@DRAW_INTERIOR_TRIANGLES) || defined(@FEATHER_ATLAS_BLIT)	(defined(@VERTEX)) && (defined(@DRAW_INTERIOR_TRIANGLES) || defined(@FEATHER_ATLAS_BLIT))	metal-shader-source-batch	crates/nuxie-renderer/src/mechanical_port/source/renderer/src/shaders/draw_path_vert.rs	prepared	verified	required	preserve-directive-and-every-branch-in-artifact-source	artifact-generation-and-compile	cpp:renderer/src/shaders/draw_path.vert:84
1	4ac7b32798da0482e441ef09304dc3b480ed3ee5	renderer/src/shaders/draw_path.vert	pp-0408	84	89	1	2	86	#else	(defined(@VERTEX)) && (!((defined(@DRAW_INTERIOR_TRIANGLES) || defined(@FEATHER_ATLAS_BLIT))))	metal-shader-source-batch	crates/nuxie-renderer/src/mechanical_port/source/renderer/src/shaders/draw_path_vert.rs	prepared	verified	required	preserve-directive-and-every-branch-in-artifact-source	artifact-generation-and-compile	cpp:renderer/src/shaders/draw_path.vert:86
1	4ac7b32798da0482e441ef09304dc3b480ed3ee5	renderer/src/shaders/draw_path.vert	pp-0409	93	102	1	1	93	#ifdef @FEATHER_ATLAS_BLIT	(defined(@VERTEX)) && (defined(@FEATHER_ATLAS_BLIT))	metal-shader-source-batch	crates/nuxie-renderer/src/mechanical_port/source/renderer/src/shaders/draw_path_vert.rs	prepared	verified	required	preserve-directive-and-every-branch-in-artifact-source	artifact-generation-and-compile	cpp:renderer/src/shaders/draw_path.vert:93
1	4ac7b32798da0482e441ef09304dc3b480ed3ee5	renderer/src/shaders/draw_path.vert	pp-0409	93	102	1	2	95	#elif !defined(@RENDER_MODE_MSAA)	(defined(@VERTEX)) && (!((defined(@FEATHER_ATLAS_BLIT))) && (!defined(@RENDER_MODE_MSAA)))	metal-shader-source-batch	crates/nuxie-renderer/src/mechanical_port/source/renderer/src/shaders/draw_path_vert.rs	prepared	verified	required	preserve-directive-and-every-branch-in-artifact-source	artifact-generation-and-compile	cpp:renderer/src/shaders/draw_path.vert:95
1	4ac7b32798da0482e441ef09304dc3b480ed3ee5	renderer/src/shaders/draw_path.vert	pp-0410	96	100	2	1	96	#ifdef @DRAW_INTERIOR_TRIANGLES	(defined(@VERTEX)) && (!((defined(@FEATHER_ATLAS_BLIT))) && (!defined(@RENDER_MODE_MSAA))) && (defined(@DRAW_INTERIOR_TRIANGLES))	metal-shader-source-batch	crates/nuxie-renderer/src/mechanical_port/source/renderer/src/shaders/draw_path_vert.rs	prepared	verified	required	preserve-directive-and-every-branch-in-artifact-source	artifact-generation-and-compile	cpp:renderer/src/shaders/draw_path.vert:96
1	4ac7b32798da0482e441ef09304dc3b480ed3ee5	renderer/src/shaders/draw_path.vert	pp-0410	96	100	2	2	98	#else	(defined(@VERTEX)) && (!((defined(@FEATHER_ATLAS_BLIT))) && (!defined(@RENDER_MODE_MSAA))) && (!((defined(@DRAW_INTERIOR_TRIANGLES))))	metal-shader-source-batch	crates/nuxie-renderer/src/mechanical_port/source/renderer/src/shaders/draw_path_vert.rs	prepared	verified	required	preserve-directive-and-every-branch-in-artifact-source	artifact-generation-and-compile	cpp:renderer/src/shaders/draw_path.vert:98
1	4ac7b32798da0482e441ef09304dc3b480ed3ee5	renderer/src/shaders/draw_path.vert	pp-0411	104	110	1	1	104	#ifdef @ENABLE_CLIPPING	(defined(@VERTEX)) && (defined(@ENABLE_CLIPPING))	metal-shader-source-batch	crates/nuxie-renderer/src/mechanical_port/source/renderer/src/shaders/draw_path_vert.rs	prepared	verified	required	preserve-directive-and-every-branch-in-artifact-source	artifact-generation-and-compile	cpp:renderer/src/shaders/draw_path.vert:104
1	4ac7b32798da0482e441ef09304dc3b480ed3ee5	renderer/src/shaders/draw_path.vert	pp-0412	105	109	2	1	105	#ifdef @FEATHER_ATLAS_BLIT	(defined(@VERTEX)) && (defined(@ENABLE_CLIPPING)) && (defined(@FEATHER_ATLAS_BLIT))	metal-shader-source-batch	crates/nuxie-renderer/src/mechanical_port/source/renderer/src/shaders/draw_path_vert.rs	prepared	verified	required	preserve-directive-and-every-branch-in-artifact-source	artifact-generation-and-compile	cpp:renderer/src/shaders/draw_path.vert:105
1	4ac7b32798da0482e441ef09304dc3b480ed3ee5	renderer/src/shaders/draw_path.vert	pp-0412	105	109	2	2	107	#else	(defined(@VERTEX)) && (defined(@ENABLE_CLIPPING)) && (!((defined(@FEATHER_ATLAS_BLIT))))	metal-shader-source-batch	crates/nuxie-renderer/src/mechanical_port/source/renderer/src/shaders/draw_path_vert.rs	prepared	verified	required	preserve-directive-and-every-branch-in-artifact-source	artifact-generation-and-compile	cpp:renderer/src/shaders/draw_path.vert:107
1	4ac7b32798da0482e441ef09304dc3b480ed3ee5	renderer/src/shaders/draw_path.vert	pp-0413	111	113	1	1	111	#if defined(@ENABLE_CLIP_RECT) && !defined(@RENDER_MODE_MSAA)	(defined(@VERTEX)) && (defined(@ENABLE_CLIP_RECT) && !defined(@RENDER_MODE_MSAA))	metal-shader-source-batch	crates/nuxie-renderer/src/mechanical_port/source/renderer/src/shaders/draw_path_vert.rs	prepared	verified	required	preserve-directive-and-every-branch-in-artifact-source	artifact-generation-and-compile	cpp:renderer/src/shaders/draw_path.vert:111
1	4ac7b32798da0482e441ef09304dc3b480ed3ee5	renderer/src/shaders/draw_path.vert	pp-0414	114	116	1	1	114	#ifdef @ENABLE_ADVANCED_BLEND	(defined(@VERTEX)) && (defined(@ENABLE_ADVANCED_BLEND))	metal-shader-source-batch	crates/nuxie-renderer/src/mechanical_port/source/renderer/src/shaders/draw_path_vert.rs	prepared	verified	required	preserve-directive-and-every-branch-in-artifact-source	artifact-generation-and-compile	cpp:renderer/src/shaders/draw_path.vert:114
1	4ac7b32798da0482e441ef09304dc3b480ed3ee5	renderer/src/shaders/draw_path.vert	pp-0415	117	120	1	1	117	#ifdef @RENDER_MODE_CLOCKWISE_ATOMIC	(defined(@VERTEX)) && (defined(@RENDER_MODE_CLOCKWISE_ATOMIC))	metal-shader-source-batch	crates/nuxie-renderer/src/mechanical_port/source/renderer/src/shaders/draw_path_vert.rs	prepared	verified	required	preserve-directive-and-every-branch-in-artifact-source	artifact-generation-and-compile	cpp:renderer/src/shaders/draw_path.vert:117
1	4ac7b32798da0482e441ef09304dc3b480ed3ee5	renderer/src/shaders/draw_path.vert	pp-0416	125	127	1	1	125	#ifdef @RENDER_MODE_MSAA	(defined(@VERTEX)) && (defined(@RENDER_MODE_MSAA))	metal-shader-source-batch	crates/nuxie-renderer/src/mechanical_port/source/renderer/src/shaders/draw_path_vert.rs	prepared	verified	required	preserve-directive-and-every-branch-in-artifact-source	artifact-generation-and-compile	cpp:renderer/src/shaders/draw_path.vert:125
1	4ac7b32798da0482e441ef09304dc3b480ed3ee5	renderer/src/shaders/draw_path.vert	pp-0417	129	171	1	1	129	#ifdef @FEATHER_ATLAS_BLIT	(defined(@VERTEX)) && (defined(@FEATHER_ATLAS_BLIT))	metal-shader-source-batch	crates/nuxie-renderer/src/mechanical_port/source/renderer/src/shaders/draw_path_vert.rs	prepared	verified	required	preserve-directive-and-every-branch-in-artifact-source	artifact-generation-and-compile	cpp:renderer/src/shaders/draw_path.vert:129
1	4ac7b32798da0482e441ef09304dc3b480ed3ee5	renderer/src/shaders/draw_path.vert	pp-0417	129	171	1	2	137	#elif defined(@DRAW_INTERIOR_TRIANGLES)	(defined(@VERTEX)) && (!((defined(@FEATHER_ATLAS_BLIT))) && (defined(@DRAW_INTERIOR_TRIANGLES)))	metal-shader-source-batch	crates/nuxie-renderer/src/mechanical_port/source/renderer/src/shaders/draw_path_vert.rs	prepared	verified	required	preserve-directive-and-every-branch-in-artifact-source	artifact-generation-and-compile	cpp:renderer/src/shaders/draw_path.vert:137
1	4ac7b32798da0482e441ef09304dc3b480ed3ee5	renderer/src/shaders/draw_path.vert	pp-0417	129	171	1	3	148	#else // !@DRAW_INTERIOR_TRIANGLES	(defined(@VERTEX)) && (!((defined(@FEATHER_ATLAS_BLIT)) || (defined(@DRAW_INTERIOR_TRIANGLES))))	metal-shader-source-batch	crates/nuxie-renderer/src/mechanical_port/source/renderer/src/shaders/draw_path_vert.rs	prepared	verified	required	preserve-directive-and-every-branch-in-artifact-source	artifact-generation-and-compile	cpp:renderer/src/shaders/draw_path.vert:148
1	4ac7b32798da0482e441ef09304dc3b480ed3ee5	renderer/src/shaders/draw_path.vert	pp-0418	133	135	2	1	133	#ifdef @RENDER_MODE_MSAA	(defined(@VERTEX)) && (defined(@FEATHER_ATLAS_BLIT)) && (defined(@RENDER_MODE_MSAA))	metal-shader-source-batch	crates/nuxie-renderer/src/mechanical_port/source/renderer/src/shaders/draw_path_vert.rs	prepared	verified	required	preserve-directive-and-every-branch-in-artifact-source	artifact-generation-and-compile	cpp:renderer/src/shaders/draw_path.vert:133
1	4ac7b32798da0482e441ef09304dc3b480ed3ee5	renderer/src/shaders/draw_path.vert	pp-0419	140	146	2	1	140	#ifdef @RENDER_MODE_MSAA	(defined(@VERTEX)) && (!((defined(@FEATHER_ATLAS_BLIT))) && (defined(@DRAW_INTERIOR_TRIANGLES))) && (defined(@RENDER_MODE_MSAA))	metal-shader-source-batch	crates/nuxie-renderer/src/mechanical_port/source/renderer/src/shaders/draw_path_vert.rs	prepared	verified	required	preserve-directive-and-every-branch-in-artifact-source	artifact-generation-and-compile	cpp:renderer/src/shaders/draw_path.vert:140
1	4ac7b32798da0482e441ef09304dc3b480ed3ee5	renderer/src/shaders/draw_path.vert	pp-0419	140	146	2	2	143	#else	(defined(@VERTEX)) && (!((defined(@FEATHER_ATLAS_BLIT))) && (defined(@DRAW_INTERIOR_TRIANGLES))) && (!((defined(@RENDER_MODE_MSAA))))	metal-shader-source-batch	crates/nuxie-renderer/src/mechanical_port/source/renderer/src/shaders/draw_path_vert.rs	prepared	verified	required	preserve-directive-and-every-branch-in-artifact-source	artifact-generation-and-compile	cpp:renderer/src/shaders/draw_path.vert:143
1	4ac7b32798da0482e441ef09304dc3b480ed3ee5	renderer/src/shaders/draw_path.vert	pp-0420	156	162	2	1	156	#ifndef @RENDER_MODE_MSAA	(defined(@VERTEX)) && (!((defined(@FEATHER_ATLAS_BLIT)) || (defined(@DRAW_INTERIOR_TRIANGLES)))) && (!defined(@RENDER_MODE_MSAA))	metal-shader-source-batch	crates/nuxie-renderer/src/mechanical_port/source/renderer/src/shaders/draw_path_vert.rs	prepared	verified	required	preserve-directive-and-every-branch-in-artifact-source	artifact-generation-and-compile	cpp:renderer/src/shaders/draw_path.vert:156
1	4ac7b32798da0482e441ef09304dc3b480ed3ee5	renderer/src/shaders/draw_path.vert	pp-0420	156	162	2	2	159	#else	(defined(@VERTEX)) && (!((defined(@FEATHER_ATLAS_BLIT)) || (defined(@DRAW_INTERIOR_TRIANGLES)))) && (!((!defined(@RENDER_MODE_MSAA))))	metal-shader-source-batch	crates/nuxie-renderer/src/mechanical_port/source/renderer/src/shaders/draw_path_vert.rs	prepared	verified	required	preserve-directive-and-every-branch-in-artifact-source	artifact-generation-and-compile	cpp:renderer/src/shaders/draw_path.vert:159
1	4ac7b32798da0482e441ef09304dc3b480ed3ee5	renderer/src/shaders/draw_path.vert	pp-0421	164	170	2	1	164	#ifndef @RENDER_MODE_MSAA	(defined(@VERTEX)) && (!((defined(@FEATHER_ATLAS_BLIT)) || (defined(@DRAW_INTERIOR_TRIANGLES)))) && (!defined(@RENDER_MODE_MSAA))	metal-shader-source-batch	crates/nuxie-renderer/src/mechanical_port/source/renderer/src/shaders/draw_path_vert.rs	prepared	verified	required	preserve-directive-and-every-branch-in-artifact-source	artifact-generation-and-compile	cpp:renderer/src/shaders/draw_path.vert:164
1	4ac7b32798da0482e441ef09304dc3b480ed3ee5	renderer/src/shaders/draw_path.vert	pp-0422	165	169	3	1	165	#ifdef @ENABLE_FEATHER	(defined(@VERTEX)) && (!((defined(@FEATHER_ATLAS_BLIT)) || (defined(@DRAW_INTERIOR_TRIANGLES)))) && (!defined(@RENDER_MODE_MSAA)) && (defined(@ENABLE_FEATHER))	metal-shader-source-batch	crates/nuxie-renderer/src/mechanical_port/source/renderer/src/shaders/draw_path_vert.rs	prepared	verified	required	preserve-directive-and-every-branch-in-artifact-source	artifact-generation-and-compile	cpp:renderer/src/shaders/draw_path.vert:165
1	4ac7b32798da0482e441ef09304dc3b480ed3ee5	renderer/src/shaders/draw_path.vert	pp-0422	165	169	3	2	167	#else	(defined(@VERTEX)) && (!((defined(@FEATHER_ATLAS_BLIT)) || (defined(@DRAW_INTERIOR_TRIANGLES)))) && (!defined(@RENDER_MODE_MSAA)) && (!((defined(@ENABLE_FEATHER))))	metal-shader-source-batch	crates/nuxie-renderer/src/mechanical_port/source/renderer/src/shaders/draw_path_vert.rs	prepared	verified	required	preserve-directive-and-every-branch-in-artifact-source	artifact-generation-and-compile	cpp:renderer/src/shaders/draw_path.vert:167
1	4ac7b32798da0482e441ef09304dc3b480ed3ee5	renderer/src/shaders/draw_path.vert	pp-0423	175	183	1	1	175	#if !defined(@FEATHER_ATLAS_BLIT) && !defined(@RENDER_MODE_MSAA)	(defined(@VERTEX)) && (!defined(@FEATHER_ATLAS_BLIT) && !defined(@RENDER_MODE_MSAA))	metal-shader-source-batch	crates/nuxie-renderer/src/mechanical_port/source/renderer/src/shaders/draw_path_vert.rs	prepared	verified	required	preserve-directive-and-every-branch-in-artifact-source	artifact-generation-and-compile	cpp:renderer/src/shaders/draw_path.vert:175
1	4ac7b32798da0482e441ef09304dc3b480ed3ee5	renderer/src/shaders/draw_path.vert	pp-0424	186	203	1	1	186	#ifdef @ENABLE_CLIPPING	(defined(@VERTEX)) && (defined(@ENABLE_CLIPPING))	metal-shader-source-batch	crates/nuxie-renderer/src/mechanical_port/source/renderer/src/shaders/draw_path_vert.rs	prepared	verified	required	preserve-directive-and-every-branch-in-artifact-source	artifact-generation-and-compile	cpp:renderer/src/shaders/draw_path.vert:186
1	4ac7b32798da0482e441ef09304dc3b480ed3ee5	renderer/src/shaders/draw_path.vert	pp-0425	197	201	2	1	197	#ifdef @FEATHER_ATLAS_BLIT	(defined(@VERTEX)) && (defined(@ENABLE_CLIPPING)) && (defined(@FEATHER_ATLAS_BLIT))	metal-shader-source-batch	crates/nuxie-renderer/src/mechanical_port/source/renderer/src/shaders/draw_path_vert.rs	prepared	verified	required	preserve-directive-and-every-branch-in-artifact-source	artifact-generation-and-compile	cpp:renderer/src/shaders/draw_path.vert:197
1	4ac7b32798da0482e441ef09304dc3b480ed3ee5	renderer/src/shaders/draw_path.vert	pp-0425	197	201	2	2	199	#else	(defined(@VERTEX)) && (defined(@ENABLE_CLIPPING)) && (!((defined(@FEATHER_ATLAS_BLIT))))	metal-shader-source-batch	crates/nuxie-renderer/src/mechanical_port/source/renderer/src/shaders/draw_path_vert.rs	prepared	verified	required	preserve-directive-and-every-branch-in-artifact-source	artifact-generation-and-compile	cpp:renderer/src/shaders/draw_path.vert:199
1	4ac7b32798da0482e441ef09304dc3b480ed3ee5	renderer/src/shaders/draw_path.vert	pp-0426	204	209	1	1	204	#ifdef @ENABLE_ADVANCED_BLEND	(defined(@VERTEX)) && (defined(@ENABLE_ADVANCED_BLEND))	metal-shader-source-batch	crates/nuxie-renderer/src/mechanical_port/source/renderer/src/shaders/draw_path_vert.rs	prepared	verified	required	preserve-directive-and-every-branch-in-artifact-source	artifact-generation-and-compile	cpp:renderer/src/shaders/draw_path.vert:204
1	4ac7b32798da0482e441ef09304dc3b480ed3ee5	renderer/src/shaders/draw_path.vert	pp-0427	214	216	1	1	214	#ifdef @FRAMEBUFFER_BOTTOM_UP	(defined(@VERTEX)) && (defined(@FRAMEBUFFER_BOTTOM_UP))	metal-shader-source-batch	crates/nuxie-renderer/src/mechanical_port/source/renderer/src/shaders/draw_path_vert.rs	prepared	verified	required	preserve-directive-and-every-branch-in-artifact-source	artifact-generation-and-compile	cpp:renderer/src/shaders/draw_path.vert:214
1	4ac7b32798da0482e441ef09304dc3b480ed3ee5	renderer/src/shaders/draw_path.vert	pp-0428	218	238	1	1	218	#ifdef @ENABLE_CLIP_RECT	(defined(@VERTEX)) && (defined(@ENABLE_CLIP_RECT))	metal-shader-source-batch	crates/nuxie-renderer/src/mechanical_port/source/renderer/src/shaders/draw_path_vert.rs	prepared	verified	required	preserve-directive-and-every-branch-in-artifact-source	artifact-generation-and-compile	cpp:renderer/src/shaders/draw_path.vert:218
1	4ac7b32798da0482e441ef09304dc3b480ed3ee5	renderer/src/shaders/draw_path.vert	pp-0429	227	236	2	1	227	#ifndef @RENDER_MODE_MSAA	(defined(@VERTEX)) && (defined(@ENABLE_CLIP_RECT)) && (!defined(@RENDER_MODE_MSAA))	metal-shader-source-batch	crates/nuxie-renderer/src/mechanical_port/source/renderer/src/shaders/draw_path_vert.rs	prepared	verified	required	preserve-directive-and-every-branch-in-artifact-source	artifact-generation-and-compile	cpp:renderer/src/shaders/draw_path.vert:227
1	4ac7b32798da0482e441ef09304dc3b480ed3ee5	renderer/src/shaders/draw_path.vert	pp-0429	227	236	2	2	232	#else // !@RENDER_MODE_MSAA => @RENDER_MODE_MSAA	(defined(@VERTEX)) && (defined(@ENABLE_CLIP_RECT)) && (!((!defined(@RENDER_MODE_MSAA))))	metal-shader-source-batch	crates/nuxie-renderer/src/mechanical_port/source/renderer/src/shaders/draw_path_vert.rs	prepared	verified	required	preserve-directive-and-every-branch-in-artifact-source	artifact-generation-and-compile	cpp:renderer/src/shaders/draw_path.vert:232
1	4ac7b32798da0482e441ef09304dc3b480ed3ee5	renderer/src/shaders/draw_path.vert	pp-0430	256	263	1	1	256	#if defined(@ENABLE_CLIPPING) && !defined(@FEATHER_ATLAS_BLIT)	(defined(@VERTEX)) && (defined(@ENABLE_CLIPPING) && !defined(@FEATHER_ATLAS_BLIT))	metal-shader-source-batch	crates/nuxie-renderer/src/mechanical_port/source/renderer/src/shaders/draw_path_vert.rs	prepared	verified	required	preserve-directive-and-every-branch-in-artifact-source	artifact-generation-and-compile	cpp:renderer/src/shaders/draw_path.vert:256
1	4ac7b32798da0482e441ef09304dc3b480ed3ee5	renderer/src/shaders/draw_path.vert	pp-0431	328	330	1	1	328	#ifdef @POST_INVERT_Y	(defined(@VERTEX)) && (defined(@POST_INVERT_Y))	metal-shader-source-batch	crates/nuxie-renderer/src/mechanical_port/source/renderer/src/shaders/draw_path_vert.rs	prepared	verified	required	preserve-directive-and-every-branch-in-artifact-source	artifact-generation-and-compile	cpp:renderer/src/shaders/draw_path.vert:328
1	4ac7b32798da0482e441ef09304dc3b480ed3ee5	renderer/src/shaders/draw_path.vert	pp-0432	331	338	1	1	331	#ifdef @RENDER_MODE_MSAA	(defined(@VERTEX)) && (defined(@RENDER_MODE_MSAA))	metal-shader-source-batch	crates/nuxie-renderer/src/mechanical_port/source/renderer/src/shaders/draw_path_vert.rs	prepared	verified	required	preserve-directive-and-every-branch-in-artifact-source	artifact-generation-and-compile	cpp:renderer/src/shaders/draw_path.vert:331
1	4ac7b32798da0482e441ef09304dc3b480ed3ee5	renderer/src/shaders/draw_path.vert	pp-0432	331	338	1	2	333	#elif defined(@RENDER_MODE_CLOCKWISE_ATOMIC)	(defined(@VERTEX)) && (!((defined(@RENDER_MODE_MSAA))) && (defined(@RENDER_MODE_CLOCKWISE_ATOMIC)))	metal-shader-source-batch	crates/nuxie-renderer/src/mechanical_port/source/renderer/src/shaders/draw_path_vert.rs	prepared	verified	required	preserve-directive-and-every-branch-in-artifact-source	artifact-generation-and-compile	cpp:renderer/src/shaders/draw_path.vert:333
1	4ac7b32798da0482e441ef09304dc3b480ed3ee5	renderer/src/shaders/draw_path.vert	pp-0433	349	358	1	1	349	#ifdef @FEATHER_ATLAS_BLIT	(defined(@VERTEX)) && (defined(@FEATHER_ATLAS_BLIT))	metal-shader-source-batch	crates/nuxie-renderer/src/mechanical_port/source/renderer/src/shaders/draw_path_vert.rs	prepared	verified	required	preserve-directive-and-every-branch-in-artifact-source	artifact-generation-and-compile	cpp:renderer/src/shaders/draw_path.vert:349
1	4ac7b32798da0482e441ef09304dc3b480ed3ee5	renderer/src/shaders/draw_path.vert	pp-0433	349	358	1	2	351	#elif !defined(@RENDER_MODE_MSAA)	(defined(@VERTEX)) && (!((defined(@FEATHER_ATLAS_BLIT))) && (!defined(@RENDER_MODE_MSAA)))	metal-shader-source-batch	crates/nuxie-renderer/src/mechanical_port/source/renderer/src/shaders/draw_path_vert.rs	prepared	verified	required	preserve-directive-and-every-branch-in-artifact-source	artifact-generation-and-compile	cpp:renderer/src/shaders/draw_path.vert:351
1	4ac7b32798da0482e441ef09304dc3b480ed3ee5	renderer/src/shaders/draw_path.vert	pp-0434	352	356	2	1	352	#ifdef @DRAW_INTERIOR_TRIANGLES	(defined(@VERTEX)) && (!((defined(@FEATHER_ATLAS_BLIT))) && (!defined(@RENDER_MODE_MSAA))) && (defined(@DRAW_INTERIOR_TRIANGLES))	metal-shader-source-batch	crates/nuxie-renderer/src/mechanical_port/source/renderer/src/shaders/draw_path_vert.rs	prepared	verified	required	preserve-directive-and-every-branch-in-artifact-source	artifact-generation-and-compile	cpp:renderer/src/shaders/draw_path.vert:352
1	4ac7b32798da0482e441ef09304dc3b480ed3ee5	renderer/src/shaders/draw_path.vert	pp-0434	352	356	2	2	354	#else	(defined(@VERTEX)) && (!((defined(@FEATHER_ATLAS_BLIT))) && (!defined(@RENDER_MODE_MSAA))) && (!((defined(@DRAW_INTERIOR_TRIANGLES))))	metal-shader-source-batch	crates/nuxie-renderer/src/mechanical_port/source/renderer/src/shaders/draw_path_vert.rs	prepared	verified	required	preserve-directive-and-every-branch-in-artifact-source	artifact-generation-and-compile	cpp:renderer/src/shaders/draw_path.vert:354
1	4ac7b32798da0482e441ef09304dc3b480ed3ee5	renderer/src/shaders/draw_path.vert	pp-0435	360	366	1	1	360	#ifdef @ENABLE_CLIPPING	(defined(@VERTEX)) && (defined(@ENABLE_CLIPPING))	metal-shader-source-batch	crates/nuxie-renderer/src/mechanical_port/source/renderer/src/shaders/draw_path_vert.rs	prepared	verified	required	preserve-directive-and-every-branch-in-artifact-source	artifact-generation-and-compile	cpp:renderer/src/shaders/draw_path.vert:360
1	4ac7b32798da0482e441ef09304dc3b480ed3ee5	renderer/src/shaders/draw_path.vert	pp-0436	361	365	2	1	361	#ifdef @FEATHER_ATLAS_BLIT	(defined(@VERTEX)) && (defined(@ENABLE_CLIPPING)) && (defined(@FEATHER_ATLAS_BLIT))	metal-shader-source-batch	crates/nuxie-renderer/src/mechanical_port/source/renderer/src/shaders/draw_path_vert.rs	prepared	verified	required	preserve-directive-and-every-branch-in-artifact-source	artifact-generation-and-compile	cpp:renderer/src/shaders/draw_path.vert:361
1	4ac7b32798da0482e441ef09304dc3b480ed3ee5	renderer/src/shaders/draw_path.vert	pp-0436	361	365	2	2	363	#else	(defined(@VERTEX)) && (defined(@ENABLE_CLIPPING)) && (!((defined(@FEATHER_ATLAS_BLIT))))	metal-shader-source-batch	crates/nuxie-renderer/src/mechanical_port/source/renderer/src/shaders/draw_path_vert.rs	prepared	verified	required	preserve-directive-and-every-branch-in-artifact-source	artifact-generation-and-compile	cpp:renderer/src/shaders/draw_path.vert:363
1	4ac7b32798da0482e441ef09304dc3b480ed3ee5	renderer/src/shaders/draw_path.vert	pp-0437	367	369	1	1	367	#if defined(@ENABLE_CLIP_RECT) && !defined(@RENDER_MODE_MSAA)	(defined(@VERTEX)) && (defined(@ENABLE_CLIP_RECT) && !defined(@RENDER_MODE_MSAA))	metal-shader-source-batch	crates/nuxie-renderer/src/mechanical_port/source/renderer/src/shaders/draw_path_vert.rs	prepared	verified	required	preserve-directive-and-every-branch-in-artifact-source	artifact-generation-and-compile	cpp:renderer/src/shaders/draw_path.vert:367
1	4ac7b32798da0482e441ef09304dc3b480ed3ee5	renderer/src/shaders/draw_path.vert	pp-0438	370	372	1	1	370	#ifdef @ENABLE_ADVANCED_BLEND	(defined(@VERTEX)) && (defined(@ENABLE_ADVANCED_BLEND))	metal-shader-source-batch	crates/nuxie-renderer/src/mechanical_port/source/renderer/src/shaders/draw_path_vert.rs	prepared	verified	required	preserve-directive-and-every-branch-in-artifact-source	artifact-generation-and-compile	cpp:renderer/src/shaders/draw_path.vert:370
1	4ac7b32798da0482e441ef09304dc3b480ed3ee5	renderer/src/shaders/draw_path.vert	pp-0439	373	376	1	1	373	#ifdef @RENDER_MODE_CLOCKWISE_ATOMIC	(defined(@VERTEX)) && (defined(@RENDER_MODE_CLOCKWISE_ATOMIC))	metal-shader-source-batch	crates/nuxie-renderer/src/mechanical_port/source/renderer/src/shaders/draw_path_vert.rs	prepared	verified	required	preserve-directive-and-every-branch-in-artifact-source	artifact-generation-and-compile	cpp:renderer/src/shaders/draw_path.vert:373
1	4ac7b32798da0482e441ef09304dc3b480ed3ee5	renderer/src/shaders/draw_path.vert	pp-0440	381	500	0	1	381	#ifdef @FRAGMENT	(defined(@FRAGMENT))	metal-shader-source-batch	crates/nuxie-renderer/src/mechanical_port/source/renderer/src/shaders/draw_path_vert.rs	prepared	verified	required	preserve-directive-and-every-branch-in-artifact-source	artifact-generation-and-compile	cpp:renderer/src/shaders/draw_path.vert:381
1	4ac7b32798da0482e441ef09304dc3b480ed3ee5	renderer/src/shaders/draw_path.vert	pp-0441	449	498	1	1	449	#if !defined(@DRAW_INTERIOR_TRIANGLES) && !defined(@FEATHER_ATLAS_BLIT)	(defined(@FRAGMENT)) && (!defined(@DRAW_INTERIOR_TRIANGLES) && !defined(@FEATHER_ATLAS_BLIT))	metal-shader-source-batch	crates/nuxie-renderer/src/mechanical_port/source/renderer/src/shaders/draw_path_vert.rs	prepared	verified	required	preserve-directive-and-every-branch-in-artifact-source	artifact-generation-and-compile	cpp:renderer/src/shaders/draw_path.vert:449
1	4ac7b32798da0482e441ef09304dc3b480ed3ee5	renderer/src/shaders/draw_path.vert	pp-0442	455	459	2	1	455	#ifdef @ENABLE_FEATHER	(defined(@FRAGMENT)) && (!defined(@DRAW_INTERIOR_TRIANGLES) && !defined(@FEATHER_ATLAS_BLIT)) && (defined(@ENABLE_FEATHER))	metal-shader-source-batch	crates/nuxie-renderer/src/mechanical_port/source/renderer/src/shaders/draw_path_vert.rs	prepared	verified	required	preserve-directive-and-every-branch-in-artifact-source	artifact-generation-and-compile	cpp:renderer/src/shaders/draw_path.vert:455
1	4ac7b32798da0482e441ef09304dc3b480ed3ee5	renderer/src/shaders/draw_path.vert	pp-0443	465	469	2	1	465	#if defined(@ENABLE_FEATHER)	(defined(@FRAGMENT)) && (!defined(@DRAW_INTERIOR_TRIANGLES) && !defined(@FEATHER_ATLAS_BLIT)) && (defined(@ENABLE_FEATHER))	metal-shader-source-batch	crates/nuxie-renderer/src/mechanical_port/source/renderer/src/shaders/draw_path_vert.rs	prepared	verified	required	preserve-directive-and-every-branch-in-artifact-source	artifact-generation-and-compile	cpp:renderer/src/shaders/draw_path.vert:465
1	4ac7b32798da0482e441ef09304dc3b480ed3ee5	renderer/src/shaders/draw_path_common.glsl	pp-0444	27	45	0	1	27	#ifdef @VERTEX	(defined(@VERTEX))	metal-shader-source-batch	crates/nuxie-renderer/src/mechanical_port/source/renderer/src/shaders/draw_path_common_glsl.rs	prepared	verified	required	preserve-directive-and-every-branch-in-artifact-source	artifact-generation-and-compile	cpp:renderer/src/shaders/draw_path_common.glsl:27
1	4ac7b32798da0482e441ef09304dc3b480ed3ee5	renderer/src/shaders/draw_path_common.glsl	pp-0445	32	36	1	1	32	#ifdef @ENABLE_FEATHER	(defined(@VERTEX)) && (defined(@ENABLE_FEATHER))	metal-shader-source-batch	crates/nuxie-renderer/src/mechanical_port/source/renderer/src/shaders/draw_path_common_glsl.rs	prepared	verified	required	preserve-directive-and-every-branch-in-artifact-source	artifact-generation-and-compile	cpp:renderer/src/shaders/draw_path_common.glsl:32
1	4ac7b32798da0482e441ef09304dc3b480ed3ee5	renderer/src/shaders/draw_path_common.glsl	pp-0446	47	49	0	1	47	#if defined(@ENABLE_FEATHER) || defined(@FEATHER_ATLAS_BLIT)	(defined(@ENABLE_FEATHER) || defined(@FEATHER_ATLAS_BLIT))	metal-shader-source-batch	crates/nuxie-renderer/src/mechanical_port/source/renderer/src/shaders/draw_path_common_glsl.rs	prepared	verified	required	preserve-directive-and-every-branch-in-artifact-source	artifact-generation-and-compile	cpp:renderer/src/shaders/draw_path_common.glsl:47
1	4ac7b32798da0482e441ef09304dc3b480ed3ee5	renderer/src/shaders/draw_path_common.glsl	pp-0447	51	82	0	1	51	#ifdef @FRAGMENT	(defined(@FRAGMENT))	metal-shader-source-batch	crates/nuxie-renderer/src/mechanical_port/source/renderer/src/shaders/draw_path_common_glsl.rs	prepared	verified	required	preserve-directive-and-every-branch-in-artifact-source	artifact-generation-and-compile	cpp:renderer/src/shaders/draw_path_common.glsl:51
1	4ac7b32798da0482e441ef09304dc3b480ed3ee5	renderer/src/shaders/draw_path_common.glsl	pp-0448	54	58	1	1	54	#if defined(@ENABLE_FEATHER) || defined(@FEATHER_ATLAS_BLIT)	(defined(@FRAGMENT)) && (defined(@ENABLE_FEATHER) || defined(@FEATHER_ATLAS_BLIT))	metal-shader-source-batch	crates/nuxie-renderer/src/mechanical_port/source/renderer/src/shaders/draw_path_common_glsl.rs	prepared	verified	required	preserve-directive-and-every-branch-in-artifact-source	artifact-generation-and-compile	cpp:renderer/src/shaders/draw_path_common.glsl:54
1	4ac7b32798da0482e441ef09304dc3b480ed3ee5	renderer/src/shaders/draw_path_common.glsl	pp-0449	59	63	1	1	59	#ifdef @FEATHER_ATLAS_BLIT	(defined(@FRAGMENT)) && (defined(@FEATHER_ATLAS_BLIT))	metal-shader-source-batch	crates/nuxie-renderer/src/mechanical_port/source/renderer/src/shaders/draw_path_common_glsl.rs	prepared	verified	required	preserve-directive-and-every-branch-in-artifact-source	artifact-generation-and-compile	cpp:renderer/src/shaders/draw_path_common.glsl:59
1	4ac7b32798da0482e441ef09304dc3b480ed3ee5	renderer/src/shaders/draw_path_common.glsl	pp-0450	67	70	1	1	67	#if defined(@RENDER_MODE_MSAA) && defined(@ENABLE_ADVANCED_BLEND) && !defined(@FIXED_FUNCTION_COLOR_OUTPUT)	(defined(@FRAGMENT)) && (defined(@RENDER_MODE_MSAA) && defined(@ENABLE_ADVANCED_BLEND) && !defined(@FIXED_FUNCTION_COLOR_OUTPUT))	metal-shader-source-batch	crates/nuxie-renderer/src/mechanical_port/source/renderer/src/shaders/draw_path_common_glsl.rs	prepared	verified	required	preserve-directive-and-every-branch-in-artifact-source	artifact-generation-and-compile	cpp:renderer/src/shaders/draw_path_common.glsl:67
1	4ac7b32798da0482e441ef09304dc3b480ed3ee5	renderer/src/shaders/draw_path_common.glsl	pp-0451	76	78	1	1	76	#ifdef @FEATHER_ATLAS_BLIT	(defined(@FRAGMENT)) && (defined(@FEATHER_ATLAS_BLIT))	metal-shader-source-batch	crates/nuxie-renderer/src/mechanical_port/source/renderer/src/shaders/draw_path_common_glsl.rs	prepared	verified	required	preserve-directive-and-every-branch-in-artifact-source	artifact-generation-and-compile	cpp:renderer/src/shaders/draw_path_common.glsl:76
1	4ac7b32798da0482e441ef09304dc3b480ed3ee5	renderer/src/shaders/draw_path_common.glsl	pp-0452	87	90	0	1	87	#ifdef @FRAGMENT	(defined(@FRAGMENT))	metal-shader-source-batch	crates/nuxie-renderer/src/mechanical_port/source/renderer/src/shaders/draw_path_common_glsl.rs	prepared	verified	required	preserve-directive-and-every-branch-in-artifact-source	artifact-generation-and-compile	cpp:renderer/src/shaders/draw_path_common.glsl:87
1	4ac7b32798da0482e441ef09304dc3b480ed3ee5	renderer/src/shaders/draw_path_common.glsl	pp-0453	92	104	0	1	92	#if defined(@FRAGMENT) && defined(@ENABLE_FEATHER)	(defined(@FRAGMENT) && defined(@ENABLE_FEATHER))	metal-shader-source-batch	crates/nuxie-renderer/src/mechanical_port/source/renderer/src/shaders/draw_path_common_glsl.rs	prepared	verified	required	preserve-directive-and-every-branch-in-artifact-source	artifact-generation-and-compile	cpp:renderer/src/shaders/draw_path_common.glsl:92
1	4ac7b32798da0482e441ef09304dc3b480ed3ee5	renderer/src/shaders/draw_path_common.glsl	pp-0454	106	150	0	1	106	#ifdef @VERTEX	(defined(@VERTEX))	metal-shader-source-batch	crates/nuxie-renderer/src/mechanical_port/source/renderer/src/shaders/draw_path_common_glsl.rs	prepared	verified	required	preserve-directive-and-every-branch-in-artifact-source	artifact-generation-and-compile	cpp:renderer/src/shaders/draw_path_common.glsl:106
1	4ac7b32798da0482e441ef09304dc3b480ed3ee5	renderer/src/shaders/draw_path_common.glsl	pp-0455	152	259	0	1	152	#ifdef @ENABLE_FEATHER	(defined(@ENABLE_FEATHER))	metal-shader-source-batch	crates/nuxie-renderer/src/mechanical_port/source/renderer/src/shaders/draw_path_common_glsl.rs	prepared	verified	required	preserve-directive-and-every-branch-in-artifact-source	artifact-generation-and-compile	cpp:renderer/src/shaders/draw_path_common.glsl:152
1	4ac7b32798da0482e441ef09304dc3b480ed3ee5	renderer/src/shaders/draw_path_common.glsl	pp-0456	261	790	0	1	261	#if defined(@VERTEX) && defined(@DRAW_PATH)	(defined(@VERTEX) && defined(@DRAW_PATH))	metal-shader-source-batch	crates/nuxie-renderer/src/mechanical_port/source/renderer/src/shaders/draw_path_common_glsl.rs	prepared	verified	required	preserve-directive-and-every-branch-in-artifact-source	artifact-generation-and-compile	cpp:renderer/src/shaders/draw_path_common.glsl:261
1	4ac7b32798da0482e441ef09304dc3b480ed3ee5	renderer/src/shaders/draw_path_common.glsl	pp-0457	280	286	1	1	280	#ifndef @RENDER_MODE_MSAA	(defined(@VERTEX) && defined(@DRAW_PATH)) && (!defined(@RENDER_MODE_MSAA))	metal-shader-source-batch	crates/nuxie-renderer/src/mechanical_port/source/renderer/src/shaders/draw_path_common_glsl.rs	prepared	verified	required	preserve-directive-and-every-branch-in-artifact-source	artifact-generation-and-compile	cpp:renderer/src/shaders/draw_path_common.glsl:280
1	4ac7b32798da0482e441ef09304dc3b480ed3ee5	renderer/src/shaders/draw_path_common.glsl	pp-0457	280	286	1	2	283	#else	(defined(@VERTEX) && defined(@DRAW_PATH)) && (!((!defined(@RENDER_MODE_MSAA))))	metal-shader-source-batch	crates/nuxie-renderer/src/mechanical_port/source/renderer/src/shaders/draw_path_common_glsl.rs	prepared	verified	required	preserve-directive-and-every-branch-in-artifact-source	artifact-generation-and-compile	cpp:renderer/src/shaders/draw_path_common.glsl:283
1	4ac7b32798da0482e441ef09304dc3b480ed3ee5	renderer/src/shaders/draw_path_common.glsl	pp-0458	373	470	1	1	373	#ifdef @ENABLE_FEATHER	(defined(@VERTEX) && defined(@DRAW_PATH)) && (defined(@ENABLE_FEATHER))	metal-shader-source-batch	crates/nuxie-renderer/src/mechanical_port/source/renderer/src/shaders/draw_path_common_glsl.rs	prepared	verified	required	preserve-directive-and-every-branch-in-artifact-source	artifact-generation-and-compile	cpp:renderer/src/shaders/draw_path_common.glsl:373
1	4ac7b32798da0482e441ef09304dc3b480ed3ee5	renderer/src/shaders/draw_path_common.glsl	pp-0459	517	524	1	1	517	#ifndef @RENDER_MODE_MSAA	(defined(@VERTEX) && defined(@DRAW_PATH)) && (!defined(@RENDER_MODE_MSAA))	metal-shader-source-batch	crates/nuxie-renderer/src/mechanical_port/source/renderer/src/shaders/draw_path_common_glsl.rs	prepared	verified	required	preserve-directive-and-every-branch-in-artifact-source	artifact-generation-and-compile	cpp:renderer/src/shaders/draw_path_common.glsl:517
1	4ac7b32798da0482e441ef09304dc3b480ed3ee5	renderer/src/shaders/draw_path_common.glsl	pp-0460	624	629	1	1	624	#ifndef @RENDER_MODE_MSAA	(defined(@VERTEX) && defined(@DRAW_PATH)) && (!defined(@RENDER_MODE_MSAA))	metal-shader-source-batch	crates/nuxie-renderer/src/mechanical_port/source/renderer/src/shaders/draw_path_common_glsl.rs	prepared	verified	required	preserve-directive-and-every-branch-in-artifact-source	artifact-generation-and-compile	cpp:renderer/src/shaders/draw_path_common.glsl:624
1	4ac7b32798da0482e441ef09304dc3b480ed3ee5	renderer/src/shaders/draw_path_common.glsl	pp-0461	632	646	1	1	632	#ifndef @RENDER_MODE_MSAA	(defined(@VERTEX) && defined(@DRAW_PATH)) && (!defined(@RENDER_MODE_MSAA))	metal-shader-source-batch	crates/nuxie-renderer/src/mechanical_port/source/renderer/src/shaders/draw_path_common_glsl.rs	prepared	verified	required	preserve-directive-and-every-branch-in-artifact-source	artifact-generation-and-compile	cpp:renderer/src/shaders/draw_path_common.glsl:632
1	4ac7b32798da0482e441ef09304dc3b480ed3ee5	renderer/src/shaders/draw_path_common.glsl	pp-0462	656	760	1	1	656	#ifndef @RENDER_MODE_MSAA	(defined(@VERTEX) && defined(@DRAW_PATH)) && (!defined(@RENDER_MODE_MSAA))	metal-shader-source-batch	crates/nuxie-renderer/src/mechanical_port/source/renderer/src/shaders/draw_path_common_glsl.rs	prepared	verified	required	preserve-directive-and-every-branch-in-artifact-source	artifact-generation-and-compile	cpp:renderer/src/shaders/draw_path_common.glsl:656
1	4ac7b32798da0482e441ef09304dc3b480ed3ee5	renderer/src/shaders/draw_path_common.glsl	pp-0463	661	744	2	1	661	#ifdef @ENABLE_FEATHER	(defined(@VERTEX) && defined(@DRAW_PATH)) && (!defined(@RENDER_MODE_MSAA)) && (defined(@ENABLE_FEATHER))	metal-shader-source-batch	crates/nuxie-renderer/src/mechanical_port/source/renderer/src/shaders/draw_path_common_glsl.rs	prepared	verified	required	preserve-directive-and-every-branch-in-artifact-source	artifact-generation-and-compile	cpp:renderer/src/shaders/draw_path_common.glsl:661
1	4ac7b32798da0482e441ef09304dc3b480ed3ee5	renderer/src/shaders/draw_path_common.glsl	pp-0464	704	732	3	1	704	#if 0	(defined(@VERTEX) && defined(@DRAW_PATH)) && (!defined(@RENDER_MODE_MSAA)) && (defined(@ENABLE_FEATHER)) && (0)	metal-shader-source-batch	crates/nuxie-renderer/src/mechanical_port/source/renderer/src/shaders/draw_path_common_glsl.rs	prepared	verified	required	preserve-directive-and-every-branch-in-artifact-source	artifact-generation-and-compile	cpp:renderer/src/shaders/draw_path_common.glsl:704
1	4ac7b32798da0482e441ef09304dc3b480ed3ee5	renderer/src/shaders/draw_path_common.glsl	pp-0465	777	786	1	1	777	#ifdef @RENDER_MODE_MSAA	(defined(@VERTEX) && defined(@DRAW_PATH)) && (defined(@RENDER_MODE_MSAA))	metal-shader-source-batch	crates/nuxie-renderer/src/mechanical_port/source/renderer/src/shaders/draw_path_common_glsl.rs	prepared	verified	required	preserve-directive-and-every-branch-in-artifact-source	artifact-generation-and-compile	cpp:renderer/src/shaders/draw_path_common.glsl:777
1	4ac7b32798da0482e441ef09304dc3b480ed3ee5	renderer/src/shaders/draw_path_common.glsl	pp-0465	777	786	1	2	780	#else	(defined(@VERTEX) && defined(@DRAW_PATH)) && (!((defined(@RENDER_MODE_MSAA))))	metal-shader-source-batch	crates/nuxie-renderer/src/mechanical_port/source/renderer/src/shaders/draw_path_common_glsl.rs	prepared	verified	required	preserve-directive-and-every-branch-in-artifact-source	artifact-generation-and-compile	cpp:renderer/src/shaders/draw_path_common.glsl:780
1	4ac7b32798da0482e441ef09304dc3b480ed3ee5	renderer/src/shaders/draw_path_common.glsl	pp-0466	792	820	0	1	792	#if defined(@VERTEX) && defined(@DRAW_INTERIOR_TRIANGLES)	(defined(@VERTEX) && defined(@DRAW_INTERIOR_TRIANGLES))	metal-shader-source-batch	crates/nuxie-renderer/src/mechanical_port/source/renderer/src/shaders/draw_path_common_glsl.rs	prepared	verified	required	preserve-directive-and-every-branch-in-artifact-source	artifact-generation-and-compile	cpp:renderer/src/shaders/draw_path_common.glsl:792
1	4ac7b32798da0482e441ef09304dc3b480ed3ee5	renderer/src/shaders/draw_path_common.glsl	pp-0467	795	801	1	1	795	#ifdef @RENDER_MODE_MSAA	(defined(@VERTEX) && defined(@DRAW_INTERIOR_TRIANGLES)) && (defined(@RENDER_MODE_MSAA))	metal-shader-source-batch	crates/nuxie-renderer/src/mechanical_port/source/renderer/src/shaders/draw_path_common_glsl.rs	prepared	verified	required	preserve-directive-and-every-branch-in-artifact-source	artifact-generation-and-compile	cpp:renderer/src/shaders/draw_path_common.glsl:795
1	4ac7b32798da0482e441ef09304dc3b480ed3ee5	renderer/src/shaders/draw_path_common.glsl	pp-0467	795	801	1	2	798	#else	(defined(@VERTEX) && defined(@DRAW_INTERIOR_TRIANGLES)) && (!((defined(@RENDER_MODE_MSAA))))	metal-shader-source-batch	crates/nuxie-renderer/src/mechanical_port/source/renderer/src/shaders/draw_path_common_glsl.rs	prepared	verified	required	preserve-directive-and-every-branch-in-artifact-source	artifact-generation-and-compile	cpp:renderer/src/shaders/draw_path_common.glsl:798
1	4ac7b32798da0482e441ef09304dc3b480ed3ee5	renderer/src/shaders/draw_path_common.glsl	pp-0468	805	810	1	1	805	#ifdef @RENDER_MODE_MSAA	(defined(@VERTEX) && defined(@DRAW_INTERIOR_TRIANGLES)) && (defined(@RENDER_MODE_MSAA))	metal-shader-source-batch	crates/nuxie-renderer/src/mechanical_port/source/renderer/src/shaders/draw_path_common_glsl.rs	prepared	verified	required	preserve-directive-and-every-branch-in-artifact-source	artifact-generation-and-compile	cpp:renderer/src/shaders/draw_path_common.glsl:805
1	4ac7b32798da0482e441ef09304dc3b480ed3ee5	renderer/src/shaders/draw_path_common.glsl	pp-0468	805	810	1	2	808	#else	(defined(@VERTEX) && defined(@DRAW_INTERIOR_TRIANGLES)) && (!((defined(@RENDER_MODE_MSAA))))	metal-shader-source-batch	crates/nuxie-renderer/src/mechanical_port/source/renderer/src/shaders/draw_path_common_glsl.rs	prepared	verified	required	preserve-directive-and-every-branch-in-artifact-source	artifact-generation-and-compile	cpp:renderer/src/shaders/draw_path_common.glsl:808
1	4ac7b32798da0482e441ef09304dc3b480ed3ee5	renderer/src/shaders/draw_path_common.glsl	pp-0469	822	844	0	1	822	#if defined(@VERTEX) && defined(@FEATHER_ATLAS_BLIT)	(defined(@VERTEX) && defined(@FEATHER_ATLAS_BLIT))	metal-shader-source-batch	crates/nuxie-renderer/src/mechanical_port/source/renderer/src/shaders/draw_path_common_glsl.rs	prepared	verified	required	preserve-directive-and-every-branch-in-artifact-source	artifact-generation-and-compile	cpp:renderer/src/shaders/draw_path_common.glsl:822
1	4ac7b32798da0482e441ef09304dc3b480ed3ee5	renderer/src/shaders/draw_path_common.glsl	pp-0470	826	828	1	1	826	#ifdef @RENDER_MODE_MSAA	(defined(@VERTEX) && defined(@FEATHER_ATLAS_BLIT)) && (defined(@RENDER_MODE_MSAA))	metal-shader-source-batch	crates/nuxie-renderer/src/mechanical_port/source/renderer/src/shaders/draw_path_common_glsl.rs	prepared	verified	required	preserve-directive-and-every-branch-in-artifact-source	artifact-generation-and-compile	cpp:renderer/src/shaders/draw_path_common.glsl:826
1	4ac7b32798da0482e441ef09304dc3b480ed3ee5	renderer/src/shaders/draw_path_common.glsl	pp-0471	833	835	1	1	833	#ifdef @RENDER_MODE_MSAA	(defined(@VERTEX) && defined(@FEATHER_ATLAS_BLIT)) && (defined(@RENDER_MODE_MSAA))	metal-shader-source-batch	crates/nuxie-renderer/src/mechanical_port/source/renderer/src/shaders/draw_path_common_glsl.rs	prepared	verified	required	preserve-directive-and-every-branch-in-artifact-source	artifact-generation-and-compile	cpp:renderer/src/shaders/draw_path_common.glsl:833
1	4ac7b32798da0482e441ef09304dc3b480ed3ee5	renderer/src/shaders/draw_path_common.glsl	pp-0472	883	914	0	1	883	#ifdef @RENDER_MODE_CLOCKWISE_ATOMIC	(defined(@RENDER_MODE_CLOCKWISE_ATOMIC))	metal-shader-source-batch	crates/nuxie-renderer/src/mechanical_port/source/renderer/src/shaders/draw_path_common_glsl.rs	prepared	verified	required	preserve-directive-and-every-branch-in-artifact-source	artifact-generation-and-compile	cpp:renderer/src/shaders/draw_path_common.glsl:883
1	4ac7b32798da0482e441ef09304dc3b480ed3ee5	renderer/src/shaders/draw_path_common.glsl	pp-0473	885	895	1	1	885	#ifdef @FIXED_FUNCTION_COLOR_OUTPUT	(defined(@RENDER_MODE_CLOCKWISE_ATOMIC)) && (defined(@FIXED_FUNCTION_COLOR_OUTPUT))	metal-shader-source-batch	crates/nuxie-renderer/src/mechanical_port/source/renderer/src/shaders/draw_path_common_glsl.rs	prepared	verified	required	preserve-directive-and-every-branch-in-artifact-source	artifact-generation-and-compile	cpp:renderer/src/shaders/draw_path_common.glsl:885
1	4ac7b32798da0482e441ef09304dc3b480ed3ee5	renderer/src/shaders/draw_path_common.glsl	pp-0473	885	895	1	2	890	#else	(defined(@RENDER_MODE_CLOCKWISE_ATOMIC)) && (!((defined(@FIXED_FUNCTION_COLOR_OUTPUT))))	metal-shader-source-batch	crates/nuxie-renderer/src/mechanical_port/source/renderer/src/shaders/draw_path_common_glsl.rs	prepared	verified	required	preserve-directive-and-every-branch-in-artifact-source	artifact-generation-and-compile	cpp:renderer/src/shaders/draw_path_common.glsl:890
1	4ac7b32798da0482e441ef09304dc3b480ed3ee5	renderer/src/shaders/draw_raster_order_path.frag	pp-0474	5	234	0	1	5	#ifdef @FRAGMENT	(defined(@FRAGMENT))	metal-shader-source-batch	crates/nuxie-renderer/src/mechanical_port/source/renderer/src/shaders/draw_raster_order_path_frag.rs	prepared	verified	required	preserve-directive-and-every-branch-in-artifact-source	artifact-generation-and-compile	cpp:renderer/src/shaders/draw_raster_order_path.frag:5
1	4ac7b32798da0482e441ef09304dc3b480ed3ee5	renderer/src/shaders/draw_raster_order_path.frag	pp-0475	18	22	1	1	18	#ifdef @DRAW_INTERIOR_TRIANGLES	(defined(@FRAGMENT)) && (defined(@DRAW_INTERIOR_TRIANGLES))	metal-shader-source-batch	crates/nuxie-renderer/src/mechanical_port/source/renderer/src/shaders/draw_raster_order_path_frag.rs	prepared	verified	required	preserve-directive-and-every-branch-in-artifact-source	artifact-generation-and-compile	cpp:renderer/src/shaders/draw_raster_order_path.frag:18
1	4ac7b32798da0482e441ef09304dc3b480ed3ee5	renderer/src/shaders/draw_raster_order_path.frag	pp-0475	18	22	1	2	20	#else	(defined(@FRAGMENT)) && (!((defined(@DRAW_INTERIOR_TRIANGLES))))	metal-shader-source-batch	crates/nuxie-renderer/src/mechanical_port/source/renderer/src/shaders/draw_raster_order_path_frag.rs	prepared	verified	required	preserve-directive-and-every-branch-in-artifact-source	artifact-generation-and-compile	cpp:renderer/src/shaders/draw_raster_order_path.frag:20
1	4ac7b32798da0482e441ef09304dc3b480ed3ee5	renderer/src/shaders/draw_raster_order_path.frag	pp-0476	25	27	1	1	25	#ifdef @ENABLE_CLIPPING	(defined(@FRAGMENT)) && (defined(@ENABLE_CLIPPING))	metal-shader-source-batch	crates/nuxie-renderer/src/mechanical_port/source/renderer/src/shaders/draw_raster_order_path_frag.rs	prepared	verified	required	preserve-directive-and-every-branch-in-artifact-source	artifact-generation-and-compile	cpp:renderer/src/shaders/draw_raster_order_path.frag:25
1	4ac7b32798da0482e441ef09304dc3b480ed3ee5	renderer/src/shaders/draw_raster_order_path.frag	pp-0477	28	30	1	1	28	#ifdef @ENABLE_CLIP_RECT	(defined(@FRAGMENT)) && (defined(@ENABLE_CLIP_RECT))	metal-shader-source-batch	crates/nuxie-renderer/src/mechanical_port/source/renderer/src/shaders/draw_raster_order_path_frag.rs	prepared	verified	required	preserve-directive-and-every-branch-in-artifact-source	artifact-generation-and-compile	cpp:renderer/src/shaders/draw_raster_order_path.frag:28
1	4ac7b32798da0482e441ef09304dc3b480ed3ee5	renderer/src/shaders/draw_raster_order_path.frag	pp-0478	31	33	1	1	31	#ifdef @ENABLE_ADVANCED_BLEND	(defined(@FRAGMENT)) && (defined(@ENABLE_ADVANCED_BLEND))	metal-shader-source-batch	crates/nuxie-renderer/src/mechanical_port/source/renderer/src/shaders/draw_raster_order_path_frag.rs	prepared	verified	required	preserve-directive-and-every-branch-in-artifact-source	artifact-generation-and-compile	cpp:renderer/src/shaders/draw_raster_order_path.frag:31
1	4ac7b32798da0482e441ef09304dc3b480ed3ee5	renderer/src/shaders/draw_raster_order_path.frag	pp-0479	35	38	1	1	35	#if !defined(@DRAW_INTERIOR_TRIANGLES)	(defined(@FRAGMENT)) && (!defined(@DRAW_INTERIOR_TRIANGLES))	metal-shader-source-batch	crates/nuxie-renderer/src/mechanical_port/source/renderer/src/shaders/draw_raster_order_path_frag.rs	prepared	verified	required	preserve-directive-and-every-branch-in-artifact-source	artifact-generation-and-compile	cpp:renderer/src/shaders/draw_raster_order_path.frag:35
1	4ac7b32798da0482e441ef09304dc3b480ed3ee5	renderer/src/shaders/draw_raster_order_path.frag	pp-0480	45	57	1	1	45	#ifdef @DRAW_INTERIOR_TRIANGLES	(defined(@FRAGMENT)) && (defined(@DRAW_INTERIOR_TRIANGLES))	metal-shader-source-batch	crates/nuxie-renderer/src/mechanical_port/source/renderer/src/shaders/draw_raster_order_path_frag.rs	prepared	verified	required	preserve-directive-and-every-branch-in-artifact-source	artifact-generation-and-compile	cpp:renderer/src/shaders/draw_raster_order_path.frag:45
1	4ac7b32798da0482e441ef09304dc3b480ed3ee5	renderer/src/shaders/draw_raster_order_path.frag	pp-0480	45	57	1	2	51	#else	(defined(@FRAGMENT)) && (!((defined(@DRAW_INTERIOR_TRIANGLES))))	metal-shader-source-batch	crates/nuxie-renderer/src/mechanical_port/source/renderer/src/shaders/draw_raster_order_path_frag.rs	prepared	verified	required	preserve-directive-and-every-branch-in-artifact-source	artifact-generation-and-compile	cpp:renderer/src/shaders/draw_raster_order_path.frag:51
1	4ac7b32798da0482e441ef09304dc3b480ed3ee5	renderer/src/shaders/draw_raster_order_path.frag	pp-0481	61	68	1	1	61	#ifdef @CLOCKWISE_FILL	(defined(@FRAGMENT)) && (defined(@CLOCKWISE_FILL))	metal-shader-source-batch	crates/nuxie-renderer/src/mechanical_port/source/renderer/src/shaders/draw_raster_order_path_frag.rs	prepared	verified	required	preserve-directive-and-every-branch-in-artifact-source	artifact-generation-and-compile	cpp:renderer/src/shaders/draw_raster_order_path.frag:61
1	4ac7b32798da0482e441ef09304dc3b480ed3ee5	renderer/src/shaders/draw_raster_order_path.frag	pp-0482	71	76	1	1	71	#ifdef @ENABLE_EVEN_ODD	(defined(@FRAGMENT)) && (defined(@ENABLE_EVEN_ODD))	metal-shader-source-batch	crates/nuxie-renderer/src/mechanical_port/source/renderer/src/shaders/draw_raster_order_path_frag.rs	prepared	verified	required	preserve-directive-and-every-branch-in-artifact-source	artifact-generation-and-compile	cpp:renderer/src/shaders/draw_raster_order_path.frag:71
1	4ac7b32798da0482e441ef09304dc3b480ed3ee5	renderer/src/shaders/draw_raster_order_path.frag	pp-0483	81	131	1	1	81	#ifdef @ENABLE_CLIPPING	(defined(@FRAGMENT)) && (defined(@ENABLE_CLIPPING))	metal-shader-source-batch	crates/nuxie-renderer/src/mechanical_port/source/renderer/src/shaders/draw_raster_order_path_frag.rs	prepared	verified	required	preserve-directive-and-every-branch-in-artifact-source	artifact-generation-and-compile	cpp:renderer/src/shaders/draw_raster_order_path.frag:81
1	4ac7b32798da0482e441ef09304dc3b480ed3ee5	renderer/src/shaders/draw_raster_order_path.frag	pp-0484	85	126	2	1	85	#ifdef @ENABLE_NESTED_CLIPPING	(defined(@FRAGMENT)) && (defined(@ENABLE_CLIPPING)) && (defined(@ENABLE_NESTED_CLIPPING))	metal-shader-source-batch	crates/nuxie-renderer/src/mechanical_port/source/renderer/src/shaders/draw_raster_order_path_frag.rs	prepared	verified	required	preserve-directive-and-every-branch-in-artifact-source	artifact-generation-and-compile	cpp:renderer/src/shaders/draw_raster_order_path.frag:85
1	4ac7b32798da0482e441ef09304dc3b480ed3ee5	renderer/src/shaders/draw_raster_order_path.frag	pp-0485	103	110	3	1	103	#ifndef @DRAW_INTERIOR_TRIANGLES	(defined(@FRAGMENT)) && (defined(@ENABLE_CLIPPING)) && (defined(@ENABLE_NESTED_CLIPPING)) && (!defined(@DRAW_INTERIOR_TRIANGLES))	metal-shader-source-batch	crates/nuxie-renderer/src/mechanical_port/source/renderer/src/shaders/draw_raster_order_path_frag.rs	prepared	verified	required	preserve-directive-and-every-branch-in-artifact-source	artifact-generation-and-compile	cpp:renderer/src/shaders/draw_raster_order_path.frag:103
1	4ac7b32798da0482e441ef09304dc3b480ed3ee5	renderer/src/shaders/draw_raster_order_path.frag	pp-0486	117	121	3	1	117	#ifndef @DRAW_INTERIOR_TRIANGLES	(defined(@FRAGMENT)) && (defined(@ENABLE_CLIPPING)) && (defined(@ENABLE_NESTED_CLIPPING)) && (!defined(@DRAW_INTERIOR_TRIANGLES))	metal-shader-source-batch	crates/nuxie-renderer/src/mechanical_port/source/renderer/src/shaders/draw_raster_order_path_frag.rs	prepared	verified	required	preserve-directive-and-every-branch-in-artifact-source	artifact-generation-and-compile	cpp:renderer/src/shaders/draw_raster_order_path.frag:117
1	4ac7b32798da0482e441ef09304dc3b480ed3ee5	renderer/src/shaders/draw_raster_order_path.frag	pp-0487	133	149	1	1	133	#ifdef @ENABLE_CLIPPING	(defined(@FRAGMENT)) && (defined(@ENABLE_CLIPPING))	metal-shader-source-batch	crates/nuxie-renderer/src/mechanical_port/source/renderer/src/shaders/draw_raster_order_path_frag.rs	prepared	verified	required	preserve-directive-and-every-branch-in-artifact-source	artifact-generation-and-compile	cpp:renderer/src/shaders/draw_raster_order_path.frag:133
1	4ac7b32798da0482e441ef09304dc3b480ed3ee5	renderer/src/shaders/draw_raster_order_path.frag	pp-0488	150	157	1	1	150	#ifdef @ENABLE_CLIP_RECT	(defined(@FRAGMENT)) && (defined(@ENABLE_CLIP_RECT))	metal-shader-source-batch	crates/nuxie-renderer/src/mechanical_port/source/renderer/src/shaders/draw_raster_order_path_frag.rs	prepared	verified	required	preserve-directive-and-every-branch-in-artifact-source	artifact-generation-and-compile	cpp:renderer/src/shaders/draw_raster_order_path.frag:150
1	4ac7b32798da0482e441ef09304dc3b480ed3ee5	renderer/src/shaders/draw_raster_order_path.frag	pp-0489	167	172	1	1	167	#ifndef @DRAW_INTERIOR_TRIANGLES	(defined(@FRAGMENT)) && (!defined(@DRAW_INTERIOR_TRIANGLES))	metal-shader-source-batch	crates/nuxie-renderer/src/mechanical_port/source/renderer/src/shaders/draw_raster_order_path_frag.rs	prepared	verified	required	preserve-directive-and-every-branch-in-artifact-source	artifact-generation-and-compile	cpp:renderer/src/shaders/draw_raster_order_path.frag:167
1	4ac7b32798da0482e441ef09304dc3b480ed3ee5	renderer/src/shaders/draw_raster_order_path.frag	pp-0490	177	181	1	1	177	#ifndef @DRAW_INTERIOR_TRIANGLES	(defined(@FRAGMENT)) && (!defined(@DRAW_INTERIOR_TRIANGLES))	metal-shader-source-batch	crates/nuxie-renderer/src/mechanical_port/source/renderer/src/shaders/draw_raster_order_path_frag.rs	prepared	verified	required	preserve-directive-and-every-branch-in-artifact-source	artifact-generation-and-compile	cpp:renderer/src/shaders/draw_raster_order_path.frag:177
1	4ac7b32798da0482e441ef09304dc3b480ed3ee5	renderer/src/shaders/draw_raster_order_path.frag	pp-0491	185	200	1	1	185	#ifdef @ENABLE_ADVANCED_BLEND	(defined(@FRAGMENT)) && (defined(@ENABLE_ADVANCED_BLEND))	metal-shader-source-batch	crates/nuxie-renderer/src/mechanical_port/source/renderer/src/shaders/draw_raster_order_path_frag.rs	prepared	verified	required	preserve-directive-and-every-branch-in-artifact-source	artifact-generation-and-compile	cpp:renderer/src/shaders/draw_raster_order_path.frag:185
1	4ac7b32798da0482e441ef09304dc3b480ed3ee5	renderer/src/shaders/draw_raster_order_path.frag	pp-0492	206	211	1	1	206	#ifdef @NEEDS_GAMMA_CORRECTION	(defined(@FRAGMENT)) && (defined(@NEEDS_GAMMA_CORRECTION))	metal-shader-source-batch	crates/nuxie-renderer/src/mechanical_port/source/renderer/src/shaders/draw_raster_order_path_frag.rs	prepared	verified	required	preserve-directive-and-every-branch-in-artifact-source	artifact-generation-and-compile	cpp:renderer/src/shaders/draw_raster_order_path.frag:206
1	4ac7b32798da0482e441ef09304dc3b480ed3ee5	renderer/src/shaders/draw_raster_order_path.frag	pp-0493	226	229	1	1	226	#if !defined(@DRAW_INTERIOR_TRIANGLES)	(defined(@FRAGMENT)) && (!defined(@DRAW_INTERIOR_TRIANGLES))	metal-shader-source-batch	crates/nuxie-renderer/src/mechanical_port/source/renderer/src/shaders/draw_raster_order_path_frag.rs	prepared	verified	required	preserve-directive-and-every-branch-in-artifact-source	artifact-generation-and-compile	cpp:renderer/src/shaders/draw_raster_order_path.frag:226
1	4ac7b32798da0482e441ef09304dc3b480ed3ee5	renderer/src/shaders/flush_uniforms.glsl	pp-0494	1	3	0	1	1	#ifndef DECLARE_UNIFORM_FLOAT	(!defined(DECLARE_UNIFORM_FLOAT))	metal-shader-source-batch	crates/nuxie-renderer/src/mechanical_port/source/renderer/src/shaders/flush_uniforms_glsl.rs	prepared	verified	required	preserve-directive-and-every-branch-in-artifact-source	artifact-generation-and-compile	cpp:renderer/src/shaders/flush_uniforms.glsl:1
1	4ac7b32798da0482e441ef09304dc3b480ed3ee5	renderer/src/shaders/flush_uniforms.glsl	pp-0495	4	6	0	1	4	#ifndef DECLARE_UNIFORM_UINT	(!defined(DECLARE_UNIFORM_UINT))	metal-shader-source-batch	crates/nuxie-renderer/src/mechanical_port/source/renderer/src/shaders/flush_uniforms_glsl.rs	prepared	verified	required	preserve-directive-and-every-branch-in-artifact-source	artifact-generation-and-compile	cpp:renderer/src/shaders/flush_uniforms.glsl:4
1	4ac7b32798da0482e441ef09304dc3b480ed3ee5	renderer/src/shaders/flush_uniforms.glsl	pp-0496	7	9	0	1	7	#ifndef DECLARE_UNIFORM_INT4	(!defined(DECLARE_UNIFORM_INT4))	metal-shader-source-batch	crates/nuxie-renderer/src/mechanical_port/source/renderer/src/shaders/flush_uniforms_glsl.rs	prepared	verified	required	preserve-directive-and-every-branch-in-artifact-source	artifact-generation-and-compile	cpp:renderer/src/shaders/flush_uniforms.glsl:7
1	4ac7b32798da0482e441ef09304dc3b480ed3ee5	renderer/src/shaders/flush_uniforms.glsl	pp-0497	10	12	0	1	10	#ifndef DECLARE_UNIFORM_FLOAT2	(!defined(DECLARE_UNIFORM_FLOAT2))	metal-shader-source-batch	crates/nuxie-renderer/src/mechanical_port/source/renderer/src/shaders/flush_uniforms_glsl.rs	prepared	verified	required	preserve-directive-and-every-branch-in-artifact-source	artifact-generation-and-compile	cpp:renderer/src/shaders/flush_uniforms.glsl:10
1	4ac7b32798da0482e441ef09304dc3b480ed3ee5	renderer/src/shaders/flush_uniforms.glsl	pp-0498	13	15	0	1	13	#ifndef DECLARE_UNIFORM_FLOAT4	(!defined(DECLARE_UNIFORM_FLOAT4))	metal-shader-source-batch	crates/nuxie-renderer/src/mechanical_port/source/renderer/src/shaders/flush_uniforms_glsl.rs	prepared	verified	required	preserve-directive-and-every-branch-in-artifact-source	artifact-generation-and-compile	cpp:renderer/src/shaders/flush_uniforms.glsl:13
1	4ac7b32798da0482e441ef09304dc3b480ed3ee5	renderer/src/shaders/flush_uniforms.glsl	pp-0499	17	19	0	1	17	#ifndef FLUSH_UNIFORMS_NAME	(!defined(FLUSH_UNIFORMS_NAME))	metal-shader-source-batch	crates/nuxie-renderer/src/mechanical_port/source/renderer/src/shaders/flush_uniforms_glsl.rs	prepared	verified	required	preserve-directive-and-every-branch-in-artifact-source	artifact-generation-and-compile	cpp:renderer/src/shaders/flush_uniforms.glsl:17
1	4ac7b32798da0482e441ef09304dc3b480ed3ee5	renderer/src/shaders/glsl.glsl	pp-0500	10	14	0	1	10	#ifndef @GLSL_VERSION	(!defined(@GLSL_VERSION))	metal-shader-source-batch	crates/nuxie-renderer/src/mechanical_port/source/renderer/src/shaders/glsl_glsl.rs	prepared	verified	required	preserve-directive-and-every-branch-in-artifact-source	artifact-generation-and-compile	cpp:renderer/src/shaders/glsl.glsl:10
1	4ac7b32798da0482e441ef09304dc3b480ed3ee5	renderer/src/shaders/glsl.glsl	pp-0501	57	59	0	1	57	#ifdef GL_ANGLE_base_vertex_base_instance_shader_builtin	(defined(GL_ANGLE_base_vertex_base_instance_shader_builtin))	metal-shader-source-batch	crates/nuxie-renderer/src/mechanical_port/source/renderer/src/shaders/glsl_glsl.rs	prepared	verified	required	preserve-directive-and-every-branch-in-artifact-source	artifact-generation-and-compile	cpp:renderer/src/shaders/glsl.glsl:57
1	4ac7b32798da0482e441ef09304dc3b480ed3ee5	renderer/src/shaders/glsl.glsl	pp-0502	61	63	0	1	61	#ifdef @ENABLE_KHR_BLEND	(defined(@ENABLE_KHR_BLEND))	metal-shader-source-batch	crates/nuxie-renderer/src/mechanical_port/source/renderer/src/shaders/glsl_glsl.rs	prepared	verified	required	preserve-directive-and-every-branch-in-artifact-source	artifact-generation-and-compile	cpp:renderer/src/shaders/glsl.glsl:61
1	4ac7b32798da0482e441ef09304dc3b480ed3ee5	renderer/src/shaders/glsl.glsl	pp-0503	68	81	0	1	68	#ifdef @ATLAS_RENDER_TARGET_R32UI_FRAMEBUFFER_FETCH	(defined(@ATLAS_RENDER_TARGET_R32UI_FRAMEBUFFER_FETCH))	metal-shader-source-batch	crates/nuxie-renderer/src/mechanical_port/source/renderer/src/shaders/glsl_glsl.rs	prepared	verified	required	preserve-directive-and-every-branch-in-artifact-source	artifact-generation-and-compile	cpp:renderer/src/shaders/glsl.glsl:68
1	4ac7b32798da0482e441ef09304dc3b480ed3ee5	renderer/src/shaders/glsl.glsl	pp-0503	68	81	0	2	70	#elif defined(@ATLAS_RENDER_TARGET_R8_PLS_EXT)	(!((defined(@ATLAS_RENDER_TARGET_R32UI_FRAMEBUFFER_FETCH))) && (defined(@ATLAS_RENDER_TARGET_R8_PLS_EXT)))	metal-shader-source-batch	crates/nuxie-renderer/src/mechanical_port/source/renderer/src/shaders/glsl_glsl.rs	prepared	verified	required	preserve-directive-and-every-branch-in-artifact-source	artifact-generation-and-compile	cpp:renderer/src/shaders/glsl.glsl:70
1	4ac7b32798da0482e441ef09304dc3b480ed3ee5	renderer/src/shaders/glsl.glsl	pp-0503	68	81	0	3	72	#elif defined(@ATLAS_RENDER_TARGET_R32UI_PLS_ANGLE)	(!((defined(@ATLAS_RENDER_TARGET_R32UI_FRAMEBUFFER_FETCH)) || (defined(@ATLAS_RENDER_TARGET_R8_PLS_EXT))) && (defined(@ATLAS_RENDER_TARGET_R32UI_PLS_ANGLE)))	metal-shader-source-batch	crates/nuxie-renderer/src/mechanical_port/source/renderer/src/shaders/glsl_glsl.rs	prepared	verified	required	preserve-directive-and-every-branch-in-artifact-source	artifact-generation-and-compile	cpp:renderer/src/shaders/glsl.glsl:72
1	4ac7b32798da0482e441ef09304dc3b480ed3ee5	renderer/src/shaders/glsl.glsl	pp-0503	68	81	0	4	74	#elif defined(@ATLAS_RENDER_TARGET_R32I_ATOMIC_TEXTURE)	(!((defined(@ATLAS_RENDER_TARGET_R32UI_FRAMEBUFFER_FETCH)) || (defined(@ATLAS_RENDER_TARGET_R8_PLS_EXT)) || (defined(@ATLAS_RENDER_TARGET_R32UI_PLS_ANGLE))) && (defined(@ATLAS_RENDER_TARGET_R32I_ATOMIC_TEXTURE)))	metal-shader-source-batch	crates/nuxie-renderer/src/mechanical_port/source/renderer/src/shaders/glsl_glsl.rs	prepared	verified	required	preserve-directive-and-every-branch-in-artifact-source	artifact-generation-and-compile	cpp:renderer/src/shaders/glsl.glsl:74
1	4ac7b32798da0482e441ef09304dc3b480ed3ee5	renderer/src/shaders/glsl.glsl	pp-0504	75	77	1	1	75	#ifdef GL_ARB_shader_image_load_store	(!((defined(@ATLAS_RENDER_TARGET_R32UI_FRAMEBUFFER_FETCH)) || (defined(@ATLAS_RENDER_TARGET_R8_PLS_EXT)) || (defined(@ATLAS_RENDER_TARGET_R32UI_PLS_ANGLE))) && (defined(@ATLAS_RENDER_TARGET_R32I_ATOMIC_TEXTURE))) && (defined(GL_ARB_shader_image_load_store))	metal-shader-source-batch	crates/nuxie-renderer/src/mechanical_port/source/renderer/src/shaders/glsl_glsl.rs	prepared	verified	required	preserve-directive-and-every-branch-in-artifact-source	artifact-generation-and-compile	cpp:renderer/src/shaders/glsl.glsl:75
1	4ac7b32798da0482e441ef09304dc3b480ed3ee5	renderer/src/shaders/glsl.glsl	pp-0505	78	80	1	1	78	#ifdef GL_OES_shader_image_atomic	(!((defined(@ATLAS_RENDER_TARGET_R32UI_FRAMEBUFFER_FETCH)) || (defined(@ATLAS_RENDER_TARGET_R8_PLS_EXT)) || (defined(@ATLAS_RENDER_TARGET_R32UI_PLS_ANGLE))) && (defined(@ATLAS_RENDER_TARGET_R32I_ATOMIC_TEXTURE))) && (defined(GL_OES_shader_image_atomic))	metal-shader-source-batch	crates/nuxie-renderer/src/mechanical_port/source/renderer/src/shaders/glsl_glsl.rs	prepared	verified	required	preserve-directive-and-every-branch-in-artifact-source	artifact-generation-and-compile	cpp:renderer/src/shaders/glsl.glsl:78
1	4ac7b32798da0482e441ef09304dc3b480ed3ee5	renderer/src/shaders/glsl.glsl	pp-0506	84	90	0	1	84	#if defined(@RENDER_MODE_MSAA) && defined(@ENABLE_CLIP_RECT) && defined(GL_ES) && !defined(@DISABLE_CLIP_DISTANCE_FOR_UBERSHADERS)	(defined(@RENDER_MODE_MSAA) && defined(@ENABLE_CLIP_RECT) && defined(GL_ES) && !defined(@DISABLE_CLIP_DISTANCE_FOR_UBERSHADERS))	metal-shader-source-batch	crates/nuxie-renderer/src/mechanical_port/source/renderer/src/shaders/glsl_glsl.rs	prepared	verified	required	preserve-directive-and-every-branch-in-artifact-source	artifact-generation-and-compile	cpp:renderer/src/shaders/glsl.glsl:84
1	4ac7b32798da0482e441ef09304dc3b480ed3ee5	renderer/src/shaders/glsl.glsl	pp-0507	85	89	1	1	85	#ifdef GL_EXT_clip_cull_distance	(defined(@RENDER_MODE_MSAA) && defined(@ENABLE_CLIP_RECT) && defined(GL_ES) && !defined(@DISABLE_CLIP_DISTANCE_FOR_UBERSHADERS)) && (defined(GL_EXT_clip_cull_distance))	metal-shader-source-batch	crates/nuxie-renderer/src/mechanical_port/source/renderer/src/shaders/glsl_glsl.rs	prepared	verified	required	preserve-directive-and-every-branch-in-artifact-source	artifact-generation-and-compile	cpp:renderer/src/shaders/glsl.glsl:85
1	4ac7b32798da0482e441ef09304dc3b480ed3ee5	renderer/src/shaders/glsl.glsl	pp-0507	85	89	1	2	87	#elif defined(GL_ANGLE_clip_cull_distance)	(defined(@RENDER_MODE_MSAA) && defined(@ENABLE_CLIP_RECT) && defined(GL_ES) && !defined(@DISABLE_CLIP_DISTANCE_FOR_UBERSHADERS)) && (!((defined(GL_EXT_clip_cull_distance))) && (defined(GL_ANGLE_clip_cull_distance)))	metal-shader-source-batch	crates/nuxie-renderer/src/mechanical_port/source/renderer/src/shaders/glsl_glsl.rs	prepared	verified	required	preserve-directive-and-every-branch-in-artifact-source	artifact-generation-and-compile	cpp:renderer/src/shaders/glsl.glsl:87
1	4ac7b32798da0482e441ef09304dc3b480ed3ee5	renderer/src/shaders/glsl.glsl	pp-0508	93	101	0	1	93	#if @GLSL_VERSION >= 310	(@GLSL_VERSION >= 310)	metal-shader-source-batch	crates/nuxie-renderer/src/mechanical_port/source/renderer/src/shaders/glsl_glsl.rs	prepared	verified	required	preserve-directive-and-every-branch-in-artifact-source	artifact-generation-and-compile	cpp:renderer/src/shaders/glsl.glsl:93
1	4ac7b32798da0482e441ef09304dc3b480ed3ee5	renderer/src/shaders/glsl.glsl	pp-0508	93	101	0	2	97	#else	(!((@GLSL_VERSION >= 310)))	metal-shader-source-batch	crates/nuxie-renderer/src/mechanical_port/source/renderer/src/shaders/glsl_glsl.rs	prepared	verified	required	preserve-directive-and-every-branch-in-artifact-source	artifact-generation-and-compile	cpp:renderer/src/shaders/glsl.glsl:97
1	4ac7b32798da0482e441ef09304dc3b480ed3ee5	renderer/src/shaders/glsl.glsl	pp-0509	114	126	0	1	114	#ifdef @VERTEX	(defined(@VERTEX))	metal-shader-source-batch	crates/nuxie-renderer/src/mechanical_port/source/renderer/src/shaders/glsl_glsl.rs	prepared	verified	required	preserve-directive-and-every-branch-in-artifact-source	artifact-generation-and-compile	cpp:renderer/src/shaders/glsl.glsl:114
1	4ac7b32798da0482e441ef09304dc3b480ed3ee5	renderer/src/shaders/glsl.glsl	pp-0509	114	126	0	2	120	#else	(!((defined(@VERTEX))))	metal-shader-source-batch	crates/nuxie-renderer/src/mechanical_port/source/renderer/src/shaders/glsl_glsl.rs	prepared	verified	required	preserve-directive-and-every-branch-in-artifact-source	artifact-generation-and-compile	cpp:renderer/src/shaders/glsl.glsl:120
1	4ac7b32798da0482e441ef09304dc3b480ed3ee5	renderer/src/shaders/glsl.glsl	pp-0510	115	119	1	1	115	#if @GLSL_VERSION >= 310	(defined(@VERTEX)) && (@GLSL_VERSION >= 310)	metal-shader-source-batch	crates/nuxie-renderer/src/mechanical_port/source/renderer/src/shaders/glsl_glsl.rs	prepared	verified	required	preserve-directive-and-every-branch-in-artifact-source	artifact-generation-and-compile	cpp:renderer/src/shaders/glsl.glsl:115
1	4ac7b32798da0482e441ef09304dc3b480ed3ee5	renderer/src/shaders/glsl.glsl	pp-0510	115	119	1	2	117	#else	(defined(@VERTEX)) && (!((@GLSL_VERSION >= 310)))	metal-shader-source-batch	crates/nuxie-renderer/src/mechanical_port/source/renderer/src/shaders/glsl_glsl.rs	prepared	verified	required	preserve-directive-and-every-branch-in-artifact-source	artifact-generation-and-compile	cpp:renderer/src/shaders/glsl.glsl:117
1	4ac7b32798da0482e441ef09304dc3b480ed3ee5	renderer/src/shaders/glsl.glsl	pp-0511	121	125	1	1	121	#if @GLSL_VERSION >= 310	(!((defined(@VERTEX)))) && (@GLSL_VERSION >= 310)	metal-shader-source-batch	crates/nuxie-renderer/src/mechanical_port/source/renderer/src/shaders/glsl_glsl.rs	prepared	verified	required	preserve-directive-and-every-branch-in-artifact-source	artifact-generation-and-compile	cpp:renderer/src/shaders/glsl.glsl:121
1	4ac7b32798da0482e441ef09304dc3b480ed3ee5	renderer/src/shaders/glsl.glsl	pp-0511	121	125	1	2	123	#else	(!((defined(@VERTEX)))) && (!((@GLSL_VERSION >= 310)))	metal-shader-source-batch	crates/nuxie-renderer/src/mechanical_port/source/renderer/src/shaders/glsl_glsl.rs	prepared	verified	required	preserve-directive-and-every-branch-in-artifact-source	artifact-generation-and-compile	cpp:renderer/src/shaders/glsl.glsl:123
1	4ac7b32798da0482e441ef09304dc3b480ed3ee5	renderer/src/shaders/glsl.glsl	pp-0512	132	142	0	1	132	#ifdef @TARGET_SPIRV	(defined(@TARGET_SPIRV))	metal-shader-source-batch	crates/nuxie-renderer/src/mechanical_port/source/renderer/src/shaders/glsl_glsl.rs	prepared	verified	required	preserve-directive-and-every-branch-in-artifact-source	artifact-generation-and-compile	cpp:renderer/src/shaders/glsl.glsl:132
1	4ac7b32798da0482e441ef09304dc3b480ed3ee5	renderer/src/shaders/glsl.glsl	pp-0512	132	142	0	2	135	#else	(!((defined(@TARGET_SPIRV))))	metal-shader-source-batch	crates/nuxie-renderer/src/mechanical_port/source/renderer/src/shaders/glsl_glsl.rs	prepared	verified	required	preserve-directive-and-every-branch-in-artifact-source	artifact-generation-and-compile	cpp:renderer/src/shaders/glsl.glsl:135
1	4ac7b32798da0482e441ef09304dc3b480ed3ee5	renderer/src/shaders/glsl.glsl	pp-0513	136	141	1	1	136	# ifdef GL_NV_shader_noperspective_interpolation	(!((defined(@TARGET_SPIRV)))) && (defined(GL_NV_shader_noperspective_interpolation))	metal-shader-source-batch	crates/nuxie-renderer/src/mechanical_port/source/renderer/src/shaders/glsl_glsl.rs	prepared	verified	required	preserve-directive-and-every-branch-in-artifact-source	artifact-generation-and-compile	cpp:renderer/src/shaders/glsl.glsl:136
1	4ac7b32798da0482e441ef09304dc3b480ed3ee5	renderer/src/shaders/glsl.glsl	pp-0513	136	141	1	2	139	# else	(!((defined(@TARGET_SPIRV)))) && (!((defined(GL_NV_shader_noperspective_interpolation))))	metal-shader-source-batch	crates/nuxie-renderer/src/mechanical_port/source/renderer/src/shaders/glsl_glsl.rs	prepared	verified	required	preserve-directive-and-every-branch-in-artifact-source	artifact-generation-and-compile	cpp:renderer/src/shaders/glsl.glsl:139
1	4ac7b32798da0482e441ef09304dc3b480ed3ee5	renderer/src/shaders/glsl.glsl	pp-0514	145	148	0	1	145	#ifdef @VERTEX	(defined(@VERTEX))	metal-shader-source-batch	crates/nuxie-renderer/src/mechanical_port/source/renderer/src/shaders/glsl_glsl.rs	prepared	verified	required	preserve-directive-and-every-branch-in-artifact-source	artifact-generation-and-compile	cpp:renderer/src/shaders/glsl.glsl:145
1	4ac7b32798da0482e441ef09304dc3b480ed3ee5	renderer/src/shaders/glsl.glsl	pp-0515	150	153	0	1	150	#ifdef @FRAGMENT	(defined(@FRAGMENT))	metal-shader-source-batch	crates/nuxie-renderer/src/mechanical_port/source/renderer/src/shaders/glsl_glsl.rs	prepared	verified	required	preserve-directive-and-every-branch-in-artifact-source	artifact-generation-and-compile	cpp:renderer/src/shaders/glsl.glsl:150
1	4ac7b32798da0482e441ef09304dc3b480ed3ee5	renderer/src/shaders/glsl.glsl	pp-0516	158	193	0	1	158	#ifdef @TARGET_SPIRV	(defined(@TARGET_SPIRV))	metal-shader-source-batch	crates/nuxie-renderer/src/mechanical_port/source/renderer/src/shaders/glsl_glsl.rs	prepared	verified	required	preserve-directive-and-every-branch-in-artifact-source	artifact-generation-and-compile	cpp:renderer/src/shaders/glsl.glsl:158
1	4ac7b32798da0482e441ef09304dc3b480ed3ee5	renderer/src/shaders/glsl.glsl	pp-0516	158	193	0	2	173	#elif @GLSL_VERSION >= 310	(!((defined(@TARGET_SPIRV))) && (@GLSL_VERSION >= 310))	metal-shader-source-batch	crates/nuxie-renderer/src/mechanical_port/source/renderer/src/shaders/glsl_glsl.rs	prepared	verified	required	preserve-directive-and-every-branch-in-artifact-source	artifact-generation-and-compile	cpp:renderer/src/shaders/glsl.glsl:173
1	4ac7b32798da0482e441ef09304dc3b480ed3ee5	renderer/src/shaders/glsl.glsl	pp-0516	158	193	0	3	186	#else	(!((defined(@TARGET_SPIRV)) || (@GLSL_VERSION >= 310)))	metal-shader-source-batch	crates/nuxie-renderer/src/mechanical_port/source/renderer/src/shaders/glsl_glsl.rs	prepared	verified	required	preserve-directive-and-every-branch-in-artifact-source	artifact-generation-and-compile	cpp:renderer/src/shaders/glsl.glsl:186
1	4ac7b32798da0482e441ef09304dc3b480ed3ee5	renderer/src/shaders/glsl.glsl	pp-0517	171	172	1	1	171	#if defined(@FRAGMENT) && defined(@RENDER_MODE_MSAA)	(defined(@TARGET_SPIRV)) && (defined(@FRAGMENT) && defined(@RENDER_MODE_MSAA))	metal-shader-source-batch	crates/nuxie-renderer/src/mechanical_port/source/renderer/src/shaders/glsl_glsl.rs	prepared	verified	required	preserve-directive-and-every-branch-in-artifact-source	artifact-generation-and-compile	cpp:renderer/src/shaders/glsl.glsl:171
1	4ac7b32798da0482e441ef09304dc3b480ed3ee5	renderer/src/shaders/glsl.glsl	pp-0518	195	239	0	1	195	#ifdef @TARGET_SPIRV	(defined(@TARGET_SPIRV))	metal-shader-source-batch	crates/nuxie-renderer/src/mechanical_port/source/renderer/src/shaders/glsl_glsl.rs	prepared	verified	required	preserve-directive-and-every-branch-in-artifact-source	artifact-generation-and-compile	cpp:renderer/src/shaders/glsl.glsl:195
1	4ac7b32798da0482e441ef09304dc3b480ed3ee5	renderer/src/shaders/glsl.glsl	pp-0518	195	239	0	2	225	#else // @TARGET_SPIRV -> !@TARGET_SPIRV	(!((defined(@TARGET_SPIRV))))	metal-shader-source-batch	crates/nuxie-renderer/src/mechanical_port/source/renderer/src/shaders/glsl_glsl.rs	prepared	verified	required	preserve-directive-and-every-branch-in-artifact-source	artifact-generation-and-compile	cpp:renderer/src/shaders/glsl.glsl:225
1	4ac7b32798da0482e441ef09304dc3b480ed3ee5	renderer/src/shaders/glsl.glsl	pp-0519	200	212	1	1	200	#ifdef @USE_WEBGPU_SAMPLERS	(defined(@TARGET_SPIRV)) && (defined(@USE_WEBGPU_SAMPLERS))	metal-shader-source-batch	crates/nuxie-renderer/src/mechanical_port/source/renderer/src/shaders/glsl_glsl.rs	prepared	verified	required	preserve-directive-and-every-branch-in-artifact-source	artifact-generation-and-compile	cpp:renderer/src/shaders/glsl.glsl:200
1	4ac7b32798da0482e441ef09304dc3b480ed3ee5	renderer/src/shaders/glsl.glsl	pp-0519	200	212	1	2	206	#else	(defined(@TARGET_SPIRV)) && (!((defined(@USE_WEBGPU_SAMPLERS))))	metal-shader-source-batch	crates/nuxie-renderer/src/mechanical_port/source/renderer/src/shaders/glsl_glsl.rs	prepared	verified	required	preserve-directive-and-every-branch-in-artifact-source	artifact-generation-and-compile	cpp:renderer/src/shaders/glsl.glsl:206
1	4ac7b32798da0482e441ef09304dc3b480ed3ee5	renderer/src/shaders/glsl.glsl	pp-0520	221	223	1	1	221	#if defined(@FRAGMENT) && defined(@RENDER_MODE_MSAA)	(defined(@TARGET_SPIRV)) && (defined(@FRAGMENT) && defined(@RENDER_MODE_MSAA))	metal-shader-source-batch	crates/nuxie-renderer/src/mechanical_port/source/renderer/src/shaders/glsl_glsl.rs	prepared	verified	required	preserve-directive-and-every-branch-in-artifact-source	artifact-generation-and-compile	cpp:renderer/src/shaders/glsl.glsl:221
1	4ac7b32798da0482e441ef09304dc3b480ed3ee5	renderer/src/shaders/glsl.glsl	pp-0521	266	276	0	1	266	#ifdef @TARGET_SPIRV	(defined(@TARGET_SPIRV))	metal-shader-source-batch	crates/nuxie-renderer/src/mechanical_port/source/renderer/src/shaders/glsl_glsl.rs	prepared	verified	required	preserve-directive-and-every-branch-in-artifact-source	artifact-generation-and-compile	cpp:renderer/src/shaders/glsl.glsl:266
1	4ac7b32798da0482e441ef09304dc3b480ed3ee5	renderer/src/shaders/glsl.glsl	pp-0521	266	276	0	2	270	#elif @GLSL_VERSION >= 310	(!((defined(@TARGET_SPIRV))) && (@GLSL_VERSION >= 310))	metal-shader-source-batch	crates/nuxie-renderer/src/mechanical_port/source/renderer/src/shaders/glsl_glsl.rs	prepared	verified	required	preserve-directive-and-every-branch-in-artifact-source	artifact-generation-and-compile	cpp:renderer/src/shaders/glsl.glsl:270
1	4ac7b32798da0482e441ef09304dc3b480ed3ee5	renderer/src/shaders/glsl.glsl	pp-0521	266	276	0	3	273	#else	(!((defined(@TARGET_SPIRV)) || (@GLSL_VERSION >= 310)))	metal-shader-source-batch	crates/nuxie-renderer/src/mechanical_port/source/renderer/src/shaders/glsl_glsl.rs	prepared	verified	required	preserve-directive-and-every-branch-in-artifact-source	artifact-generation-and-compile	cpp:renderer/src/shaders/glsl.glsl:273
1	4ac7b32798da0482e441ef09304dc3b480ed3ee5	renderer/src/shaders/glsl.glsl	pp-0522	284	335	0	1	284	#ifdef @DISABLE_SHADER_STORAGE_BUFFERS	(defined(@DISABLE_SHADER_STORAGE_BUFFERS))	metal-shader-source-batch	crates/nuxie-renderer/src/mechanical_port/source/renderer/src/shaders/glsl_glsl.rs	prepared	verified	required	preserve-directive-and-every-branch-in-artifact-source	artifact-generation-and-compile	cpp:renderer/src/shaders/glsl.glsl:284
1	4ac7b32798da0482e441ef09304dc3b480ed3ee5	renderer/src/shaders/glsl.glsl	pp-0522	284	335	0	2	302	#else	(!((defined(@DISABLE_SHADER_STORAGE_BUFFERS))))	metal-shader-source-batch	crates/nuxie-renderer/src/mechanical_port/source/renderer/src/shaders/glsl_glsl.rs	prepared	verified	required	preserve-directive-and-every-branch-in-artifact-source	artifact-generation-and-compile	cpp:renderer/src/shaders/glsl.glsl:302
1	4ac7b32798da0482e441ef09304dc3b480ed3ee5	renderer/src/shaders/glsl.glsl	pp-0523	304	306	1	1	304	#ifdef GL_ARB_shader_storage_buffer_object	(!((defined(@DISABLE_SHADER_STORAGE_BUFFERS)))) && (defined(GL_ARB_shader_storage_buffer_object))	metal-shader-source-batch	crates/nuxie-renderer/src/mechanical_port/source/renderer/src/shaders/glsl_glsl.rs	prepared	verified	required	preserve-directive-and-every-branch-in-artifact-source	artifact-generation-and-compile	cpp:renderer/src/shaders/glsl.glsl:304
1	4ac7b32798da0482e441ef09304dc3b480ed3ee5	renderer/src/shaders/glsl.glsl	pp-0524	337	440	0	1	337	#ifdef @PLS_IMPL_STORAGE_BUFFER	(defined(@PLS_IMPL_STORAGE_BUFFER))	metal-shader-source-batch	crates/nuxie-renderer/src/mechanical_port/source/renderer/src/shaders/glsl_glsl.rs	prepared	verified	required	preserve-directive-and-every-branch-in-artifact-source	artifact-generation-and-compile	cpp:renderer/src/shaders/glsl.glsl:337
1	4ac7b32798da0482e441ef09304dc3b480ed3ee5	renderer/src/shaders/glsl.glsl	pp-0524	337	440	0	2	390	#elif defined(@PLS_IMPL_STORAGE_TEXTURE) || defined(@USING_PLS_STORAGE_TEXTURES)	(!((defined(@PLS_IMPL_STORAGE_BUFFER))) && (defined(@PLS_IMPL_STORAGE_TEXTURE) || defined(@USING_PLS_STORAGE_TEXTURES)))	metal-shader-source-batch	crates/nuxie-renderer/src/mechanical_port/source/renderer/src/shaders/glsl_glsl.rs	prepared	verified	required	preserve-directive-and-every-branch-in-artifact-source	artifact-generation-and-compile	cpp:renderer/src/shaders/glsl.glsl:390
1	4ac7b32798da0482e441ef09304dc3b480ed3ee5	renderer/src/shaders/glsl.glsl	pp-0524	337	440	0	3	432	#else	(!((defined(@PLS_IMPL_STORAGE_BUFFER)) || (defined(@PLS_IMPL_STORAGE_TEXTURE) || defined(@USING_PLS_STORAGE_TEXTURES))))	metal-shader-source-batch	crates/nuxie-renderer/src/mechanical_port/source/renderer/src/shaders/glsl_glsl.rs	prepared	verified	required	preserve-directive-and-every-branch-in-artifact-source	artifact-generation-and-compile	cpp:renderer/src/shaders/glsl.glsl:432
1	4ac7b32798da0482e441ef09304dc3b480ed3ee5	renderer/src/shaders/glsl.glsl	pp-0525	353	379	1	1	353	#ifdef @TARGET_WGSL	(defined(@PLS_IMPL_STORAGE_BUFFER)) && (defined(@TARGET_WGSL))	metal-shader-source-batch	crates/nuxie-renderer/src/mechanical_port/source/renderer/src/shaders/glsl_glsl.rs	prepared	verified	required	preserve-directive-and-every-branch-in-artifact-source	artifact-generation-and-compile	cpp:renderer/src/shaders/glsl.glsl:353
1	4ac7b32798da0482e441ef09304dc3b480ed3ee5	renderer/src/shaders/glsl.glsl	pp-0525	353	379	1	2	364	#elif defined(@TARGET_SPIRV)	(defined(@PLS_IMPL_STORAGE_BUFFER)) && (!((defined(@TARGET_WGSL))) && (defined(@TARGET_SPIRV)))	metal-shader-source-batch	crates/nuxie-renderer/src/mechanical_port/source/renderer/src/shaders/glsl_glsl.rs	prepared	verified	required	preserve-directive-and-every-branch-in-artifact-source	artifact-generation-and-compile	cpp:renderer/src/shaders/glsl.glsl:364
1	4ac7b32798da0482e441ef09304dc3b480ed3ee5	renderer/src/shaders/glsl.glsl	pp-0525	353	379	1	3	372	#else	(defined(@PLS_IMPL_STORAGE_BUFFER)) && (!((defined(@TARGET_WGSL)) || (defined(@TARGET_SPIRV))))	metal-shader-source-batch	crates/nuxie-renderer/src/mechanical_port/source/renderer/src/shaders/glsl_glsl.rs	prepared	verified	required	preserve-directive-and-every-branch-in-artifact-source	artifact-generation-and-compile	cpp:renderer/src/shaders/glsl.glsl:372
1	4ac7b32798da0482e441ef09304dc3b480ed3ee5	renderer/src/shaders/glsl.glsl	pp-0526	392	394	1	1	392	#ifdef GL_ARB_shader_image_load_store	(!((defined(@PLS_IMPL_STORAGE_BUFFER))) && (defined(@PLS_IMPL_STORAGE_TEXTURE) || defined(@USING_PLS_STORAGE_TEXTURES))) && (defined(GL_ARB_shader_image_load_store))	metal-shader-source-batch	crates/nuxie-renderer/src/mechanical_port/source/renderer/src/shaders/glsl_glsl.rs	prepared	verified	required	preserve-directive-and-every-branch-in-artifact-source	artifact-generation-and-compile	cpp:renderer/src/shaders/glsl.glsl:392
1	4ac7b32798da0482e441ef09304dc3b480ed3ee5	renderer/src/shaders/glsl.glsl	pp-0527	406	423	1	1	406	#ifdef @TARGET_SPIRV	(!((defined(@PLS_IMPL_STORAGE_BUFFER))) && (defined(@PLS_IMPL_STORAGE_TEXTURE) || defined(@USING_PLS_STORAGE_TEXTURES))) && (defined(@TARGET_SPIRV))	metal-shader-source-batch	crates/nuxie-renderer/src/mechanical_port/source/renderer/src/shaders/glsl_glsl.rs	prepared	verified	required	preserve-directive-and-every-branch-in-artifact-source	artifact-generation-and-compile	cpp:renderer/src/shaders/glsl.glsl:406
1	4ac7b32798da0482e441ef09304dc3b480ed3ee5	renderer/src/shaders/glsl.glsl	pp-0527	406	423	1	2	416	#else	(!((defined(@PLS_IMPL_STORAGE_BUFFER))) && (defined(@PLS_IMPL_STORAGE_TEXTURE) || defined(@USING_PLS_STORAGE_TEXTURES))) && (!((defined(@TARGET_SPIRV))))	metal-shader-source-batch	crates/nuxie-renderer/src/mechanical_port/source/renderer/src/shaders/glsl_glsl.rs	prepared	verified	required	preserve-directive-and-every-branch-in-artifact-source	artifact-generation-and-compile	cpp:renderer/src/shaders/glsl.glsl:416
1	4ac7b32798da0482e441ef09304dc3b480ed3ee5	renderer/src/shaders/glsl.glsl	pp-0528	444	466	0	1	444	#ifdef @PLS_IMPL_ANGLE	(defined(@PLS_IMPL_ANGLE))	metal-shader-source-batch	crates/nuxie-renderer/src/mechanical_port/source/renderer/src/shaders/glsl_glsl.rs	prepared	verified	required	preserve-directive-and-every-branch-in-artifact-source	artifact-generation-and-compile	cpp:renderer/src/shaders/glsl.glsl:444
1	4ac7b32798da0482e441ef09304dc3b480ed3ee5	renderer/src/shaders/glsl.glsl	pp-0529	468	506	0	1	468	#ifdef @PLS_IMPL_EXT_NATIVE	(defined(@PLS_IMPL_EXT_NATIVE))	metal-shader-source-batch	crates/nuxie-renderer/src/mechanical_port/source/renderer/src/shaders/glsl_glsl.rs	prepared	verified	required	preserve-directive-and-every-branch-in-artifact-source	artifact-generation-and-compile	cpp:renderer/src/shaders/glsl.glsl:468
1	4ac7b32798da0482e441ef09304dc3b480ed3ee5	renderer/src/shaders/glsl.glsl	pp-0530	470	476	1	1	470	#ifdef @FIXED_FUNCTION_COLOR_OUTPUT	(defined(@PLS_IMPL_EXT_NATIVE)) && (defined(@FIXED_FUNCTION_COLOR_OUTPUT))	metal-shader-source-batch	crates/nuxie-renderer/src/mechanical_port/source/renderer/src/shaders/glsl_glsl.rs	prepared	verified	required	preserve-directive-and-every-branch-in-artifact-source	artifact-generation-and-compile	cpp:renderer/src/shaders/glsl.glsl:470
1	4ac7b32798da0482e441ef09304dc3b480ed3ee5	renderer/src/shaders/glsl.glsl	pp-0530	470	476	1	2	474	#else	(defined(@PLS_IMPL_EXT_NATIVE)) && (!((defined(@FIXED_FUNCTION_COLOR_OUTPUT))))	metal-shader-source-batch	crates/nuxie-renderer/src/mechanical_port/source/renderer/src/shaders/glsl_glsl.rs	prepared	verified	required	preserve-directive-and-every-branch-in-artifact-source	artifact-generation-and-compile	cpp:renderer/src/shaders/glsl.glsl:474
1	4ac7b32798da0482e441ef09304dc3b480ed3ee5	renderer/src/shaders/glsl.glsl	pp-0531	499	505	1	1	499	#ifdef @FIXED_FUNCTION_COLOR_OUTPUT	(defined(@PLS_IMPL_EXT_NATIVE)) && (defined(@FIXED_FUNCTION_COLOR_OUTPUT))	metal-shader-source-batch	crates/nuxie-renderer/src/mechanical_port/source/renderer/src/shaders/glsl_glsl.rs	prepared	verified	required	preserve-directive-and-every-branch-in-artifact-source	artifact-generation-and-compile	cpp:renderer/src/shaders/glsl.glsl:499
1	4ac7b32798da0482e441ef09304dc3b480ed3ee5	renderer/src/shaders/glsl.glsl	pp-0532	508	538	0	1	508	#if defined(@PLS_IMPL_STORAGE_TEXTURE) || defined(@PLS_IMPL_STORAGE_BUFFER)	(defined(@PLS_IMPL_STORAGE_TEXTURE) || defined(@PLS_IMPL_STORAGE_BUFFER))	metal-shader-source-batch	crates/nuxie-renderer/src/mechanical_port/source/renderer/src/shaders/glsl_glsl.rs	prepared	verified	required	preserve-directive-and-every-branch-in-artifact-source	artifact-generation-and-compile	cpp:renderer/src/shaders/glsl.glsl:508
1	4ac7b32798da0482e441ef09304dc3b480ed3ee5	renderer/src/shaders/glsl.glsl	pp-0533	525	536	1	1	525	#if defined(GL_ARB_fragment_shader_interlock)	(defined(@PLS_IMPL_STORAGE_TEXTURE) || defined(@PLS_IMPL_STORAGE_BUFFER)) && (defined(GL_ARB_fragment_shader_interlock))	metal-shader-source-batch	crates/nuxie-renderer/src/mechanical_port/source/renderer/src/shaders/glsl_glsl.rs	prepared	verified	required	preserve-directive-and-every-branch-in-artifact-source	artifact-generation-and-compile	cpp:renderer/src/shaders/glsl.glsl:525
1	4ac7b32798da0482e441ef09304dc3b480ed3ee5	renderer/src/shaders/glsl.glsl	pp-0533	525	536	1	2	529	#elif defined(GL_INTEL_fragment_shader_ordering)	(defined(@PLS_IMPL_STORAGE_TEXTURE) || defined(@PLS_IMPL_STORAGE_BUFFER)) && (!((defined(GL_ARB_fragment_shader_interlock))) && (defined(GL_INTEL_fragment_shader_ordering)))	metal-shader-source-batch	crates/nuxie-renderer/src/mechanical_port/source/renderer/src/shaders/glsl_glsl.rs	prepared	verified	required	preserve-directive-and-every-branch-in-artifact-source	artifact-generation-and-compile	cpp:renderer/src/shaders/glsl.glsl:529
1	4ac7b32798da0482e441ef09304dc3b480ed3ee5	renderer/src/shaders/glsl.glsl	pp-0533	525	536	1	3	533	#else	(defined(@PLS_IMPL_STORAGE_TEXTURE) || defined(@PLS_IMPL_STORAGE_BUFFER)) && (!((defined(GL_ARB_fragment_shader_interlock)) || (defined(GL_INTEL_fragment_shader_ordering))))	metal-shader-source-batch	crates/nuxie-renderer/src/mechanical_port/source/renderer/src/shaders/glsl_glsl.rs	prepared	verified	required	preserve-directive-and-every-branch-in-artifact-source	artifact-generation-and-compile	cpp:renderer/src/shaders/glsl.glsl:533
1	4ac7b32798da0482e441ef09304dc3b480ed3ee5	renderer/src/shaders/glsl.glsl	pp-0534	540	572	0	1	540	#ifdef @PLS_IMPL_SUBPASS_LOAD	(defined(@PLS_IMPL_SUBPASS_LOAD))	metal-shader-source-batch	crates/nuxie-renderer/src/mechanical_port/source/renderer/src/shaders/glsl_glsl.rs	prepared	verified	required	preserve-directive-and-every-branch-in-artifact-source	artifact-generation-and-compile	cpp:renderer/src/shaders/glsl.glsl:540
1	4ac7b32798da0482e441ef09304dc3b480ed3ee5	renderer/src/shaders/glsl.glsl	pp-0535	574	592	0	1	574	#ifdef @PLS_IMPL_NONE	(defined(@PLS_IMPL_NONE))	metal-shader-source-batch	crates/nuxie-renderer/src/mechanical_port/source/renderer/src/shaders/glsl_glsl.rs	prepared	verified	required	preserve-directive-and-every-branch-in-artifact-source	artifact-generation-and-compile	cpp:renderer/src/shaders/glsl.glsl:574
1	4ac7b32798da0482e441ef09304dc3b480ed3ee5	renderer/src/shaders/glsl.glsl	pp-0536	594	596	0	1	594	#ifndef PLS_DECL4F_READONLY	(!defined(PLS_DECL4F_READONLY))	metal-shader-source-batch	crates/nuxie-renderer/src/mechanical_port/source/renderer/src/shaders/glsl_glsl.rs	prepared	verified	required	preserve-directive-and-every-branch-in-artifact-source	artifact-generation-and-compile	cpp:renderer/src/shaders/glsl.glsl:594
1	4ac7b32798da0482e441ef09304dc3b480ed3ee5	renderer/src/shaders/glsl.glsl	pp-0537	598	600	0	1	598	#ifdef @TARGET_SPIRV	(defined(@TARGET_SPIRV))	metal-shader-source-batch	crates/nuxie-renderer/src/mechanical_port/source/renderer/src/shaders/glsl_glsl.rs	prepared	verified	required	preserve-directive-and-every-branch-in-artifact-source	artifact-generation-and-compile	cpp:renderer/src/shaders/glsl.glsl:598
1	4ac7b32798da0482e441ef09304dc3b480ed3ee5	renderer/src/shaders/glsl.glsl	pp-0538	603	618	0	1	603	#ifdef @ENABLE_INSTANCE_INDEX	(defined(@ENABLE_INSTANCE_INDEX))	metal-shader-source-batch	crates/nuxie-renderer/src/mechanical_port/source/renderer/src/shaders/glsl_glsl.rs	prepared	verified	required	preserve-directive-and-every-branch-in-artifact-source	artifact-generation-and-compile	cpp:renderer/src/shaders/glsl.glsl:603
1	4ac7b32798da0482e441ef09304dc3b480ed3ee5	renderer/src/shaders/glsl.glsl	pp-0538	603	618	0	2	616	#else	(!((defined(@ENABLE_INSTANCE_INDEX))))	metal-shader-source-batch	crates/nuxie-renderer/src/mechanical_port/source/renderer/src/shaders/glsl_glsl.rs	prepared	verified	required	preserve-directive-and-every-branch-in-artifact-source	artifact-generation-and-compile	cpp:renderer/src/shaders/glsl.glsl:616
1	4ac7b32798da0482e441ef09304dc3b480ed3ee5	renderer/src/shaders/glsl.glsl	pp-0539	604	615	1	1	604	# ifdef @TARGET_SPIRV	(defined(@ENABLE_INSTANCE_INDEX)) && (defined(@TARGET_SPIRV))	metal-shader-source-batch	crates/nuxie-renderer/src/mechanical_port/source/renderer/src/shaders/glsl_glsl.rs	prepared	verified	required	preserve-directive-and-every-branch-in-artifact-source	artifact-generation-and-compile	cpp:renderer/src/shaders/glsl.glsl:604
1	4ac7b32798da0482e441ef09304dc3b480ed3ee5	renderer/src/shaders/glsl.glsl	pp-0539	604	615	1	2	606	# else	(defined(@ENABLE_INSTANCE_INDEX)) && (!((defined(@TARGET_SPIRV))))	metal-shader-source-batch	crates/nuxie-renderer/src/mechanical_port/source/renderer/src/shaders/glsl_glsl.rs	prepared	verified	required	preserve-directive-and-every-branch-in-artifact-source	artifact-generation-and-compile	cpp:renderer/src/shaders/glsl.glsl:606
1	4ac7b32798da0482e441ef09304dc3b480ed3ee5	renderer/src/shaders/glsl.glsl	pp-0540	607	614	2	1	607	# ifdef @BASE_INSTANCE_UNIFORM_NAME	(defined(@ENABLE_INSTANCE_INDEX)) && (!((defined(@TARGET_SPIRV)))) && (defined(@BASE_INSTANCE_UNIFORM_NAME))	metal-shader-source-batch	crates/nuxie-renderer/src/mechanical_port/source/renderer/src/shaders/glsl_glsl.rs	prepared	verified	required	preserve-directive-and-every-branch-in-artifact-source	artifact-generation-and-compile	cpp:renderer/src/shaders/glsl.glsl:607
1	4ac7b32798da0482e441ef09304dc3b480ed3ee5	renderer/src/shaders/glsl.glsl	pp-0540	607	614	2	2	612	# else	(defined(@ENABLE_INSTANCE_INDEX)) && (!((defined(@TARGET_SPIRV)))) && (!((defined(@BASE_INSTANCE_UNIFORM_NAME))))	metal-shader-source-batch	crates/nuxie-renderer/src/mechanical_port/source/renderer/src/shaders/glsl_glsl.rs	prepared	verified	required	preserve-directive-and-every-branch-in-artifact-source	artifact-generation-and-compile	cpp:renderer/src/shaders/glsl.glsl:612
1	4ac7b32798da0482e441ef09304dc3b480ed3ee5	renderer/src/shaders/glsl.glsl	pp-0541	663	683	0	1	663	#if defined(@PLS_IMPL_STORAGE_TEXTURE) || defined(@PLS_IMPL_STORAGE_BUFFER)	(defined(@PLS_IMPL_STORAGE_TEXTURE) || defined(@PLS_IMPL_STORAGE_BUFFER))	metal-shader-source-batch	crates/nuxie-renderer/src/mechanical_port/source/renderer/src/shaders/glsl_glsl.rs	prepared	verified	required	preserve-directive-and-every-branch-in-artifact-source	artifact-generation-and-compile	cpp:renderer/src/shaders/glsl.glsl:663
1	4ac7b32798da0482e441ef09304dc3b480ed3ee5	renderer/src/shaders/glsl.glsl	pp-0541	663	683	0	2	676	#else	(!((defined(@PLS_IMPL_STORAGE_TEXTURE) || defined(@PLS_IMPL_STORAGE_BUFFER))))	metal-shader-source-batch	crates/nuxie-renderer/src/mechanical_port/source/renderer/src/shaders/glsl_glsl.rs	prepared	verified	required	preserve-directive-and-every-branch-in-artifact-source	artifact-generation-and-compile	cpp:renderer/src/shaders/glsl.glsl:676
1	4ac7b32798da0482e441ef09304dc3b480ed3ee5	renderer/src/shaders/glsl.glsl	pp-0542	685	689	0	1	685	#ifndef PLS_FRAG_COLOR_MAIN	(!defined(PLS_FRAG_COLOR_MAIN))	metal-shader-source-batch	crates/nuxie-renderer/src/mechanical_port/source/renderer/src/shaders/glsl_glsl.rs	prepared	verified	required	preserve-directive-and-every-branch-in-artifact-source	artifact-generation-and-compile	cpp:renderer/src/shaders/glsl.glsl:685
1	4ac7b32798da0482e441ef09304dc3b480ed3ee5	renderer/src/shaders/glsl.glsl	pp-0543	693	708	0	1	693	#if defined(@TARGET_SPIRV) && !defined(@TARGET_WGSL)	(defined(@TARGET_SPIRV) && !defined(@TARGET_WGSL))	metal-shader-source-batch	crates/nuxie-renderer/src/mechanical_port/source/renderer/src/shaders/glsl_glsl.rs	prepared	verified	required	preserve-directive-and-every-branch-in-artifact-source	artifact-generation-and-compile	cpp:renderer/src/shaders/glsl.glsl:693
1	4ac7b32798da0482e441ef09304dc3b480ed3ee5	renderer/src/shaders/glsl.glsl	pp-0543	693	708	0	2	704	#else	(!((defined(@TARGET_SPIRV) && !defined(@TARGET_WGSL))))	metal-shader-source-batch	crates/nuxie-renderer/src/mechanical_port/source/renderer/src/shaders/glsl_glsl.rs	prepared	verified	required	preserve-directive-and-every-branch-in-artifact-source	artifact-generation-and-compile	cpp:renderer/src/shaders/glsl.glsl:704
1	4ac7b32798da0482e441ef09304dc3b480ed3ee5	renderer/src/shaders/glsl.glsl	pp-0544	715	726	0	1	715	#if @GLSL_VERSION < 310	(@GLSL_VERSION < 310)	metal-shader-source-batch	crates/nuxie-renderer/src/mechanical_port/source/renderer/src/shaders/glsl_glsl.rs	prepared	verified	required	preserve-directive-and-every-branch-in-artifact-source	artifact-generation-and-compile	cpp:renderer/src/shaders/glsl.glsl:715
1	4ac7b32798da0482e441ef09304dc3b480ed3ee5	renderer/src/shaders/hlsl.glsl	pp-0545	19	41	0	1	19	#ifndef $_ARE_TOKEN_NAMES_PRESERVED	(!defined($_ARE_TOKEN_NAMES_PRESERVED))	metal-shader-source-batch	crates/nuxie-renderer/src/mechanical_port/source/renderer/src/shaders/hlsl_glsl.rs	prepared	verified	required	preserve-directive-and-every-branch-in-artifact-source	artifact-generation-and-compile	cpp:renderer/src/shaders/hlsl.glsl:19
1	4ac7b32798da0482e441ef09304dc3b480ed3ee5	renderer/src/shaders/hlsl.glsl	pp-0546	45	61	0	1	45	#ifdef @ENABLE_MIN_16_PRECISION	(defined(@ENABLE_MIN_16_PRECISION))	metal-shader-source-batch	crates/nuxie-renderer/src/mechanical_port/source/renderer/src/shaders/hlsl_glsl.rs	prepared	verified	required	preserve-directive-and-every-branch-in-artifact-source	artifact-generation-and-compile	cpp:renderer/src/shaders/hlsl.glsl:45
1	4ac7b32798da0482e441ef09304dc3b480ed3ee5	renderer/src/shaders/hlsl.glsl	pp-0546	45	61	0	2	53	#else	(!((defined(@ENABLE_MIN_16_PRECISION))))	metal-shader-source-batch	crates/nuxie-renderer/src/mechanical_port/source/renderer/src/shaders/hlsl_glsl.rs	prepared	verified	required	preserve-directive-and-every-branch-in-artifact-source	artifact-generation-and-compile	cpp:renderer/src/shaders/hlsl.glsl:53
1	4ac7b32798da0482e441ef09304dc3b480ed3ee5	renderer/src/shaders/hlsl.glsl	pp-0547	108	111	0	1	108	#ifdef @VERTEX	(defined(@VERTEX))	metal-shader-source-batch	crates/nuxie-renderer/src/mechanical_port/source/renderer/src/shaders/hlsl_glsl.rs	prepared	verified	required	preserve-directive-and-every-branch-in-artifact-source	artifact-generation-and-compile	cpp:renderer/src/shaders/hlsl.glsl:108
1	4ac7b32798da0482e441ef09304dc3b480ed3ee5	renderer/src/shaders/hlsl.glsl	pp-0548	113	116	0	1	113	#ifdef @FRAGMENT	(defined(@FRAGMENT))	metal-shader-source-batch	crates/nuxie-renderer/src/mechanical_port/source/renderer/src/shaders/hlsl_glsl.rs	prepared	verified	required	preserve-directive-and-every-branch-in-artifact-source	artifact-generation-and-compile	cpp:renderer/src/shaders/hlsl.glsl:113
1	4ac7b32798da0482e441ef09304dc3b480ed3ee5	renderer/src/shaders/hlsl.glsl	pp-0549	167	171	0	1	167	#ifdef @ENABLE_RASTERIZER_ORDERED_VIEWS	(defined(@ENABLE_RASTERIZER_ORDERED_VIEWS))	metal-shader-source-batch	crates/nuxie-renderer/src/mechanical_port/source/renderer/src/shaders/hlsl_glsl.rs	prepared	verified	required	preserve-directive-and-every-branch-in-artifact-source	artifact-generation-and-compile	cpp:renderer/src/shaders/hlsl.glsl:167
1	4ac7b32798da0482e441ef09304dc3b480ed3ee5	renderer/src/shaders/hlsl.glsl	pp-0549	167	171	0	2	169	#else	(!((defined(@ENABLE_RASTERIZER_ORDERED_VIEWS))))	metal-shader-source-batch	crates/nuxie-renderer/src/mechanical_port/source/renderer/src/shaders/hlsl_glsl.rs	prepared	verified	required	preserve-directive-and-every-branch-in-artifact-source	artifact-generation-and-compile	cpp:renderer/src/shaders/hlsl.glsl:169
1	4ac7b32798da0482e441ef09304dc3b480ed3ee5	renderer/src/shaders/hlsl.glsl	pp-0550	174	179	0	1	174	#ifdef @ENABLE_TYPED_UAV_LOAD_STORE	(defined(@ENABLE_TYPED_UAV_LOAD_STORE))	metal-shader-source-batch	crates/nuxie-renderer/src/mechanical_port/source/renderer/src/shaders/hlsl_glsl.rs	prepared	verified	required	preserve-directive-and-every-branch-in-artifact-source	artifact-generation-and-compile	cpp:renderer/src/shaders/hlsl.glsl:174
1	4ac7b32798da0482e441ef09304dc3b480ed3ee5	renderer/src/shaders/hlsl.glsl	pp-0550	174	179	0	2	177	#else	(!((defined(@ENABLE_TYPED_UAV_LOAD_STORE))))	metal-shader-source-batch	crates/nuxie-renderer/src/mechanical_port/source/renderer/src/shaders/hlsl_glsl.rs	prepared	verified	required	preserve-directive-and-every-branch-in-artifact-source	artifact-generation-and-compile	cpp:renderer/src/shaders/hlsl.glsl:177
1	4ac7b32798da0482e441ef09304dc3b480ed3ee5	renderer/src/shaders/hlsl.glsl	pp-0551	187	191	0	1	187	#ifdef @ENABLE_TYPED_UAV_LOAD_STORE	(defined(@ENABLE_TYPED_UAV_LOAD_STORE))	metal-shader-source-batch	crates/nuxie-renderer/src/mechanical_port/source/renderer/src/shaders/hlsl_glsl.rs	prepared	verified	required	preserve-directive-and-every-branch-in-artifact-source	artifact-generation-and-compile	cpp:renderer/src/shaders/hlsl.glsl:187
1	4ac7b32798da0482e441ef09304dc3b480ed3ee5	renderer/src/shaders/hlsl.glsl	pp-0551	187	191	0	2	189	#else	(!((defined(@ENABLE_TYPED_UAV_LOAD_STORE))))	metal-shader-source-batch	crates/nuxie-renderer/src/mechanical_port/source/renderer/src/shaders/hlsl_glsl.rs	prepared	verified	required	preserve-directive-and-every-branch-in-artifact-source	artifact-generation-and-compile	cpp:renderer/src/shaders/hlsl.glsl:189
1	4ac7b32798da0482e441ef09304dc3b480ed3ee5	renderer/src/shaders/hlsl.glsl	pp-0552	193	197	0	1	193	#ifdef @ENABLE_TYPED_UAV_LOAD_STORE	(defined(@ENABLE_TYPED_UAV_LOAD_STORE))	metal-shader-source-batch	crates/nuxie-renderer/src/mechanical_port/source/renderer/src/shaders/hlsl_glsl.rs	prepared	verified	required	preserve-directive-and-every-branch-in-artifact-source	artifact-generation-and-compile	cpp:renderer/src/shaders/hlsl.glsl:193
1	4ac7b32798da0482e441ef09304dc3b480ed3ee5	renderer/src/shaders/hlsl.glsl	pp-0552	193	197	0	2	195	#else	(!((defined(@ENABLE_TYPED_UAV_LOAD_STORE))))	metal-shader-source-batch	crates/nuxie-renderer/src/mechanical_port/source/renderer/src/shaders/hlsl_glsl.rs	prepared	verified	required	preserve-directive-and-every-branch-in-artifact-source	artifact-generation-and-compile	cpp:renderer/src/shaders/hlsl.glsl:195
1	4ac7b32798da0482e441ef09304dc3b480ed3ee5	renderer/src/shaders/init_clockwise_atomic_workaround.frag	pp-0553	10	33	0	1	10	#ifdef @FRAGMENT	(defined(@FRAGMENT))	metal-shader-source-batch	crates/nuxie-renderer/src/mechanical_port/source/renderer/src/shaders/init_clockwise_atomic_workaround_frag.rs	prepared	verified	required	preserve-directive-and-every-branch-in-artifact-source	artifact-generation-and-compile	cpp:renderer/src/shaders/init_clockwise_atomic_workaround.frag:10
1	4ac7b32798da0482e441ef09304dc3b480ed3ee5	renderer/src/shaders/init_clockwise_atomic_workaround.frag	pp-0554	13	15	1	1	13	#ifndef @FIXED_FUNCTION_COLOR_OUTPUT	(defined(@FRAGMENT)) && (!defined(@FIXED_FUNCTION_COLOR_OUTPUT))	metal-shader-source-batch	crates/nuxie-renderer/src/mechanical_port/source/renderer/src/shaders/init_clockwise_atomic_workaround_frag.rs	prepared	verified	required	preserve-directive-and-every-branch-in-artifact-source	artifact-generation-and-compile	cpp:renderer/src/shaders/init_clockwise_atomic_workaround.frag:13
1	4ac7b32798da0482e441ef09304dc3b480ed3ee5	renderer/src/shaders/init_clockwise_atomic_workaround.frag	pp-0555	23	30	1	1	23	#ifndef @FIXED_FUNCTION_COLOR_OUTPUT	(defined(@FRAGMENT)) && (!defined(@FIXED_FUNCTION_COLOR_OUTPUT))	metal-shader-source-batch	crates/nuxie-renderer/src/mechanical_port/source/renderer/src/shaders/init_clockwise_atomic_workaround_frag.rs	prepared	verified	required	preserve-directive-and-every-branch-in-artifact-source	artifact-generation-and-compile	cpp:renderer/src/shaders/init_clockwise_atomic_workaround.frag:23
1	4ac7b32798da0482e441ef09304dc3b480ed3ee5	renderer/src/shaders/init_clockwise_atomic_workaround.frag	pp-0555	23	30	1	2	26	#else	(defined(@FRAGMENT)) && (!((!defined(@FIXED_FUNCTION_COLOR_OUTPUT))))	metal-shader-source-batch	crates/nuxie-renderer/src/mechanical_port/source/renderer/src/shaders/init_clockwise_atomic_workaround_frag.rs	prepared	verified	required	preserve-directive-and-every-branch-in-artifact-source	artifact-generation-and-compile	cpp:renderer/src/shaders/init_clockwise_atomic_workaround.frag:26
1	4ac7b32798da0482e441ef09304dc3b480ed3ee5	renderer/src/shaders/metal.glsl	pp-0556	12	44	0	1	12	#ifndef $_ARE_TOKEN_NAMES_PRESERVED	(!defined($_ARE_TOKEN_NAMES_PRESERVED))	metal-shader-source-batch	crates/nuxie-renderer/src/mechanical_port/source/renderer/src/shaders/metal_glsl.rs	prepared	verified	required	preserve-directive-and-every-branch-in-artifact-source	artifact-generation-and-compile	cpp:renderer/src/shaders/metal.glsl:12
1	4ac7b32798da0482e441ef09304dc3b480ed3ee5	renderer/src/shaders/metal.glsl	pp-0557	81	88	0	1	81	#ifndef @OPTIONALLY_FLAT	(!defined(@OPTIONALLY_FLAT))	metal-shader-source-batch	crates/nuxie-renderer/src/mechanical_port/source/renderer/src/shaders/metal_glsl.rs	prepared	verified	required	preserve-directive-and-every-branch-in-artifact-source	artifact-generation-and-compile	cpp:renderer/src/shaders/metal.glsl:81
1	4ac7b32798da0482e441ef09304dc3b480ed3ee5	renderer/src/shaders/metal.glsl	pp-0558	186	213	0	1	186	#ifdef @ENABLE_INSTANCE_INDEX	(defined(@ENABLE_INSTANCE_INDEX))	metal-shader-source-batch	crates/nuxie-renderer/src/mechanical_port/source/renderer/src/shaders/metal_glsl.rs	prepared	verified	required	preserve-directive-and-every-branch-in-artifact-source	artifact-generation-and-compile	cpp:renderer/src/shaders/metal.glsl:186
1	4ac7b32798da0482e441ef09304dc3b480ed3ee5	renderer/src/shaders/metal.glsl	pp-0558	186	213	0	2	201	#else	(!((defined(@ENABLE_INSTANCE_INDEX))))	metal-shader-source-batch	crates/nuxie-renderer/src/mechanical_port/source/renderer/src/shaders/metal_glsl.rs	prepared	verified	required	preserve-directive-and-every-branch-in-artifact-source	artifact-generation-and-compile	cpp:renderer/src/shaders/metal.glsl:201
1	4ac7b32798da0482e441ef09304dc3b480ed3ee5	renderer/src/shaders/metal.glsl	pp-0559	287	473	0	1	287	#ifdef @PLS_IMPL_DEVICE_BUFFER	(defined(@PLS_IMPL_DEVICE_BUFFER))	metal-shader-source-batch	crates/nuxie-renderer/src/mechanical_port/source/renderer/src/shaders/metal_glsl.rs	prepared	verified	required	preserve-directive-and-every-branch-in-artifact-source	artifact-generation-and-compile	cpp:renderer/src/shaders/metal.glsl:287
1	4ac7b32798da0482e441ef09304dc3b480ed3ee5	renderer/src/shaders/metal.glsl	pp-0559	287	473	0	2	382	#else // Default implementation -- framebuffer reads.	(!((defined(@PLS_IMPL_DEVICE_BUFFER))))	metal-shader-source-batch	crates/nuxie-renderer/src/mechanical_port/source/renderer/src/shaders/metal_glsl.rs	prepared	verified	required	preserve-directive-and-every-branch-in-artifact-source	artifact-generation-and-compile	cpp:renderer/src/shaders/metal.glsl:382
1	4ac7b32798da0482e441ef09304dc3b480ed3ee5	renderer/src/shaders/metal.glsl	pp-0560	292	321	1	1	292	#ifdef @PLS_IMPL_DEVICE_BUFFER_RASTER_ORDERED	(defined(@PLS_IMPL_DEVICE_BUFFER)) && (defined(@PLS_IMPL_DEVICE_BUFFER_RASTER_ORDERED))	metal-shader-source-batch	crates/nuxie-renderer/src/mechanical_port/source/renderer/src/shaders/metal_glsl.rs	prepared	verified	required	preserve-directive-and-every-branch-in-artifact-source	artifact-generation-and-compile	cpp:renderer/src/shaders/metal.glsl:292
1	4ac7b32798da0482e441ef09304dc3b480ed3ee5	renderer/src/shaders/metal.glsl	pp-0560	292	321	1	2	309	#else	(defined(@PLS_IMPL_DEVICE_BUFFER)) && (!((defined(@PLS_IMPL_DEVICE_BUFFER_RASTER_ORDERED))))	metal-shader-source-batch	crates/nuxie-renderer/src/mechanical_port/source/renderer/src/shaders/metal_glsl.rs	prepared	verified	required	preserve-directive-and-every-branch-in-artifact-source	artifact-generation-and-compile	cpp:renderer/src/shaders/metal.glsl:309
1	4ac7b32798da0482e441ef09304dc3b480ed3ee5	renderer/src/shaders/pls_load_store_ext.glsl	pp-0561	9	22	0	1	9	#ifdef @VERTEX	(defined(@VERTEX))	metal-shader-source-batch	crates/nuxie-renderer/src/mechanical_port/source/renderer/src/shaders/pls_load_store_ext_glsl.rs	prepared	verified	required	preserve-directive-and-every-branch-in-artifact-source	artifact-generation-and-compile	cpp:renderer/src/shaders/pls_load_store_ext.glsl:9
1	4ac7b32798da0482e441ef09304dc3b480ed3ee5	renderer/src/shaders/pls_load_store_ext.glsl	pp-0562	18	20	1	1	18	#ifdef @POST_INVERT_Y	(defined(@VERTEX)) && (defined(@POST_INVERT_Y))	metal-shader-source-batch	crates/nuxie-renderer/src/mechanical_port/source/renderer/src/shaders/pls_load_store_ext_glsl.rs	prepared	verified	required	preserve-directive-and-every-branch-in-artifact-source	artifact-generation-and-compile	cpp:renderer/src/shaders/pls_load_store_ext.glsl:18
1	4ac7b32798da0482e441ef09304dc3b480ed3ee5	renderer/src/shaders/pls_load_store_ext.glsl	pp-0563	24	105	0	1	24	#ifdef @FRAGMENT	(defined(@FRAGMENT))	metal-shader-source-batch	crates/nuxie-renderer/src/mechanical_port/source/renderer/src/shaders/pls_load_store_ext_glsl.rs	prepared	verified	required	preserve-directive-and-every-branch-in-artifact-source	artifact-generation-and-compile	cpp:renderer/src/shaders/pls_load_store_ext.glsl:24
1	4ac7b32798da0482e441ef09304dc3b480ed3ee5	renderer/src/shaders/pls_load_store_ext.glsl	pp-0564	27	31	1	1	27	#ifdef GL_ARM_shader_framebuffer_fetch	(defined(@FRAGMENT)) && (defined(GL_ARM_shader_framebuffer_fetch))	metal-shader-source-batch	crates/nuxie-renderer/src/mechanical_port/source/renderer/src/shaders/pls_load_store_ext_glsl.rs	prepared	verified	required	preserve-directive-and-every-branch-in-artifact-source	artifact-generation-and-compile	cpp:renderer/src/shaders/pls_load_store_ext.glsl:27
1	4ac7b32798da0482e441ef09304dc3b480ed3ee5	renderer/src/shaders/pls_load_store_ext.glsl	pp-0564	27	31	1	2	29	#else	(defined(@FRAGMENT)) && (!((defined(GL_ARM_shader_framebuffer_fetch))))	metal-shader-source-batch	crates/nuxie-renderer/src/mechanical_port/source/renderer/src/shaders/pls_load_store_ext_glsl.rs	prepared	verified	required	preserve-directive-and-every-branch-in-artifact-source	artifact-generation-and-compile	cpp:renderer/src/shaders/pls_load_store_ext.glsl:29
1	4ac7b32798da0482e441ef09304dc3b480ed3ee5	renderer/src/shaders/pls_load_store_ext.glsl	pp-0565	33	40	1	1	33	#ifdef @CLEAR_COLOR	(defined(@FRAGMENT)) && (defined(@CLEAR_COLOR))	metal-shader-source-batch	crates/nuxie-renderer/src/mechanical_port/source/renderer/src/shaders/pls_load_store_ext_glsl.rs	prepared	verified	required	preserve-directive-and-every-branch-in-artifact-source	artifact-generation-and-compile	cpp:renderer/src/shaders/pls_load_store_ext.glsl:33
1	4ac7b32798da0482e441ef09304dc3b480ed3ee5	renderer/src/shaders/pls_load_store_ext.glsl	pp-0566	34	39	2	1	34	#if __VERSION__ >= 310	(defined(@FRAGMENT)) && (defined(@CLEAR_COLOR)) && (__VERSION__ >= 310)	metal-shader-source-batch	crates/nuxie-renderer/src/mechanical_port/source/renderer/src/shaders/pls_load_store_ext_glsl.rs	prepared	verified	required	preserve-directive-and-every-branch-in-artifact-source	artifact-generation-and-compile	cpp:renderer/src/shaders/pls_load_store_ext.glsl:34
1	4ac7b32798da0482e441ef09304dc3b480ed3ee5	renderer/src/shaders/pls_load_store_ext.glsl	pp-0566	34	39	2	2	37	#else	(defined(@FRAGMENT)) && (defined(@CLEAR_COLOR)) && (!((__VERSION__ >= 310)))	metal-shader-source-batch	crates/nuxie-renderer/src/mechanical_port/source/renderer/src/shaders/pls_load_store_ext_glsl.rs	prepared	verified	required	preserve-directive-and-every-branch-in-artifact-source	artifact-generation-and-compile	cpp:renderer/src/shaders/pls_load_store_ext.glsl:37
1	4ac7b32798da0482e441ef09304dc3b480ed3ee5	renderer/src/shaders/pls_load_store_ext.glsl	pp-0567	42	103	1	1	42	#ifdef GL_EXT_shader_pixel_local_storage	(defined(@FRAGMENT)) && (defined(GL_EXT_shader_pixel_local_storage))	metal-shader-source-batch	crates/nuxie-renderer/src/mechanical_port/source/renderer/src/shaders/pls_load_store_ext_glsl.rs	prepared	verified	required	preserve-directive-and-every-branch-in-artifact-source	artifact-generation-and-compile	cpp:renderer/src/shaders/pls_load_store_ext.glsl:42
1	4ac7b32798da0482e441ef09304dc3b480ed3ee5	renderer/src/shaders/pls_load_store_ext.glsl	pp-0567	42	103	1	2	97	#else	(defined(@FRAGMENT)) && (!((defined(GL_EXT_shader_pixel_local_storage))))	metal-shader-source-batch	crates/nuxie-renderer/src/mechanical_port/source/renderer/src/shaders/pls_load_store_ext_glsl.rs	prepared	verified	required	preserve-directive-and-every-branch-in-artifact-source	artifact-generation-and-compile	cpp:renderer/src/shaders/pls_load_store_ext.glsl:97
1	4ac7b32798da0482e441ef09304dc3b480ed3ee5	renderer/src/shaders/pls_load_store_ext.glsl	pp-0568	44	48	2	1	44	#ifdef @STORE_COLOR	(defined(@FRAGMENT)) && (defined(GL_EXT_shader_pixel_local_storage)) && (defined(@STORE_COLOR))	metal-shader-source-batch	crates/nuxie-renderer/src/mechanical_port/source/renderer/src/shaders/pls_load_store_ext_glsl.rs	prepared	verified	required	preserve-directive-and-every-branch-in-artifact-source	artifact-generation-and-compile	cpp:renderer/src/shaders/pls_load_store_ext.glsl:44
1	4ac7b32798da0482e441ef09304dc3b480ed3ee5	renderer/src/shaders/pls_load_store_ext.glsl	pp-0568	44	48	2	2	46	#else	(defined(@FRAGMENT)) && (defined(GL_EXT_shader_pixel_local_storage)) && (!((defined(@STORE_COLOR))))	metal-shader-source-batch	crates/nuxie-renderer/src/mechanical_port/source/renderer/src/shaders/pls_load_store_ext_glsl.rs	prepared	verified	required	preserve-directive-and-every-branch-in-artifact-source	artifact-generation-and-compile	cpp:renderer/src/shaders/pls_load_store_ext.glsl:46
1	4ac7b32798da0482e441ef09304dc3b480ed3ee5	renderer/src/shaders/pls_load_store_ext.glsl	pp-0569	56	60	2	1	56	#ifndef GL_ARM_shader_framebuffer_fetch	(defined(@FRAGMENT)) && (defined(GL_EXT_shader_pixel_local_storage)) && (!defined(GL_ARM_shader_framebuffer_fetch))	metal-shader-source-batch	crates/nuxie-renderer/src/mechanical_port/source/renderer/src/shaders/pls_load_store_ext_glsl.rs	prepared	verified	required	preserve-directive-and-every-branch-in-artifact-source	artifact-generation-and-compile	cpp:renderer/src/shaders/pls_load_store_ext.glsl:56
1	4ac7b32798da0482e441ef09304dc3b480ed3ee5	renderer/src/shaders/pls_load_store_ext.glsl	pp-0570	57	59	3	1	57	#ifdef @LOAD_COLOR	(defined(@FRAGMENT)) && (defined(GL_EXT_shader_pixel_local_storage)) && (!defined(GL_ARM_shader_framebuffer_fetch)) && (defined(@LOAD_COLOR))	metal-shader-source-batch	crates/nuxie-renderer/src/mechanical_port/source/renderer/src/shaders/pls_load_store_ext_glsl.rs	prepared	verified	required	preserve-directive-and-every-branch-in-artifact-source	artifact-generation-and-compile	cpp:renderer/src/shaders/pls_load_store_ext.glsl:57
1	4ac7b32798da0482e441ef09304dc3b480ed3ee5	renderer/src/shaders/pls_load_store_ext.glsl	pp-0571	62	64	2	1	62	#ifdef @STORE_COLOR	(defined(@FRAGMENT)) && (defined(GL_EXT_shader_pixel_local_storage)) && (defined(@STORE_COLOR))	metal-shader-source-batch	crates/nuxie-renderer/src/mechanical_port/source/renderer/src/shaders/pls_load_store_ext_glsl.rs	prepared	verified	required	preserve-directive-and-every-branch-in-artifact-source	artifact-generation-and-compile	cpp:renderer/src/shaders/pls_load_store_ext.glsl:62
1	4ac7b32798da0482e441ef09304dc3b480ed3ee5	renderer/src/shaders/pls_load_store_ext.glsl	pp-0572	68	74	2	1	68	#ifdef @CLEAR_COLOR	(defined(@FRAGMENT)) && (defined(GL_EXT_shader_pixel_local_storage)) && (defined(@CLEAR_COLOR))	metal-shader-source-batch	crates/nuxie-renderer/src/mechanical_port/source/renderer/src/shaders/pls_load_store_ext_glsl.rs	prepared	verified	required	preserve-directive-and-every-branch-in-artifact-source	artifact-generation-and-compile	cpp:renderer/src/shaders/pls_load_store_ext.glsl:68
1	4ac7b32798da0482e441ef09304dc3b480ed3ee5	renderer/src/shaders/pls_load_store_ext.glsl	pp-0573	69	73	3	1	69	#if __VERSION__ >= 310	(defined(@FRAGMENT)) && (defined(GL_EXT_shader_pixel_local_storage)) && (defined(@CLEAR_COLOR)) && (__VERSION__ >= 310)	metal-shader-source-batch	crates/nuxie-renderer/src/mechanical_port/source/renderer/src/shaders/pls_load_store_ext_glsl.rs	prepared	verified	required	preserve-directive-and-every-branch-in-artifact-source	artifact-generation-and-compile	cpp:renderer/src/shaders/pls_load_store_ext.glsl:69
1	4ac7b32798da0482e441ef09304dc3b480ed3ee5	renderer/src/shaders/pls_load_store_ext.glsl	pp-0573	69	73	3	2	71	#else	(defined(@FRAGMENT)) && (defined(GL_EXT_shader_pixel_local_storage)) && (defined(@CLEAR_COLOR)) && (!((__VERSION__ >= 310)))	metal-shader-source-batch	crates/nuxie-renderer/src/mechanical_port/source/renderer/src/shaders/pls_load_store_ext_glsl.rs	prepared	verified	required	preserve-directive-and-every-branch-in-artifact-source	artifact-generation-and-compile	cpp:renderer/src/shaders/pls_load_store_ext.glsl:71
1	4ac7b32798da0482e441ef09304dc3b480ed3ee5	renderer/src/shaders/pls_load_store_ext.glsl	pp-0574	76	82	2	1	76	#ifdef @LOAD_COLOR	(defined(@FRAGMENT)) && (defined(GL_EXT_shader_pixel_local_storage)) && (defined(@LOAD_COLOR))	metal-shader-source-batch	crates/nuxie-renderer/src/mechanical_port/source/renderer/src/shaders/pls_load_store_ext_glsl.rs	prepared	verified	required	preserve-directive-and-every-branch-in-artifact-source	artifact-generation-and-compile	cpp:renderer/src/shaders/pls_load_store_ext.glsl:76
1	4ac7b32798da0482e441ef09304dc3b480ed3ee5	renderer/src/shaders/pls_load_store_ext.glsl	pp-0575	77	81	3	1	77	#ifdef GL_ARM_shader_framebuffer_fetch	(defined(@FRAGMENT)) && (defined(GL_EXT_shader_pixel_local_storage)) && (defined(@LOAD_COLOR)) && (defined(GL_ARM_shader_framebuffer_fetch))	metal-shader-source-batch	crates/nuxie-renderer/src/mechanical_port/source/renderer/src/shaders/pls_load_store_ext_glsl.rs	prepared	verified	required	preserve-directive-and-every-branch-in-artifact-source	artifact-generation-and-compile	cpp:renderer/src/shaders/pls_load_store_ext.glsl:77
1	4ac7b32798da0482e441ef09304dc3b480ed3ee5	renderer/src/shaders/pls_load_store_ext.glsl	pp-0575	77	81	3	2	79	#else	(defined(@FRAGMENT)) && (defined(GL_EXT_shader_pixel_local_storage)) && (defined(@LOAD_COLOR)) && (!((defined(GL_ARM_shader_framebuffer_fetch))))	metal-shader-source-batch	crates/nuxie-renderer/src/mechanical_port/source/renderer/src/shaders/pls_load_store_ext_glsl.rs	prepared	verified	required	preserve-directive-and-every-branch-in-artifact-source	artifact-generation-and-compile	cpp:renderer/src/shaders/pls_load_store_ext.glsl:79
1	4ac7b32798da0482e441ef09304dc3b480ed3ee5	renderer/src/shaders/pls_load_store_ext.glsl	pp-0576	84	86	2	1	84	#ifdef @CLEAR_COVERAGE	(defined(@FRAGMENT)) && (defined(GL_EXT_shader_pixel_local_storage)) && (defined(@CLEAR_COVERAGE))	metal-shader-source-batch	crates/nuxie-renderer/src/mechanical_port/source/renderer/src/shaders/pls_load_store_ext_glsl.rs	prepared	verified	required	preserve-directive-and-every-branch-in-artifact-source	artifact-generation-and-compile	cpp:renderer/src/shaders/pls_load_store_ext.glsl:84
1	4ac7b32798da0482e441ef09304dc3b480ed3ee5	renderer/src/shaders/pls_load_store_ext.glsl	pp-0577	88	90	2	1	88	#ifdef @CLEAR_CLIP	(defined(@FRAGMENT)) && (defined(GL_EXT_shader_pixel_local_storage)) && (defined(@CLEAR_CLIP))	metal-shader-source-batch	crates/nuxie-renderer/src/mechanical_port/source/renderer/src/shaders/pls_load_store_ext_glsl.rs	prepared	verified	required	preserve-directive-and-every-branch-in-artifact-source	artifact-generation-and-compile	cpp:renderer/src/shaders/pls_load_store_ext.glsl:88
1	4ac7b32798da0482e441ef09304dc3b480ed3ee5	renderer/src/shaders/pls_load_store_ext.glsl	pp-0578	92	94	2	1	92	#ifdef @STORE_COLOR	(defined(@FRAGMENT)) && (defined(GL_EXT_shader_pixel_local_storage)) && (defined(@STORE_COLOR))	metal-shader-source-batch	crates/nuxie-renderer/src/mechanical_port/source/renderer/src/shaders/pls_load_store_ext_glsl.rs	prepared	verified	required	preserve-directive-and-every-branch-in-artifact-source	artifact-generation-and-compile	cpp:renderer/src/shaders/pls_load_store_ext.glsl:92
1	4ac7b32798da0482e441ef09304dc3b480ed3ee5	renderer/src/shaders/render_atlas.glsl	pp-0579	5	11	0	1	5	#ifdef @VERTEX	(defined(@VERTEX))	metal-shader-source-batch	crates/nuxie-renderer/src/mechanical_port/source/renderer/src/shaders/render_atlas_glsl.rs	prepared	verified	required	preserve-directive-and-every-branch-in-artifact-source	artifact-generation-and-compile	cpp:renderer/src/shaders/render_atlas.glsl:5
1	4ac7b32798da0482e441ef09304dc3b480ed3ee5	renderer/src/shaders/render_atlas.glsl	pp-0580	17	58	0	1	17	#ifdef @VERTEX	(defined(@VERTEX))	metal-shader-source-batch	crates/nuxie-renderer/src/mechanical_port/source/renderer/src/shaders/render_atlas_glsl.rs	prepared	verified	required	preserve-directive-and-every-branch-in-artifact-source	artifact-generation-and-compile	cpp:renderer/src/shaders/render_atlas.glsl:17
1	4ac7b32798da0482e441ef09304dc3b480ed3ee5	renderer/src/shaders/render_atlas.glsl	pp-0581	43	45	1	1	43	#ifdef @POST_INVERT_Y	(defined(@VERTEX)) && (defined(@POST_INVERT_Y))	metal-shader-source-batch	crates/nuxie-renderer/src/mechanical_port/source/renderer/src/shaders/render_atlas_glsl.rs	prepared	verified	required	preserve-directive-and-every-branch-in-artifact-source	artifact-generation-and-compile	cpp:renderer/src/shaders/render_atlas.glsl:43
1	4ac7b32798da0482e441ef09304dc3b480ed3ee5	renderer/src/shaders/render_atlas.glsl	pp-0582	60	249	0	1	60	#ifdef @FRAGMENT	(defined(@FRAGMENT))	metal-shader-source-batch	crates/nuxie-renderer/src/mechanical_port/source/renderer/src/shaders/render_atlas_glsl.rs	prepared	verified	required	preserve-directive-and-every-branch-in-artifact-source	artifact-generation-and-compile	cpp:renderer/src/shaders/render_atlas.glsl:60
1	4ac7b32798da0482e441ef09304dc3b480ed3ee5	renderer/src/shaders/render_atlas.glsl	pp-0583	62	71	1	1	62	#ifdef @ATLAS_FEATHERED_FILL	(defined(@FRAGMENT)) && (defined(@ATLAS_FEATHERED_FILL))	metal-shader-source-batch	crates/nuxie-renderer/src/mechanical_port/source/renderer/src/shaders/render_atlas_glsl.rs	prepared	verified	required	preserve-directive-and-every-branch-in-artifact-source	artifact-generation-and-compile	cpp:renderer/src/shaders/render_atlas.glsl:62
1	4ac7b32798da0482e441ef09304dc3b480ed3ee5	renderer/src/shaders/render_atlas.glsl	pp-0584	73	247	1	1	73	#ifdef @ATLAS_RENDER_TARGET_R32UI_FRAMEBUFFER_FETCH	(defined(@FRAGMENT)) && (defined(@ATLAS_RENDER_TARGET_R32UI_FRAMEBUFFER_FETCH))	metal-shader-source-batch	crates/nuxie-renderer/src/mechanical_port/source/renderer/src/shaders/render_atlas_glsl.rs	prepared	verified	required	preserve-directive-and-every-branch-in-artifact-source	artifact-generation-and-compile	cpp:renderer/src/shaders/render_atlas.glsl:73
1	4ac7b32798da0482e441ef09304dc3b480ed3ee5	renderer/src/shaders/render_atlas.glsl	pp-0584	73	247	1	2	98	#elif defined(@ATLAS_RENDER_TARGET_R8_PLS_EXT)	(defined(@FRAGMENT)) && (!((defined(@ATLAS_RENDER_TARGET_R32UI_FRAMEBUFFER_FETCH))) && (defined(@ATLAS_RENDER_TARGET_R8_PLS_EXT)))	metal-shader-source-batch	crates/nuxie-renderer/src/mechanical_port/source/renderer/src/shaders/render_atlas_glsl.rs	prepared	verified	required	preserve-directive-and-every-branch-in-artifact-source	artifact-generation-and-compile	cpp:renderer/src/shaders/render_atlas.glsl:98
1	4ac7b32798da0482e441ef09304dc3b480ed3ee5	renderer/src/shaders/render_atlas.glsl	pp-0584	73	247	1	3	120	#elif defined(@ATLAS_RENDER_TARGET_R32UI_PLS_ANGLE)	(defined(@FRAGMENT)) && (!((defined(@ATLAS_RENDER_TARGET_R32UI_FRAMEBUFFER_FETCH)) || (defined(@ATLAS_RENDER_TARGET_R8_PLS_EXT))) && (defined(@ATLAS_RENDER_TARGET_R32UI_PLS_ANGLE)))	metal-shader-source-batch	crates/nuxie-renderer/src/mechanical_port/source/renderer/src/shaders/render_atlas_glsl.rs	prepared	verified	required	preserve-directive-and-every-branch-in-artifact-source	artifact-generation-and-compile	cpp:renderer/src/shaders/render_atlas.glsl:120
1	4ac7b32798da0482e441ef09304dc3b480ed3ee5	renderer/src/shaders/render_atlas.glsl	pp-0584	73	247	1	4	145	#elif defined(@ATLAS_RENDER_TARGET_R32I_ATOMIC_TEXTURE)	(defined(@FRAGMENT)) && (!((defined(@ATLAS_RENDER_TARGET_R32UI_FRAMEBUFFER_FETCH)) || (defined(@ATLAS_RENDER_TARGET_R8_PLS_EXT)) || (defined(@ATLAS_RENDER_TARGET_R32UI_PLS_ANGLE))) && (defined(@ATLAS_RENDER_TARGET_R32I_ATOMIC_TEXTURE)))	metal-shader-source-batch	crates/nuxie-renderer/src/mechanical_port/source/renderer/src/shaders/render_atlas_glsl.rs	prepared	verified	required	preserve-directive-and-every-branch-in-artifact-source	artifact-generation-and-compile	cpp:renderer/src/shaders/render_atlas.glsl:145
1	4ac7b32798da0482e441ef09304dc3b480ed3ee5	renderer/src/shaders/render_atlas.glsl	pp-0584	73	247	1	5	174	#elif defined(@ATLAS_RENDER_TARGET_RGBA8_UNORM)	(defined(@FRAGMENT)) && (!((defined(@ATLAS_RENDER_TARGET_R32UI_FRAMEBUFFER_FETCH)) || (defined(@ATLAS_RENDER_TARGET_R8_PLS_EXT)) || (defined(@ATLAS_RENDER_TARGET_R32UI_PLS_ANGLE)) || (defined(@ATLAS_RENDER_TARGET_R32I_ATOMIC_TEXTURE))) && (defined(@ATLAS_RENDER_TARGET_RGBA8_UNORM)))	metal-shader-source-batch	crates/nuxie-renderer/src/mechanical_port/source/renderer/src/shaders/render_atlas_glsl.rs	prepared	verified	required	preserve-directive-and-every-branch-in-artifact-source	artifact-generation-and-compile	cpp:renderer/src/shaders/render_atlas.glsl:174
1	4ac7b32798da0482e441ef09304dc3b480ed3ee5	renderer/src/shaders/render_atlas.glsl	pp-0584	73	247	1	6	224	#else	(defined(@FRAGMENT)) && (!((defined(@ATLAS_RENDER_TARGET_R32UI_FRAMEBUFFER_FETCH)) || (defined(@ATLAS_RENDER_TARGET_R8_PLS_EXT)) || (defined(@ATLAS_RENDER_TARGET_R32UI_PLS_ANGLE)) || (defined(@ATLAS_RENDER_TARGET_R32I_ATOMIC_TEXTURE)) || (defined(@ATLAS_RENDER_TARGET_RGBA8_UNORM))))	metal-shader-source-batch	crates/nuxie-renderer/src/mechanical_port/source/renderer/src/shaders/render_atlas_glsl.rs	prepared	verified	required	preserve-directive-and-every-branch-in-artifact-source	artifact-generation-and-compile	cpp:renderer/src/shaders/render_atlas.glsl:224
1	4ac7b32798da0482e441ef09304dc3b480ed3ee5	renderer/src/shaders/render_atlas.glsl	pp-0585	79	87	2	1	79	#ifdef @ATLAS_FEATHERED_FILL	(defined(@FRAGMENT)) && (defined(@ATLAS_RENDER_TARGET_R32UI_FRAMEBUFFER_FETCH)) && (defined(@ATLAS_FEATHERED_FILL))	metal-shader-source-batch	crates/nuxie-renderer/src/mechanical_port/source/renderer/src/shaders/render_atlas_glsl.rs	prepared	verified	required	preserve-directive-and-every-branch-in-artifact-source	artifact-generation-and-compile	cpp:renderer/src/shaders/render_atlas.glsl:79
1	4ac7b32798da0482e441ef09304dc3b480ed3ee5	renderer/src/shaders/render_atlas.glsl	pp-0586	89	96	2	1	89	#ifdef @ATLAS_FEATHERED_STROKE	(defined(@FRAGMENT)) && (defined(@ATLAS_RENDER_TARGET_R32UI_FRAMEBUFFER_FETCH)) && (defined(@ATLAS_FEATHERED_STROKE))	metal-shader-source-batch	crates/nuxie-renderer/src/mechanical_port/source/renderer/src/shaders/render_atlas_glsl.rs	prepared	verified	required	preserve-directive-and-every-branch-in-artifact-source	artifact-generation-and-compile	cpp:renderer/src/shaders/render_atlas.glsl:89
1	4ac7b32798da0482e441ef09304dc3b480ed3ee5	renderer/src/shaders/render_atlas.glsl	pp-0587	104	111	2	1	104	#ifdef @ATLAS_FEATHERED_FILL	(defined(@FRAGMENT)) && (!((defined(@ATLAS_RENDER_TARGET_R32UI_FRAMEBUFFER_FETCH))) && (defined(@ATLAS_RENDER_TARGET_R8_PLS_EXT))) && (defined(@ATLAS_FEATHERED_FILL))	metal-shader-source-batch	crates/nuxie-renderer/src/mechanical_port/source/renderer/src/shaders/render_atlas_glsl.rs	prepared	verified	required	preserve-directive-and-every-branch-in-artifact-source	artifact-generation-and-compile	cpp:renderer/src/shaders/render_atlas.glsl:104
1	4ac7b32798da0482e441ef09304dc3b480ed3ee5	renderer/src/shaders/render_atlas.glsl	pp-0588	113	118	2	1	113	#ifdef @ATLAS_FEATHERED_STROKE	(defined(@FRAGMENT)) && (!((defined(@ATLAS_RENDER_TARGET_R32UI_FRAMEBUFFER_FETCH))) && (defined(@ATLAS_RENDER_TARGET_R8_PLS_EXT))) && (defined(@ATLAS_FEATHERED_STROKE))	metal-shader-source-batch	crates/nuxie-renderer/src/mechanical_port/source/renderer/src/shaders/render_atlas_glsl.rs	prepared	verified	required	preserve-directive-and-every-branch-in-artifact-source	artifact-generation-and-compile	cpp:renderer/src/shaders/render_atlas.glsl:113
1	4ac7b32798da0482e441ef09304dc3b480ed3ee5	renderer/src/shaders/render_atlas.glsl	pp-0589	126	134	2	1	126	#ifdef @ATLAS_FEATHERED_FILL	(defined(@FRAGMENT)) && (!((defined(@ATLAS_RENDER_TARGET_R32UI_FRAMEBUFFER_FETCH)) || (defined(@ATLAS_RENDER_TARGET_R8_PLS_EXT))) && (defined(@ATLAS_RENDER_TARGET_R32UI_PLS_ANGLE))) && (defined(@ATLAS_FEATHERED_FILL))	metal-shader-source-batch	crates/nuxie-renderer/src/mechanical_port/source/renderer/src/shaders/render_atlas_glsl.rs	prepared	verified	required	preserve-directive-and-every-branch-in-artifact-source	artifact-generation-and-compile	cpp:renderer/src/shaders/render_atlas.glsl:126
1	4ac7b32798da0482e441ef09304dc3b480ed3ee5	renderer/src/shaders/render_atlas.glsl	pp-0590	136	143	2	1	136	#ifdef @ATLAS_FEATHERED_STROKE	(defined(@FRAGMENT)) && (!((defined(@ATLAS_RENDER_TARGET_R32UI_FRAMEBUFFER_FETCH)) || (defined(@ATLAS_RENDER_TARGET_R8_PLS_EXT))) && (defined(@ATLAS_RENDER_TARGET_R32UI_PLS_ANGLE))) && (defined(@ATLAS_FEATHERED_STROKE))	metal-shader-source-batch	crates/nuxie-renderer/src/mechanical_port/source/renderer/src/shaders/render_atlas_glsl.rs	prepared	verified	required	preserve-directive-and-every-branch-in-artifact-source	artifact-generation-and-compile	cpp:renderer/src/shaders/render_atlas.glsl:136
1	4ac7b32798da0482e441ef09304dc3b480ed3ee5	renderer/src/shaders/render_atlas.glsl	pp-0591	156	164	2	1	156	#ifdef @ATLAS_FEATHERED_FILL	(defined(@FRAGMENT)) && (!((defined(@ATLAS_RENDER_TARGET_R32UI_FRAMEBUFFER_FETCH)) || (defined(@ATLAS_RENDER_TARGET_R8_PLS_EXT)) || (defined(@ATLAS_RENDER_TARGET_R32UI_PLS_ANGLE))) && (defined(@ATLAS_RENDER_TARGET_R32I_ATOMIC_TEXTURE))) && (defined(@ATLAS_FEATHERED_FILL))	metal-shader-source-batch	crates/nuxie-renderer/src/mechanical_port/source/renderer/src/shaders/render_atlas_glsl.rs	prepared	verified	required	preserve-directive-and-every-branch-in-artifact-source	artifact-generation-and-compile	cpp:renderer/src/shaders/render_atlas.glsl:156
1	4ac7b32798da0482e441ef09304dc3b480ed3ee5	renderer/src/shaders/render_atlas.glsl	pp-0592	166	172	2	1	166	#ifdef @ATLAS_FEATHERED_STROKE	(defined(@FRAGMENT)) && (!((defined(@ATLAS_RENDER_TARGET_R32UI_FRAMEBUFFER_FETCH)) || (defined(@ATLAS_RENDER_TARGET_R8_PLS_EXT)) || (defined(@ATLAS_RENDER_TARGET_R32UI_PLS_ANGLE))) && (defined(@ATLAS_RENDER_TARGET_R32I_ATOMIC_TEXTURE))) && (defined(@ATLAS_FEATHERED_STROKE))	metal-shader-source-batch	crates/nuxie-renderer/src/mechanical_port/source/renderer/src/shaders/render_atlas_glsl.rs	prepared	verified	required	preserve-directive-and-every-branch-in-artifact-source	artifact-generation-and-compile	cpp:renderer/src/shaders/render_atlas.glsl:166
1	4ac7b32798da0482e441ef09304dc3b480ed3ee5	renderer/src/shaders/render_atlas.glsl	pp-0593	179	210	2	1	179	#ifdef @ATLAS_FEATHERED_FILL	(defined(@FRAGMENT)) && (!((defined(@ATLAS_RENDER_TARGET_R32UI_FRAMEBUFFER_FETCH)) || (defined(@ATLAS_RENDER_TARGET_R8_PLS_EXT)) || (defined(@ATLAS_RENDER_TARGET_R32UI_PLS_ANGLE)) || (defined(@ATLAS_RENDER_TARGET_R32I_ATOMIC_TEXTURE))) && (defined(@ATLAS_RENDER_TARGET_RGBA8_UNORM))) && (defined(@ATLAS_FEATHERED_FILL))	metal-shader-source-batch	crates/nuxie-renderer/src/mechanical_port/source/renderer/src/shaders/render_atlas_glsl.rs	prepared	verified	required	preserve-directive-and-every-branch-in-artifact-source	artifact-generation-and-compile	cpp:renderer/src/shaders/render_atlas.glsl:179
1	4ac7b32798da0482e441ef09304dc3b480ed3ee5	renderer/src/shaders/render_atlas.glsl	pp-0594	212	222	2	1	212	#ifdef @ATLAS_FEATHERED_STROKE	(defined(@FRAGMENT)) && (!((defined(@ATLAS_RENDER_TARGET_R32UI_FRAMEBUFFER_FETCH)) || (defined(@ATLAS_RENDER_TARGET_R8_PLS_EXT)) || (defined(@ATLAS_RENDER_TARGET_R32UI_PLS_ANGLE)) || (defined(@ATLAS_RENDER_TARGET_R32I_ATOMIC_TEXTURE))) && (defined(@ATLAS_RENDER_TARGET_RGBA8_UNORM))) && (defined(@ATLAS_FEATHERED_STROKE))	metal-shader-source-batch	crates/nuxie-renderer/src/mechanical_port/source/renderer/src/shaders/render_atlas_glsl.rs	prepared	verified	required	preserve-directive-and-every-branch-in-artifact-source	artifact-generation-and-compile	cpp:renderer/src/shaders/render_atlas.glsl:212
1	4ac7b32798da0482e441ef09304dc3b480ed3ee5	renderer/src/shaders/render_atlas.glsl	pp-0595	230	237	2	1	230	#ifdef @ATLAS_FEATHERED_FILL	(defined(@FRAGMENT)) && (!((defined(@ATLAS_RENDER_TARGET_R32UI_FRAMEBUFFER_FETCH)) || (defined(@ATLAS_RENDER_TARGET_R8_PLS_EXT)) || (defined(@ATLAS_RENDER_TARGET_R32UI_PLS_ANGLE)) || (defined(@ATLAS_RENDER_TARGET_R32I_ATOMIC_TEXTURE)) || (defined(@ATLAS_RENDER_TARGET_RGBA8_UNORM)))) && (defined(@ATLAS_FEATHERED_FILL))	metal-shader-source-batch	crates/nuxie-renderer/src/mechanical_port/source/renderer/src/shaders/render_atlas_glsl.rs	prepared	verified	required	preserve-directive-and-every-branch-in-artifact-source	artifact-generation-and-compile	cpp:renderer/src/shaders/render_atlas.glsl:230
1	4ac7b32798da0482e441ef09304dc3b480ed3ee5	renderer/src/shaders/render_atlas.glsl	pp-0596	239	245	2	1	239	#ifdef @ATLAS_FEATHERED_STROKE	(defined(@FRAGMENT)) && (!((defined(@ATLAS_RENDER_TARGET_R32UI_FRAMEBUFFER_FETCH)) || (defined(@ATLAS_RENDER_TARGET_R8_PLS_EXT)) || (defined(@ATLAS_RENDER_TARGET_R32UI_PLS_ANGLE)) || (defined(@ATLAS_RENDER_TARGET_R32I_ATOMIC_TEXTURE)) || (defined(@ATLAS_RENDER_TARGET_RGBA8_UNORM)))) && (defined(@ATLAS_FEATHERED_STROKE))	metal-shader-source-batch	crates/nuxie-renderer/src/mechanical_port/source/renderer/src/shaders/render_atlas_glsl.rs	prepared	verified	required	preserve-directive-and-every-branch-in-artifact-source	artifact-generation-and-compile	cpp:renderer/src/shaders/render_atlas.glsl:239
1	4ac7b32798da0482e441ef09304dc3b480ed3ee5	renderer/src/shaders/resolve_atlas.glsl	pp-0597	11	21	0	1	11	#ifdef @VERTEX	(defined(@VERTEX))	metal-shader-source-batch	crates/nuxie-renderer/src/mechanical_port/source/renderer/src/shaders/resolve_atlas_glsl.rs	prepared	verified	required	preserve-directive-and-every-branch-in-artifact-source	artifact-generation-and-compile	cpp:renderer/src/shaders/resolve_atlas.glsl:11
1	4ac7b32798da0482e441ef09304dc3b480ed3ee5	renderer/src/shaders/resolve_atlas.glsl	pp-0598	23	93	0	1	23	#ifdef @FRAGMENT	(defined(@FRAGMENT))	metal-shader-source-batch	crates/nuxie-renderer/src/mechanical_port/source/renderer/src/shaders/resolve_atlas_glsl.rs	prepared	verified	required	preserve-directive-and-every-branch-in-artifact-source	artifact-generation-and-compile	cpp:renderer/src/shaders/resolve_atlas.glsl:23
1	4ac7b32798da0482e441ef09304dc3b480ed3ee5	renderer/src/shaders/resolve_atlas.glsl	pp-0599	27	91	1	1	27	#ifdef @ATLAS_RENDER_TARGET_R32UI_FRAMEBUFFER_FETCH	(defined(@FRAGMENT)) && (defined(@ATLAS_RENDER_TARGET_R32UI_FRAMEBUFFER_FETCH))	metal-shader-source-batch	crates/nuxie-renderer/src/mechanical_port/source/renderer/src/shaders/resolve_atlas_glsl.rs	prepared	verified	required	preserve-directive-and-every-branch-in-artifact-source	artifact-generation-and-compile	cpp:renderer/src/shaders/resolve_atlas.glsl:27
1	4ac7b32798da0482e441ef09304dc3b480ed3ee5	renderer/src/shaders/resolve_atlas.glsl	pp-0599	27	91	1	2	34	#elif defined(@ATLAS_RENDER_TARGET_R8_PLS_EXT)	(defined(@FRAGMENT)) && (!((defined(@ATLAS_RENDER_TARGET_R32UI_FRAMEBUFFER_FETCH))) && (defined(@ATLAS_RENDER_TARGET_R8_PLS_EXT)))	metal-shader-source-batch	crates/nuxie-renderer/src/mechanical_port/source/renderer/src/shaders/resolve_atlas_glsl.rs	prepared	verified	required	preserve-directive-and-every-branch-in-artifact-source	artifact-generation-and-compile	cpp:renderer/src/shaders/resolve_atlas.glsl:34
1	4ac7b32798da0482e441ef09304dc3b480ed3ee5	renderer/src/shaders/resolve_atlas.glsl	pp-0599	27	91	1	3	52	#elif defined(@ATLAS_RENDER_TARGET_R32UI_PLS_ANGLE)	(defined(@FRAGMENT)) && (!((defined(@ATLAS_RENDER_TARGET_R32UI_FRAMEBUFFER_FETCH)) || (defined(@ATLAS_RENDER_TARGET_R8_PLS_EXT))) && (defined(@ATLAS_RENDER_TARGET_R32UI_PLS_ANGLE)))	metal-shader-source-batch	crates/nuxie-renderer/src/mechanical_port/source/renderer/src/shaders/resolve_atlas_glsl.rs	prepared	verified	required	preserve-directive-and-every-branch-in-artifact-source	artifact-generation-and-compile	cpp:renderer/src/shaders/resolve_atlas.glsl:52
1	4ac7b32798da0482e441ef09304dc3b480ed3ee5	renderer/src/shaders/resolve_atlas.glsl	pp-0599	27	91	1	4	62	#elif defined(@ATLAS_RENDER_TARGET_R32I_ATOMIC_TEXTURE)	(defined(@FRAGMENT)) && (!((defined(@ATLAS_RENDER_TARGET_R32UI_FRAMEBUFFER_FETCH)) || (defined(@ATLAS_RENDER_TARGET_R8_PLS_EXT)) || (defined(@ATLAS_RENDER_TARGET_R32UI_PLS_ANGLE))) && (defined(@ATLAS_RENDER_TARGET_R32I_ATOMIC_TEXTURE)))	metal-shader-source-batch	crates/nuxie-renderer/src/mechanical_port/source/renderer/src/shaders/resolve_atlas_glsl.rs	prepared	verified	required	preserve-directive-and-every-branch-in-artifact-source	artifact-generation-and-compile	cpp:renderer/src/shaders/resolve_atlas.glsl:62
1	4ac7b32798da0482e441ef09304dc3b480ed3ee5	renderer/src/shaders/resolve_atlas.glsl	pp-0599	27	91	1	5	73	#elif defined(@ATLAS_RENDER_TARGET_RGBA8_UNORM)	(defined(@FRAGMENT)) && (!((defined(@ATLAS_RENDER_TARGET_R32UI_FRAMEBUFFER_FETCH)) || (defined(@ATLAS_RENDER_TARGET_R8_PLS_EXT)) || (defined(@ATLAS_RENDER_TARGET_R32UI_PLS_ANGLE)) || (defined(@ATLAS_RENDER_TARGET_R32I_ATOMIC_TEXTURE))) && (defined(@ATLAS_RENDER_TARGET_RGBA8_UNORM)))	metal-shader-source-batch	crates/nuxie-renderer/src/mechanical_port/source/renderer/src/shaders/resolve_atlas_glsl.rs	prepared	verified	required	preserve-directive-and-every-branch-in-artifact-source	artifact-generation-and-compile	cpp:renderer/src/shaders/resolve_atlas.glsl:73
1	4ac7b32798da0482e441ef09304dc3b480ed3ee5	renderer/src/shaders/resolve_atlas.glsl	pp-0600	36	41	2	1	36	#ifdef @CLEAR_COVERAGE	(defined(@FRAGMENT)) && (!((defined(@ATLAS_RENDER_TARGET_R32UI_FRAMEBUFFER_FETCH))) && (defined(@ATLAS_RENDER_TARGET_R8_PLS_EXT))) && (defined(@CLEAR_COVERAGE))	metal-shader-source-batch	crates/nuxie-renderer/src/mechanical_port/source/renderer/src/shaders/resolve_atlas_glsl.rs	prepared	verified	required	preserve-directive-and-every-branch-in-artifact-source	artifact-generation-and-compile	cpp:renderer/src/shaders/resolve_atlas.glsl:36
1	4ac7b32798da0482e441ef09304dc3b480ed3ee5	renderer/src/shaders/resolve_atlas.glsl	pp-0600	36	41	2	2	38	#else	(defined(@FRAGMENT)) && (!((defined(@ATLAS_RENDER_TARGET_R32UI_FRAMEBUFFER_FETCH))) && (defined(@ATLAS_RENDER_TARGET_R8_PLS_EXT))) && (!((defined(@CLEAR_COVERAGE))))	metal-shader-source-batch	crates/nuxie-renderer/src/mechanical_port/source/renderer/src/shaders/resolve_atlas_glsl.rs	prepared	verified	required	preserve-directive-and-every-branch-in-artifact-source	artifact-generation-and-compile	cpp:renderer/src/shaders/resolve_atlas.glsl:38
1	4ac7b32798da0482e441ef09304dc3b480ed3ee5	renderer/src/shaders/resolve_atlas.glsl	pp-0601	45	49	2	1	45	#ifdef @CLEAR_COVERAGE	(defined(@FRAGMENT)) && (!((defined(@ATLAS_RENDER_TARGET_R32UI_FRAMEBUFFER_FETCH))) && (defined(@ATLAS_RENDER_TARGET_R8_PLS_EXT))) && (defined(@CLEAR_COVERAGE))	metal-shader-source-batch	crates/nuxie-renderer/src/mechanical_port/source/renderer/src/shaders/resolve_atlas_glsl.rs	prepared	verified	required	preserve-directive-and-every-branch-in-artifact-source	artifact-generation-and-compile	cpp:renderer/src/shaders/resolve_atlas.glsl:45
1	4ac7b32798da0482e441ef09304dc3b480ed3ee5	renderer/src/shaders/resolve_atlas.glsl	pp-0601	45	49	2	2	47	#else	(defined(@FRAGMENT)) && (!((defined(@ATLAS_RENDER_TARGET_R32UI_FRAMEBUFFER_FETCH))) && (defined(@ATLAS_RENDER_TARGET_R8_PLS_EXT))) && (!((defined(@CLEAR_COVERAGE))))	metal-shader-source-batch	crates/nuxie-renderer/src/mechanical_port/source/renderer/src/shaders/resolve_atlas_glsl.rs	prepared	verified	required	preserve-directive-and-every-branch-in-artifact-source	artifact-generation-and-compile	cpp:renderer/src/shaders/resolve_atlas.glsl:47
1	4ac7b32798da0482e441ef09304dc3b480ed3ee5	renderer/src/shaders/rhi.glsl	pp-0602	19	50	0	1	19	#ifndef $_ARE_TOKEN_NAMES_PRESERVED	(!defined($_ARE_TOKEN_NAMES_PRESERVED))	metal-shader-source-batch	crates/nuxie-renderer/src/mechanical_port/source/renderer/src/shaders/rhi_glsl.rs	prepared	verified	required	preserve-directive-and-every-branch-in-artifact-source	artifact-generation-and-compile	cpp:renderer/src/shaders/rhi.glsl:19
1	4ac7b32798da0482e441ef09304dc3b480ed3ee5	renderer/src/shaders/rhi.glsl	pp-0603	54	70	0	1	54	#ifdef @ENABLE_MIN_16_PRECISION	(defined(@ENABLE_MIN_16_PRECISION))	metal-shader-source-batch	crates/nuxie-renderer/src/mechanical_port/source/renderer/src/shaders/rhi_glsl.rs	prepared	verified	required	preserve-directive-and-every-branch-in-artifact-source	artifact-generation-and-compile	cpp:renderer/src/shaders/rhi.glsl:54
1	4ac7b32798da0482e441ef09304dc3b480ed3ee5	renderer/src/shaders/rhi.glsl	pp-0603	54	70	0	2	62	#else	(!((defined(@ENABLE_MIN_16_PRECISION))))	metal-shader-source-batch	crates/nuxie-renderer/src/mechanical_port/source/renderer/src/shaders/rhi_glsl.rs	prepared	verified	required	preserve-directive-and-every-branch-in-artifact-source	artifact-generation-and-compile	cpp:renderer/src/shaders/rhi.glsl:62
1	4ac7b32798da0482e441ef09304dc3b480ed3ee5	renderer/src/shaders/rhi.glsl	pp-0604	56	60	1	1	56	#if NEEDS_USHORT_DEFINE	(defined(@ENABLE_MIN_16_PRECISION)) && (NEEDS_USHORT_DEFINE)	metal-shader-source-batch	crates/nuxie-renderer/src/mechanical_port/source/renderer/src/shaders/rhi_glsl.rs	prepared	verified	required	preserve-directive-and-every-branch-in-artifact-source	artifact-generation-and-compile	cpp:renderer/src/shaders/rhi.glsl:56
1	4ac7b32798da0482e441ef09304dc3b480ed3ee5	renderer/src/shaders/rhi.glsl	pp-0605	64	68	1	1	64	#if NEEDS_USHORT_DEFINE	(!((defined(@ENABLE_MIN_16_PRECISION)))) && (NEEDS_USHORT_DEFINE)	metal-shader-source-batch	crates/nuxie-renderer/src/mechanical_port/source/renderer/src/shaders/rhi_glsl.rs	prepared	verified	required	preserve-directive-and-every-branch-in-artifact-source	artifact-generation-and-compile	cpp:renderer/src/shaders/rhi.glsl:64
1	4ac7b32798da0482e441ef09304dc3b480ed3ee5	renderer/src/shaders/rhi.glsl	pp-0606	108	119	0	1	108	#ifdef @NEEDS_CLIP_DISTANCE	(defined(@NEEDS_CLIP_DISTANCE))	metal-shader-source-batch	crates/nuxie-renderer/src/mechanical_port/source/renderer/src/shaders/rhi_glsl.rs	prepared	verified	required	preserve-directive-and-every-branch-in-artifact-source	artifact-generation-and-compile	cpp:renderer/src/shaders/rhi.glsl:108
1	4ac7b32798da0482e441ef09304dc3b480ed3ee5	renderer/src/shaders/rhi.glsl	pp-0606	108	119	0	2	114	#else // !@NEEDS_CLIP_DISTANCE	(!((defined(@NEEDS_CLIP_DISTANCE))))	metal-shader-source-batch	crates/nuxie-renderer/src/mechanical_port/source/renderer/src/shaders/rhi_glsl.rs	prepared	verified	required	preserve-directive-and-every-branch-in-artifact-source	artifact-generation-and-compile	cpp:renderer/src/shaders/rhi.glsl:114
1	4ac7b32798da0482e441ef09304dc3b480ed3ee5	renderer/src/shaders/rhi.glsl	pp-0607	125	128	0	1	125	#ifdef @VERTEX	(defined(@VERTEX))	metal-shader-source-batch	crates/nuxie-renderer/src/mechanical_port/source/renderer/src/shaders/rhi_glsl.rs	prepared	verified	required	preserve-directive-and-every-branch-in-artifact-source	artifact-generation-and-compile	cpp:renderer/src/shaders/rhi.glsl:125
1	4ac7b32798da0482e441ef09304dc3b480ed3ee5	renderer/src/shaders/rhi.glsl	pp-0608	130	133	0	1	130	#ifdef @FRAGMENT	(defined(@FRAGMENT))	metal-shader-source-batch	crates/nuxie-renderer/src/mechanical_port/source/renderer/src/shaders/rhi_glsl.rs	prepared	verified	required	preserve-directive-and-every-branch-in-artifact-source	artifact-generation-and-compile	cpp:renderer/src/shaders/rhi.glsl:130
1	4ac7b32798da0482e441ef09304dc3b480ed3ee5	renderer/src/shaders/rhi.glsl	pp-0609	140	142	0	1	140	#ifdef @SOURCE_TEXTURE_MSAA	(defined(@SOURCE_TEXTURE_MSAA))	metal-shader-source-batch	crates/nuxie-renderer/src/mechanical_port/source/renderer/src/shaders/rhi_glsl.rs	prepared	verified	required	preserve-directive-and-every-branch-in-artifact-source	artifact-generation-and-compile	cpp:renderer/src/shaders/rhi.glsl:140
1	4ac7b32798da0482e441ef09304dc3b480ed3ee5	renderer/src/shaders/rhi.glsl	pp-0610	157	159	0	1	157	#ifdef SOURCE_TEXTURE_MSAA	(defined(SOURCE_TEXTURE_MSAA))	metal-shader-source-batch	crates/nuxie-renderer/src/mechanical_port/source/renderer/src/shaders/rhi_glsl.rs	prepared	verified	required	preserve-directive-and-every-branch-in-artifact-source	artifact-generation-and-compile	cpp:renderer/src/shaders/rhi.glsl:157
1	4ac7b32798da0482e441ef09304dc3b480ed3ee5	renderer/src/shaders/rhi.glsl	pp-0611	190	194	0	1	190	#ifdef @ENABLE_RASTERIZER_ORDERED_VIEWS	(defined(@ENABLE_RASTERIZER_ORDERED_VIEWS))	metal-shader-source-batch	crates/nuxie-renderer/src/mechanical_port/source/renderer/src/shaders/rhi_glsl.rs	prepared	verified	required	preserve-directive-and-every-branch-in-artifact-source	artifact-generation-and-compile	cpp:renderer/src/shaders/rhi.glsl:190
1	4ac7b32798da0482e441ef09304dc3b480ed3ee5	renderer/src/shaders/rhi.glsl	pp-0611	190	194	0	2	192	#else	(!((defined(@ENABLE_RASTERIZER_ORDERED_VIEWS))))	metal-shader-source-batch	crates/nuxie-renderer/src/mechanical_port/source/renderer/src/shaders/rhi_glsl.rs	prepared	verified	required	preserve-directive-and-every-branch-in-artifact-source	artifact-generation-and-compile	cpp:renderer/src/shaders/rhi.glsl:192
1	4ac7b32798da0482e441ef09304dc3b480ed3ee5	renderer/src/shaders/rhi.glsl	pp-0612	196	213	0	1	196	#if defined(@FRAGMENT) && defined(@RENDER_MODE_MSAA)	(defined(@FRAGMENT) && defined(@RENDER_MODE_MSAA))	metal-shader-source-batch	crates/nuxie-renderer/src/mechanical_port/source/renderer/src/shaders/rhi_glsl.rs	prepared	verified	required	preserve-directive-and-every-branch-in-artifact-source	artifact-generation-and-compile	cpp:renderer/src/shaders/rhi.glsl:196
1	4ac7b32798da0482e441ef09304dc3b480ed3ee5	renderer/src/shaders/rhi.glsl	pp-0613	198	212	1	1	198	#ifdef @SUPPORTS_SUBPASS_LOAD	(defined(@FRAGMENT) && defined(@RENDER_MODE_MSAA)) && (defined(@SUPPORTS_SUBPASS_LOAD))	metal-shader-source-batch	crates/nuxie-renderer/src/mechanical_port/source/renderer/src/shaders/rhi_glsl.rs	prepared	verified	required	preserve-directive-and-every-branch-in-artifact-source	artifact-generation-and-compile	cpp:renderer/src/shaders/rhi.glsl:198
1	4ac7b32798da0482e441ef09304dc3b480ed3ee5	renderer/src/shaders/rhi.glsl	pp-0613	198	212	1	2	208	#else	(defined(@FRAGMENT) && defined(@RENDER_MODE_MSAA)) && (!((defined(@SUPPORTS_SUBPASS_LOAD))))	metal-shader-source-batch	crates/nuxie-renderer/src/mechanical_port/source/renderer/src/shaders/rhi_glsl.rs	prepared	verified	required	preserve-directive-and-every-branch-in-artifact-source	artifact-generation-and-compile	cpp:renderer/src/shaders/rhi.glsl:208
1	4ac7b32798da0482e441ef09304dc3b480ed3ee5	renderer/src/shaders/rhi.glsl	pp-0614	218	222	0	1	218	#ifdef @ENABLE_TYPED_UAV_LOAD_STORE	(defined(@ENABLE_TYPED_UAV_LOAD_STORE))	metal-shader-source-batch	crates/nuxie-renderer/src/mechanical_port/source/renderer/src/shaders/rhi_glsl.rs	prepared	verified	required	preserve-directive-and-every-branch-in-artifact-source	artifact-generation-and-compile	cpp:renderer/src/shaders/rhi.glsl:218
1	4ac7b32798da0482e441ef09304dc3b480ed3ee5	renderer/src/shaders/rhi.glsl	pp-0614	218	222	0	2	220	#else	(!((defined(@ENABLE_TYPED_UAV_LOAD_STORE))))	metal-shader-source-batch	crates/nuxie-renderer/src/mechanical_port/source/renderer/src/shaders/rhi_glsl.rs	prepared	verified	required	preserve-directive-and-every-branch-in-artifact-source	artifact-generation-and-compile	cpp:renderer/src/shaders/rhi.glsl:220
1	4ac7b32798da0482e441ef09304dc3b480ed3ee5	renderer/src/shaders/rhi.glsl	pp-0615	229	237	0	1	229	#if $COMPILER_METAL || $FORCE_ATOMIC_BUFFER	($COMPILER_METAL || $FORCE_ATOMIC_BUFFER)	metal-shader-source-batch	crates/nuxie-renderer/src/mechanical_port/source/renderer/src/shaders/rhi_glsl.rs	prepared	verified	required	preserve-directive-and-every-branch-in-artifact-source	artifact-generation-and-compile	cpp:renderer/src/shaders/rhi.glsl:229
1	4ac7b32798da0482e441ef09304dc3b480ed3ee5	renderer/src/shaders/rhi.glsl	pp-0615	229	237	0	2	233	#else	(!(($COMPILER_METAL || $FORCE_ATOMIC_BUFFER)))	metal-shader-source-batch	crates/nuxie-renderer/src/mechanical_port/source/renderer/src/shaders/rhi_glsl.rs	prepared	verified	required	preserve-directive-and-every-branch-in-artifact-source	artifact-generation-and-compile	cpp:renderer/src/shaders/rhi.glsl:233
1	4ac7b32798da0482e441ef09304dc3b480ed3ee5	renderer/src/shaders/rhi.glsl	pp-0616	239	243	0	1	239	#ifdef @ENABLE_TYPED_UAV_LOAD_STORE	(defined(@ENABLE_TYPED_UAV_LOAD_STORE))	metal-shader-source-batch	crates/nuxie-renderer/src/mechanical_port/source/renderer/src/shaders/rhi_glsl.rs	prepared	verified	required	preserve-directive-and-every-branch-in-artifact-source	artifact-generation-and-compile	cpp:renderer/src/shaders/rhi.glsl:239
1	4ac7b32798da0482e441ef09304dc3b480ed3ee5	renderer/src/shaders/rhi.glsl	pp-0616	239	243	0	2	241	#else	(!((defined(@ENABLE_TYPED_UAV_LOAD_STORE))))	metal-shader-source-batch	crates/nuxie-renderer/src/mechanical_port/source/renderer/src/shaders/rhi_glsl.rs	prepared	verified	required	preserve-directive-and-every-branch-in-artifact-source	artifact-generation-and-compile	cpp:renderer/src/shaders/rhi.glsl:241
1	4ac7b32798da0482e441ef09304dc3b480ed3ee5	renderer/src/shaders/rhi.glsl	pp-0617	245	249	0	1	245	#ifdef @ENABLE_TYPED_UAV_LOAD_STORE	(defined(@ENABLE_TYPED_UAV_LOAD_STORE))	metal-shader-source-batch	crates/nuxie-renderer/src/mechanical_port/source/renderer/src/shaders/rhi_glsl.rs	prepared	verified	required	preserve-directive-and-every-branch-in-artifact-source	artifact-generation-and-compile	cpp:renderer/src/shaders/rhi.glsl:245
1	4ac7b32798da0482e441ef09304dc3b480ed3ee5	renderer/src/shaders/rhi.glsl	pp-0617	245	249	0	2	247	#else	(!((defined(@ENABLE_TYPED_UAV_LOAD_STORE))))	metal-shader-source-batch	crates/nuxie-renderer/src/mechanical_port/source/renderer/src/shaders/rhi_glsl.rs	prepared	verified	required	preserve-directive-and-every-branch-in-artifact-source	artifact-generation-and-compile	cpp:renderer/src/shaders/rhi.glsl:247
1	4ac7b32798da0482e441ef09304dc3b480ed3ee5	renderer/src/shaders/rhi.glsl	pp-0618	252	288	0	1	252	#if $COMPILER_METAL || $FORCE_ATOMIC_BUFFER	($COMPILER_METAL || $FORCE_ATOMIC_BUFFER)	metal-shader-source-batch	crates/nuxie-renderer/src/mechanical_port/source/renderer/src/shaders/rhi_glsl.rs	prepared	verified	required	preserve-directive-and-every-branch-in-artifact-source	artifact-generation-and-compile	cpp:renderer/src/shaders/rhi.glsl:252
1	4ac7b32798da0482e441ef09304dc3b480ed3ee5	renderer/src/shaders/rhi.glsl	pp-0618	252	288	0	2	270	#else	(!(($COMPILER_METAL || $FORCE_ATOMIC_BUFFER)))	metal-shader-source-batch	crates/nuxie-renderer/src/mechanical_port/source/renderer/src/shaders/rhi_glsl.rs	prepared	verified	required	preserve-directive-and-every-branch-in-artifact-source	artifact-generation-and-compile	cpp:renderer/src/shaders/rhi.glsl:270
1	4ac7b32798da0482e441ef09304dc3b480ed3ee5	renderer/src/shaders/rhi.glsl	pp-0619	299	363	0	1	299	#ifdef @NO_VARYING	(defined(@NO_VARYING))	metal-shader-source-batch	crates/nuxie-renderer/src/mechanical_port/source/renderer/src/shaders/rhi_glsl.rs	prepared	verified	required	preserve-directive-and-every-branch-in-artifact-source	artifact-generation-and-compile	cpp:renderer/src/shaders/rhi.glsl:299
1	4ac7b32798da0482e441ef09304dc3b480ed3ee5	renderer/src/shaders/rhi.glsl	pp-0619	299	363	0	2	316	#else // !@NO_VARYING	(!((defined(@NO_VARYING))))	metal-shader-source-batch	crates/nuxie-renderer/src/mechanical_port/source/renderer/src/shaders/rhi_glsl.rs	prepared	verified	required	preserve-directive-and-every-branch-in-artifact-source	artifact-generation-and-compile	cpp:renderer/src/shaders/rhi.glsl:316
1	4ac7b32798da0482e441ef09304dc3b480ed3ee5	renderer/src/shaders/rhi.glsl	pp-0620	367	371	0	1	367	#if $COMPILER_DXC && ($COMPILER_VULKAN || $COMPILER_GLSL_ES3_1)	($COMPILER_DXC && ($COMPILER_VULKAN || $COMPILER_GLSL_ES3_1))	metal-shader-source-batch	crates/nuxie-renderer/src/mechanical_port/source/renderer/src/shaders/rhi_glsl.rs	prepared	verified	required	preserve-directive-and-every-branch-in-artifact-source	artifact-generation-and-compile	cpp:renderer/src/shaders/rhi.glsl:367
1	4ac7b32798da0482e441ef09304dc3b480ed3ee5	renderer/src/shaders/rhi.glsl	pp-0620	367	371	0	2	369	#else	(!(($COMPILER_DXC && ($COMPILER_VULKAN || $COMPILER_GLSL_ES3_1))))	metal-shader-source-batch	crates/nuxie-renderer/src/mechanical_port/source/renderer/src/shaders/rhi_glsl.rs	prepared	verified	required	preserve-directive-and-every-branch-in-artifact-source	artifact-generation-and-compile	cpp:renderer/src/shaders/rhi.glsl:369
1	4ac7b32798da0482e441ef09304dc3b480ed3ee5	renderer/src/shaders/rhi.glsl	pp-0621	373	408	0	1	373	#ifdef @NO_VARYING	(defined(@NO_VARYING))	metal-shader-source-batch	crates/nuxie-renderer/src/mechanical_port/source/renderer/src/shaders/rhi_glsl.rs	prepared	verified	required	preserve-directive-and-every-branch-in-artifact-source	artifact-generation-and-compile	cpp:renderer/src/shaders/rhi.glsl:373
1	4ac7b32798da0482e441ef09304dc3b480ed3ee5	renderer/src/shaders/rhi.glsl	pp-0621	373	408	0	2	387	#else	(!((defined(@NO_VARYING))))	metal-shader-source-batch	crates/nuxie-renderer/src/mechanical_port/source/renderer/src/shaders/rhi_glsl.rs	prepared	verified	required	preserve-directive-and-every-branch-in-artifact-source	artifact-generation-and-compile	cpp:renderer/src/shaders/rhi.glsl:387
1	4ac7b32798da0482e441ef09304dc3b480ed3ee5	renderer/src/shaders/rhi.glsl	pp-0622	413	419	0	1	413	#ifdef @NEEDS_CLIP_DISTANCE	(defined(@NEEDS_CLIP_DISTANCE))	metal-shader-source-batch	crates/nuxie-renderer/src/mechanical_port/source/renderer/src/shaders/rhi_glsl.rs	prepared	verified	required	preserve-directive-and-every-branch-in-artifact-source	artifact-generation-and-compile	cpp:renderer/src/shaders/rhi.glsl:413
1	4ac7b32798da0482e441ef09304dc3b480ed3ee5	renderer/src/shaders/rhi.glsl	pp-0622	413	419	0	2	416	#else	(!((defined(@NEEDS_CLIP_DISTANCE))))	metal-shader-source-batch	crates/nuxie-renderer/src/mechanical_port/source/renderer/src/shaders/rhi_glsl.rs	prepared	verified	required	preserve-directive-and-every-branch-in-artifact-source	artifact-generation-and-compile	cpp:renderer/src/shaders/rhi.glsl:416
1	4ac7b32798da0482e441ef09304dc3b480ed3ee5	renderer/src/shaders/rhi.glsl	pp-0623	436	440	0	1	436	#if defined(@FIXED_FUNCTION_COLOR_OUTPUT) && defined(@DRAW_IMAGE_MESH)	(defined(@FIXED_FUNCTION_COLOR_OUTPUT) && defined(@DRAW_IMAGE_MESH))	metal-shader-source-batch	crates/nuxie-renderer/src/mechanical_port/source/renderer/src/shaders/rhi_glsl.rs	prepared	verified	required	preserve-directive-and-every-branch-in-artifact-source	artifact-generation-and-compile	cpp:renderer/src/shaders/rhi.glsl:436
1	4ac7b32798da0482e441ef09304dc3b480ed3ee5	renderer/src/shaders/rhi.glsl	pp-0623	436	440	0	2	438	#else	(!((defined(@FIXED_FUNCTION_COLOR_OUTPUT) && defined(@DRAW_IMAGE_MESH))))	metal-shader-source-batch	crates/nuxie-renderer/src/mechanical_port/source/renderer/src/shaders/rhi_glsl.rs	prepared	verified	required	preserve-directive-and-every-branch-in-artifact-source	artifact-generation-and-compile	cpp:renderer/src/shaders/rhi.glsl:438
1	4ac7b32798da0482e441ef09304dc3b480ed3ee5	renderer/src/shaders/stencil_draw.glsl	pp-0624	5	24	0	1	5	#ifdef @VERTEX	(defined(@VERTEX))	metal-shader-source-batch	crates/nuxie-renderer/src/mechanical_port/source/renderer/src/shaders/stencil_draw_glsl.rs	prepared	verified	required	preserve-directive-and-every-branch-in-artifact-source	artifact-generation-and-compile	cpp:renderer/src/shaders/stencil_draw.glsl:5
1	4ac7b32798da0482e441ef09304dc3b480ed3ee5	renderer/src/shaders/stencil_draw.glsl	pp-0625	26	31	0	1	26	#ifdef @FRAGMENT	(defined(@FRAGMENT))	metal-shader-source-batch	crates/nuxie-renderer/src/mechanical_port/source/renderer/src/shaders/stencil_draw_glsl.rs	prepared	verified	required	preserve-directive-and-every-branch-in-artifact-source	artifact-generation-and-compile	cpp:renderer/src/shaders/stencil_draw.glsl:26
1	4ac7b32798da0482e441ef09304dc3b480ed3ee5	renderer/src/shaders/tessellate.glsl	pp-0626	15	34	0	1	15	#ifdef @VERTEX	(defined(@VERTEX))	metal-shader-source-batch	crates/nuxie-renderer/src/mechanical_port/source/renderer/src/shaders/tessellate_glsl.rs	prepared	verified	required	preserve-directive-and-every-branch-in-artifact-source	artifact-generation-and-compile	cpp:renderer/src/shaders/tessellate.glsl:15
1	4ac7b32798da0482e441ef09304dc3b480ed3ee5	renderer/src/shaders/tessellate.glsl	pp-0627	22	32	1	1	22	#ifdef SPLIT_UINT4_ATTRIBUTES	(defined(@VERTEX)) && (defined(SPLIT_UINT4_ATTRIBUTES))	metal-shader-source-batch	crates/nuxie-renderer/src/mechanical_port/source/renderer/src/shaders/tessellate_glsl.rs	prepared	verified	required	preserve-directive-and-every-branch-in-artifact-source	artifact-generation-and-compile	cpp:renderer/src/shaders/tessellate.glsl:22
1	4ac7b32798da0482e441ef09304dc3b480ed3ee5	renderer/src/shaders/tessellate.glsl	pp-0627	22	32	1	2	27	#else	(defined(@VERTEX)) && (!((defined(SPLIT_UINT4_ATTRIBUTES))))	metal-shader-source-batch	crates/nuxie-renderer/src/mechanical_port/source/renderer/src/shaders/tessellate_glsl.rs	prepared	verified	required	preserve-directive-and-every-branch-in-artifact-source	artifact-generation-and-compile	cpp:renderer/src/shaders/tessellate.glsl:27
1	4ac7b32798da0482e441ef09304dc3b480ed3ee5	renderer/src/shaders/tessellate.glsl	pp-0628	47	285	0	1	47	#ifdef @VERTEX	(defined(@VERTEX))	metal-shader-source-batch	crates/nuxie-renderer/src/mechanical_port/source/renderer/src/shaders/tessellate_glsl.rs	prepared	verified	required	preserve-directive-and-every-branch-in-artifact-source	artifact-generation-and-compile	cpp:renderer/src/shaders/tessellate.glsl:47
1	4ac7b32798da0482e441ef09304dc3b480ed3ee5	renderer/src/shaders/tessellate.glsl	pp-0629	68	80	1	1	68	#ifdef SPLIT_UINT4_ATTRIBUTES	(defined(@VERTEX)) && (defined(SPLIT_UINT4_ATTRIBUTES))	metal-shader-source-batch	crates/nuxie-renderer/src/mechanical_port/source/renderer/src/shaders/tessellate_glsl.rs	prepared	verified	required	preserve-directive-and-every-branch-in-artifact-source	artifact-generation-and-compile	cpp:renderer/src/shaders/tessellate.glsl:68
1	4ac7b32798da0482e441ef09304dc3b480ed3ee5	renderer/src/shaders/tessellate.glsl	pp-0629	68	80	1	2	78	#else	(defined(@VERTEX)) && (!((defined(SPLIT_UINT4_ATTRIBUTES))))	metal-shader-source-batch	crates/nuxie-renderer/src/mechanical_port/source/renderer/src/shaders/tessellate_glsl.rs	prepared	verified	required	preserve-directive-and-every-branch-in-artifact-source	artifact-generation-and-compile	cpp:renderer/src/shaders/tessellate.glsl:78
1	4ac7b32798da0482e441ef09304dc3b480ed3ee5	renderer/src/shaders/tessellate.glsl	pp-0630	98	112	1	1	98	#ifdef GLSL	(defined(@VERTEX)) && (defined(GLSL))	metal-shader-source-batch	crates/nuxie-renderer/src/mechanical_port/source/renderer/src/shaders/tessellate_glsl.rs	prepared	verified	required	preserve-directive-and-every-branch-in-artifact-source	artifact-generation-and-compile	cpp:renderer/src/shaders/tessellate.glsl:98
1	4ac7b32798da0482e441ef09304dc3b480ed3ee5	renderer/src/shaders/tessellate.glsl	pp-0630	98	112	1	2	110	#else	(defined(@VERTEX)) && (!((defined(GLSL))))	metal-shader-source-batch	crates/nuxie-renderer/src/mechanical_port/source/renderer/src/shaders/tessellate_glsl.rs	prepared	verified	required	preserve-directive-and-every-branch-in-artifact-source	artifact-generation-and-compile	cpp:renderer/src/shaders/tessellate.glsl:110
1	4ac7b32798da0482e441ef09304dc3b480ed3ee5	renderer/src/shaders/tessellate.glsl	pp-0631	274	276	1	1	274	#ifdef @POST_INVERT_Y	(defined(@VERTEX)) && (defined(@POST_INVERT_Y))	metal-shader-source-batch	crates/nuxie-renderer/src/mechanical_port/source/renderer/src/shaders/tessellate_glsl.rs	prepared	verified	required	preserve-directive-and-every-branch-in-artifact-source	artifact-generation-and-compile	cpp:renderer/src/shaders/tessellate.glsl:274
1	4ac7b32798da0482e441ef09304dc3b480ed3ee5	renderer/src/shaders/tessellate.glsl	pp-0632	287	560	0	1	287	#ifdef @FRAGMENT	(defined(@FRAGMENT))	metal-shader-source-batch	crates/nuxie-renderer/src/mechanical_port/source/renderer/src/shaders/tessellate_glsl.rs	prepared	verified	required	preserve-directive-and-every-branch-in-artifact-source	artifact-generation-and-compile	cpp:renderer/src/shaders/tessellate.glsl:287
1	4ac7b32798da0482e441ef09304dc3b480ed3ee5	src/renderer.cpp	pp-0633	153	161	0	1	153	#ifdef DEBUG	(defined(DEBUG))	generic-renderer-implementation	crates/nuxie-renderer/src/mechanical_port/source/src/renderer_cpp.rs	prepared	verified	required	mechanically-translate-every-branch-in-source-order	compile-and-execute	cpp:src/renderer.cpp:153
1	4ac7b32798da0482e441ef09304dc3b480ed3ee5	src/renderer.cpp	pp-0634	222	232	0	1	222	#ifdef DEBUG	(defined(DEBUG))	generic-renderer-implementation	crates/nuxie-renderer/src/mechanical_port/source/src/renderer_cpp.rs	prepared	verified	required	mechanically-translate-every-branch-in-source-order	compile-and-execute	cpp:src/renderer.cpp:222
