version	upstream_sha	upstream_file	include_line	directive	include_token	include_syntax	active_branch_path	resolution_kind	resolved_source	source_unit	dependency_unit	correspondence_owner	correspondence_evidence	mapping_status	translation_status	translation_disposition	evidence
1	4ac7b32798da0482e441ef09304dc3b480ed3ee5	decoders/include/rive/decoders/astc_footprints.hpp	8	include	cstdint	angle	(!defined(_RIVE_ASTC_FOOTPRINTS_HPP_))	toolchain-header	toolchain:cstdint	generic-astc-footprints	-	toolchain:cstdint	toolchain:cstdint	prepared	verified	toolchain-provided	cpp:decoders/include/rive/decoders/astc_footprints.hpp:8
1	4ac7b32798da0482e441ef09304dc3b480ed3ee5	include/rive/factory.hpp	8	include	rive/renderer.hpp	quote	(!defined(_RIVE_FACTORY_HPP_))	campaign-source	include/rive/renderer.hpp	generic-factory-contract	generic-renderer-contract	-	-	prepared	verified	required-source-edge	cpp:include/rive/factory.hpp:8
1	4ac7b32798da0482e441ef09304dc3b480ed3ee5	include/rive/factory.hpp	9	include	rive/text_engine.hpp	quote	(!defined(_RIVE_FACTORY_HPP_))	upstream-global-source	include/rive/text_engine.hpp	generic-factory-contract	existing-rust:crates/nuxie-runtime/src/text.rs	crates/nuxie-runtime/src/text.rs	rust:crates/nuxie-runtime/src/text.rs:1-6377	existing-complete	verified	reuse-exact-existing-rust-correspondence	cpp:include/rive/factory.hpp:9
1	4ac7b32798da0482e441ef09304dc3b480ed3ee5	include/rive/factory.hpp	10	include	rive/audio/audio_source.hpp	quote	(!defined(_RIVE_FACTORY_HPP_))	upstream-global-source	include/rive/audio/audio_source.hpp	generic-factory-contract	existing-rust:crates/nuxie-runtime/src/assets/audio_asset.rs	crates/nuxie-runtime/src/assets/audio_asset.rs	rust:crates/nuxie-runtime/src/assets/audio_asset.rs:1-102	existing-complete	verified	reuse-exact-existing-rust-correspondence	cpp:include/rive/factory.hpp:10
1	4ac7b32798da0482e441ef09304dc3b480ed3ee5	include/rive/factory.hpp	11	include	rive/refcnt.hpp	quote	(!defined(_RIVE_FACTORY_HPP_))	campaign-source	include/rive/refcnt.hpp	generic-factory-contract	generic-refcnt	-	-	prepared	verified	required-source-edge	cpp:include/rive/factory.hpp:11
1	4ac7b32798da0482e441ef09304dc3b480ed3ee5	include/rive/factory.hpp	12	include	rive/span.hpp	quote	(!defined(_RIVE_FACTORY_HPP_))	upstream-global-source	include/rive/span.hpp	generic-factory-contract	existing-rust:crates/nuxie-renderer/src/lib.rs	crates/nuxie-renderer/src/lib.rs	rust:crates/nuxie-renderer/src/lib.rs:1-26858	existing-complete	verified	reuse-exact-existing-rust-correspondence	cpp:include/rive/factory.hpp:12
1	4ac7b32798da0482e441ef09304dc3b480ed3ee5	include/rive/factory.hpp	13	include	rive/math/aabb.hpp	quote	(!defined(_RIVE_FACTORY_HPP_))	upstream-global-source	include/rive/math/aabb.hpp	generic-factory-contract	existing-rust:crates/nuxie-render-api/src/lib.rs	crates/nuxie-render-api/src/lib.rs	rust:crates/nuxie-render-api/src/lib.rs:1-4934	existing-complete	verified	reuse-exact-existing-rust-correspondence	cpp:include/rive/factory.hpp:13
1	4ac7b32798da0482e441ef09304dc3b480ed3ee5	include/rive/factory.hpp	15	include	stdio.h	angle	(!defined(_RIVE_FACTORY_HPP_))	toolchain-header	toolchain:stdio.h	generic-factory-contract	-	toolchain:stdio.h	toolchain:stdio.h	prepared	verified	toolchain-provided	cpp:include/rive/factory.hpp:15
1	4ac7b32798da0482e441ef09304dc3b480ed3ee5	include/rive/factory.hpp	16	include	cstdint	angle	(!defined(_RIVE_FACTORY_HPP_))	toolchain-header	toolchain:cstdint	generic-factory-contract	-	toolchain:cstdint	toolchain:cstdint	prepared	verified	toolchain-provided	cpp:include/rive/factory.hpp:16
1	4ac7b32798da0482e441ef09304dc3b480ed3ee5	include/rive/gpu_texture_format.hpp	3	include	cstdint	angle	all	toolchain-header	toolchain:cstdint	generic-gpu-texture-format	-	toolchain:cstdint	toolchain:cstdint	prepared	verified	toolchain-provided	cpp:include/rive/gpu_texture_format.hpp:3
1	4ac7b32798da0482e441ef09304dc3b480ed3ee5	include/rive/refcnt.hpp	8	include	rive/rive_types.hpp	quote	(!defined(_RIVE_REFCNT_HPP_))	campaign-source	include/rive/rive_types.hpp	generic-refcnt	generic-rive-types	-	-	prepared	verified	required-source-edge	cpp:include/rive/refcnt.hpp:8
1	4ac7b32798da0482e441ef09304dc3b480ed3ee5	include/rive/refcnt.hpp	10	include	atomic	angle	(!defined(_RIVE_REFCNT_HPP_))	toolchain-header	toolchain:atomic	generic-refcnt	-	toolchain:atomic	toolchain:atomic	prepared	verified	toolchain-provided	cpp:include/rive/refcnt.hpp:10
1	4ac7b32798da0482e441ef09304dc3b480ed3ee5	include/rive/refcnt.hpp	11	include	cstddef	angle	(!defined(_RIVE_REFCNT_HPP_))	toolchain-header	toolchain:cstddef	generic-refcnt	-	toolchain:cstddef	toolchain:cstddef	prepared	verified	toolchain-provided	cpp:include/rive/refcnt.hpp:11
1	4ac7b32798da0482e441ef09304dc3b480ed3ee5	include/rive/refcnt.hpp	12	include	type_traits	angle	(!defined(_RIVE_REFCNT_HPP_))	toolchain-header	toolchain:type_traits	generic-refcnt	-	toolchain:type_traits	toolchain:type_traits	prepared	verified	toolchain-provided	cpp:include/rive/refcnt.hpp:12
1	4ac7b32798da0482e441ef09304dc3b480ed3ee5	include/rive/refcnt.hpp	13	include	utility	angle	(!defined(_RIVE_REFCNT_HPP_))	toolchain-header	toolchain:utility	generic-refcnt	-	toolchain:utility	toolchain:utility	prepared	verified	toolchain-provided	cpp:include/rive/refcnt.hpp:13
1	4ac7b32798da0482e441ef09304dc3b480ed3ee5	include/rive/renderer.hpp	8	include	rive/enums.hpp	quote	(!defined(_RIVE_RENDERER_HPP_))	upstream-global-source	include/rive/enums.hpp	generic-renderer-contract	existing-rust:crates/nuxie-render-api/src/lib.rs	crates/nuxie-render-api/src/lib.rs	rust:crates/nuxie-render-api/src/lib.rs:1-4934	existing-complete	verified	reuse-exact-existing-rust-correspondence	cpp:include/rive/renderer.hpp:8
1	4ac7b32798da0482e441ef09304dc3b480ed3ee5	include/rive/renderer.hpp	9	include	rive/shapes/paint/color.hpp	quote	(!defined(_RIVE_RENDERER_HPP_))	upstream-global-source	include/rive/shapes/paint/color.hpp	generic-renderer-contract	existing-rust:crates/nuxie-render-api/src/lib.rs	crates/nuxie-render-api/src/lib.rs	rust:crates/nuxie-render-api/src/lib.rs:1-4934	existing-complete	verified	reuse-exact-existing-rust-correspondence	cpp:include/rive/renderer.hpp:9
1	4ac7b32798da0482e441ef09304dc3b480ed3ee5	include/rive/renderer.hpp	10	include	rive/command_path.hpp	quote	(!defined(_RIVE_RENDERER_HPP_))	upstream-global-source	include/rive/command_path.hpp	generic-renderer-contract	existing-rust:crates/nuxie-render-api/src/lib.rs	crates/nuxie-render-api/src/lib.rs	rust:crates/nuxie-render-api/src/lib.rs:1-4934	existing-complete	verified	reuse-exact-existing-rust-correspondence	cpp:include/rive/renderer.hpp:10
1	4ac7b32798da0482e441ef09304dc3b480ed3ee5	include/rive/renderer.hpp	11	include	rive/layout.hpp	quote	(!defined(_RIVE_RENDERER_HPP_))	upstream-global-source	include/rive/layout.hpp	generic-renderer-contract	existing-rust:crates/nuxie-render-api/src/lib.rs	crates/nuxie-render-api/src/lib.rs	rust:crates/nuxie-render-api/src/lib.rs:1-4934	existing-complete	verified	reuse-exact-existing-rust-correspondence	cpp:include/rive/renderer.hpp:11
1	4ac7b32798da0482e441ef09304dc3b480ed3ee5	include/rive/renderer.hpp	12	include	rive/refcnt.hpp	quote	(!defined(_RIVE_RENDERER_HPP_))	campaign-source	include/rive/refcnt.hpp	generic-renderer-contract	generic-refcnt	-	-	prepared	verified	required-source-edge	cpp:include/rive/renderer.hpp:12
1	4ac7b32798da0482e441ef09304dc3b480ed3ee5	include/rive/renderer.hpp	13	include	rive/math/aabb.hpp	quote	(!defined(_RIVE_RENDERER_HPP_))	upstream-global-source	include/rive/math/aabb.hpp	generic-renderer-contract	existing-rust:crates/nuxie-render-api/src/lib.rs	crates/nuxie-render-api/src/lib.rs	rust:crates/nuxie-render-api/src/lib.rs:1-4934	existing-complete	verified	reuse-exact-existing-rust-correspondence	cpp:include/rive/renderer.hpp:13
1	4ac7b32798da0482e441ef09304dc3b480ed3ee5	include/rive/renderer.hpp	14	include	rive/math/mat2d.hpp	quote	(!defined(_RIVE_RENDERER_HPP_))	upstream-global-source	include/rive/math/mat2d.hpp	generic-renderer-contract	existing-rust:crates/nuxie-render-api/src/lib.rs	crates/nuxie-render-api/src/lib.rs	rust:crates/nuxie-render-api/src/lib.rs:1-4934	existing-complete	verified	reuse-exact-existing-rust-correspondence	cpp:include/rive/renderer.hpp:14
1	4ac7b32798da0482e441ef09304dc3b480ed3ee5	include/rive/renderer.hpp	15	include	rive/shapes/paint/blend_mode.hpp	quote	(!defined(_RIVE_RENDERER_HPP_))	upstream-global-source	include/rive/shapes/paint/blend_mode.hpp	generic-renderer-contract	existing-rust:crates/nuxie-render-api/src/lib.rs	crates/nuxie-render-api/src/lib.rs	rust:crates/nuxie-render-api/src/lib.rs:1-4934	existing-complete	verified	reuse-exact-existing-rust-correspondence	cpp:include/rive/renderer.hpp:15
1	4ac7b32798da0482e441ef09304dc3b480ed3ee5	include/rive/renderer.hpp	16	include	rive/shapes/paint/image_sampler.hpp	quote	(!defined(_RIVE_RENDERER_HPP_))	campaign-source	include/rive/shapes/paint/image_sampler.hpp	generic-renderer-contract	generic-image-sampler	-	-	prepared	verified	required-source-edge	cpp:include/rive/renderer.hpp:16
1	4ac7b32798da0482e441ef09304dc3b480ed3ee5	include/rive/renderer.hpp	17	include	rive/shapes/paint/stroke_cap.hpp	quote	(!defined(_RIVE_RENDERER_HPP_))	upstream-global-source	include/rive/shapes/paint/stroke_cap.hpp	generic-renderer-contract	existing-rust:crates/nuxie-render-api/src/lib.rs	crates/nuxie-render-api/src/lib.rs	rust:crates/nuxie-render-api/src/lib.rs:1-4934	existing-complete	verified	reuse-exact-existing-rust-correspondence	cpp:include/rive/renderer.hpp:17
1	4ac7b32798da0482e441ef09304dc3b480ed3ee5	include/rive/renderer.hpp	18	include	rive/shapes/paint/stroke_join.hpp	quote	(!defined(_RIVE_RENDERER_HPP_))	upstream-global-source	include/rive/shapes/paint/stroke_join.hpp	generic-renderer-contract	existing-rust:crates/nuxie-render-api/src/lib.rs	crates/nuxie-render-api/src/lib.rs	rust:crates/nuxie-render-api/src/lib.rs:1-4934	existing-complete	verified	reuse-exact-existing-rust-correspondence	cpp:include/rive/renderer.hpp:18
1	4ac7b32798da0482e441ef09304dc3b480ed3ee5	include/rive/renderer.hpp	19	include	utils/lite_rtti.hpp	quote	(!defined(_RIVE_RENDERER_HPP_))	campaign-source	include/utils/lite_rtti.hpp	generic-renderer-contract	generic-lite-rtti	-	-	prepared	verified	required-source-edge	cpp:include/rive/renderer.hpp:19
1	4ac7b32798da0482e441ef09304dc3b480ed3ee5	include/rive/renderer.hpp	20	include	rive/math/raw_path.hpp	quote	(!defined(_RIVE_RENDERER_HPP_))	upstream-global-source	include/rive/math/raw_path.hpp	generic-renderer-contract	existing-rust:crates/nuxie-render-api/src/lib.rs	crates/nuxie-render-api/src/lib.rs	rust:crates/nuxie-render-api/src/lib.rs:1-4934	existing-complete	verified	reuse-exact-existing-rust-correspondence	cpp:include/rive/renderer.hpp:20
1	4ac7b32798da0482e441ef09304dc3b480ed3ee5	include/rive/renderer.hpp	21	include	stdio.h	angle	(!defined(_RIVE_RENDERER_HPP_))	toolchain-header	toolchain:stdio.h	generic-renderer-contract	-	toolchain:stdio.h	toolchain:stdio.h	prepared	verified	toolchain-provided	cpp:include/rive/renderer.hpp:21
1	4ac7b32798da0482e441ef09304dc3b480ed3ee5	include/rive/renderer.hpp	22	include	cstdint	angle	(!defined(_RIVE_RENDERER_HPP_))	toolchain-header	toolchain:cstdint	generic-renderer-contract	-	toolchain:cstdint	toolchain:cstdint	prepared	verified	toolchain-provided	cpp:include/rive/renderer.hpp:22
1	4ac7b32798da0482e441ef09304dc3b480ed3ee5	include/rive/rive_types.hpp	12	include	memory	angle	(!defined(_RIVE_TYPES_HPP_))	toolchain-header	toolchain:memory	generic-rive-types	-	toolchain:memory	toolchain:memory	prepared	verified	toolchain-provided	cpp:include/rive/rive_types.hpp:12
1	4ac7b32798da0482e441ef09304dc3b480ed3ee5	include/rive/rive_types.hpp	13	include	string.h	angle	(!defined(_RIVE_TYPES_HPP_))	toolchain-header	toolchain:string.h	generic-rive-types	-	toolchain:string.h	toolchain:string.h	prepared	verified	toolchain-provided	cpp:include/rive/rive_types.hpp:13
1	4ac7b32798da0482e441ef09304dc3b480ed3ee5	include/rive/rive_types.hpp	44	include	TargetConditionals.h	angle	(!defined(_RIVE_TYPES_HPP_)) && (defined(__APPLE__))	toolchain-header	toolchain:TargetConditionals.h	generic-rive-types	-	toolchain:TargetConditionals.h	toolchain:TargetConditionals.h	prepared	verified	toolchain-provided	cpp:include/rive/rive_types.hpp:44
1	4ac7b32798da0482e441ef09304dc3b480ed3ee5	include/rive/rive_types.hpp	58	include	algorithm	angle	(!defined(_RIVE_TYPES_HPP_))	toolchain-header	toolchain:algorithm	generic-rive-types	-	toolchain:algorithm	toolchain:algorithm	prepared	verified	toolchain-provided	cpp:include/rive/rive_types.hpp:58
1	4ac7b32798da0482e441ef09304dc3b480ed3ee5	include/rive/rive_types.hpp	59	include	cassert	angle	(!defined(_RIVE_TYPES_HPP_))	toolchain-header	toolchain:cassert	generic-rive-types	-	toolchain:cassert	toolchain:cassert	prepared	verified	toolchain-provided	cpp:include/rive/rive_types.hpp:59
1	4ac7b32798da0482e441ef09304dc3b480ed3ee5	include/rive/rive_types.hpp	60	include	cstddef	angle	(!defined(_RIVE_TYPES_HPP_))	toolchain-header	toolchain:cstddef	generic-rive-types	-	toolchain:cstddef	toolchain:cstddef	prepared	verified	toolchain-provided	cpp:include/rive/rive_types.hpp:60
1	4ac7b32798da0482e441ef09304dc3b480ed3ee5	include/rive/rive_types.hpp	61	include	cstdint	angle	(!defined(_RIVE_TYPES_HPP_))	toolchain-header	toolchain:cstdint	generic-rive-types	-	toolchain:cstdint	toolchain:cstdint	prepared	verified	toolchain-provided	cpp:include/rive/rive_types.hpp:61
1	4ac7b32798da0482e441ef09304dc3b480ed3ee5	include/rive/rive_types.hpp	62	include	memory	angle	(!defined(_RIVE_TYPES_HPP_))	toolchain-header	toolchain:memory	generic-rive-types	-	toolchain:memory	toolchain:memory	prepared	verified	toolchain-provided	cpp:include/rive/rive_types.hpp:62
1	4ac7b32798da0482e441ef09304dc3b480ed3ee5	include/rive/rive_types.hpp	63	include	type_traits	angle	(!defined(_RIVE_TYPES_HPP_))	toolchain-header	toolchain:type_traits	generic-rive-types	-	toolchain:type_traits	toolchain:type_traits	prepared	verified	toolchain-provided	cpp:include/rive/rive_types.hpp:63
1	4ac7b32798da0482e441ef09304dc3b480ed3ee5	include/rive/shapes/paint/image_sampler.hpp	4	include	stdint.h	angle	(!defined(IMAGE_SAMPLER))	toolchain-header	toolchain:stdint.h	generic-image-sampler	-	toolchain:stdint.h	toolchain:stdint.h	prepared	verified	toolchain-provided	cpp:include/rive/shapes/paint/image_sampler.hpp:4
1	4ac7b32798da0482e441ef09304dc3b480ed3ee5	include/utils/lite_rtti.hpp	18	include	utils/compile_time_string_hash.hpp	quote	all	upstream-global-source	include/utils/compile_time_string_hash.hpp	generic-lite-rtti	existing-rust:crates/nuxie-render-api/src/lib.rs	crates/nuxie-render-api/src/lib.rs	rust:crates/nuxie-render-api/src/lib.rs:1-4934	existing-complete	verified	reuse-exact-existing-rust-correspondence	cpp:include/utils/lite_rtti.hpp:18
1	4ac7b32798da0482e441ef09304dc3b480ed3ee5	include/utils/lite_rtti.hpp	19	include	rive/refcnt.hpp	quote	all	campaign-source	include/rive/refcnt.hpp	generic-lite-rtti	generic-refcnt	-	-	prepared	verified	required-source-edge	cpp:include/utils/lite_rtti.hpp:19
1	4ac7b32798da0482e441ef09304dc3b480ed3ee5	include/utils/lite_rtti.hpp	20	include	stdint.h	angle	all	toolchain-header	toolchain:stdint.h	generic-lite-rtti	-	toolchain:stdint.h	toolchain:stdint.h	prepared	verified	toolchain-provided	cpp:include/utils/lite_rtti.hpp:20
1	4ac7b32798da0482e441ef09304dc3b480ed3ee5	include/utils/lite_rtti.hpp	21	include	type_traits	angle	all	toolchain-header	toolchain:type_traits	generic-lite-rtti	-	toolchain:type_traits	toolchain:type_traits	prepared	verified	toolchain-provided	cpp:include/utils/lite_rtti.hpp:21
1	4ac7b32798da0482e441ef09304dc3b480ed3ee5	renderer/include/rive/renderer/buffer_ring.hpp	7	include	rive/renderer/gpu.hpp	quote	all	campaign-source	renderer/include/rive/renderer/gpu.hpp	generic-buffer-ring	generic-gpu-contract	-	-	prepared	verified	required-source-edge	cpp:renderer/include/rive/renderer/buffer_ring.hpp:7
1	4ac7b32798da0482e441ef09304dc3b480ed3ee5	renderer/include/rive/renderer/draw.hpp	7	include	rive/math/raw_path.hpp	quote	all	upstream-global-source	include/rive/math/raw_path.hpp	generic-render-context-implementation	existing-rust:crates/nuxie-render-api/src/lib.rs	crates/nuxie-render-api/src/lib.rs	rust:crates/nuxie-render-api/src/lib.rs:1-4934	existing-complete	verified	reuse-exact-existing-rust-correspondence	cpp:renderer/include/rive/renderer/draw.hpp:7
1	4ac7b32798da0482e441ef09304dc3b480ed3ee5	renderer/include/rive/renderer/draw.hpp	8	include	rive/renderer/gpu.hpp	quote	all	campaign-source	renderer/include/rive/renderer/gpu.hpp	generic-render-context-implementation	generic-gpu-contract	-	-	prepared	verified	required-source-edge	cpp:renderer/include/rive/renderer/draw.hpp:8
1	4ac7b32798da0482e441ef09304dc3b480ed3ee5	renderer/include/rive/renderer/draw.hpp	9	include	rive/renderer/render_context.hpp	quote	all	campaign-source	renderer/include/rive/renderer/render_context.hpp	generic-render-context-implementation	generic-render-context-contract	-	-	prepared	verified	required-source-edge	cpp:renderer/include/rive/renderer/draw.hpp:9
1	4ac7b32798da0482e441ef09304dc3b480ed3ee5	renderer/include/rive/renderer/draw.hpp	10	include	rive/renderer/fixed_queue.hpp	quote	all	upstream-global-source	renderer/include/rive/renderer/fixed_queue.hpp	generic-render-context-implementation	existing-rust:crates/nuxie-renderer/src/draw.rs	crates/nuxie-renderer/src/draw.rs	rust:crates/nuxie-renderer/src/draw.rs:1-4182	existing-complete	verified	reuse-exact-existing-rust-correspondence	cpp:renderer/include/rive/renderer/draw.hpp:10
1	4ac7b32798da0482e441ef09304dc3b480ed3ee5	renderer/include/rive/renderer/draw.hpp	11	include	rive/shapes/paint/stroke_cap.hpp	quote	all	upstream-global-source	include/rive/shapes/paint/stroke_cap.hpp	generic-render-context-implementation	existing-rust:crates/nuxie-render-api/src/lib.rs	crates/nuxie-render-api/src/lib.rs	rust:crates/nuxie-render-api/src/lib.rs:1-4934	existing-complete	verified	reuse-exact-existing-rust-correspondence	cpp:renderer/include/rive/renderer/draw.hpp:11
1	4ac7b32798da0482e441ef09304dc3b480ed3ee5	renderer/include/rive/renderer/draw.hpp	12	include	rive/shapes/paint/stroke_join.hpp	quote	all	upstream-global-source	include/rive/shapes/paint/stroke_join.hpp	generic-render-context-implementation	existing-rust:crates/nuxie-render-api/src/lib.rs	crates/nuxie-render-api/src/lib.rs	rust:crates/nuxie-render-api/src/lib.rs:1-4934	existing-complete	verified	reuse-exact-existing-rust-correspondence	cpp:renderer/include/rive/renderer/draw.hpp:12
1	4ac7b32798da0482e441ef09304dc3b480ed3ee5	renderer/include/rive/renderer/draw.hpp	13	include	rive/refcnt.hpp	quote	all	campaign-source	include/rive/refcnt.hpp	generic-render-context-implementation	generic-refcnt	-	-	prepared	verified	required-source-edge	cpp:renderer/include/rive/renderer/draw.hpp:13
1	4ac7b32798da0482e441ef09304dc3b480ed3ee5	renderer/include/rive/renderer/gpu.hpp	7	include	rive/enums.hpp	quote	all	upstream-global-source	include/rive/enums.hpp	generic-gpu-contract	existing-rust:crates/nuxie-render-api/src/lib.rs	crates/nuxie-render-api/src/lib.rs	rust:crates/nuxie-render-api/src/lib.rs:1-4934	existing-complete	verified	reuse-exact-existing-rust-correspondence	cpp:renderer/include/rive/renderer/gpu.hpp:7
1	4ac7b32798da0482e441ef09304dc3b480ed3ee5	renderer/include/rive/renderer/gpu.hpp	8	include	rive/math/aabb.hpp	quote	all	upstream-global-source	include/rive/math/aabb.hpp	generic-gpu-contract	existing-rust:crates/nuxie-render-api/src/lib.rs	crates/nuxie-render-api/src/lib.rs	rust:crates/nuxie-render-api/src/lib.rs:1-4934	existing-complete	verified	reuse-exact-existing-rust-correspondence	cpp:renderer/include/rive/renderer/gpu.hpp:8
1	4ac7b32798da0482e441ef09304dc3b480ed3ee5	renderer/include/rive/renderer/gpu.hpp	9	include	rive/math/bitwise.hpp	quote	all	upstream-global-source	include/rive/math/bitwise.hpp	generic-gpu-contract	existing-rust:crates/nuxie-renderer/src/gpu.rs	crates/nuxie-renderer/src/gpu.rs	rust:crates/nuxie-renderer/src/gpu.rs:1-1072	existing-complete	verified	reuse-exact-existing-rust-correspondence	cpp:renderer/include/rive/renderer/gpu.hpp:9
1	4ac7b32798da0482e441ef09304dc3b480ed3ee5	renderer/include/rive/renderer/gpu.hpp	10	include	rive/math/mat2d.hpp	quote	all	upstream-global-source	include/rive/math/mat2d.hpp	generic-gpu-contract	existing-rust:crates/nuxie-render-api/src/lib.rs	crates/nuxie-render-api/src/lib.rs	rust:crates/nuxie-render-api/src/lib.rs:1-4934	existing-complete	verified	reuse-exact-existing-rust-correspondence	cpp:renderer/include/rive/renderer/gpu.hpp:10
1	4ac7b32798da0482e441ef09304dc3b480ed3ee5	renderer/include/rive/renderer/gpu.hpp	11	include	rive/math/vec2d.hpp	quote	all	upstream-global-source	include/rive/math/vec2d.hpp	generic-gpu-contract	existing-rust:crates/nuxie-render-api/src/lib.rs	crates/nuxie-render-api/src/lib.rs	rust:crates/nuxie-render-api/src/lib.rs:1-4934	existing-complete	verified	reuse-exact-existing-rust-correspondence	cpp:renderer/include/rive/renderer/gpu.hpp:11
1	4ac7b32798da0482e441ef09304dc3b480ed3ee5	renderer/include/rive/renderer/gpu.hpp	12	include	rive/math/simd.hpp	quote	all	upstream-global-source	include/rive/math/simd.hpp	generic-gpu-contract	existing-rust:crates/nuxie-renderer/src/gpu.rs	crates/nuxie-renderer/src/gpu.rs	rust:crates/nuxie-renderer/src/gpu.rs:1-1072	existing-complete	verified	reuse-exact-existing-rust-correspondence	cpp:renderer/include/rive/renderer/gpu.hpp:12
1	4ac7b32798da0482e441ef09304dc3b480ed3ee5	renderer/include/rive/renderer/gpu.hpp	13	include	rive/shapes/paint/blend_mode.hpp	quote	all	upstream-global-source	include/rive/shapes/paint/blend_mode.hpp	generic-gpu-contract	existing-rust:crates/nuxie-render-api/src/lib.rs	crates/nuxie-render-api/src/lib.rs	rust:crates/nuxie-render-api/src/lib.rs:1-4934	existing-complete	verified	reuse-exact-existing-rust-correspondence	cpp:renderer/include/rive/renderer/gpu.hpp:13
1	4ac7b32798da0482e441ef09304dc3b480ed3ee5	renderer/include/rive/renderer/gpu.hpp	14	include	rive/shapes/paint/color.hpp	quote	all	upstream-global-source	include/rive/shapes/paint/color.hpp	generic-gpu-contract	existing-rust:crates/nuxie-render-api/src/lib.rs	crates/nuxie-render-api/src/lib.rs	rust:crates/nuxie-render-api/src/lib.rs:1-4934	existing-complete	verified	reuse-exact-existing-rust-correspondence	cpp:renderer/include/rive/renderer/gpu.hpp:14
1	4ac7b32798da0482e441ef09304dc3b480ed3ee5	renderer/include/rive/renderer/gpu.hpp	15	include	rive/renderer/trivial_block_allocator.hpp	quote	all	upstream-global-source	renderer/include/rive/renderer/trivial_block_allocator.hpp	generic-gpu-contract	existing-rust:crates/nuxie-renderer/src/logical_frame.rs	crates/nuxie-renderer/src/logical_frame.rs	rust:crates/nuxie-renderer/src/logical_frame.rs:1-4904	existing-complete	verified	reuse-exact-existing-rust-correspondence	cpp:renderer/include/rive/renderer/gpu.hpp:15
1	4ac7b32798da0482e441ef09304dc3b480ed3ee5	renderer/include/rive/renderer/gpu.hpp	16	include	rive/shapes/paint/image_sampler.hpp	quote	all	campaign-source	include/rive/shapes/paint/image_sampler.hpp	generic-gpu-contract	generic-image-sampler	-	-	prepared	verified	required-source-edge	cpp:renderer/include/rive/renderer/gpu.hpp:16
1	4ac7b32798da0482e441ef09304dc3b480ed3ee5	renderer/include/rive/renderer/gpu.hpp	18	include	functional	angle	all	toolchain-header	toolchain:functional	generic-gpu-contract	-	toolchain:functional	toolchain:functional	prepared	verified	toolchain-provided	cpp:renderer/include/rive/renderer/gpu.hpp:18
1	4ac7b32798da0482e441ef09304dc3b480ed3ee5	renderer/include/rive/renderer/gpu.hpp	19	include	optional	angle	all	toolchain-header	toolchain:optional	generic-gpu-contract	-	toolchain:optional	toolchain:optional	prepared	verified	toolchain-provided	cpp:renderer/include/rive/renderer/gpu.hpp:19
1	4ac7b32798da0482e441ef09304dc3b480ed3ee5	renderer/include/rive/renderer/gpu_resource.hpp	7	include	rive/refcnt.hpp	quote	all	campaign-source	include/rive/refcnt.hpp	gpu-resource	generic-refcnt	-	-	prepared	verified	required-source-edge	cpp:renderer/include/rive/renderer/gpu_resource.hpp:7
1	4ac7b32798da0482e441ef09304dc3b480ed3ee5	renderer/include/rive/renderer/gpu_resource.hpp	9	include	deque	angle	all	toolchain-header	toolchain:deque	gpu-resource	-	toolchain:deque	toolchain:deque	prepared	verified	toolchain-provided	cpp:renderer/include/rive/renderer/gpu_resource.hpp:9
1	4ac7b32798da0482e441ef09304dc3b480ed3ee5	renderer/include/rive/renderer/metal/render_context_metal_impl.h	7	include	rive/renderer/render_context_helper_impl.hpp	quote	all	campaign-source	renderer/include/rive/renderer/render_context_helper_impl.hpp	metal-render-context-api	generic-render-context-helper	-	-	prepared	verified	required-source-edge	cpp:renderer/include/rive/renderer/metal/render_context_metal_impl.h:7
1	4ac7b32798da0482e441ef09304dc3b480ed3ee5	renderer/include/rive/renderer/metal/render_context_metal_impl.h	8	include	rive/rive_types.hpp	quote	all	campaign-source	include/rive/rive_types.hpp	metal-render-context-api	generic-rive-types	-	-	prepared	verified	required-source-edge	cpp:renderer/include/rive/renderer/metal/render_context_metal_impl.h:8
1	4ac7b32798da0482e441ef09304dc3b480ed3ee5	renderer/include/rive/renderer/metal/render_context_metal_impl.h	9	include	rive/shapes/paint/image_sampler.hpp	quote	all	campaign-source	include/rive/shapes/paint/image_sampler.hpp	metal-render-context-api	generic-image-sampler	-	-	prepared	verified	required-source-edge	cpp:renderer/include/rive/renderer/metal/render_context_metal_impl.h:9
1	4ac7b32798da0482e441ef09304dc3b480ed3ee5	renderer/include/rive/renderer/metal/render_context_metal_impl.h	10	include	unordered_map	angle	all	toolchain-header	toolchain:unordered_map	metal-render-context-api	-	toolchain:unordered_map	toolchain:unordered_map	prepared	verified	toolchain-provided	cpp:renderer/include/rive/renderer/metal/render_context_metal_impl.h:10
1	4ac7b32798da0482e441ef09304dc3b480ed3ee5	renderer/include/rive/renderer/metal/render_context_metal_impl.h	11	include	mutex	angle	all	toolchain-header	toolchain:mutex	metal-render-context-api	-	toolchain:mutex	toolchain:mutex	prepared	verified	toolchain-provided	cpp:renderer/include/rive/renderer/metal/render_context_metal_impl.h:11
1	4ac7b32798da0482e441ef09304dc3b480ed3ee5	renderer/include/rive/renderer/metal/render_context_metal_impl.h	14	import	Metal/Metal.h	angle	(!defined(RIVE_OBJC_NOP))	toolchain-header	toolchain:Metal/Metal.h	metal-render-context-api	-	toolchain:Metal/Metal.h	toolchain:Metal/Metal.h	prepared	verified	toolchain-provided	cpp:renderer/include/rive/renderer/metal/render_context_metal_impl.h:14
1	4ac7b32798da0482e441ef09304dc3b480ed3ee5	renderer/include/rive/renderer/ore/ore_bind_group.hpp	7	include	rive/renderer/gpu_resource.hpp	quote	all	campaign-source	renderer/include/rive/renderer/gpu_resource.hpp	ore-bind-group	gpu-resource	-	-	prepared	verified	required-source-edge	cpp:renderer/include/rive/renderer/ore/ore_bind_group.hpp:7
1	4ac7b32798da0482e441ef09304dc3b480ed3ee5	renderer/include/rive/renderer/ore/ore_bind_group.hpp	8	include	utils/lite_rtti.hpp	quote	all	campaign-source	include/utils/lite_rtti.hpp	ore-bind-group	generic-lite-rtti	-	-	prepared	verified	required-source-edge	cpp:renderer/include/rive/renderer/ore/ore_bind_group.hpp:8
1	4ac7b32798da0482e441ef09304dc3b480ed3ee5	renderer/include/rive/renderer/ore/ore_bind_group.hpp	9	include	rive/renderer/ore/ore_types.hpp	quote	all	campaign-source	renderer/include/rive/renderer/ore/ore_types.hpp	ore-bind-group	ore-types	-	-	prepared	verified	required-source-edge	cpp:renderer/include/rive/renderer/ore/ore_bind_group.hpp:9
1	4ac7b32798da0482e441ef09304dc3b480ed3ee5	renderer/include/rive/renderer/ore/ore_bind_group.hpp	10	include	rive/renderer/ore/ore_buffer.hpp	quote	all	campaign-source	renderer/include/rive/renderer/ore/ore_buffer.hpp	ore-bind-group	ore-buffer	-	-	prepared	verified	required-source-edge	cpp:renderer/include/rive/renderer/ore/ore_bind_group.hpp:10
1	4ac7b32798da0482e441ef09304dc3b480ed3ee5	renderer/include/rive/renderer/ore/ore_bind_group.hpp	11	include	rive/renderer/ore/ore_texture.hpp	quote	all	campaign-source	renderer/include/rive/renderer/ore/ore_texture.hpp	ore-bind-group	ore-texture	-	-	prepared	verified	required-source-edge	cpp:renderer/include/rive/renderer/ore/ore_bind_group.hpp:11
1	4ac7b32798da0482e441ef09304dc3b480ed3ee5	renderer/include/rive/renderer/ore/ore_bind_group.hpp	12	include	rive/renderer/ore/ore_sampler.hpp	quote	all	campaign-source	renderer/include/rive/renderer/ore/ore_sampler.hpp	ore-bind-group	ore-sampler	-	-	prepared	verified	required-source-edge	cpp:renderer/include/rive/renderer/ore/ore_bind_group.hpp:12
1	4ac7b32798da0482e441ef09304dc3b480ed3ee5	renderer/include/rive/renderer/ore/ore_bind_group.hpp	13	include	rive/renderer/ore/ore_bind_group_layout.hpp	quote	all	campaign-source	renderer/include/rive/renderer/ore/ore_bind_group_layout.hpp	ore-bind-group	ore-bind-group-layout	-	-	prepared	verified	required-source-edge	cpp:renderer/include/rive/renderer/ore/ore_bind_group.hpp:13
1	4ac7b32798da0482e441ef09304dc3b480ed3ee5	renderer/include/rive/renderer/ore/ore_bind_group.hpp	15	include	vector	angle	all	toolchain-header	toolchain:vector	ore-bind-group	-	toolchain:vector	toolchain:vector	prepared	verified	toolchain-provided	cpp:renderer/include/rive/renderer/ore/ore_bind_group.hpp:15
1	4ac7b32798da0482e441ef09304dc3b480ed3ee5	renderer/include/rive/renderer/ore/ore_bind_group_layout.hpp	7	include	rive/renderer/gpu_resource.hpp	quote	all	campaign-source	renderer/include/rive/renderer/gpu_resource.hpp	ore-bind-group-layout	gpu-resource	-	-	prepared	verified	required-source-edge	cpp:renderer/include/rive/renderer/ore/ore_bind_group_layout.hpp:7
1	4ac7b32798da0482e441ef09304dc3b480ed3ee5	renderer/include/rive/renderer/ore/ore_bind_group_layout.hpp	8	include	utils/lite_rtti.hpp	quote	all	campaign-source	include/utils/lite_rtti.hpp	ore-bind-group-layout	generic-lite-rtti	-	-	prepared	verified	required-source-edge	cpp:renderer/include/rive/renderer/ore/ore_bind_group_layout.hpp:8
1	4ac7b32798da0482e441ef09304dc3b480ed3ee5	renderer/include/rive/renderer/ore/ore_bind_group_layout.hpp	9	include	rive/renderer/ore/ore_types.hpp	quote	all	campaign-source	renderer/include/rive/renderer/ore/ore_types.hpp	ore-bind-group-layout	ore-types	-	-	prepared	verified	required-source-edge	cpp:renderer/include/rive/renderer/ore/ore_bind_group_layout.hpp:9
1	4ac7b32798da0482e441ef09304dc3b480ed3ee5	renderer/include/rive/renderer/ore/ore_bind_group_layout.hpp	10	include	rive/renderer/ore/ore_binding_map.hpp	quote	all	campaign-source	renderer/include/rive/renderer/ore/ore_binding_map.hpp	ore-bind-group-layout	ore-binding-map	-	-	prepared	verified	required-source-edge	cpp:renderer/include/rive/renderer/ore/ore_bind_group_layout.hpp:10
1	4ac7b32798da0482e441ef09304dc3b480ed3ee5	renderer/include/rive/renderer/ore/ore_bind_group_layout.hpp	12	include	string	angle	all	toolchain-header	toolchain:string	ore-bind-group-layout	-	toolchain:string	toolchain:string	prepared	verified	toolchain-provided	cpp:renderer/include/rive/renderer/ore/ore_bind_group_layout.hpp:12
1	4ac7b32798da0482e441ef09304dc3b480ed3ee5	renderer/include/rive/renderer/ore/ore_bind_group_layout.hpp	13	include	vector	angle	all	toolchain-header	toolchain:vector	ore-bind-group-layout	-	toolchain:vector	toolchain:vector	prepared	verified	toolchain-provided	cpp:renderer/include/rive/renderer/ore/ore_bind_group_layout.hpp:13
1	4ac7b32798da0482e441ef09304dc3b480ed3ee5	renderer/include/rive/renderer/ore/ore_binding_map.hpp	23	include	algorithm	angle	all	toolchain-header	toolchain:algorithm	ore-binding-map	-	toolchain:algorithm	toolchain:algorithm	prepared	verified	toolchain-provided	cpp:renderer/include/rive/renderer/ore/ore_binding_map.hpp:23
1	4ac7b32798da0482e441ef09304dc3b480ed3ee5	renderer/include/rive/renderer/ore/ore_binding_map.hpp	24	include	cassert	angle	all	toolchain-header	toolchain:cassert	ore-binding-map	-	toolchain:cassert	toolchain:cassert	prepared	verified	toolchain-provided	cpp:renderer/include/rive/renderer/ore/ore_binding_map.hpp:24
1	4ac7b32798da0482e441ef09304dc3b480ed3ee5	renderer/include/rive/renderer/ore/ore_binding_map.hpp	25	include	cstdint	angle	all	toolchain-header	toolchain:cstdint	ore-binding-map	-	toolchain:cstdint	toolchain:cstdint	prepared	verified	toolchain-provided	cpp:renderer/include/rive/renderer/ore/ore_binding_map.hpp:25
1	4ac7b32798da0482e441ef09304dc3b480ed3ee5	renderer/include/rive/renderer/ore/ore_binding_map.hpp	26	include	cstring	angle	all	toolchain-header	toolchain:cstring	ore-binding-map	-	toolchain:cstring	toolchain:cstring	prepared	verified	toolchain-provided	cpp:renderer/include/rive/renderer/ore/ore_binding_map.hpp:26
1	4ac7b32798da0482e441ef09304dc3b480ed3ee5	renderer/include/rive/renderer/ore/ore_binding_map.hpp	27	include	vector	angle	all	toolchain-header	toolchain:vector	ore-binding-map	-	toolchain:vector	toolchain:vector	prepared	verified	toolchain-provided	cpp:renderer/include/rive/renderer/ore/ore_binding_map.hpp:27
1	4ac7b32798da0482e441ef09304dc3b480ed3ee5	renderer/include/rive/renderer/ore/ore_buffer.hpp	7	include	rive/renderer/gpu_resource.hpp	quote	all	campaign-source	renderer/include/rive/renderer/gpu_resource.hpp	ore-buffer	gpu-resource	-	-	prepared	verified	required-source-edge	cpp:renderer/include/rive/renderer/ore/ore_buffer.hpp:7
1	4ac7b32798da0482e441ef09304dc3b480ed3ee5	renderer/include/rive/renderer/ore/ore_buffer.hpp	8	include	utils/lite_rtti.hpp	quote	all	campaign-source	include/utils/lite_rtti.hpp	ore-buffer	generic-lite-rtti	-	-	prepared	verified	required-source-edge	cpp:renderer/include/rive/renderer/ore/ore_buffer.hpp:8
1	4ac7b32798da0482e441ef09304dc3b480ed3ee5	renderer/include/rive/renderer/ore/ore_buffer.hpp	9	include	rive/renderer/ore/ore_types.hpp	quote	all	campaign-source	renderer/include/rive/renderer/ore/ore_types.hpp	ore-buffer	ore-types	-	-	prepared	verified	required-source-edge	cpp:renderer/include/rive/renderer/ore/ore_buffer.hpp:9
1	4ac7b32798da0482e441ef09304dc3b480ed3ee5	renderer/include/rive/renderer/ore/ore_context.hpp	7	include	cstdarg	angle	all	toolchain-header	toolchain:cstdarg	ore-context-render-pass	-	toolchain:cstdarg	toolchain:cstdarg	prepared	verified	toolchain-provided	cpp:renderer/include/rive/renderer/ore/ore_context.hpp:7
1	4ac7b32798da0482e441ef09304dc3b480ed3ee5	renderer/include/rive/renderer/ore/ore_context.hpp	8	include	cstdio	angle	all	toolchain-header	toolchain:cstdio	ore-context-render-pass	-	toolchain:cstdio	toolchain:cstdio	prepared	verified	toolchain-provided	cpp:renderer/include/rive/renderer/ore/ore_context.hpp:8
1	4ac7b32798da0482e441ef09304dc3b480ed3ee5	renderer/include/rive/renderer/ore/ore_context.hpp	9	include	memory	angle	all	toolchain-header	toolchain:memory	ore-context-render-pass	-	toolchain:memory	toolchain:memory	prepared	verified	toolchain-provided	cpp:renderer/include/rive/renderer/ore/ore_context.hpp:9
1	4ac7b32798da0482e441ef09304dc3b480ed3ee5	renderer/include/rive/renderer/ore/ore_context.hpp	10	include	string	angle	all	toolchain-header	toolchain:string	ore-context-render-pass	-	toolchain:string	toolchain:string	prepared	verified	toolchain-provided	cpp:renderer/include/rive/renderer/ore/ore_context.hpp:10
1	4ac7b32798da0482e441ef09304dc3b480ed3ee5	renderer/include/rive/renderer/ore/ore_context.hpp	11	include	vector	angle	all	toolchain-header	toolchain:vector	ore-context-render-pass	-	toolchain:vector	toolchain:vector	prepared	verified	toolchain-provided	cpp:renderer/include/rive/renderer/ore/ore_context.hpp:11
1	4ac7b32798da0482e441ef09304dc3b480ed3ee5	renderer/include/rive/renderer/ore/ore_context.hpp	12	include	rive/refcnt.hpp	quote	all	campaign-source	include/rive/refcnt.hpp	ore-context-render-pass	generic-refcnt	-	-	prepared	verified	required-source-edge	cpp:renderer/include/rive/renderer/ore/ore_context.hpp:12
1	4ac7b32798da0482e441ef09304dc3b480ed3ee5	renderer/include/rive/renderer/ore/ore_context.hpp	13	include	rive/renderer/ore/ore_types.hpp	quote	all	campaign-source	renderer/include/rive/renderer/ore/ore_types.hpp	ore-context-render-pass	ore-types	-	-	prepared	verified	required-source-edge	cpp:renderer/include/rive/renderer/ore/ore_context.hpp:13
1	4ac7b32798da0482e441ef09304dc3b480ed3ee5	renderer/include/rive/renderer/ore/ore_context.hpp	14	include	rive/renderer/ore/ore_buffer.hpp	quote	all	campaign-source	renderer/include/rive/renderer/ore/ore_buffer.hpp	ore-context-render-pass	ore-buffer	-	-	prepared	verified	required-source-edge	cpp:renderer/include/rive/renderer/ore/ore_context.hpp:14
1	4ac7b32798da0482e441ef09304dc3b480ed3ee5	renderer/include/rive/renderer/ore/ore_context.hpp	15	include	rive/renderer/ore/ore_texture.hpp	quote	all	campaign-source	renderer/include/rive/renderer/ore/ore_texture.hpp	ore-context-render-pass	ore-texture	-	-	prepared	verified	required-source-edge	cpp:renderer/include/rive/renderer/ore/ore_context.hpp:15
1	4ac7b32798da0482e441ef09304dc3b480ed3ee5	renderer/include/rive/renderer/ore/ore_context.hpp	16	include	rive/renderer/ore/ore_sampler.hpp	quote	all	campaign-source	renderer/include/rive/renderer/ore/ore_sampler.hpp	ore-context-render-pass	ore-sampler	-	-	prepared	verified	required-source-edge	cpp:renderer/include/rive/renderer/ore/ore_context.hpp:16
1	4ac7b32798da0482e441ef09304dc3b480ed3ee5	renderer/include/rive/renderer/ore/ore_context.hpp	17	include	rive/renderer/ore/ore_shader_module.hpp	quote	all	campaign-source	renderer/include/rive/renderer/ore/ore_shader_module.hpp	ore-context-render-pass	ore-shader-module	-	-	prepared	verified	required-source-edge	cpp:renderer/include/rive/renderer/ore/ore_context.hpp:17
1	4ac7b32798da0482e441ef09304dc3b480ed3ee5	renderer/include/rive/renderer/ore/ore_context.hpp	18	include	rive/renderer/ore/ore_pipeline.hpp	quote	all	campaign-source	renderer/include/rive/renderer/ore/ore_pipeline.hpp	ore-context-render-pass	ore-pipeline	-	-	prepared	verified	required-source-edge	cpp:renderer/include/rive/renderer/ore/ore_context.hpp:18
1	4ac7b32798da0482e441ef09304dc3b480ed3ee5	renderer/include/rive/renderer/ore/ore_context.hpp	19	include	rive/renderer/ore/ore_bind_group.hpp	quote	all	campaign-source	renderer/include/rive/renderer/ore/ore_bind_group.hpp	ore-context-render-pass	ore-bind-group	-	-	prepared	verified	required-source-edge	cpp:renderer/include/rive/renderer/ore/ore_context.hpp:19
1	4ac7b32798da0482e441ef09304dc3b480ed3ee5	renderer/include/rive/renderer/ore/ore_context.hpp	20	include	rive/renderer/ore/ore_render_pass.hpp	quote	all	campaign-source	renderer/include/rive/renderer/ore/ore_render_pass.hpp	ore-context-render-pass	ore-context-render-pass	-	-	prepared	verified	required-source-edge	cpp:renderer/include/rive/renderer/ore/ore_context.hpp:20
1	4ac7b32798da0482e441ef09304dc3b480ed3ee5	renderer/include/rive/renderer/ore/ore_context_metal.hpp	7	include	rive/renderer/ore/ore_context.hpp	quote	all	campaign-source	renderer/include/rive/renderer/ore/ore_context.hpp	ore-context-render-pass	ore-context-render-pass	-	-	prepared	verified	required-source-edge	cpp:renderer/include/rive/renderer/ore/ore_context_metal.hpp:7
1	4ac7b32798da0482e441ef09304dc3b480ed3ee5	renderer/include/rive/renderer/ore/ore_context_metal.hpp	9	import	Metal/Metal.h	angle	all	toolchain-header	toolchain:Metal/Metal.h	ore-context-render-pass	-	toolchain:Metal/Metal.h	toolchain:Metal/Metal.h	prepared	verified	toolchain-provided	cpp:renderer/include/rive/renderer/ore/ore_context_metal.hpp:9
1	4ac7b32798da0482e441ef09304dc3b480ed3ee5	renderer/include/rive/renderer/ore/ore_context_metal.hpp	11	include	atomic	angle	all	toolchain-header	toolchain:atomic	ore-context-render-pass	-	toolchain:atomic	toolchain:atomic	prepared	verified	toolchain-provided	cpp:renderer/include/rive/renderer/ore/ore_context_metal.hpp:11
1	4ac7b32798da0482e441ef09304dc3b480ed3ee5	renderer/include/rive/renderer/ore/ore_context_metal.hpp	12	include	memory	angle	all	toolchain-header	toolchain:memory	ore-context-render-pass	-	toolchain:memory	toolchain:memory	prepared	verified	toolchain-provided	cpp:renderer/include/rive/renderer/ore/ore_context_metal.hpp:12
1	4ac7b32798da0482e441ef09304dc3b480ed3ee5	renderer/include/rive/renderer/ore/ore_pipeline.hpp	7	include	rive/renderer/gpu_resource.hpp	quote	all	campaign-source	renderer/include/rive/renderer/gpu_resource.hpp	ore-pipeline	gpu-resource	-	-	prepared	verified	required-source-edge	cpp:renderer/include/rive/renderer/ore/ore_pipeline.hpp:7
1	4ac7b32798da0482e441ef09304dc3b480ed3ee5	renderer/include/rive/renderer/ore/ore_pipeline.hpp	8	include	utils/lite_rtti.hpp	quote	all	campaign-source	include/utils/lite_rtti.hpp	ore-pipeline	generic-lite-rtti	-	-	prepared	verified	required-source-edge	cpp:renderer/include/rive/renderer/ore/ore_pipeline.hpp:8
1	4ac7b32798da0482e441ef09304dc3b480ed3ee5	renderer/include/rive/renderer/ore/ore_pipeline.hpp	9	include	rive/renderer/ore/ore_types.hpp	quote	all	campaign-source	renderer/include/rive/renderer/ore/ore_types.hpp	ore-pipeline	ore-types	-	-	prepared	verified	required-source-edge	cpp:renderer/include/rive/renderer/ore/ore_pipeline.hpp:9
1	4ac7b32798da0482e441ef09304dc3b480ed3ee5	renderer/include/rive/renderer/ore/ore_pipeline.hpp	10	include	rive/renderer/ore/ore_bind_group_layout.hpp	quote	all	campaign-source	renderer/include/rive/renderer/ore/ore_bind_group_layout.hpp	ore-pipeline	ore-bind-group-layout	-	-	prepared	verified	required-source-edge	cpp:renderer/include/rive/renderer/ore/ore_pipeline.hpp:10
1	4ac7b32798da0482e441ef09304dc3b480ed3ee5	renderer/include/rive/renderer/ore/ore_pipeline.hpp	11	include	rive/renderer/ore/ore_shader_module.hpp	quote	all	campaign-source	renderer/include/rive/renderer/ore/ore_shader_module.hpp	ore-pipeline	ore-shader-module	-	-	prepared	verified	required-source-edge	cpp:renderer/include/rive/renderer/ore/ore_pipeline.hpp:11
1	4ac7b32798da0482e441ef09304dc3b480ed3ee5	renderer/include/rive/renderer/ore/ore_pipeline.hpp	13	include	vector	angle	all	toolchain-header	toolchain:vector	ore-pipeline	-	toolchain:vector	toolchain:vector	prepared	verified	toolchain-provided	cpp:renderer/include/rive/renderer/ore/ore_pipeline.hpp:13
1	4ac7b32798da0482e441ef09304dc3b480ed3ee5	renderer/include/rive/renderer/ore/ore_render_pass.hpp	7	include	rive/refcnt.hpp	quote	all	campaign-source	include/rive/refcnt.hpp	ore-context-render-pass	generic-refcnt	-	-	prepared	verified	required-source-edge	cpp:renderer/include/rive/renderer/ore/ore_render_pass.hpp:7
1	4ac7b32798da0482e441ef09304dc3b480ed3ee5	renderer/include/rive/renderer/ore/ore_render_pass.hpp	8	include	rive/renderer/ore/ore_types.hpp	quote	all	campaign-source	renderer/include/rive/renderer/ore/ore_types.hpp	ore-context-render-pass	ore-types	-	-	prepared	verified	required-source-edge	cpp:renderer/include/rive/renderer/ore/ore_render_pass.hpp:8
1	4ac7b32798da0482e441ef09304dc3b480ed3ee5	renderer/include/rive/renderer/ore/ore_rstb_entry_container.hpp	3	include	cstdint	angle	all	toolchain-header	toolchain:cstdint	ore-rstb-container	-	toolchain:cstdint	toolchain:cstdint	prepared	verified	toolchain-provided	cpp:renderer/include/rive/renderer/ore/ore_rstb_entry_container.hpp:3
1	4ac7b32798da0482e441ef09304dc3b480ed3ee5	renderer/include/rive/renderer/ore/ore_rstb_entry_container.hpp	4	include	string	angle	all	toolchain-header	toolchain:string	ore-rstb-container	-	toolchain:string	toolchain:string	prepared	verified	toolchain-provided	cpp:renderer/include/rive/renderer/ore/ore_rstb_entry_container.hpp:4
1	4ac7b32798da0482e441ef09304dc3b480ed3ee5	renderer/include/rive/renderer/ore/ore_rstb_entry_container.hpp	5	include	vector	angle	all	toolchain-header	toolchain:vector	ore-rstb-container	-	toolchain:vector	toolchain:vector	prepared	verified	toolchain-provided	cpp:renderer/include/rive/renderer/ore/ore_rstb_entry_container.hpp:5
1	4ac7b32798da0482e441ef09304dc3b480ed3ee5	renderer/include/rive/renderer/ore/ore_sampler.hpp	7	include	rive/renderer/gpu_resource.hpp	quote	all	campaign-source	renderer/include/rive/renderer/gpu_resource.hpp	ore-sampler	gpu-resource	-	-	prepared	verified	required-source-edge	cpp:renderer/include/rive/renderer/ore/ore_sampler.hpp:7
1	4ac7b32798da0482e441ef09304dc3b480ed3ee5	renderer/include/rive/renderer/ore/ore_sampler.hpp	8	include	utils/lite_rtti.hpp	quote	all	campaign-source	include/utils/lite_rtti.hpp	ore-sampler	generic-lite-rtti	-	-	prepared	verified	required-source-edge	cpp:renderer/include/rive/renderer/ore/ore_sampler.hpp:8
1	4ac7b32798da0482e441ef09304dc3b480ed3ee5	renderer/include/rive/renderer/ore/ore_sampler.hpp	9	include	rive/renderer/ore/ore_types.hpp	quote	all	campaign-source	renderer/include/rive/renderer/ore/ore_types.hpp	ore-sampler	ore-types	-	-	prepared	verified	required-source-edge	cpp:renderer/include/rive/renderer/ore/ore_sampler.hpp:9
1	4ac7b32798da0482e441ef09304dc3b480ed3ee5	renderer/include/rive/renderer/ore/ore_shader_module.hpp	7	include	rive/renderer/gpu_resource.hpp	quote	all	campaign-source	renderer/include/rive/renderer/gpu_resource.hpp	ore-shader-module	gpu-resource	-	-	prepared	verified	required-source-edge	cpp:renderer/include/rive/renderer/ore/ore_shader_module.hpp:7
1	4ac7b32798da0482e441ef09304dc3b480ed3ee5	renderer/include/rive/renderer/ore/ore_shader_module.hpp	8	include	utils/lite_rtti.hpp	quote	all	campaign-source	include/utils/lite_rtti.hpp	ore-shader-module	generic-lite-rtti	-	-	prepared	verified	required-source-edge	cpp:renderer/include/rive/renderer/ore/ore_shader_module.hpp:8
1	4ac7b32798da0482e441ef09304dc3b480ed3ee5	renderer/include/rive/renderer/ore/ore_shader_module.hpp	9	include	rive/renderer/ore/ore_binding_map.hpp	quote	all	campaign-source	renderer/include/rive/renderer/ore/ore_binding_map.hpp	ore-shader-module	ore-binding-map	-	-	prepared	verified	required-source-edge	cpp:renderer/include/rive/renderer/ore/ore_shader_module.hpp:9
1	4ac7b32798da0482e441ef09304dc3b480ed3ee5	renderer/include/rive/renderer/ore/ore_shader_module.hpp	10	include	rive/renderer/ore/ore_types.hpp	quote	all	campaign-source	renderer/include/rive/renderer/ore/ore_types.hpp	ore-shader-module	ore-types	-	-	prepared	verified	required-source-edge	cpp:renderer/include/rive/renderer/ore/ore_shader_module.hpp:10
1	4ac7b32798da0482e441ef09304dc3b480ed3ee5	renderer/include/rive/renderer/ore/ore_shader_module.hpp	12	include	cassert	angle	all	toolchain-header	toolchain:cassert	ore-shader-module	-	toolchain:cassert	toolchain:cassert	prepared	verified	toolchain-provided	cpp:renderer/include/rive/renderer/ore/ore_shader_module.hpp:12
1	4ac7b32798da0482e441ef09304dc3b480ed3ee5	renderer/include/rive/renderer/ore/ore_shader_module.hpp	13	include	cstdint	angle	all	toolchain-header	toolchain:cstdint	ore-shader-module	-	toolchain:cstdint	toolchain:cstdint	prepared	verified	toolchain-provided	cpp:renderer/include/rive/renderer/ore/ore_shader_module.hpp:13
1	4ac7b32798da0482e441ef09304dc3b480ed3ee5	renderer/include/rive/renderer/ore/ore_shader_module.hpp	14	include	string	angle	all	toolchain-header	toolchain:string	ore-shader-module	-	toolchain:string	toolchain:string	prepared	verified	toolchain-provided	cpp:renderer/include/rive/renderer/ore/ore_shader_module.hpp:14
1	4ac7b32798da0482e441ef09304dc3b480ed3ee5	renderer/include/rive/renderer/ore/ore_shader_module.hpp	15	include	vector	angle	all	toolchain-header	toolchain:vector	ore-shader-module	-	toolchain:vector	toolchain:vector	prepared	verified	toolchain-provided	cpp:renderer/include/rive/renderer/ore/ore_shader_module.hpp:15
1	4ac7b32798da0482e441ef09304dc3b480ed3ee5	renderer/include/rive/renderer/ore/ore_texture.hpp	7	include	rive/renderer/gpu_resource.hpp	quote	all	campaign-source	renderer/include/rive/renderer/gpu_resource.hpp	ore-texture	gpu-resource	-	-	prepared	verified	required-source-edge	cpp:renderer/include/rive/renderer/ore/ore_texture.hpp:7
1	4ac7b32798da0482e441ef09304dc3b480ed3ee5	renderer/include/rive/renderer/ore/ore_texture.hpp	8	include	utils/lite_rtti.hpp	quote	all	campaign-source	include/utils/lite_rtti.hpp	ore-texture	generic-lite-rtti	-	-	prepared	verified	required-source-edge	cpp:renderer/include/rive/renderer/ore/ore_texture.hpp:8
1	4ac7b32798da0482e441ef09304dc3b480ed3ee5	renderer/include/rive/renderer/ore/ore_texture.hpp	9	include	rive/renderer/ore/ore_types.hpp	quote	all	campaign-source	renderer/include/rive/renderer/ore/ore_types.hpp	ore-texture	ore-types	-	-	prepared	verified	required-source-edge	cpp:renderer/include/rive/renderer/ore/ore_texture.hpp:9
1	4ac7b32798da0482e441ef09304dc3b480ed3ee5	renderer/include/rive/renderer/ore/ore_types.hpp	7	include	cstdint	angle	all	toolchain-header	toolchain:cstdint	ore-types	-	toolchain:cstdint	toolchain:cstdint	prepared	verified	toolchain-provided	cpp:renderer/include/rive/renderer/ore/ore_types.hpp:7
1	4ac7b32798da0482e441ef09304dc3b480ed3ee5	renderer/include/rive/renderer/render_canvas.hpp	7	include	rive/refcnt.hpp	quote	all	campaign-source	include/rive/refcnt.hpp	generic-render-canvas	generic-refcnt	-	-	prepared	verified	required-source-edge	cpp:renderer/include/rive/renderer/render_canvas.hpp:7
1	4ac7b32798da0482e441ef09304dc3b480ed3ee5	renderer/include/rive/renderer/render_canvas.hpp	8	include	rive/renderer/render_target.hpp	quote	all	campaign-source	renderer/include/rive/renderer/render_target.hpp	generic-render-canvas	generic-render-target	-	-	prepared	verified	required-source-edge	cpp:renderer/include/rive/renderer/render_canvas.hpp:8
1	4ac7b32798da0482e441ef09304dc3b480ed3ee5	renderer/include/rive/renderer/render_canvas.hpp	9	include	rive/renderer/rive_render_image.hpp	quote	all	campaign-source	renderer/include/rive/renderer/rive_render_image.hpp	generic-render-canvas	generic-texture-image	-	-	prepared	verified	required-source-edge	cpp:renderer/include/rive/renderer/render_canvas.hpp:9
1	4ac7b32798da0482e441ef09304dc3b480ed3ee5	renderer/include/rive/renderer/render_context.hpp	7	include	rive/math/vec2d.hpp	quote	all	upstream-global-source	include/rive/math/vec2d.hpp	generic-render-context-contract	existing-rust:crates/nuxie-render-api/src/lib.rs	crates/nuxie-render-api/src/lib.rs	rust:crates/nuxie-render-api/src/lib.rs:1-4934	existing-complete	verified	reuse-exact-existing-rust-correspondence	cpp:renderer/include/rive/renderer/render_context.hpp:7
1	4ac7b32798da0482e441ef09304dc3b480ed3ee5	renderer/include/rive/renderer/render_context.hpp	8	include	rive/renderer/gpu.hpp	quote	all	campaign-source	renderer/include/rive/renderer/gpu.hpp	generic-render-context-contract	generic-gpu-contract	-	-	prepared	verified	required-source-edge	cpp:renderer/include/rive/renderer/render_context.hpp:8
1	4ac7b32798da0482e441ef09304dc3b480ed3ee5	renderer/include/rive/renderer/render_context.hpp	9	include	rive/renderer/rive_render_factory.hpp	quote	all	campaign-source	renderer/include/rive/renderer/rive_render_factory.hpp	generic-render-context-contract	generic-rive-render-factory	-	-	prepared	verified	required-source-edge	cpp:renderer/include/rive/renderer/render_context.hpp:9
1	4ac7b32798da0482e441ef09304dc3b480ed3ee5	renderer/include/rive/renderer/render_context.hpp	11	include	rive/renderer/render_canvas.hpp	quote	(defined(RIVE_CANVAS))	campaign-source	renderer/include/rive/renderer/render_canvas.hpp	generic-render-context-contract	generic-render-canvas	-	-	prepared	verified	required-source-edge	cpp:renderer/include/rive/renderer/render_context.hpp:11
1	4ac7b32798da0482e441ef09304dc3b480ed3ee5	renderer/include/rive/renderer/render_context.hpp	12	include	rive/renderer/ore/ore_context.hpp	quote	(defined(RIVE_CANVAS))	campaign-source	renderer/include/rive/renderer/ore/ore_context.hpp	generic-render-context-contract	ore-context-render-pass	-	-	prepared	verified	required-source-edge	cpp:renderer/include/rive/renderer/render_context.hpp:12
1	4ac7b32798da0482e441ef09304dc3b480ed3ee5	renderer/include/rive/renderer/render_context.hpp	14	include	rive/renderer/render_target.hpp	quote	all	campaign-source	renderer/include/rive/renderer/render_target.hpp	generic-render-context-contract	generic-render-target	-	-	prepared	verified	required-source-edge	cpp:renderer/include/rive/renderer/render_context.hpp:14
1	4ac7b32798da0482e441ef09304dc3b480ed3ee5	renderer/include/rive/renderer/render_context.hpp	15	include	rive/renderer/shader_compilation_mode.hpp	quote	all	upstream-global-source	renderer/include/rive/renderer/shader_compilation_mode.hpp	generic-render-context-contract	existing-rust:crates/nuxie-renderer/src/native_metal/pipeline_cache.rs	crates/nuxie-renderer/src/native_metal/pipeline_cache.rs	rust:crates/nuxie-renderer/src/native_metal/pipeline_cache.rs:1-1367	existing-complete	verified	reuse-exact-existing-rust-correspondence	cpp:renderer/include/rive/renderer/render_context.hpp:15
1	4ac7b32798da0482e441ef09304dc3b480ed3ee5	renderer/include/rive/renderer/render_context.hpp	16	include	rive/renderer/sk_rectanizer_skyline.hpp	quote	all	upstream-global-source	renderer/include/rive/renderer/sk_rectanizer_skyline.hpp	generic-render-context-contract	existing-rust:crates/nuxie-renderer/src/skyline.rs	crates/nuxie-renderer/src/skyline.rs	rust:crates/nuxie-renderer/src/skyline.rs:1-431	existing-complete	verified	reuse-exact-existing-rust-correspondence	cpp:renderer/include/rive/renderer/render_context.hpp:16
1	4ac7b32798da0482e441ef09304dc3b480ed3ee5	renderer/include/rive/renderer/render_context.hpp	17	include	rive/renderer/trivial_block_allocator.hpp	quote	all	upstream-global-source	renderer/include/rive/renderer/trivial_block_allocator.hpp	generic-render-context-contract	existing-rust:crates/nuxie-renderer/src/logical_frame.rs	crates/nuxie-renderer/src/logical_frame.rs	rust:crates/nuxie-renderer/src/logical_frame.rs:1-4904	existing-complete	verified	reuse-exact-existing-rust-correspondence	cpp:renderer/include/rive/renderer/render_context.hpp:17
1	4ac7b32798da0482e441ef09304dc3b480ed3ee5	renderer/include/rive/renderer/render_context.hpp	18	include	rive/shapes/paint/color.hpp	quote	all	upstream-global-source	include/rive/shapes/paint/color.hpp	generic-render-context-contract	existing-rust:crates/nuxie-render-api/src/lib.rs	crates/nuxie-render-api/src/lib.rs	rust:crates/nuxie-render-api/src/lib.rs:1-4934	existing-complete	verified	reuse-exact-existing-rust-correspondence	cpp:renderer/include/rive/renderer/render_context.hpp:18
1	4ac7b32798da0482e441ef09304dc3b480ed3ee5	renderer/include/rive/renderer/render_context.hpp	19	include	array	angle	all	toolchain-header	toolchain:array	generic-render-context-contract	-	toolchain:array	toolchain:array	prepared	verified	toolchain-provided	cpp:renderer/include/rive/renderer/render_context.hpp:19
1	4ac7b32798da0482e441ef09304dc3b480ed3ee5	renderer/include/rive/renderer/render_context.hpp	20	include	unordered_map	angle	all	toolchain-header	toolchain:unordered_map	generic-render-context-contract	-	toolchain:unordered_map	toolchain:unordered_map	prepared	verified	toolchain-provided	cpp:renderer/include/rive/renderer/render_context.hpp:20
1	4ac7b32798da0482e441ef09304dc3b480ed3ee5	renderer/include/rive/renderer/render_context_helper_impl.hpp	7	include	rive/renderer/render_context_impl.hpp	quote	all	campaign-source	renderer/include/rive/renderer/render_context_impl.hpp	generic-render-context-helper	generic-render-context-impl-contract	-	-	prepared	verified	required-source-edge	cpp:renderer/include/rive/renderer/render_context_helper_impl.hpp:7
1	4ac7b32798da0482e441ef09304dc3b480ed3ee5	renderer/include/rive/renderer/render_context_helper_impl.hpp	8	include	rive/renderer/buffer_ring.hpp	quote	all	campaign-source	renderer/include/rive/renderer/buffer_ring.hpp	generic-render-context-helper	generic-buffer-ring	-	-	prepared	verified	required-source-edge	cpp:renderer/include/rive/renderer/render_context_helper_impl.hpp:8
1	4ac7b32798da0482e441ef09304dc3b480ed3ee5	renderer/include/rive/renderer/render_context_helper_impl.hpp	9	include	chrono	angle	all	toolchain-header	toolchain:chrono	generic-render-context-helper	-	toolchain:chrono	toolchain:chrono	prepared	verified	toolchain-provided	cpp:renderer/include/rive/renderer/render_context_helper_impl.hpp:9
1	4ac7b32798da0482e441ef09304dc3b480ed3ee5	renderer/include/rive/renderer/render_context_impl.hpp	7	include	rive/renderer/render_context.hpp	quote	all	campaign-source	renderer/include/rive/renderer/render_context.hpp	generic-render-context-impl-contract	generic-render-context-contract	-	-	prepared	verified	required-source-edge	cpp:renderer/include/rive/renderer/render_context_impl.hpp:7
1	4ac7b32798da0482e441ef09304dc3b480ed3ee5	renderer/include/rive/renderer/render_context_impl.hpp	8	include	rive/gpu_texture_format.hpp	quote	all	campaign-source	include/rive/gpu_texture_format.hpp	generic-render-context-impl-contract	generic-gpu-texture-format	-	-	prepared	verified	required-source-edge	cpp:renderer/include/rive/renderer/render_context_impl.hpp:8
1	4ac7b32798da0482e441ef09304dc3b480ed3ee5	renderer/include/rive/renderer/render_context_impl.hpp	11	include	memory	angle	(defined(RIVE_CANVAS))	toolchain-header	toolchain:memory	generic-render-context-impl-contract	-	toolchain:memory	toolchain:memory	prepared	verified	toolchain-provided	cpp:renderer/include/rive/renderer/render_context_impl.hpp:11
1	4ac7b32798da0482e441ef09304dc3b480ed3ee5	renderer/include/rive/renderer/render_target.hpp	7	include	rive/refcnt.hpp	quote	all	campaign-source	include/rive/refcnt.hpp	generic-render-target	generic-refcnt	-	-	prepared	verified	required-source-edge	cpp:renderer/include/rive/renderer/render_target.hpp:7
1	4ac7b32798da0482e441ef09304dc3b480ed3ee5	renderer/include/rive/renderer/render_target.hpp	9	include	rive/math/aabb.hpp	quote	all	upstream-global-source	include/rive/math/aabb.hpp	generic-render-target	existing-rust:crates/nuxie-render-api/src/lib.rs	crates/nuxie-render-api/src/lib.rs	rust:crates/nuxie-render-api/src/lib.rs:1-4934	existing-complete	verified	reuse-exact-existing-rust-correspondence	cpp:renderer/include/rive/renderer/render_target.hpp:9
1	4ac7b32798da0482e441ef09304dc3b480ed3ee5	renderer/include/rive/renderer/render_target.hpp	10	include	rive/math/simd.hpp	quote	all	upstream-global-source	include/rive/math/simd.hpp	generic-render-target	existing-rust:crates/nuxie-renderer/src/gpu.rs	crates/nuxie-renderer/src/gpu.rs	rust:crates/nuxie-renderer/src/gpu.rs:1-1072	existing-complete	verified	reuse-exact-existing-rust-correspondence	cpp:renderer/include/rive/renderer/render_target.hpp:10
1	4ac7b32798da0482e441ef09304dc3b480ed3ee5	renderer/include/rive/renderer/rive_render_buffer.hpp	7	include	rive/renderer.hpp	quote	all	campaign-source	include/rive/renderer.hpp	generic-rive-render-buffer	generic-renderer-contract	-	-	prepared	verified	required-source-edge	cpp:renderer/include/rive/renderer/rive_render_buffer.hpp:7
1	4ac7b32798da0482e441ef09304dc3b480ed3ee5	renderer/include/rive/renderer/rive_render_buffer.hpp	8	include	rive/renderer/gpu.hpp	quote	all	campaign-source	renderer/include/rive/renderer/gpu.hpp	generic-rive-render-buffer	generic-gpu-contract	-	-	prepared	verified	required-source-edge	cpp:renderer/include/rive/renderer/rive_render_buffer.hpp:8
1	4ac7b32798da0482e441ef09304dc3b480ed3ee5	renderer/include/rive/renderer/rive_render_factory.hpp	7	include	rive/factory.hpp	quote	all	campaign-source	include/rive/factory.hpp	generic-rive-render-factory	generic-factory-contract	-	-	prepared	verified	required-source-edge	cpp:renderer/include/rive/renderer/rive_render_factory.hpp:7
1	4ac7b32798da0482e441ef09304dc3b480ed3ee5	renderer/include/rive/renderer/rive_render_image.hpp	7	include	rive/renderer.hpp	quote	all	campaign-source	include/rive/renderer.hpp	generic-texture-image	generic-renderer-contract	-	-	prepared	verified	required-source-edge	cpp:renderer/include/rive/renderer/rive_render_image.hpp:7
1	4ac7b32798da0482e441ef09304dc3b480ed3ee5	renderer/include/rive/renderer/rive_render_image.hpp	8	include	rive/renderer/texture.hpp	quote	all	campaign-source	renderer/include/rive/renderer/texture.hpp	generic-texture-image	generic-texture-image	-	-	prepared	verified	required-source-edge	cpp:renderer/include/rive/renderer/rive_render_image.hpp:8
1	4ac7b32798da0482e441ef09304dc3b480ed3ee5	renderer/include/rive/renderer/rive_render_image.hpp	10	include	emscripten.h	angle	(defined(__EMSCRIPTEN__))	toolchain-header	toolchain:emscripten.h	generic-texture-image	-	toolchain:emscripten.h	toolchain:emscripten.h	prepared	verified	toolchain-provided	cpp:renderer/include/rive/renderer/rive_render_image.hpp:10
1	4ac7b32798da0482e441ef09304dc3b480ed3ee5	renderer/include/rive/renderer/rive_renderer.hpp	7	include	rive/math/raw_path.hpp	quote	all	upstream-global-source	include/rive/math/raw_path.hpp	generic-rive-renderer	existing-rust:crates/nuxie-render-api/src/lib.rs	crates/nuxie-render-api/src/lib.rs	rust:crates/nuxie-render-api/src/lib.rs:1-4934	existing-complete	verified	reuse-exact-existing-rust-correspondence	cpp:renderer/include/rive/renderer/rive_renderer.hpp:7
1	4ac7b32798da0482e441ef09304dc3b480ed3ee5	renderer/include/rive/renderer/rive_renderer.hpp	8	include	rive/renderer.hpp	quote	all	campaign-source	include/rive/renderer.hpp	generic-rive-renderer	generic-renderer-contract	-	-	prepared	verified	required-source-edge	cpp:renderer/include/rive/renderer/rive_renderer.hpp:8
1	4ac7b32798da0482e441ef09304dc3b480ed3ee5	renderer/include/rive/renderer/rive_renderer.hpp	9	include	rive/renderer/gpu.hpp	quote	all	campaign-source	renderer/include/rive/renderer/gpu.hpp	generic-rive-renderer	generic-gpu-contract	-	-	prepared	verified	required-source-edge	cpp:renderer/include/rive/renderer/rive_renderer.hpp:9
1	4ac7b32798da0482e441ef09304dc3b480ed3ee5	renderer/include/rive/renderer/rive_renderer.hpp	10	include	rive/renderer/draw.hpp	quote	all	campaign-source	renderer/include/rive/renderer/draw.hpp	generic-rive-renderer	generic-render-context-implementation	-	-	prepared	verified	required-source-edge	cpp:renderer/include/rive/renderer/rive_renderer.hpp:10
1	4ac7b32798da0482e441ef09304dc3b480ed3ee5	renderer/include/rive/renderer/rive_renderer.hpp	11	include	rive/renderer/render_context.hpp	quote	all	campaign-source	renderer/include/rive/renderer/render_context.hpp	generic-rive-renderer	generic-render-context-contract	-	-	prepared	verified	required-source-edge	cpp:renderer/include/rive/renderer/rive_renderer.hpp:11
1	4ac7b32798da0482e441ef09304dc3b480ed3ee5	renderer/include/rive/renderer/rive_renderer.hpp	12	include	vector	angle	all	toolchain-header	toolchain:vector	generic-rive-renderer	-	toolchain:vector	toolchain:vector	prepared	verified	toolchain-provided	cpp:renderer/include/rive/renderer/rive_renderer.hpp:12
1	4ac7b32798da0482e441ef09304dc3b480ed3ee5	renderer/include/rive/renderer/texture.hpp	7	include	rive/refcnt.hpp	quote	all	campaign-source	include/rive/refcnt.hpp	generic-texture-image	generic-refcnt	-	-	prepared	verified	required-source-edge	cpp:renderer/include/rive/renderer/texture.hpp:7
1	4ac7b32798da0482e441ef09304dc3b480ed3ee5	renderer/src/draw.cpp	5	include	rive/renderer/draw.hpp	quote	all	campaign-source	renderer/include/rive/renderer/draw.hpp	generic-render-context-implementation	generic-render-context-implementation	-	-	prepared	verified	required-source-edge	cpp:renderer/src/draw.cpp:5
1	4ac7b32798da0482e441ef09304dc3b480ed3ee5	renderer/src/draw.cpp	7	include	gr_inner_fan_triangulator.hpp	quote	all	upstream-global-source	renderer/src/gr_inner_fan_triangulator.hpp	generic-render-context-implementation	existing-rust:crates/nuxie-renderer/src/gr_triangulator.rs	crates/nuxie-renderer/src/gr_triangulator.rs	rust:crates/nuxie-renderer/src/gr_triangulator.rs:1-2591	existing-complete	verified	reuse-exact-existing-rust-correspondence	cpp:renderer/src/draw.cpp:7
1	4ac7b32798da0482e441ef09304dc3b480ed3ee5	renderer/src/draw.cpp	8	include	rive_render_path.hpp	quote	all	campaign-source	renderer/src/rive_render_path.hpp	generic-render-context-implementation	generic-rive-render-path	-	-	prepared	verified	required-source-edge	cpp:renderer/src/draw.cpp:8
1	4ac7b32798da0482e441ef09304dc3b480ed3ee5	renderer/src/draw.cpp	9	include	rive_render_paint.hpp	quote	all	campaign-source	renderer/src/rive_render_paint.hpp	generic-render-context-implementation	generic-rive-render-paint	-	-	prepared	verified	required-source-edge	cpp:renderer/src/draw.cpp:9
1	4ac7b32798da0482e441ef09304dc3b480ed3ee5	renderer/src/draw.cpp	10	include	rive/math/bezier_utils.hpp	quote	all	upstream-global-source	include/rive/math/bezier_utils.hpp	generic-render-context-implementation	existing-rust:crates/nuxie-renderer/src/draw.rs	crates/nuxie-renderer/src/draw.rs	rust:crates/nuxie-renderer/src/draw.rs:1-4182	existing-complete	verified	reuse-exact-existing-rust-correspondence	cpp:renderer/src/draw.cpp:10
1	4ac7b32798da0482e441ef09304dc3b480ed3ee5	renderer/src/draw.cpp	11	include	rive/math/wangs_formula.hpp	quote	all	upstream-global-source	include/rive/math/wangs_formula.hpp	generic-render-context-implementation	existing-rust:crates/nuxie-renderer/src/draw.rs	crates/nuxie-renderer/src/draw.rs	rust:crates/nuxie-renderer/src/draw.rs:1-4182	existing-complete	verified	reuse-exact-existing-rust-correspondence	cpp:renderer/src/draw.cpp:11
1	4ac7b32798da0482e441ef09304dc3b480ed3ee5	renderer/src/draw.cpp	12	include	rive/renderer/texture.hpp	quote	all	campaign-source	renderer/include/rive/renderer/texture.hpp	generic-render-context-implementation	generic-texture-image	-	-	prepared	verified	required-source-edge	cpp:renderer/src/draw.cpp:12
1	4ac7b32798da0482e441ef09304dc3b480ed3ee5	renderer/src/draw.cpp	13	include	gradient.hpp	quote	all	campaign-source	renderer/src/gradient.hpp	generic-render-context-implementation	generic-gradient	-	-	prepared	verified	required-source-edge	cpp:renderer/src/draw.cpp:13
1	4ac7b32798da0482e441ef09304dc3b480ed3ee5	renderer/src/draw.cpp	14	include	shaders/constants.glsl	quote	all	campaign-source	renderer/src/shaders/constants.glsl	generic-render-context-implementation	metal-shader-source-batch	-	-	prepared	verified	required-source-edge	cpp:renderer/src/draw.cpp:14
1	4ac7b32798da0482e441ef09304dc3b480ed3ee5	renderer/src/draw.cpp	15	include	rive/profiler/profiler_macros.h	quote	all	upstream-global-source	include/rive/profiler/profiler_macros.h	generic-render-context-implementation	existing-rust:crates/nuxie-renderer/src/lib.rs	crates/nuxie-renderer/src/lib.rs	rust:crates/nuxie-renderer/src/lib.rs:1-26858	existing-complete	verified	reuse-exact-existing-rust-correspondence	cpp:renderer/src/draw.cpp:15
1	4ac7b32798da0482e441ef09304dc3b480ed3ee5	renderer/src/gpu.cpp	5	include	shaders/constants.glsl	quote	all	campaign-source	renderer/src/shaders/constants.glsl	generic-gpu-implementation	metal-shader-source-batch	-	-	prepared	verified	required-source-edge	cpp:renderer/src/gpu.cpp:5
1	4ac7b32798da0482e441ef09304dc3b480ed3ee5	renderer/src/gpu.cpp	6	include	rive/math/bitwise.hpp	quote	all	upstream-global-source	include/rive/math/bitwise.hpp	generic-gpu-implementation	existing-rust:crates/nuxie-renderer/src/gpu.rs	crates/nuxie-renderer/src/gpu.rs	rust:crates/nuxie-renderer/src/gpu.rs:1-1072	existing-complete	verified	reuse-exact-existing-rust-correspondence	cpp:renderer/src/gpu.cpp:6
1	4ac7b32798da0482e441ef09304dc3b480ed3ee5	renderer/src/gpu.cpp	7	include	rive/renderer/gpu.hpp	quote	all	campaign-source	renderer/include/rive/renderer/gpu.hpp	generic-gpu-implementation	generic-gpu-contract	-	-	prepared	verified	required-source-edge	cpp:renderer/src/gpu.cpp:7
1	4ac7b32798da0482e441ef09304dc3b480ed3ee5	renderer/src/gpu.cpp	8	include	rive/renderer/render_context.hpp	quote	all	campaign-source	renderer/include/rive/renderer/render_context.hpp	generic-gpu-implementation	generic-render-context-contract	-	-	prepared	verified	required-source-edge	cpp:renderer/src/gpu.cpp:8
1	4ac7b32798da0482e441ef09304dc3b480ed3ee5	renderer/src/gpu.cpp	9	include	rive/renderer/render_target.hpp	quote	all	campaign-source	renderer/include/rive/renderer/render_target.hpp	generic-gpu-implementation	generic-render-target	-	-	prepared	verified	required-source-edge	cpp:renderer/src/gpu.cpp:9
1	4ac7b32798da0482e441ef09304dc3b480ed3ee5	renderer/src/gpu.cpp	10	include	rive/renderer/texture.hpp	quote	all	campaign-source	renderer/include/rive/renderer/texture.hpp	generic-gpu-implementation	generic-texture-image	-	-	prepared	verified	required-source-edge	cpp:renderer/src/gpu.cpp:10
1	4ac7b32798da0482e441ef09304dc3b480ed3ee5	renderer/src/gpu.cpp	11	include	gradient.hpp	quote	all	campaign-source	renderer/src/gradient.hpp	generic-gpu-implementation	generic-gradient	-	-	prepared	verified	required-source-edge	cpp:renderer/src/gpu.cpp:11
1	4ac7b32798da0482e441ef09304dc3b480ed3ee5	renderer/src/gpu.cpp	12	include	rive_render_paint.hpp	quote	all	campaign-source	renderer/src/rive_render_paint.hpp	generic-gpu-implementation	generic-rive-render-paint	-	-	prepared	verified	required-source-edge	cpp:renderer/src/gpu.cpp:12
1	4ac7b32798da0482e441ef09304dc3b480ed3ee5	renderer/src/gpu.cpp	14	include	generated/shaders/draw_path.vert.exports.h	quote	all	generated-shader-source	renderer/src/shaders/draw_path.vert	generic-gpu-implementation	metal-shader-source-batch	-	-	prepared	verified	required-source-edge	cpp:renderer/src/gpu.cpp:14
1	4ac7b32798da0482e441ef09304dc3b480ed3ee5	renderer/src/gpu_resource.cpp	5	include	rive/renderer/gpu_resource.hpp	quote	all	campaign-source	renderer/include/rive/renderer/gpu_resource.hpp	gpu-resource	gpu-resource	-	-	prepared	verified	required-source-edge	cpp:renderer/src/gpu_resource.cpp:5
1	4ac7b32798da0482e441ef09304dc3b480ed3ee5	renderer/src/gradient.cpp	5	include	gradient.hpp	quote	all	campaign-source	renderer/src/gradient.hpp	generic-gradient	generic-gradient	-	-	prepared	verified	required-source-edge	cpp:renderer/src/gradient.cpp:5
1	4ac7b32798da0482e441ef09304dc3b480ed3ee5	renderer/src/gradient.hpp	7	include	rive/renderer/gpu.hpp	quote	all	campaign-source	renderer/include/rive/renderer/gpu.hpp	generic-gradient	generic-gpu-contract	-	-	prepared	verified	required-source-edge	cpp:renderer/src/gradient.hpp:7
1	4ac7b32798da0482e441ef09304dc3b480ed3ee5	renderer/src/gradient.hpp	8	include	rive/renderer.hpp	quote	all	campaign-source	include/rive/renderer.hpp	generic-gradient	generic-renderer-contract	-	-	prepared	verified	required-source-edge	cpp:renderer/src/gradient.hpp:8
1	4ac7b32798da0482e441ef09304dc3b480ed3ee5	renderer/src/gradient.hpp	9	include	array	angle	all	toolchain-header	toolchain:array	generic-gradient	-	toolchain:array	toolchain:array	prepared	verified	toolchain-provided	cpp:renderer/src/gradient.hpp:9
1	4ac7b32798da0482e441ef09304dc3b480ed3ee5	renderer/src/metal/background_shader_compiler.h	7	include	rive/renderer/gpu.hpp	quote	all	campaign-source	renderer/include/rive/renderer/gpu.hpp	metal-background-shader-compiler	generic-gpu-contract	-	-	prepared	verified	required-source-edge	cpp:renderer/src/metal/background_shader_compiler.h:7
1	4ac7b32798da0482e441ef09304dc3b480ed3ee5	renderer/src/metal/background_shader_compiler.h	8	include	rive/renderer/metal/render_context_metal_impl.h	quote	all	campaign-source	renderer/include/rive/renderer/metal/render_context_metal_impl.h	metal-background-shader-compiler	metal-render-context-api	-	-	prepared	verified	required-source-edge	cpp:renderer/src/metal/background_shader_compiler.h:8
1	4ac7b32798da0482e441ef09304dc3b480ed3ee5	renderer/src/metal/background_shader_compiler.h	10	include	queue	angle	all	toolchain-header	toolchain:queue	metal-background-shader-compiler	-	toolchain:queue	toolchain:queue	prepared	verified	toolchain-provided	cpp:renderer/src/metal/background_shader_compiler.h:10
1	4ac7b32798da0482e441ef09304dc3b480ed3ee5	renderer/src/metal/background_shader_compiler.h	11	include	thread	angle	all	toolchain-header	toolchain:thread	metal-background-shader-compiler	-	toolchain:thread	toolchain:thread	prepared	verified	toolchain-provided	cpp:renderer/src/metal/background_shader_compiler.h:11
1	4ac7b32798da0482e441ef09304dc3b480ed3ee5	renderer/src/metal/background_shader_compiler.h	13	import	Metal/Metal.h	angle	all	toolchain-header	toolchain:Metal/Metal.h	metal-background-shader-compiler	-	toolchain:Metal/Metal.h	toolchain:Metal/Metal.h	prepared	verified	toolchain-provided	cpp:renderer/src/metal/background_shader_compiler.h:13
1	4ac7b32798da0482e441ef09304dc3b480ed3ee5	renderer/src/metal/background_shader_compiler.mm	5	include	background_shader_compiler.h	quote	all	campaign-source	renderer/src/metal/background_shader_compiler.h	metal-background-shader-compiler	metal-background-shader-compiler	-	-	prepared	verified	required-source-edge	cpp:renderer/src/metal/background_shader_compiler.mm:5
1	4ac7b32798da0482e441ef09304dc3b480ed3ee5	renderer/src/metal/background_shader_compiler.mm	7	include	generated/shaders/metal.glsl.hpp	quote	all	generated-shader-source	renderer/src/shaders/metal.glsl	metal-background-shader-compiler	metal-shader-source-batch	-	-	prepared	verified	required-source-edge	cpp:renderer/src/metal/background_shader_compiler.mm:7
1	4ac7b32798da0482e441ef09304dc3b480ed3ee5	renderer/src/metal/background_shader_compiler.mm	8	include	generated/shaders/constants.glsl.hpp	quote	all	generated-shader-source	renderer/src/shaders/constants.glsl	metal-background-shader-compiler	metal-shader-source-batch	-	-	prepared	verified	required-source-edge	cpp:renderer/src/metal/background_shader_compiler.mm:8
1	4ac7b32798da0482e441ef09304dc3b480ed3ee5	renderer/src/metal/background_shader_compiler.mm	9	include	generated/shaders/flush_uniforms.glsl.hpp	quote	all	generated-shader-source	renderer/src/shaders/flush_uniforms.glsl	metal-background-shader-compiler	metal-shader-source-batch	-	-	prepared	verified	required-source-edge	cpp:renderer/src/metal/background_shader_compiler.mm:9
1	4ac7b32798da0482e441ef09304dc3b480ed3ee5	renderer/src/metal/background_shader_compiler.mm	10	include	generated/shaders/common.glsl.hpp	quote	all	generated-shader-source	renderer/src/shaders/common.glsl	metal-background-shader-compiler	metal-shader-source-batch	-	-	prepared	verified	required-source-edge	cpp:renderer/src/metal/background_shader_compiler.mm:10
1	4ac7b32798da0482e441ef09304dc3b480ed3ee5	renderer/src/metal/background_shader_compiler.mm	11	include	generated/shaders/advanced_blend.glsl.hpp	quote	all	generated-shader-source	renderer/src/shaders/advanced_blend.glsl	metal-background-shader-compiler	metal-shader-source-batch	-	-	prepared	verified	required-source-edge	cpp:renderer/src/metal/background_shader_compiler.mm:11
1	4ac7b32798da0482e441ef09304dc3b480ed3ee5	renderer/src/metal/background_shader_compiler.mm	12	include	generated/shaders/draw_path_common.glsl.hpp	quote	all	generated-shader-source	renderer/src/shaders/draw_path_common.glsl	metal-background-shader-compiler	metal-shader-source-batch	-	-	prepared	verified	required-source-edge	cpp:renderer/src/metal/background_shader_compiler.mm:12
1	4ac7b32798da0482e441ef09304dc3b480ed3ee5	renderer/src/metal/background_shader_compiler.mm	13	include	generated/shaders/draw_path.vert.hpp	quote	all	generated-shader-source	renderer/src/shaders/draw_path.vert	metal-background-shader-compiler	metal-shader-source-batch	-	-	prepared	verified	required-source-edge	cpp:renderer/src/metal/background_shader_compiler.mm:13
1	4ac7b32798da0482e441ef09304dc3b480ed3ee5	renderer/src/metal/background_shader_compiler.mm	14	include	generated/shaders/draw_raster_order_path.frag.hpp	quote	all	generated-shader-source	renderer/src/shaders/draw_raster_order_path.frag	metal-background-shader-compiler	metal-shader-source-batch	-	-	prepared	verified	required-source-edge	cpp:renderer/src/metal/background_shader_compiler.mm:14
1	4ac7b32798da0482e441ef09304dc3b480ed3ee5	renderer/src/metal/background_shader_compiler.mm	15	include	generated/shaders/draw_image_mesh.vert.hpp	quote	all	generated-shader-source	renderer/src/shaders/draw_image_mesh.vert	metal-background-shader-compiler	metal-shader-source-batch	-	-	prepared	verified	required-source-edge	cpp:renderer/src/metal/background_shader_compiler.mm:15
1	4ac7b32798da0482e441ef09304dc3b480ed3ee5	renderer/src/metal/background_shader_compiler.mm	16	include	generated/shaders/draw_mesh.frag.hpp	quote	all	generated-shader-source	renderer/src/shaders/draw_mesh.frag	metal-background-shader-compiler	metal-shader-source-batch	-	-	prepared	verified	required-source-edge	cpp:renderer/src/metal/background_shader_compiler.mm:16
1	4ac7b32798da0482e441ef09304dc3b480ed3ee5	renderer/src/metal/background_shader_compiler.mm	21	include	generated/shaders/atomic_draw.glsl.hpp	quote	(!defined(RIVE_IOS))	generated-shader-source	renderer/src/shaders/atomic_draw.glsl	metal-background-shader-compiler	metal-shader-source-batch	-	-	prepared	verified	required-source-edge	cpp:renderer/src/metal/background_shader_compiler.mm:21
1	4ac7b32798da0482e441ef09304dc3b480ed3ee5	renderer/src/metal/background_shader_compiler.mm	24	include	sstream	angle	all	toolchain-header	toolchain:sstream	metal-background-shader-compiler	-	toolchain:sstream	toolchain:sstream	prepared	verified	toolchain-provided	cpp:renderer/src/metal/background_shader_compiler.mm:24
1	4ac7b32798da0482e441ef09304dc3b480ed3ee5	renderer/src/metal/render_context_metal_impl.mm	5	include	rive/renderer/metal/render_context_metal_impl.h	quote	all	campaign-source	renderer/include/rive/renderer/metal/render_context_metal_impl.h	metal-render-context-implementation	metal-render-context-api	-	-	prepared	verified	required-source-edge	cpp:renderer/src/metal/render_context_metal_impl.mm:5
1	4ac7b32798da0482e441ef09304dc3b480ed3ee5	renderer/src/metal/render_context_metal_impl.mm	7	include	rive/decoders/astc_footprints.hpp	quote	all	campaign-source	decoders/include/rive/decoders/astc_footprints.hpp	metal-render-context-implementation	generic-astc-footprints	-	-	prepared	verified	required-source-edge	cpp:renderer/src/metal/render_context_metal_impl.mm:7
1	4ac7b32798da0482e441ef09304dc3b480ed3ee5	renderer/src/metal/render_context_metal_impl.mm	9	include	background_shader_compiler.h	quote	all	campaign-source	renderer/src/metal/background_shader_compiler.h	metal-render-context-implementation	metal-background-shader-compiler	-	-	prepared	verified	required-source-edge	cpp:renderer/src/metal/render_context_metal_impl.mm:9
1	4ac7b32798da0482e441ef09304dc3b480ed3ee5	renderer/src/metal/render_context_metal_impl.mm	10	include	rive/renderer/buffer_ring.hpp	quote	all	campaign-source	renderer/include/rive/renderer/buffer_ring.hpp	metal-render-context-implementation	generic-buffer-ring	-	-	prepared	verified	required-source-edge	cpp:renderer/src/metal/render_context_metal_impl.mm:10
1	4ac7b32798da0482e441ef09304dc3b480ed3ee5	renderer/src/metal/render_context_metal_impl.mm	12	include	rive/renderer/render_canvas.hpp	quote	(defined(RIVE_CANVAS))	campaign-source	renderer/include/rive/renderer/render_canvas.hpp	metal-render-context-implementation	generic-render-canvas	-	-	prepared	verified	required-source-edge	cpp:renderer/src/metal/render_context_metal_impl.mm:12
1	4ac7b32798da0482e441ef09304dc3b480ed3ee5	renderer/src/metal/render_context_metal_impl.mm	13	include	rive/renderer/ore/ore_context_metal.hpp	quote	(defined(RIVE_CANVAS))	campaign-source	renderer/include/rive/renderer/ore/ore_context_metal.hpp	metal-render-context-implementation	ore-context-render-pass	-	-	prepared	verified	required-source-edge	cpp:renderer/src/metal/render_context_metal_impl.mm:13
1	4ac7b32798da0482e441ef09304dc3b480ed3ee5	renderer/src/metal/render_context_metal_impl.mm	15	include	rive/renderer/texture.hpp	quote	all	campaign-source	renderer/include/rive/renderer/texture.hpp	metal-render-context-implementation	generic-texture-image	-	-	prepared	verified	required-source-edge	cpp:renderer/src/metal/render_context_metal_impl.mm:15
1	4ac7b32798da0482e441ef09304dc3b480ed3ee5	renderer/src/metal/render_context_metal_impl.mm	16	include	rive/renderer/rive_render_buffer.hpp	quote	all	campaign-source	renderer/include/rive/renderer/rive_render_buffer.hpp	metal-render-context-implementation	generic-rive-render-buffer	-	-	prepared	verified	required-source-edge	cpp:renderer/src/metal/render_context_metal_impl.mm:16
1	4ac7b32798da0482e441ef09304dc3b480ed3ee5	renderer/src/metal/render_context_metal_impl.mm	17	include	shaders/constants.glsl	quote	all	campaign-source	renderer/src/shaders/constants.glsl	metal-render-context-implementation	metal-shader-source-batch	-	-	prepared	verified	required-source-edge	cpp:renderer/src/metal/render_context_metal_impl.mm:17
1	4ac7b32798da0482e441ef09304dc3b480ed3ee5	renderer/src/metal/render_context_metal_impl.mm	18	include	sstream	angle	all	toolchain-header	toolchain:sstream	metal-render-context-implementation	-	toolchain:sstream	toolchain:sstream	prepared	verified	toolchain-provided	cpp:renderer/src/metal/render_context_metal_impl.mm:18
1	4ac7b32798da0482e441ef09304dc3b480ed3ee5	renderer/src/metal/render_context_metal_impl.mm	20	include	generated/shaders/color_ramp.glsl.exports.h	quote	all	generated-shader-source	renderer/src/shaders/color_ramp.glsl	metal-render-context-implementation	metal-shader-source-batch	-	-	prepared	verified	required-source-edge	cpp:renderer/src/metal/render_context_metal_impl.mm:20
1	4ac7b32798da0482e441ef09304dc3b480ed3ee5	renderer/src/metal/render_context_metal_impl.mm	21	include	generated/shaders/tessellate.glsl.exports.h	quote	all	generated-shader-source	renderer/src/shaders/tessellate.glsl	metal-render-context-implementation	metal-shader-source-batch	-	-	prepared	verified	required-source-edge	cpp:renderer/src/metal/render_context_metal_impl.mm:21
1	4ac7b32798da0482e441ef09304dc3b480ed3ee5	renderer/src/metal/render_context_metal_impl.mm	24	import	mach-o/arch.h	angle	(defined(RIVE_IOS_SIMULATOR))	toolchain-header	toolchain:mach-o/arch.h	metal-render-context-implementation	-	toolchain:mach-o/arch.h	toolchain:mach-o/arch.h	prepared	verified	toolchain-provided	cpp:renderer/src/metal/render_context_metal_impl.mm:24
1	4ac7b32798da0482e441ef09304dc3b480ed3ee5	renderer/src/metal/render_context_metal_impl.mm	30	include	generated/shaders/rive_pls_ios.metallib.c	quote	(defined(RIVE_IOS))	generated-shader-artifact	renderer/src/shaders/Makefile	metal-render-context-implementation	metal-shader-source-batch	-	-	prepared	verified	required-source-edge	cpp:renderer/src/metal/render_context_metal_impl.mm:30
1	4ac7b32798da0482e441ef09304dc3b480ed3ee5	renderer/src/metal/render_context_metal_impl.mm	32	include	generated/shaders/rive_pls_ios_simulator.metallib.c	quote	(!((defined(RIVE_IOS))) && (defined(RIVE_IOS_SIMULATOR)))	generated-shader-artifact	renderer/src/shaders/Makefile	metal-render-context-implementation	metal-shader-source-batch	-	-	prepared	verified	required-source-edge	cpp:renderer/src/metal/render_context_metal_impl.mm:32
1	4ac7b32798da0482e441ef09304dc3b480ed3ee5	renderer/src/metal/render_context_metal_impl.mm	34	include	generated/shaders/rive_renderer_xros.metallib.c	quote	(!((defined(RIVE_IOS)) || (defined(RIVE_IOS_SIMULATOR))) && (defined(RIVE_XROS)))	generated-shader-artifact	renderer/src/shaders/Makefile	metal-render-context-implementation	metal-shader-source-batch	-	-	prepared	verified	required-source-edge	cpp:renderer/src/metal/render_context_metal_impl.mm:34
1	4ac7b32798da0482e441ef09304dc3b480ed3ee5	renderer/src/metal/render_context_metal_impl.mm	36	include	generated/shaders/rive_renderer_xros_simulator.metallib.c	quote	(!((defined(RIVE_IOS)) || (defined(RIVE_IOS_SIMULATOR)) || (defined(RIVE_XROS))) && (defined(RIVE_XROS_SIMULATOR)))	generated-shader-artifact	renderer/src/shaders/Makefile	metal-render-context-implementation	metal-shader-source-batch	-	-	prepared	verified	required-source-edge	cpp:renderer/src/metal/render_context_metal_impl.mm:36
1	4ac7b32798da0482e441ef09304dc3b480ed3ee5	renderer/src/metal/render_context_metal_impl.mm	38	include	generated/shaders/rive_renderer_appletvos.metallib.c	quote	(!((defined(RIVE_IOS)) || (defined(RIVE_IOS_SIMULATOR)) || (defined(RIVE_XROS)) || (defined(RIVE_XROS_SIMULATOR))) && (defined(RIVE_APPLETVOS)))	generated-shader-artifact	renderer/src/shaders/Makefile	metal-render-context-implementation	metal-shader-source-batch	-	-	prepared	verified	required-source-edge	cpp:renderer/src/metal/render_context_metal_impl.mm:38
1	4ac7b32798da0482e441ef09304dc3b480ed3ee5	renderer/src/metal/render_context_metal_impl.mm	40	include	generated/shaders/rive_renderer_appletvsimulator.metallib.c	quote	(!((defined(RIVE_IOS)) || (defined(RIVE_IOS_SIMULATOR)) || (defined(RIVE_XROS)) || (defined(RIVE_XROS_SIMULATOR)) || (defined(RIVE_APPLETVOS))) && (defined(RIVE_APPLETVOS_SIMULATOR)))	generated-shader-artifact	renderer/src/shaders/Makefile	metal-render-context-implementation	metal-shader-source-batch	-	-	prepared	verified	required-source-edge	cpp:renderer/src/metal/render_context_metal_impl.mm:40
1	4ac7b32798da0482e441ef09304dc3b480ed3ee5	renderer/src/metal/render_context_metal_impl.mm	42	include	generated/shaders/rive_pls_macosx.metallib.c	quote	(!((defined(RIVE_IOS)) || (defined(RIVE_IOS_SIMULATOR)) || (defined(RIVE_XROS)) || (defined(RIVE_XROS_SIMULATOR)) || (defined(RIVE_APPLETVOS)) || (defined(RIVE_APPLETVOS_SIMULATOR))))	generated-shader-artifact	renderer/src/shaders/Makefile	metal-render-context-implementation	metal-shader-source-batch	-	-	prepared	verified	required-source-edge	cpp:renderer/src/metal/render_context_metal_impl.mm:42
1	4ac7b32798da0482e441ef09304dc3b480ed3ee5	renderer/src/ore/metal/ore_bind_group_metal.hpp	2	include	rive/renderer/ore/ore_bind_group.hpp	quote	all	campaign-source	renderer/include/rive/renderer/ore/ore_bind_group.hpp	ore-bind-group	ore-bind-group	-	-	prepared	verified	required-source-edge	cpp:renderer/src/ore/metal/ore_bind_group_metal.hpp:2
1	4ac7b32798da0482e441ef09304dc3b480ed3ee5	renderer/src/ore/metal/ore_bind_group_metal.hpp	3	include	rive/renderer/ore/ore_binding_map.hpp	quote	all	campaign-source	renderer/include/rive/renderer/ore/ore_binding_map.hpp	ore-bind-group	ore-binding-map	-	-	prepared	verified	required-source-edge	cpp:renderer/src/ore/metal/ore_bind_group_metal.hpp:3
1	4ac7b32798da0482e441ef09304dc3b480ed3ee5	renderer/src/ore/metal/ore_bind_group_metal.hpp	4	import	Metal/Metal.h	angle	all	toolchain-header	toolchain:Metal/Metal.h	ore-bind-group	-	toolchain:Metal/Metal.h	toolchain:Metal/Metal.h	prepared	verified	toolchain-provided	cpp:renderer/src/ore/metal/ore_bind_group_metal.hpp:4
1	4ac7b32798da0482e441ef09304dc3b480ed3ee5	renderer/src/ore/metal/ore_bind_group_metal.hpp	5	include	vector	angle	all	toolchain-header	toolchain:vector	ore-bind-group	-	toolchain:vector	toolchain:vector	prepared	verified	toolchain-provided	cpp:renderer/src/ore/metal/ore_bind_group_metal.hpp:5
1	4ac7b32798da0482e441ef09304dc3b480ed3ee5	renderer/src/ore/metal/ore_bind_group_metal.mm	5	include	ore_bind_group_metal.hpp	quote	all	campaign-source	renderer/src/ore/metal/ore_bind_group_metal.hpp	ore-bind-group	ore-bind-group	-	-	prepared	verified	required-source-edge	cpp:renderer/src/ore/metal/ore_bind_group_metal.mm:5
1	4ac7b32798da0482e441ef09304dc3b480ed3ee5	renderer/src/ore/metal/ore_buffer_metal.hpp	2	include	rive/renderer/ore/ore_buffer.hpp	quote	all	campaign-source	renderer/include/rive/renderer/ore/ore_buffer.hpp	ore-buffer	ore-buffer	-	-	prepared	verified	required-source-edge	cpp:renderer/src/ore/metal/ore_buffer_metal.hpp:2
1	4ac7b32798da0482e441ef09304dc3b480ed3ee5	renderer/src/ore/metal/ore_buffer_metal.hpp	3	import	Metal/Metal.h	angle	all	toolchain-header	toolchain:Metal/Metal.h	ore-buffer	-	toolchain:Metal/Metal.h	toolchain:Metal/Metal.h	prepared	verified	toolchain-provided	cpp:renderer/src/ore/metal/ore_buffer_metal.hpp:3
1	4ac7b32798da0482e441ef09304dc3b480ed3ee5	renderer/src/ore/metal/ore_buffer_metal.hpp	4	include	string	angle	all	toolchain-header	toolchain:string	ore-buffer	-	toolchain:string	toolchain:string	prepared	verified	toolchain-provided	cpp:renderer/src/ore/metal/ore_buffer_metal.hpp:4
1	4ac7b32798da0482e441ef09304dc3b480ed3ee5	renderer/src/ore/metal/ore_buffer_metal.hpp	5	include	vector	angle	all	toolchain-header	toolchain:vector	ore-buffer	-	toolchain:vector	toolchain:vector	prepared	verified	toolchain-provided	cpp:renderer/src/ore/metal/ore_buffer_metal.hpp:5
1	4ac7b32798da0482e441ef09304dc3b480ed3ee5	renderer/src/ore/metal/ore_buffer_metal.mm	5	include	ore_buffer_metal.hpp	quote	all	campaign-source	renderer/src/ore/metal/ore_buffer_metal.hpp	ore-buffer	ore-buffer	-	-	prepared	verified	required-source-edge	cpp:renderer/src/ore/metal/ore_buffer_metal.mm:5
1	4ac7b32798da0482e441ef09304dc3b480ed3ee5	renderer/src/ore/metal/ore_buffer_metal.mm	6	include	rive/renderer/ore/ore_context_metal.hpp	quote	all	campaign-source	renderer/include/rive/renderer/ore/ore_context_metal.hpp	ore-buffer	ore-context-render-pass	-	-	prepared	verified	required-source-edge	cpp:renderer/src/ore/metal/ore_buffer_metal.mm:6
1	4ac7b32798da0482e441ef09304dc3b480ed3ee5	renderer/src/ore/metal/ore_buffer_metal.mm	7	include	rive/rive_types.hpp	quote	all	campaign-source	include/rive/rive_types.hpp	ore-buffer	generic-rive-types	-	-	prepared	verified	required-source-edge	cpp:renderer/src/ore/metal/ore_buffer_metal.mm:7
1	4ac7b32798da0482e441ef09304dc3b480ed3ee5	renderer/src/ore/metal/ore_buffer_metal.mm	9	import	Metal/Metal.h	angle	all	toolchain-header	toolchain:Metal/Metal.h	ore-buffer	-	toolchain:Metal/Metal.h	toolchain:Metal/Metal.h	prepared	verified	toolchain-provided	cpp:renderer/src/ore/metal/ore_buffer_metal.mm:9
1	4ac7b32798da0482e441ef09304dc3b480ed3ee5	renderer/src/ore/metal/ore_context_metal.mm	5	include	rive/renderer/ore/ore_context_metal.hpp	quote	all	campaign-source	renderer/include/rive/renderer/ore/ore_context_metal.hpp	ore-context-render-pass	ore-context-render-pass	-	-	prepared	verified	required-source-edge	cpp:renderer/src/ore/metal/ore_context_metal.mm:5
1	4ac7b32798da0482e441ef09304dc3b480ed3ee5	renderer/src/ore/metal/ore_context_metal.mm	6	include	ore_bind_group_metal.hpp	quote	all	campaign-source	renderer/src/ore/metal/ore_bind_group_metal.hpp	ore-context-render-pass	ore-bind-group	-	-	prepared	verified	required-source-edge	cpp:renderer/src/ore/metal/ore_context_metal.mm:6
1	4ac7b32798da0482e441ef09304dc3b480ed3ee5	renderer/src/ore/metal/ore_context_metal.mm	7	include	ore_buffer_metal.hpp	quote	all	campaign-source	renderer/src/ore/metal/ore_buffer_metal.hpp	ore-context-render-pass	ore-buffer	-	-	prepared	verified	required-source-edge	cpp:renderer/src/ore/metal/ore_context_metal.mm:7
1	4ac7b32798da0482e441ef09304dc3b480ed3ee5	renderer/src/ore/metal/ore_context_metal.mm	8	include	ore_pipeline_metal.hpp	quote	all	campaign-source	renderer/src/ore/metal/ore_pipeline_metal.hpp	ore-context-render-pass	ore-pipeline	-	-	prepared	verified	required-source-edge	cpp:renderer/src/ore/metal/ore_context_metal.mm:8
1	4ac7b32798da0482e441ef09304dc3b480ed3ee5	renderer/src/ore/metal/ore_context_metal.mm	9	include	ore_render_pass_metal.hpp	quote	all	campaign-source	renderer/src/ore/metal/ore_render_pass_metal.hpp	ore-context-render-pass	ore-context-render-pass	-	-	prepared	verified	required-source-edge	cpp:renderer/src/ore/metal/ore_context_metal.mm:9
1	4ac7b32798da0482e441ef09304dc3b480ed3ee5	renderer/src/ore/metal/ore_context_metal.mm	10	include	ore_sampler_metal.hpp	quote	all	campaign-source	renderer/src/ore/metal/ore_sampler_metal.hpp	ore-context-render-pass	ore-sampler	-	-	prepared	verified	required-source-edge	cpp:renderer/src/ore/metal/ore_context_metal.mm:10
1	4ac7b32798da0482e441ef09304dc3b480ed3ee5	renderer/src/ore/metal/ore_context_metal.mm	11	include	ore_shader_module_metal.hpp	quote	all	campaign-source	renderer/src/ore/metal/ore_shader_module_metal.hpp	ore-context-render-pass	ore-shader-module	-	-	prepared	verified	required-source-edge	cpp:renderer/src/ore/metal/ore_context_metal.mm:11
1	4ac7b32798da0482e441ef09304dc3b480ed3ee5	renderer/src/ore/metal/ore_context_metal.mm	12	include	ore_texture_metal.hpp	quote	all	campaign-source	renderer/src/ore/metal/ore_texture_metal.hpp	ore-context-render-pass	ore-texture	-	-	prepared	verified	required-source-edge	cpp:renderer/src/ore/metal/ore_context_metal.mm:12
1	4ac7b32798da0482e441ef09304dc3b480ed3ee5	renderer/src/ore/metal/ore_context_metal.mm	13	include	rive/renderer/render_canvas.hpp	quote	all	campaign-source	renderer/include/rive/renderer/render_canvas.hpp	ore-context-render-pass	generic-render-canvas	-	-	prepared	verified	required-source-edge	cpp:renderer/src/ore/metal/ore_context_metal.mm:13
1	4ac7b32798da0482e441ef09304dc3b480ed3ee5	renderer/src/ore/metal/ore_context_metal.mm	14	include	rive/renderer/metal/render_context_metal_impl.h	quote	all	campaign-source	renderer/include/rive/renderer/metal/render_context_metal_impl.h	ore-context-render-pass	metal-render-context-api	-	-	prepared	verified	required-source-edge	cpp:renderer/src/ore/metal/ore_context_metal.mm:14
1	4ac7b32798da0482e441ef09304dc3b480ed3ee5	renderer/src/ore/metal/ore_context_metal.mm	15	include	rive/rive_types.hpp	quote	all	campaign-source	include/rive/rive_types.hpp	ore-context-render-pass	generic-rive-types	-	-	prepared	verified	required-source-edge	cpp:renderer/src/ore/metal/ore_context_metal.mm:15
1	4ac7b32798da0482e441ef09304dc3b480ed3ee5	renderer/src/ore/metal/ore_context_metal.mm	17	include	string	angle	all	toolchain-header	toolchain:string	ore-context-render-pass	-	toolchain:string	toolchain:string	prepared	verified	toolchain-provided	cpp:renderer/src/ore/metal/ore_context_metal.mm:17
1	4ac7b32798da0482e441ef09304dc3b480ed3ee5	renderer/src/ore/metal/ore_context_metal.mm	19	import	Metal/Metal.h	angle	all	toolchain-header	toolchain:Metal/Metal.h	ore-context-render-pass	-	toolchain:Metal/Metal.h	toolchain:Metal/Metal.h	prepared	verified	toolchain-provided	cpp:renderer/src/ore/metal/ore_context_metal.mm:19
1	4ac7b32798da0482e441ef09304dc3b480ed3ee5	renderer/src/ore/metal/ore_pipeline_metal.hpp	2	include	rive/renderer/ore/ore_pipeline.hpp	quote	all	campaign-source	renderer/include/rive/renderer/ore/ore_pipeline.hpp	ore-pipeline	ore-pipeline	-	-	prepared	verified	required-source-edge	cpp:renderer/src/ore/metal/ore_pipeline_metal.hpp:2
1	4ac7b32798da0482e441ef09304dc3b480ed3ee5	renderer/src/ore/metal/ore_pipeline_metal.hpp	3	import	Metal/Metal.h	angle	all	toolchain-header	toolchain:Metal/Metal.h	ore-pipeline	-	toolchain:Metal/Metal.h	toolchain:Metal/Metal.h	prepared	verified	toolchain-provided	cpp:renderer/src/ore/metal/ore_pipeline_metal.hpp:3
1	4ac7b32798da0482e441ef09304dc3b480ed3ee5	renderer/src/ore/metal/ore_pipeline_metal.mm	5	include	ore_pipeline_metal.hpp	quote	all	campaign-source	renderer/src/ore/metal/ore_pipeline_metal.hpp	ore-pipeline	ore-pipeline	-	-	prepared	verified	required-source-edge	cpp:renderer/src/ore/metal/ore_pipeline_metal.mm:5
1	4ac7b32798da0482e441ef09304dc3b480ed3ee5	renderer/src/ore/metal/ore_render_pass_metal.hpp	2	include	rive/renderer/ore/ore_render_pass.hpp	quote	all	campaign-source	renderer/include/rive/renderer/ore/ore_render_pass.hpp	ore-context-render-pass	ore-context-render-pass	-	-	prepared	verified	required-source-edge	cpp:renderer/src/ore/metal/ore_render_pass_metal.hpp:2
1	4ac7b32798da0482e441ef09304dc3b480ed3ee5	renderer/src/ore/metal/ore_render_pass_metal.hpp	3	include	rive/renderer/ore/ore_pipeline.hpp	quote	all	campaign-source	renderer/include/rive/renderer/ore/ore_pipeline.hpp	ore-context-render-pass	ore-pipeline	-	-	prepared	verified	required-source-edge	cpp:renderer/src/ore/metal/ore_render_pass_metal.hpp:3
1	4ac7b32798da0482e441ef09304dc3b480ed3ee5	renderer/src/ore/metal/ore_render_pass_metal.hpp	4	include	rive/refcnt.hpp	quote	all	campaign-source	include/rive/refcnt.hpp	ore-context-render-pass	generic-refcnt	-	-	prepared	verified	required-source-edge	cpp:renderer/src/ore/metal/ore_render_pass_metal.hpp:4
1	4ac7b32798da0482e441ef09304dc3b480ed3ee5	renderer/src/ore/metal/ore_render_pass_metal.hpp	6	import	Metal/Metal.h	angle	all	toolchain-header	toolchain:Metal/Metal.h	ore-context-render-pass	-	toolchain:Metal/Metal.h	toolchain:Metal/Metal.h	prepared	verified	toolchain-provided	cpp:renderer/src/ore/metal/ore_render_pass_metal.hpp:6
1	4ac7b32798da0482e441ef09304dc3b480ed3ee5	renderer/src/ore/metal/ore_render_pass_metal.mm	5	include	ore_render_pass_metal.hpp	quote	all	campaign-source	renderer/src/ore/metal/ore_render_pass_metal.hpp	ore-context-render-pass	ore-context-render-pass	-	-	prepared	verified	required-source-edge	cpp:renderer/src/ore/metal/ore_render_pass_metal.mm:5
1	4ac7b32798da0482e441ef09304dc3b480ed3ee5	renderer/src/ore/metal/ore_render_pass_metal.mm	6	include	ore_buffer_metal.hpp	quote	all	campaign-source	renderer/src/ore/metal/ore_buffer_metal.hpp	ore-context-render-pass	ore-buffer	-	-	prepared	verified	required-source-edge	cpp:renderer/src/ore/metal/ore_render_pass_metal.mm:6
1	4ac7b32798da0482e441ef09304dc3b480ed3ee5	renderer/src/ore/metal/ore_render_pass_metal.mm	7	include	ore_pipeline_metal.hpp	quote	all	campaign-source	renderer/src/ore/metal/ore_pipeline_metal.hpp	ore-context-render-pass	ore-pipeline	-	-	prepared	verified	required-source-edge	cpp:renderer/src/ore/metal/ore_render_pass_metal.mm:7
1	4ac7b32798da0482e441ef09304dc3b480ed3ee5	renderer/src/ore/metal/ore_render_pass_metal.mm	8	include	ore_bind_group_metal.hpp	quote	all	campaign-source	renderer/src/ore/metal/ore_bind_group_metal.hpp	ore-context-render-pass	ore-bind-group	-	-	prepared	verified	required-source-edge	cpp:renderer/src/ore/metal/ore_render_pass_metal.mm:8
1	4ac7b32798da0482e441ef09304dc3b480ed3ee5	renderer/src/ore/metal/ore_render_pass_metal.mm	9	include	rive/renderer/ore/ore_context_metal.hpp	quote	all	campaign-source	renderer/include/rive/renderer/ore/ore_context_metal.hpp	ore-context-render-pass	ore-context-render-pass	-	-	prepared	verified	required-source-edge	cpp:renderer/src/ore/metal/ore_render_pass_metal.mm:9
1	4ac7b32798da0482e441ef09304dc3b480ed3ee5	renderer/src/ore/metal/ore_render_pass_metal.mm	10	include	rive/rive_types.hpp	quote	all	campaign-source	include/rive/rive_types.hpp	ore-context-render-pass	generic-rive-types	-	-	prepared	verified	required-source-edge	cpp:renderer/src/ore/metal/ore_render_pass_metal.mm:10
1	4ac7b32798da0482e441ef09304dc3b480ed3ee5	renderer/src/ore/metal/ore_render_pass_metal.mm	12	import	Metal/Metal.h	angle	all	toolchain-header	toolchain:Metal/Metal.h	ore-context-render-pass	-	toolchain:Metal/Metal.h	toolchain:Metal/Metal.h	prepared	verified	toolchain-provided	cpp:renderer/src/ore/metal/ore_render_pass_metal.mm:12
1	4ac7b32798da0482e441ef09304dc3b480ed3ee5	renderer/src/ore/metal/ore_sampler_metal.hpp	2	include	rive/renderer/ore/ore_sampler.hpp	quote	all	campaign-source	renderer/include/rive/renderer/ore/ore_sampler.hpp	ore-sampler	ore-sampler	-	-	prepared	verified	required-source-edge	cpp:renderer/src/ore/metal/ore_sampler_metal.hpp:2
1	4ac7b32798da0482e441ef09304dc3b480ed3ee5	renderer/src/ore/metal/ore_sampler_metal.hpp	3	import	Metal/Metal.h	angle	all	toolchain-header	toolchain:Metal/Metal.h	ore-sampler	-	toolchain:Metal/Metal.h	toolchain:Metal/Metal.h	prepared	verified	toolchain-provided	cpp:renderer/src/ore/metal/ore_sampler_metal.hpp:3
1	4ac7b32798da0482e441ef09304dc3b480ed3ee5	renderer/src/ore/metal/ore_sampler_metal.mm	5	include	ore_sampler_metal.hpp	quote	all	campaign-source	renderer/src/ore/metal/ore_sampler_metal.hpp	ore-sampler	ore-sampler	-	-	prepared	verified	required-source-edge	cpp:renderer/src/ore/metal/ore_sampler_metal.mm:5
1	4ac7b32798da0482e441ef09304dc3b480ed3ee5	renderer/src/ore/metal/ore_shader_module_metal.hpp	2	include	rive/renderer/ore/ore_shader_module.hpp	quote	all	campaign-source	renderer/include/rive/renderer/ore/ore_shader_module.hpp	ore-shader-module	ore-shader-module	-	-	prepared	verified	required-source-edge	cpp:renderer/src/ore/metal/ore_shader_module_metal.hpp:2
1	4ac7b32798da0482e441ef09304dc3b480ed3ee5	renderer/src/ore/metal/ore_shader_module_metal.hpp	3	import	Metal/Metal.h	angle	all	toolchain-header	toolchain:Metal/Metal.h	ore-shader-module	-	toolchain:Metal/Metal.h	toolchain:Metal/Metal.h	prepared	verified	toolchain-provided	cpp:renderer/src/ore/metal/ore_shader_module_metal.hpp:3
1	4ac7b32798da0482e441ef09304dc3b480ed3ee5	renderer/src/ore/metal/ore_shader_module_metal.mm	5	include	ore_shader_module_metal.hpp	quote	all	campaign-source	renderer/src/ore/metal/ore_shader_module_metal.hpp	ore-shader-module	ore-shader-module	-	-	prepared	verified	required-source-edge	cpp:renderer/src/ore/metal/ore_shader_module_metal.mm:5
1	4ac7b32798da0482e441ef09304dc3b480ed3ee5	renderer/src/ore/metal/ore_texture_metal.hpp	2	include	rive/renderer/ore/ore_texture.hpp	quote	all	campaign-source	renderer/include/rive/renderer/ore/ore_texture.hpp	ore-texture	ore-texture	-	-	prepared	verified	required-source-edge	cpp:renderer/src/ore/metal/ore_texture_metal.hpp:2
1	4ac7b32798da0482e441ef09304dc3b480ed3ee5	renderer/src/ore/metal/ore_texture_metal.hpp	3	import	Metal/Metal.h	angle	all	toolchain-header	toolchain:Metal/Metal.h	ore-texture	-	toolchain:Metal/Metal.h	toolchain:Metal/Metal.h	prepared	verified	toolchain-provided	cpp:renderer/src/ore/metal/ore_texture_metal.hpp:3
1	4ac7b32798da0482e441ef09304dc3b480ed3ee5	renderer/src/ore/metal/ore_texture_metal.mm	5	include	ore_texture_metal.hpp	quote	all	campaign-source	renderer/src/ore/metal/ore_texture_metal.hpp	ore-texture	ore-texture	-	-	prepared	verified	required-source-edge	cpp:renderer/src/ore/metal/ore_texture_metal.mm:5
1	4ac7b32798da0482e441ef09304dc3b480ed3ee5	renderer/src/ore/metal/ore_texture_metal.mm	6	include	rive/rive_types.hpp	quote	all	campaign-source	include/rive/rive_types.hpp	ore-texture	generic-rive-types	-	-	prepared	verified	required-source-edge	cpp:renderer/src/ore/metal/ore_texture_metal.mm:6
1	4ac7b32798da0482e441ef09304dc3b480ed3ee5	renderer/src/ore/metal/ore_texture_metal.mm	8	import	Metal/Metal.h	angle	all	toolchain-header	toolchain:Metal/Metal.h	ore-texture	-	toolchain:Metal/Metal.h	toolchain:Metal/Metal.h	prepared	verified	toolchain-provided	cpp:renderer/src/ore/metal/ore_texture_metal.mm:8
1	4ac7b32798da0482e441ef09304dc3b480ed3ee5	renderer/src/ore/ore_bind_group_layout.cpp	5	include	rive/renderer/ore/ore_bind_group_layout.hpp	quote	all	campaign-source	renderer/include/rive/renderer/ore/ore_bind_group_layout.hpp	ore-bind-group-layout	ore-bind-group-layout	-	-	prepared	verified	required-source-edge	cpp:renderer/src/ore/ore_bind_group_layout.cpp:5
1	4ac7b32798da0482e441ef09304dc3b480ed3ee5	renderer/src/ore/ore_bind_group_layout.cpp	6	include	rive/renderer/ore/ore_binding_map.hpp	quote	all	campaign-source	renderer/include/rive/renderer/ore/ore_binding_map.hpp	ore-bind-group-layout	ore-binding-map	-	-	prepared	verified	required-source-edge	cpp:renderer/src/ore/ore_bind_group_layout.cpp:6
1	4ac7b32798da0482e441ef09304dc3b480ed3ee5	renderer/src/ore/ore_bind_group_layout.cpp	8	include	sstream	angle	all	toolchain-header	toolchain:sstream	ore-bind-group-layout	-	toolchain:sstream	toolchain:sstream	prepared	verified	toolchain-provided	cpp:renderer/src/ore/ore_bind_group_layout.cpp:8
1	4ac7b32798da0482e441ef09304dc3b480ed3ee5	renderer/src/ore/ore_binding_map.cpp	5	include	rive/renderer/ore/ore_binding_map.hpp	quote	all	campaign-source	renderer/include/rive/renderer/ore/ore_binding_map.hpp	ore-binding-map	ore-binding-map	-	-	prepared	verified	required-source-edge	cpp:renderer/src/ore/ore_binding_map.cpp:5
1	4ac7b32798da0482e441ef09304dc3b480ed3ee5	renderer/src/ore/ore_binding_map.cpp	7	include	algorithm	angle	all	toolchain-header	toolchain:algorithm	ore-binding-map	-	toolchain:algorithm	toolchain:algorithm	prepared	verified	toolchain-provided	cpp:renderer/src/ore/ore_binding_map.cpp:7
1	4ac7b32798da0482e441ef09304dc3b480ed3ee5	renderer/src/ore/ore_binding_map.cpp	8	include	cstring	angle	all	toolchain-header	toolchain:cstring	ore-binding-map	-	toolchain:cstring	toolchain:cstring	prepared	verified	toolchain-provided	cpp:renderer/src/ore/ore_binding_map.cpp:8
1	4ac7b32798da0482e441ef09304dc3b480ed3ee5	renderer/src/render_context.cpp	5	include	rive/renderer/render_context.hpp	quote	all	campaign-source	renderer/include/rive/renderer/render_context.hpp	generic-render-context-implementation	generic-render-context-contract	-	-	prepared	verified	required-source-edge	cpp:renderer/src/render_context.cpp:5
1	4ac7b32798da0482e441ef09304dc3b480ed3ee5	renderer/src/render_context.cpp	7	include	gr_inner_fan_triangulator.hpp	quote	all	upstream-global-source	renderer/src/gr_inner_fan_triangulator.hpp	generic-render-context-implementation	existing-rust:crates/nuxie-renderer/src/gr_triangulator.rs	crates/nuxie-renderer/src/gr_triangulator.rs	rust:crates/nuxie-renderer/src/gr_triangulator.rs:1-2591	existing-complete	verified	reuse-exact-existing-rust-correspondence	cpp:renderer/src/render_context.cpp:7
1	4ac7b32798da0482e441ef09304dc3b480ed3ee5	renderer/src/render_context.cpp	8	include	intersection_board.hpp	quote	all	upstream-global-source	renderer/src/intersection_board.hpp	generic-render-context-implementation	existing-rust:crates/nuxie-renderer/src/intersection_board.rs	crates/nuxie-renderer/src/intersection_board.rs	rust:crates/nuxie-renderer/src/intersection_board.rs:1-1216	existing-complete	verified	reuse-exact-existing-rust-correspondence	cpp:renderer/src/render_context.cpp:8
1	4ac7b32798da0482e441ef09304dc3b480ed3ee5	renderer/src/render_context.cpp	9	include	gradient.hpp	quote	all	campaign-source	renderer/src/gradient.hpp	generic-render-context-implementation	generic-gradient	-	-	prepared	verified	required-source-edge	cpp:renderer/src/render_context.cpp:9
1	4ac7b32798da0482e441ef09304dc3b480ed3ee5	renderer/src/render_context.cpp	10	include	rive_render_paint.hpp	quote	all	campaign-source	renderer/src/rive_render_paint.hpp	generic-render-context-implementation	generic-rive-render-paint	-	-	prepared	verified	required-source-edge	cpp:renderer/src/render_context.cpp:10
1	4ac7b32798da0482e441ef09304dc3b480ed3ee5	renderer/src/render_context.cpp	11	include	rive/renderer/draw.hpp	quote	all	campaign-source	renderer/include/rive/renderer/draw.hpp	generic-render-context-implementation	generic-render-context-implementation	-	-	prepared	verified	required-source-edge	cpp:renderer/src/render_context.cpp:11
1	4ac7b32798da0482e441ef09304dc3b480ed3ee5	renderer/src/render_context.cpp	13	include	rive/renderer/render_canvas.hpp	quote	(defined(RIVE_CANVAS))	campaign-source	renderer/include/rive/renderer/render_canvas.hpp	generic-render-context-implementation	generic-render-canvas	-	-	prepared	verified	required-source-edge	cpp:renderer/src/render_context.cpp:13
1	4ac7b32798da0482e441ef09304dc3b480ed3ee5	renderer/src/render_context.cpp	15	include	rive/renderer/rive_render_image.hpp	quote	all	campaign-source	renderer/include/rive/renderer/rive_render_image.hpp	generic-render-context-implementation	generic-texture-image	-	-	prepared	verified	required-source-edge	cpp:renderer/src/render_context.cpp:15
1	4ac7b32798da0482e441ef09304dc3b480ed3ee5	renderer/src/render_context.cpp	16	include	rive/renderer/render_context_impl.hpp	quote	all	campaign-source	renderer/include/rive/renderer/render_context_impl.hpp	generic-render-context-implementation	generic-render-context-impl-contract	-	-	prepared	verified	required-source-edge	cpp:renderer/src/render_context.cpp:16
1	4ac7b32798da0482e441ef09304dc3b480ed3ee5	renderer/src/render_context.cpp	17	include	rive/gpu_texture_format.hpp	quote	all	campaign-source	include/rive/gpu_texture_format.hpp	generic-render-context-implementation	generic-gpu-texture-format	-	-	prepared	verified	required-source-edge	cpp:renderer/src/render_context.cpp:17
1	4ac7b32798da0482e441ef09304dc3b480ed3ee5	renderer/src/render_context.cpp	18	include	rive/renderer/stack_vector.hpp	quote	all	upstream-global-source	renderer/include/rive/renderer/stack_vector.hpp	generic-render-context-implementation	existing-rust:crates/nuxie-renderer/src/logical_frame.rs	crates/nuxie-renderer/src/logical_frame.rs	rust:crates/nuxie-renderer/src/logical_frame.rs:1-4904	existing-complete	verified	reuse-exact-existing-rust-correspondence	cpp:renderer/src/render_context.cpp:18
1	4ac7b32798da0482e441ef09304dc3b480ed3ee5	renderer/src/render_context.cpp	19	include	rive/profiler/profiler_macros.h	quote	all	upstream-global-source	include/rive/profiler/profiler_macros.h	generic-render-context-implementation	existing-rust:crates/nuxie-renderer/src/lib.rs	crates/nuxie-renderer/src/lib.rs	rust:crates/nuxie-renderer/src/lib.rs:1-26858	existing-complete	verified	reuse-exact-existing-rust-correspondence	cpp:renderer/src/render_context.cpp:19
1	4ac7b32798da0482e441ef09304dc3b480ed3ee5	renderer/src/render_context.cpp	21	include	shaders/constants.glsl	quote	all	campaign-source	renderer/src/shaders/constants.glsl	generic-render-context-implementation	metal-shader-source-batch	-	-	prepared	verified	required-source-edge	cpp:renderer/src/render_context.cpp:21
1	4ac7b32798da0482e441ef09304dc3b480ed3ee5	renderer/src/render_context.cpp	23	include	string_view	angle	all	toolchain-header	toolchain:string_view	generic-render-context-implementation	-	toolchain:string_view	toolchain:string_view	prepared	verified	toolchain-provided	cpp:renderer/src/render_context.cpp:23
1	4ac7b32798da0482e441ef09304dc3b480ed3ee5	renderer/src/render_context.cpp	26	include	rive/decoders/bitmap_decoder.hpp	quote	(defined(RIVE_DECODERS))	upstream-global-source	decoders/include/rive/decoders/bitmap_decoder.hpp	generic-render-context-implementation	existing-rust:crates/nuxie-image-codec/src/lib.rs	crates/nuxie-image-codec/src/lib.rs	rust:crates/nuxie-image-codec/src/lib.rs:1-1001	existing-complete	verified	reuse-exact-existing-rust-correspondence	cpp:renderer/src/render_context.cpp:26
1	4ac7b32798da0482e441ef09304dc3b480ed3ee5	renderer/src/render_context.cpp	30	include	rive/decoders/decode_ktx2.hpp	quote	(defined(RIVE_KTX2))	upstream-global-source	include/rive/decoders/decode_ktx2.hpp	generic-render-context-implementation	existing-rust:crates/nuxie-image-codec/src/lib.rs	crates/nuxie-image-codec/src/lib.rs	rust:crates/nuxie-image-codec/src/lib.rs:1-1001	existing-complete	verified	reuse-exact-existing-rust-correspondence	cpp:renderer/src/render_context.cpp:30
1	4ac7b32798da0482e441ef09304dc3b480ed3ee5	renderer/src/render_context.cpp	33	include	sort_key_builder.hpp	quote	all	upstream-global-source	renderer/src/sort_key_builder.hpp	generic-render-context-implementation	existing-rust:crates/nuxie-renderer/src/logical_frame.rs	crates/nuxie-renderer/src/logical_frame.rs	rust:crates/nuxie-renderer/src/logical_frame.rs:1-4904	existing-complete	verified	reuse-exact-existing-rust-correspondence	cpp:renderer/src/render_context.cpp:33
1	4ac7b32798da0482e441ef09304dc3b480ed3ee5	renderer/src/render_context_helper_impl.cpp	5	include	rive/renderer/render_context_helper_impl.hpp	quote	all	campaign-source	renderer/include/rive/renderer/render_context_helper_impl.hpp	generic-render-context-helper	generic-render-context-helper	-	-	prepared	verified	required-source-edge	cpp:renderer/src/render_context_helper_impl.cpp:5
1	4ac7b32798da0482e441ef09304dc3b480ed3ee5	renderer/src/render_context_helper_impl.cpp	7	include	rive/renderer/rive_render_image.hpp	quote	all	campaign-source	renderer/include/rive/renderer/rive_render_image.hpp	generic-render-context-helper	generic-texture-image	-	-	prepared	verified	required-source-edge	cpp:renderer/src/render_context_helper_impl.cpp:7
1	4ac7b32798da0482e441ef09304dc3b480ed3ee5	renderer/src/render_context_helper_impl.cpp	8	include	shaders/constants.glsl	quote	all	campaign-source	renderer/src/shaders/constants.glsl	generic-render-context-helper	metal-shader-source-batch	-	-	prepared	verified	required-source-edge	cpp:renderer/src/render_context_helper_impl.cpp:8
1	4ac7b32798da0482e441ef09304dc3b480ed3ee5	renderer/src/render_context_helper_impl.cpp	11	include	rive/decoders/bitmap_decoder.hpp	quote	(defined(RIVE_DECODERS))	upstream-global-source	decoders/include/rive/decoders/bitmap_decoder.hpp	generic-render-context-helper	existing-rust:crates/nuxie-image-codec/src/lib.rs	crates/nuxie-image-codec/src/lib.rs	rust:crates/nuxie-image-codec/src/lib.rs:1-1001	existing-complete	verified	reuse-exact-existing-rust-correspondence	cpp:renderer/src/render_context_helper_impl.cpp:11
1	4ac7b32798da0482e441ef09304dc3b480ed3ee5	renderer/src/rive_render_factory.cpp	5	include	rive/renderer/rive_render_factory.hpp	quote	all	campaign-source	renderer/include/rive/renderer/rive_render_factory.hpp	generic-rive-render-factory	generic-rive-render-factory	-	-	prepared	verified	required-source-edge	cpp:renderer/src/rive_render_factory.cpp:5
1	4ac7b32798da0482e441ef09304dc3b480ed3ee5	renderer/src/rive_render_factory.cpp	6	include	gradient.hpp	quote	all	campaign-source	renderer/src/gradient.hpp	generic-rive-render-factory	generic-gradient	-	-	prepared	verified	required-source-edge	cpp:renderer/src/rive_render_factory.cpp:6
1	4ac7b32798da0482e441ef09304dc3b480ed3ee5	renderer/src/rive_render_factory.cpp	7	include	rive_render_paint.hpp	quote	all	campaign-source	renderer/src/rive_render_paint.hpp	generic-rive-render-factory	generic-rive-render-paint	-	-	prepared	verified	required-source-edge	cpp:renderer/src/rive_render_factory.cpp:7
1	4ac7b32798da0482e441ef09304dc3b480ed3ee5	renderer/src/rive_render_factory.cpp	8	include	rive_render_path.hpp	quote	all	campaign-source	renderer/src/rive_render_path.hpp	generic-rive-render-factory	generic-rive-render-path	-	-	prepared	verified	required-source-edge	cpp:renderer/src/rive_render_factory.cpp:8
1	4ac7b32798da0482e441ef09304dc3b480ed3ee5	renderer/src/rive_render_factory.cpp	9	include	rive/renderer/rive_renderer.hpp	quote	all	campaign-source	renderer/include/rive/renderer/rive_renderer.hpp	generic-rive-render-factory	generic-rive-renderer	-	-	prepared	verified	required-source-edge	cpp:renderer/src/rive_render_factory.cpp:9
1	4ac7b32798da0482e441ef09304dc3b480ed3ee5	renderer/src/rive_render_image.cpp	5	include	rive/renderer/rive_render_image.hpp	quote	all	campaign-source	renderer/include/rive/renderer/rive_render_image.hpp	generic-texture-image	generic-texture-image	-	-	prepared	verified	required-source-edge	cpp:renderer/src/rive_render_image.cpp:5
1	4ac7b32798da0482e441ef09304dc3b480ed3ee5	renderer/src/rive_render_paint.cpp	5	include	rive_render_paint.hpp	quote	all	campaign-source	renderer/src/rive_render_paint.hpp	generic-rive-render-paint	generic-rive-render-paint	-	-	prepared	verified	required-source-edge	cpp:renderer/src/rive_render_paint.cpp:5
1	4ac7b32798da0482e441ef09304dc3b480ed3ee5	renderer/src/rive_render_paint.cpp	6	include	gradient.hpp	quote	all	campaign-source	renderer/src/gradient.hpp	generic-rive-render-paint	generic-gradient	-	-	prepared	verified	required-source-edge	cpp:renderer/src/rive_render_paint.cpp:6
1	4ac7b32798da0482e441ef09304dc3b480ed3ee5	renderer/src/rive_render_paint.hpp	7	include	rive/renderer.hpp	quote	all	campaign-source	include/rive/renderer.hpp	generic-rive-render-paint	generic-renderer-contract	-	-	prepared	verified	required-source-edge	cpp:renderer/src/rive_render_paint.hpp:7
1	4ac7b32798da0482e441ef09304dc3b480ed3ee5	renderer/src/rive_render_paint.hpp	8	include	rive/renderer/gpu.hpp	quote	all	campaign-source	renderer/include/rive/renderer/gpu.hpp	generic-rive-render-paint	generic-gpu-contract	-	-	prepared	verified	required-source-edge	cpp:renderer/src/rive_render_paint.hpp:8
1	4ac7b32798da0482e441ef09304dc3b480ed3ee5	renderer/src/rive_render_paint.hpp	9	include	rive/renderer/texture.hpp	quote	all	campaign-source	renderer/include/rive/renderer/texture.hpp	generic-rive-render-paint	generic-texture-image	-	-	prepared	verified	required-source-edge	cpp:renderer/src/rive_render_paint.hpp:9
1	4ac7b32798da0482e441ef09304dc3b480ed3ee5	renderer/src/rive_render_path.cpp	5	include	rive_render_path.hpp	quote	all	campaign-source	renderer/src/rive_render_path.hpp	generic-rive-render-path	generic-rive-render-path	-	-	prepared	verified	required-source-edge	cpp:renderer/src/rive_render_path.cpp:5
1	4ac7b32798da0482e441ef09304dc3b480ed3ee5	renderer/src/rive_render_path.cpp	7	include	rive/math/bezier_utils.hpp	quote	all	upstream-global-source	include/rive/math/bezier_utils.hpp	generic-rive-render-path	existing-rust:crates/nuxie-renderer/src/draw.rs	crates/nuxie-renderer/src/draw.rs	rust:crates/nuxie-renderer/src/draw.rs:1-4182	existing-complete	verified	reuse-exact-existing-rust-correspondence	cpp:renderer/src/rive_render_path.cpp:7
1	4ac7b32798da0482e441ef09304dc3b480ed3ee5	renderer/src/rive_render_path.cpp	8	include	rive/math/simd.hpp	quote	all	upstream-global-source	include/rive/math/simd.hpp	generic-rive-render-path	existing-rust:crates/nuxie-renderer/src/gpu.rs	crates/nuxie-renderer/src/gpu.rs	rust:crates/nuxie-renderer/src/gpu.rs:1-1072	existing-complete	verified	reuse-exact-existing-rust-correspondence	cpp:renderer/src/rive_render_path.cpp:8
1	4ac7b32798da0482e441ef09304dc3b480ed3ee5	renderer/src/rive_render_path.cpp	9	include	rive/renderer/gpu.hpp	quote	all	campaign-source	renderer/include/rive/renderer/gpu.hpp	generic-rive-render-path	generic-gpu-contract	-	-	prepared	verified	required-source-edge	cpp:renderer/src/rive_render_path.cpp:9
1	4ac7b32798da0482e441ef09304dc3b480ed3ee5	renderer/src/rive_render_path.cpp	10	include	rive/profiler/profiler_macros.h	quote	all	upstream-global-source	include/rive/profiler/profiler_macros.h	generic-rive-render-path	existing-rust:crates/nuxie-renderer/src/lib.rs	crates/nuxie-renderer/src/lib.rs	rust:crates/nuxie-renderer/src/lib.rs:1-26858	existing-complete	verified	reuse-exact-existing-rust-correspondence	cpp:renderer/src/rive_render_path.cpp:10
1	4ac7b32798da0482e441ef09304dc3b480ed3ee5	renderer/src/rive_render_path.cpp	11	include	shaders/constants.glsl	quote	all	campaign-source	renderer/src/shaders/constants.glsl	generic-rive-render-path	metal-shader-source-batch	-	-	prepared	verified	required-source-edge	cpp:renderer/src/rive_render_path.cpp:11
1	4ac7b32798da0482e441ef09304dc3b480ed3ee5	renderer/src/rive_render_path.hpp	7	include	rive/math/raw_path.hpp	quote	all	upstream-global-source	include/rive/math/raw_path.hpp	generic-rive-render-path	existing-rust:crates/nuxie-render-api/src/lib.rs	crates/nuxie-render-api/src/lib.rs	rust:crates/nuxie-render-api/src/lib.rs:1-4934	existing-complete	verified	reuse-exact-existing-rust-correspondence	cpp:renderer/src/rive_render_path.hpp:7
1	4ac7b32798da0482e441ef09304dc3b480ed3ee5	renderer/src/rive_render_path.hpp	8	include	rive/renderer.hpp	quote	all	campaign-source	include/rive/renderer.hpp	generic-rive-render-path	generic-renderer-contract	-	-	prepared	verified	required-source-edge	cpp:renderer/src/rive_render_path.hpp:8
1	4ac7b32798da0482e441ef09304dc3b480ed3ee5	renderer/src/rive_renderer.cpp	5	include	rive/renderer/rive_renderer.hpp	quote	all	campaign-source	renderer/include/rive/renderer/rive_renderer.hpp	generic-rive-renderer	generic-rive-renderer	-	-	prepared	verified	required-source-edge	cpp:renderer/src/rive_renderer.cpp:5
1	4ac7b32798da0482e441ef09304dc3b480ed3ee5	renderer/src/rive_renderer.cpp	7	include	rive_render_paint.hpp	quote	all	campaign-source	renderer/src/rive_render_paint.hpp	generic-rive-renderer	generic-rive-render-paint	-	-	prepared	verified	required-source-edge	cpp:renderer/src/rive_renderer.cpp:7
1	4ac7b32798da0482e441ef09304dc3b480ed3ee5	renderer/src/rive_renderer.cpp	8	include	rive_render_path.hpp	quote	all	campaign-source	renderer/src/rive_render_path.hpp	generic-rive-renderer	generic-rive-render-path	-	-	prepared	verified	required-source-edge	cpp:renderer/src/rive_renderer.cpp:8
1	4ac7b32798da0482e441ef09304dc3b480ed3ee5	renderer/src/rive_renderer.cpp	9	include	rive/math/math_types.hpp	quote	all	upstream-global-source	include/rive/math/math_types.hpp	generic-rive-renderer	existing-rust:crates/nuxie-render-api/src/lib.rs	crates/nuxie-render-api/src/lib.rs	rust:crates/nuxie-render-api/src/lib.rs:1-4934	existing-complete	verified	reuse-exact-existing-rust-correspondence	cpp:renderer/src/rive_renderer.cpp:9
1	4ac7b32798da0482e441ef09304dc3b480ed3ee5	renderer/src/rive_renderer.cpp	10	include	rive/math/simd.hpp	quote	all	upstream-global-source	include/rive/math/simd.hpp	generic-rive-renderer	existing-rust:crates/nuxie-renderer/src/gpu.rs	crates/nuxie-renderer/src/gpu.rs	rust:crates/nuxie-renderer/src/gpu.rs:1-1072	existing-complete	verified	reuse-exact-existing-rust-correspondence	cpp:renderer/src/rive_renderer.cpp:10
1	4ac7b32798da0482e441ef09304dc3b480ed3ee5	renderer/src/rive_renderer.cpp	11	include	rive/renderer/rive_render_image.hpp	quote	all	campaign-source	renderer/include/rive/renderer/rive_render_image.hpp	generic-rive-renderer	generic-texture-image	-	-	prepared	verified	required-source-edge	cpp:renderer/src/rive_renderer.cpp:11
1	4ac7b32798da0482e441ef09304dc3b480ed3ee5	renderer/src/rive_renderer.cpp	12	include	rive/profiler/profiler_macros.h	quote	all	upstream-global-source	include/rive/profiler/profiler_macros.h	generic-rive-renderer	existing-rust:crates/nuxie-renderer/src/lib.rs	crates/nuxie-renderer/src/lib.rs	rust:crates/nuxie-renderer/src/lib.rs:1-26858	existing-complete	verified	reuse-exact-existing-rust-correspondence	cpp:renderer/src/rive_renderer.cpp:12
1	4ac7b32798da0482e441ef09304dc3b480ed3ee5	renderer/src/shaders/metal/color_ramp.metal	1	include	metal_stdlib	angle	all	toolchain-header	toolchain:metal_stdlib	metal-shader-source-batch	-	toolchain:metal_stdlib	toolchain:metal_stdlib	prepared	verified	toolchain-provided	cpp:renderer/src/shaders/metal/color_ramp.metal:1
1	4ac7b32798da0482e441ef09304dc3b480ed3ee5	renderer/src/shaders/metal/color_ramp.metal	6	include	metal.minified.glsl	quote	all	generated-shader-source	renderer/src/shaders/metal.glsl	metal-shader-source-batch	metal-shader-source-batch	-	-	prepared	verified	required-source-edge	cpp:renderer/src/shaders/metal/color_ramp.metal:6
1	4ac7b32798da0482e441ef09304dc3b480ed3ee5	renderer/src/shaders/metal/color_ramp.metal	7	include	constants.minified.glsl	quote	all	generated-shader-source	renderer/src/shaders/constants.glsl	metal-shader-source-batch	metal-shader-source-batch	-	-	prepared	verified	required-source-edge	cpp:renderer/src/shaders/metal/color_ramp.metal:7
1	4ac7b32798da0482e441ef09304dc3b480ed3ee5	renderer/src/shaders/metal/color_ramp.metal	9	include	flush_uniforms.minified.glsl	quote	all	generated-shader-source	renderer/src/shaders/flush_uniforms.glsl	metal-shader-source-batch	metal-shader-source-batch	-	-	prepared	verified	required-source-edge	cpp:renderer/src/shaders/metal/color_ramp.metal:9
1	4ac7b32798da0482e441ef09304dc3b480ed3ee5	renderer/src/shaders/metal/color_ramp.metal	10	include	common.minified.glsl	quote	all	generated-shader-source	renderer/src/shaders/common.glsl	metal-shader-source-batch	metal-shader-source-batch	-	-	prepared	verified	required-source-edge	cpp:renderer/src/shaders/metal/color_ramp.metal:10
1	4ac7b32798da0482e441ef09304dc3b480ed3ee5	renderer/src/shaders/metal/color_ramp.metal	11	include	color_ramp.minified.glsl	quote	all	generated-shader-source	renderer/src/shaders/color_ramp.glsl	metal-shader-source-batch	metal-shader-source-batch	-	-	prepared	verified	required-source-edge	cpp:renderer/src/shaders/metal/color_ramp.metal:11
1	4ac7b32798da0482e441ef09304dc3b480ed3ee5	renderer/src/shaders/metal/draw.metal	1	include	metal_stdlib	angle	all	toolchain-header	toolchain:metal_stdlib	metal-shader-source-batch	-	toolchain:metal_stdlib	toolchain:metal_stdlib	prepared	verified	toolchain-provided	cpp:renderer/src/shaders/metal/draw.metal:1
1	4ac7b32798da0482e441ef09304dc3b480ed3ee5	renderer/src/shaders/metal/draw.metal	9	include	metal.minified.glsl	quote	all	generated-shader-source	renderer/src/shaders/metal.glsl	metal-shader-source-batch	metal-shader-source-batch	-	-	prepared	verified	required-source-edge	cpp:renderer/src/shaders/metal/draw.metal:9
1	4ac7b32798da0482e441ef09304dc3b480ed3ee5	renderer/src/shaders/metal/draw.metal	10	include	constants.minified.glsl	quote	all	generated-shader-source	renderer/src/shaders/constants.glsl	metal-shader-source-batch	metal-shader-source-batch	-	-	prepared	verified	required-source-edge	cpp:renderer/src/shaders/metal/draw.metal:10
1	4ac7b32798da0482e441ef09304dc3b480ed3ee5	renderer/src/shaders/metal/draw.metal	13	include	flush_uniforms.minified.glsl	quote	all	generated-shader-source	renderer/src/shaders/flush_uniforms.glsl	metal-shader-source-batch	metal-shader-source-batch	-	-	prepared	verified	required-source-edge	cpp:renderer/src/shaders/metal/draw.metal:13
1	4ac7b32798da0482e441ef09304dc3b480ed3ee5	renderer/src/shaders/metal/draw.metal	14	include	common.minified.glsl	quote	all	generated-shader-source	renderer/src/shaders/common.glsl	metal-shader-source-batch	metal-shader-source-batch	-	-	prepared	verified	required-source-edge	cpp:renderer/src/shaders/metal/draw.metal:14
1	4ac7b32798da0482e441ef09304dc3b480ed3ee5	renderer/src/shaders/metal/draw.metal	20	include	draw_path_common.minified.glsl	quote	all	generated-shader-source	renderer/src/shaders/draw_path_common.glsl	metal-shader-source-batch	metal-shader-source-batch	-	-	prepared	verified	required-source-edge	cpp:renderer/src/shaders/metal/draw.metal:20
1	4ac7b32798da0482e441ef09304dc3b480ed3ee5	renderer/src/shaders/metal/draw.metal	24	include	render_atlas.minified.glsl	quote	all	generated-shader-source	renderer/src/shaders/render_atlas.glsl	metal-shader-source-batch	metal-shader-source-batch	-	-	prepared	verified	required-source-edge	cpp:renderer/src/shaders/metal/draw.metal:24
1	4ac7b32798da0482e441ef09304dc3b480ed3ee5	renderer/src/shaders/metal/draw.metal	36	include	advanced_blend.minified.glsl	quote	all	generated-shader-source	renderer/src/shaders/advanced_blend.glsl	metal-shader-source-batch	metal-shader-source-batch	-	-	prepared	verified	required-source-edge	cpp:renderer/src/shaders/metal/draw.metal:36
1	4ac7b32798da0482e441ef09304dc3b480ed3ee5	renderer/src/shaders/metal/draw.metal	42	include	draw_combinations.metal	quote	all	generated-shader-source	renderer/src/shaders/metal/generate_draw_combinations.py	metal-shader-source-batch	metal-shader-source-batch	-	-	prepared	verified	required-source-edge	cpp:renderer/src/shaders/metal/draw.metal:42
1	4ac7b32798da0482e441ef09304dc3b480ed3ee5	renderer/src/shaders/metal/tessellate.metal	1	include	metal_stdlib	angle	all	toolchain-header	toolchain:metal_stdlib	metal-shader-source-batch	-	toolchain:metal_stdlib	toolchain:metal_stdlib	prepared	verified	toolchain-provided	cpp:renderer/src/shaders/metal/tessellate.metal:1
1	4ac7b32798da0482e441ef09304dc3b480ed3ee5	renderer/src/shaders/metal/tessellate.metal	6	include	metal.minified.glsl	quote	all	generated-shader-source	renderer/src/shaders/metal.glsl	metal-shader-source-batch	metal-shader-source-batch	-	-	prepared	verified	required-source-edge	cpp:renderer/src/shaders/metal/tessellate.metal:6
1	4ac7b32798da0482e441ef09304dc3b480ed3ee5	renderer/src/shaders/metal/tessellate.metal	7	include	constants.minified.glsl	quote	all	generated-shader-source	renderer/src/shaders/constants.glsl	metal-shader-source-batch	metal-shader-source-batch	-	-	prepared	verified	required-source-edge	cpp:renderer/src/shaders/metal/tessellate.metal:7
1	4ac7b32798da0482e441ef09304dc3b480ed3ee5	renderer/src/shaders/metal/tessellate.metal	9	include	flush_uniforms.minified.glsl	quote	all	generated-shader-source	renderer/src/shaders/flush_uniforms.glsl	metal-shader-source-batch	metal-shader-source-batch	-	-	prepared	verified	required-source-edge	cpp:renderer/src/shaders/metal/tessellate.metal:9
1	4ac7b32798da0482e441ef09304dc3b480ed3ee5	renderer/src/shaders/metal/tessellate.metal	10	include	common.minified.glsl	quote	all	generated-shader-source	renderer/src/shaders/common.glsl	metal-shader-source-batch	metal-shader-source-batch	-	-	prepared	verified	required-source-edge	cpp:renderer/src/shaders/metal/tessellate.metal:10
1	4ac7b32798da0482e441ef09304dc3b480ed3ee5	renderer/src/shaders/metal/tessellate.metal	11	include	bezier_utils.minified.glsl	quote	all	generated-shader-source	renderer/src/shaders/bezier_utils.glsl	metal-shader-source-batch	metal-shader-source-batch	-	-	prepared	verified	required-source-edge	cpp:renderer/src/shaders/metal/tessellate.metal:11
1	4ac7b32798da0482e441ef09304dc3b480ed3ee5	renderer/src/shaders/metal/tessellate.metal	12	include	tessellate.minified.glsl	quote	all	generated-shader-source	renderer/src/shaders/tessellate.glsl	metal-shader-source-batch	metal-shader-source-batch	-	-	prepared	verified	required-source-edge	cpp:renderer/src/shaders/metal/tessellate.metal:12
1	4ac7b32798da0482e441ef09304dc3b480ed3ee5	src/renderer.cpp	1	include	rive/math/mat2d.hpp	quote	all	upstream-global-source	include/rive/math/mat2d.hpp	generic-renderer-implementation	existing-rust:crates/nuxie-render-api/src/lib.rs	crates/nuxie-render-api/src/lib.rs	rust:crates/nuxie-render-api/src/lib.rs:1-4934	existing-complete	verified	reuse-exact-existing-rust-correspondence	cpp:src/renderer.cpp:1
1	4ac7b32798da0482e441ef09304dc3b480ed3ee5	src/renderer.cpp	2	include	rive/renderer.hpp	quote	all	campaign-source	include/rive/renderer.hpp	generic-renderer-implementation	generic-renderer-contract	-	-	prepared	verified	required-source-edge	cpp:src/renderer.cpp:2
1	4ac7b32798da0482e441ef09304dc3b480ed3ee5	src/renderer.cpp	3	include	rive/text_engine.hpp	quote	all	upstream-global-source	include/rive/text_engine.hpp	generic-renderer-implementation	existing-rust:crates/nuxie-runtime/src/text.rs	crates/nuxie-runtime/src/text.rs	rust:crates/nuxie-runtime/src/text.rs:1-6377	existing-complete	verified	reuse-exact-existing-rust-correspondence	cpp:src/renderer.cpp:3
