version	upstream_sha	upstream_file	dependency_source	resolution_kind	occurrence_count	occurrence_lines	include_tokens	source_unit	dependency_unit	correspondence_owner	correspondence_evidence	unit_edge_status	unit_scc	translation_status	translation_disposition	evidence
1	4ac7b32798da0482e441ef09304dc3b480ed3ee5	decoders/include/rive/decoders/astc_footprints.hpp	toolchain:cstdint	toolchain-header	1	8	cstdint	generic-astc-footprints	external	-	-	toolchain-boundary	-	verified	provided-by-toolchain	cpp:decoders/include/rive/decoders/astc_footprints.hpp:8
1	4ac7b32798da0482e441ef09304dc3b480ed3ee5	include/rive/factory.hpp	include/rive/audio/audio_source.hpp	upstream-global-source	1	10	rive/audio/audio_source.hpp	generic-factory-contract	existing-rust:crates/nuxie-runtime/src/assets/audio_asset.rs	crates/nuxie-runtime/src/assets/audio_asset.rs	rust:crates/nuxie-runtime/src/assets/audio_asset.rs:1-102	existing-rust-correspondence	-	verified	reuse-exact-existing-rust-correspondence	cpp:include/rive/factory.hpp:10
1	4ac7b32798da0482e441ef09304dc3b480ed3ee5	include/rive/factory.hpp	include/rive/math/aabb.hpp	upstream-global-source	1	13	rive/math/aabb.hpp	generic-factory-contract	existing-rust:crates/nuxie-render-api/src/lib.rs	crates/nuxie-render-api/src/lib.rs	rust:crates/nuxie-render-api/src/lib.rs:1-4934	existing-rust-correspondence	-	verified	reuse-exact-existing-rust-correspondence	cpp:include/rive/factory.hpp:13
1	4ac7b32798da0482e441ef09304dc3b480ed3ee5	include/rive/factory.hpp	include/rive/refcnt.hpp	campaign-source	1	11	rive/refcnt.hpp	generic-factory-contract	generic-refcnt	-	-	also-dispatch-prerequisite	-	verified	preserve-source-dependency	cpp:include/rive/factory.hpp:11
1	4ac7b32798da0482e441ef09304dc3b480ed3ee5	include/rive/factory.hpp	include/rive/renderer.hpp	campaign-source	1	8	rive/renderer.hpp	generic-factory-contract	generic-renderer-contract	-	-	also-dispatch-prerequisite	-	verified	preserve-source-dependency	cpp:include/rive/factory.hpp:8
1	4ac7b32798da0482e441ef09304dc3b480ed3ee5	include/rive/factory.hpp	include/rive/span.hpp	upstream-global-source	1	12	rive/span.hpp	generic-factory-contract	existing-rust:crates/nuxie-renderer/src/lib.rs	crates/nuxie-renderer/src/lib.rs	rust:crates/nuxie-renderer/src/lib.rs:1-26858	existing-rust-correspondence	-	verified	reuse-exact-existing-rust-correspondence	cpp:include/rive/factory.hpp:12
1	4ac7b32798da0482e441ef09304dc3b480ed3ee5	include/rive/factory.hpp	include/rive/text_engine.hpp	upstream-global-source	1	9	rive/text_engine.hpp	generic-factory-contract	existing-rust:crates/nuxie-runtime/src/text.rs	crates/nuxie-runtime/src/text.rs	rust:crates/nuxie-runtime/src/text.rs:1-6377	existing-rust-correspondence	-	verified	reuse-exact-existing-rust-correspondence	cpp:include/rive/factory.hpp:9
1	4ac7b32798da0482e441ef09304dc3b480ed3ee5	include/rive/factory.hpp	toolchain:cstdint	toolchain-header	1	16	cstdint	generic-factory-contract	external	-	-	toolchain-boundary	-	verified	provided-by-toolchain	cpp:include/rive/factory.hpp:16
1	4ac7b32798da0482e441ef09304dc3b480ed3ee5	include/rive/factory.hpp	toolchain:stdio.h	toolchain-header	1	15	stdio.h	generic-factory-contract	external	-	-	toolchain-boundary	-	verified	provided-by-toolchain	cpp:include/rive/factory.hpp:15
1	4ac7b32798da0482e441ef09304dc3b480ed3ee5	include/rive/gpu_texture_format.hpp	toolchain:cstdint	toolchain-header	1	3	cstdint	generic-gpu-texture-format	external	-	-	toolchain-boundary	-	verified	provided-by-toolchain	cpp:include/rive/gpu_texture_format.hpp:3
1	4ac7b32798da0482e441ef09304dc3b480ed3ee5	include/rive/refcnt.hpp	include/rive/rive_types.hpp	campaign-source	1	8	rive/rive_types.hpp	generic-refcnt	generic-rive-types	-	-	also-dispatch-prerequisite	-	verified	preserve-source-dependency	cpp:include/rive/refcnt.hpp:8
1	4ac7b32798da0482e441ef09304dc3b480ed3ee5	include/rive/refcnt.hpp	toolchain:atomic	toolchain-header	1	10	atomic	generic-refcnt	external	-	-	toolchain-boundary	-	verified	provided-by-toolchain	cpp:include/rive/refcnt.hpp:10
1	4ac7b32798da0482e441ef09304dc3b480ed3ee5	include/rive/refcnt.hpp	toolchain:cstddef	toolchain-header	1	11	cstddef	generic-refcnt	external	-	-	toolchain-boundary	-	verified	provided-by-toolchain	cpp:include/rive/refcnt.hpp:11
1	4ac7b32798da0482e441ef09304dc3b480ed3ee5	include/rive/refcnt.hpp	toolchain:type_traits	toolchain-header	1	12	type_traits	generic-refcnt	external	-	-	toolchain-boundary	-	verified	provided-by-toolchain	cpp:include/rive/refcnt.hpp:12
1	4ac7b32798da0482e441ef09304dc3b480ed3ee5	include/rive/refcnt.hpp	toolchain:utility	toolchain-header	1	13	utility	generic-refcnt	external	-	-	toolchain-boundary	-	verified	provided-by-toolchain	cpp:include/rive/refcnt.hpp:13
1	4ac7b32798da0482e441ef09304dc3b480ed3ee5	include/rive/renderer.hpp	include/rive/command_path.hpp	upstream-global-source	1	10	rive/command_path.hpp	generic-renderer-contract	existing-rust:crates/nuxie-render-api/src/lib.rs	crates/nuxie-render-api/src/lib.rs	rust:crates/nuxie-render-api/src/lib.rs:1-4934	existing-rust-correspondence	-	verified	reuse-exact-existing-rust-correspondence	cpp:include/rive/renderer.hpp:10
1	4ac7b32798da0482e441ef09304dc3b480ed3ee5	include/rive/renderer.hpp	include/rive/enums.hpp	upstream-global-source	1	8	rive/enums.hpp	generic-renderer-contract	existing-rust:crates/nuxie-render-api/src/lib.rs	crates/nuxie-render-api/src/lib.rs	rust:crates/nuxie-render-api/src/lib.rs:1-4934	existing-rust-correspondence	-	verified	reuse-exact-existing-rust-correspondence	cpp:include/rive/renderer.hpp:8
1	4ac7b32798da0482e441ef09304dc3b480ed3ee5	include/rive/renderer.hpp	include/rive/layout.hpp	upstream-global-source	1	11	rive/layout.hpp	generic-renderer-contract	existing-rust:crates/nuxie-render-api/src/lib.rs	crates/nuxie-render-api/src/lib.rs	rust:crates/nuxie-render-api/src/lib.rs:1-4934	existing-rust-correspondence	-	verified	reuse-exact-existing-rust-correspondence	cpp:include/rive/renderer.hpp:11
1	4ac7b32798da0482e441ef09304dc3b480ed3ee5	include/rive/renderer.hpp	include/rive/math/aabb.hpp	upstream-global-source	1	13	rive/math/aabb.hpp	generic-renderer-contract	existing-rust:crates/nuxie-render-api/src/lib.rs	crates/nuxie-render-api/src/lib.rs	rust:crates/nuxie-render-api/src/lib.rs:1-4934	existing-rust-correspondence	-	verified	reuse-exact-existing-rust-correspondence	cpp:include/rive/renderer.hpp:13
1	4ac7b32798da0482e441ef09304dc3b480ed3ee5	include/rive/renderer.hpp	include/rive/math/mat2d.hpp	upstream-global-source	1	14	rive/math/mat2d.hpp	generic-renderer-contract	existing-rust:crates/nuxie-render-api/src/lib.rs	crates/nuxie-render-api/src/lib.rs	rust:crates/nuxie-render-api/src/lib.rs:1-4934	existing-rust-correspondence	-	verified	reuse-exact-existing-rust-correspondence	cpp:include/rive/renderer.hpp:14
1	4ac7b32798da0482e441ef09304dc3b480ed3ee5	include/rive/renderer.hpp	include/rive/math/raw_path.hpp	upstream-global-source	1	20	rive/math/raw_path.hpp	generic-renderer-contract	existing-rust:crates/nuxie-render-api/src/lib.rs	crates/nuxie-render-api/src/lib.rs	rust:crates/nuxie-render-api/src/lib.rs:1-4934	existing-rust-correspondence	-	verified	reuse-exact-existing-rust-correspondence	cpp:include/rive/renderer.hpp:20
1	4ac7b32798da0482e441ef09304dc3b480ed3ee5	include/rive/renderer.hpp	include/rive/refcnt.hpp	campaign-source	1	12	rive/refcnt.hpp	generic-renderer-contract	generic-refcnt	-	-	also-dispatch-prerequisite	-	verified	preserve-source-dependency	cpp:include/rive/renderer.hpp:12
1	4ac7b32798da0482e441ef09304dc3b480ed3ee5	include/rive/renderer.hpp	include/rive/shapes/paint/blend_mode.hpp	upstream-global-source	1	15	rive/shapes/paint/blend_mode.hpp	generic-renderer-contract	existing-rust:crates/nuxie-render-api/src/lib.rs	crates/nuxie-render-api/src/lib.rs	rust:crates/nuxie-render-api/src/lib.rs:1-4934	existing-rust-correspondence	-	verified	reuse-exact-existing-rust-correspondence	cpp:include/rive/renderer.hpp:15
1	4ac7b32798da0482e441ef09304dc3b480ed3ee5	include/rive/renderer.hpp	include/rive/shapes/paint/color.hpp	upstream-global-source	1	9	rive/shapes/paint/color.hpp	generic-renderer-contract	existing-rust:crates/nuxie-render-api/src/lib.rs	crates/nuxie-render-api/src/lib.rs	rust:crates/nuxie-render-api/src/lib.rs:1-4934	existing-rust-correspondence	-	verified	reuse-exact-existing-rust-correspondence	cpp:include/rive/renderer.hpp:9
1	4ac7b32798da0482e441ef09304dc3b480ed3ee5	include/rive/renderer.hpp	include/rive/shapes/paint/image_sampler.hpp	campaign-source	1	16	rive/shapes/paint/image_sampler.hpp	generic-renderer-contract	generic-image-sampler	-	-	also-dispatch-prerequisite	-	verified	preserve-source-dependency	cpp:include/rive/renderer.hpp:16
1	4ac7b32798da0482e441ef09304dc3b480ed3ee5	include/rive/renderer.hpp	include/rive/shapes/paint/stroke_cap.hpp	upstream-global-source	1	17	rive/shapes/paint/stroke_cap.hpp	generic-renderer-contract	existing-rust:crates/nuxie-render-api/src/lib.rs	crates/nuxie-render-api/src/lib.rs	rust:crates/nuxie-render-api/src/lib.rs:1-4934	existing-rust-correspondence	-	verified	reuse-exact-existing-rust-correspondence	cpp:include/rive/renderer.hpp:17
1	4ac7b32798da0482e441ef09304dc3b480ed3ee5	include/rive/renderer.hpp	include/rive/shapes/paint/stroke_join.hpp	upstream-global-source	1	18	rive/shapes/paint/stroke_join.hpp	generic-renderer-contract	existing-rust:crates/nuxie-render-api/src/lib.rs	crates/nuxie-render-api/src/lib.rs	rust:crates/nuxie-render-api/src/lib.rs:1-4934	existing-rust-correspondence	-	verified	reuse-exact-existing-rust-correspondence	cpp:include/rive/renderer.hpp:18
1	4ac7b32798da0482e441ef09304dc3b480ed3ee5	include/rive/renderer.hpp	include/utils/lite_rtti.hpp	campaign-source	1	19	utils/lite_rtti.hpp	generic-renderer-contract	generic-lite-rtti	-	-	also-dispatch-prerequisite	-	verified	preserve-source-dependency	cpp:include/rive/renderer.hpp:19
1	4ac7b32798da0482e441ef09304dc3b480ed3ee5	include/rive/renderer.hpp	toolchain:cstdint	toolchain-header	1	22	cstdint	generic-renderer-contract	external	-	-	toolchain-boundary	-	verified	provided-by-toolchain	cpp:include/rive/renderer.hpp:22
1	4ac7b32798da0482e441ef09304dc3b480ed3ee5	include/rive/renderer.hpp	toolchain:stdio.h	toolchain-header	1	21	stdio.h	generic-renderer-contract	external	-	-	toolchain-boundary	-	verified	provided-by-toolchain	cpp:include/rive/renderer.hpp:21
1	4ac7b32798da0482e441ef09304dc3b480ed3ee5	include/rive/rive_types.hpp	toolchain:TargetConditionals.h	toolchain-header	1	44	TargetConditionals.h	generic-rive-types	external	-	-	toolchain-boundary	-	verified	provided-by-toolchain	cpp:include/rive/rive_types.hpp:44
1	4ac7b32798da0482e441ef09304dc3b480ed3ee5	include/rive/rive_types.hpp	toolchain:algorithm	toolchain-header	1	58	algorithm	generic-rive-types	external	-	-	toolchain-boundary	-	verified	provided-by-toolchain	cpp:include/rive/rive_types.hpp:58
1	4ac7b32798da0482e441ef09304dc3b480ed3ee5	include/rive/rive_types.hpp	toolchain:cassert	toolchain-header	1	59	cassert	generic-rive-types	external	-	-	toolchain-boundary	-	verified	provided-by-toolchain	cpp:include/rive/rive_types.hpp:59
1	4ac7b32798da0482e441ef09304dc3b480ed3ee5	include/rive/rive_types.hpp	toolchain:cstddef	toolchain-header	1	60	cstddef	generic-rive-types	external	-	-	toolchain-boundary	-	verified	provided-by-toolchain	cpp:include/rive/rive_types.hpp:60
1	4ac7b32798da0482e441ef09304dc3b480ed3ee5	include/rive/rive_types.hpp	toolchain:cstdint	toolchain-header	1	61	cstdint	generic-rive-types	external	-	-	toolchain-boundary	-	verified	provided-by-toolchain	cpp:include/rive/rive_types.hpp:61
1	4ac7b32798da0482e441ef09304dc3b480ed3ee5	include/rive/rive_types.hpp	toolchain:memory	toolchain-header	2	12,62	memory	generic-rive-types	external	-	-	toolchain-boundary	-	verified	provided-by-toolchain	cpp:include/rive/rive_types.hpp:12;cpp:include/rive/rive_types.hpp:62
1	4ac7b32798da0482e441ef09304dc3b480ed3ee5	include/rive/rive_types.hpp	toolchain:string.h	toolchain-header	1	13	string.h	generic-rive-types	external	-	-	toolchain-boundary	-	verified	provided-by-toolchain	cpp:include/rive/rive_types.hpp:13
1	4ac7b32798da0482e441ef09304dc3b480ed3ee5	include/rive/rive_types.hpp	toolchain:type_traits	toolchain-header	1	63	type_traits	generic-rive-types	external	-	-	toolchain-boundary	-	verified	provided-by-toolchain	cpp:include/rive/rive_types.hpp:63
1	4ac7b32798da0482e441ef09304dc3b480ed3ee5	include/rive/shapes/paint/image_sampler.hpp	toolchain:stdint.h	toolchain-header	1	4	stdint.h	generic-image-sampler	external	-	-	toolchain-boundary	-	verified	provided-by-toolchain	cpp:include/rive/shapes/paint/image_sampler.hpp:4
1	4ac7b32798da0482e441ef09304dc3b480ed3ee5	include/utils/lite_rtti.hpp	include/rive/refcnt.hpp	campaign-source	1	19	rive/refcnt.hpp	generic-lite-rtti	generic-refcnt	-	-	also-dispatch-prerequisite	-	verified	preserve-source-dependency	cpp:include/utils/lite_rtti.hpp:19
1	4ac7b32798da0482e441ef09304dc3b480ed3ee5	include/utils/lite_rtti.hpp	include/utils/compile_time_string_hash.hpp	upstream-global-source	1	18	utils/compile_time_string_hash.hpp	generic-lite-rtti	existing-rust:crates/nuxie-render-api/src/lib.rs	crates/nuxie-render-api/src/lib.rs	rust:crates/nuxie-render-api/src/lib.rs:1-4934	existing-rust-correspondence	-	verified	reuse-exact-existing-rust-correspondence	cpp:include/utils/lite_rtti.hpp:18
1	4ac7b32798da0482e441ef09304dc3b480ed3ee5	include/utils/lite_rtti.hpp	toolchain:stdint.h	toolchain-header	1	20	stdint.h	generic-lite-rtti	external	-	-	toolchain-boundary	-	verified	provided-by-toolchain	cpp:include/utils/lite_rtti.hpp:20
1	4ac7b32798da0482e441ef09304dc3b480ed3ee5	include/utils/lite_rtti.hpp	toolchain:type_traits	toolchain-header	1	21	type_traits	generic-lite-rtti	external	-	-	toolchain-boundary	-	verified	provided-by-toolchain	cpp:include/utils/lite_rtti.hpp:21
1	4ac7b32798da0482e441ef09304dc3b480ed3ee5	renderer/include/rive/renderer/buffer_ring.hpp	renderer/include/rive/renderer/gpu.hpp	campaign-source	1	7	rive/renderer/gpu.hpp	generic-buffer-ring	generic-gpu-contract	-	-	also-dispatch-prerequisite	-	verified	preserve-source-dependency	cpp:renderer/include/rive/renderer/buffer_ring.hpp:7
1	4ac7b32798da0482e441ef09304dc3b480ed3ee5	renderer/include/rive/renderer/draw.hpp	include/rive/math/raw_path.hpp	upstream-global-source	1	7	rive/math/raw_path.hpp	generic-render-context-implementation	existing-rust:crates/nuxie-render-api/src/lib.rs	crates/nuxie-render-api/src/lib.rs	rust:crates/nuxie-render-api/src/lib.rs:1-4934	existing-rust-correspondence	-	verified	reuse-exact-existing-rust-correspondence	cpp:renderer/include/rive/renderer/draw.hpp:7
1	4ac7b32798da0482e441ef09304dc3b480ed3ee5	renderer/include/rive/renderer/draw.hpp	include/rive/refcnt.hpp	campaign-source	1	13	rive/refcnt.hpp	generic-render-context-implementation	generic-refcnt	-	-	also-dispatch-prerequisite	-	verified	preserve-source-dependency	cpp:renderer/include/rive/renderer/draw.hpp:13
1	4ac7b32798da0482e441ef09304dc3b480ed3ee5	renderer/include/rive/renderer/draw.hpp	include/rive/shapes/paint/stroke_cap.hpp	upstream-global-source	1	11	rive/shapes/paint/stroke_cap.hpp	generic-render-context-implementation	existing-rust:crates/nuxie-render-api/src/lib.rs	crates/nuxie-render-api/src/lib.rs	rust:crates/nuxie-render-api/src/lib.rs:1-4934	existing-rust-correspondence	-	verified	reuse-exact-existing-rust-correspondence	cpp:renderer/include/rive/renderer/draw.hpp:11
1	4ac7b32798da0482e441ef09304dc3b480ed3ee5	renderer/include/rive/renderer/draw.hpp	include/rive/shapes/paint/stroke_join.hpp	upstream-global-source	1	12	rive/shapes/paint/stroke_join.hpp	generic-render-context-implementation	existing-rust:crates/nuxie-render-api/src/lib.rs	crates/nuxie-render-api/src/lib.rs	rust:crates/nuxie-render-api/src/lib.rs:1-4934	existing-rust-correspondence	-	verified	reuse-exact-existing-rust-correspondence	cpp:renderer/include/rive/renderer/draw.hpp:12
1	4ac7b32798da0482e441ef09304dc3b480ed3ee5	renderer/include/rive/renderer/draw.hpp	renderer/include/rive/renderer/fixed_queue.hpp	upstream-global-source	1	10	rive/renderer/fixed_queue.hpp	generic-render-context-implementation	existing-rust:crates/nuxie-renderer/src/draw.rs	crates/nuxie-renderer/src/draw.rs	rust:crates/nuxie-renderer/src/draw.rs:1-4182	existing-rust-correspondence	-	verified	reuse-exact-existing-rust-correspondence	cpp:renderer/include/rive/renderer/draw.hpp:10
1	4ac7b32798da0482e441ef09304dc3b480ed3ee5	renderer/include/rive/renderer/draw.hpp	renderer/include/rive/renderer/gpu.hpp	campaign-source	1	8	rive/renderer/gpu.hpp	generic-render-context-implementation	generic-gpu-contract	-	-	also-dispatch-prerequisite	-	verified	preserve-source-dependency	cpp:renderer/include/rive/renderer/draw.hpp:8
1	4ac7b32798da0482e441ef09304dc3b480ed3ee5	renderer/include/rive/renderer/draw.hpp	renderer/include/rive/renderer/render_context.hpp	campaign-source	1	9	rive/renderer/render_context.hpp	generic-render-context-implementation	generic-render-context-contract	-	-	also-dispatch-prerequisite	unit-scc-01	verified	preserve-source-dependency	cpp:renderer/include/rive/renderer/draw.hpp:9
1	4ac7b32798da0482e441ef09304dc3b480ed3ee5	renderer/include/rive/renderer/gpu.hpp	include/rive/enums.hpp	upstream-global-source	1	7	rive/enums.hpp	generic-gpu-contract	existing-rust:crates/nuxie-render-api/src/lib.rs	crates/nuxie-render-api/src/lib.rs	rust:crates/nuxie-render-api/src/lib.rs:1-4934	existing-rust-correspondence	-	verified	reuse-exact-existing-rust-correspondence	cpp:renderer/include/rive/renderer/gpu.hpp:7
1	4ac7b32798da0482e441ef09304dc3b480ed3ee5	renderer/include/rive/renderer/gpu.hpp	include/rive/math/aabb.hpp	upstream-global-source	1	8	rive/math/aabb.hpp	generic-gpu-contract	existing-rust:crates/nuxie-render-api/src/lib.rs	crates/nuxie-render-api/src/lib.rs	rust:crates/nuxie-render-api/src/lib.rs:1-4934	existing-rust-correspondence	-	verified	reuse-exact-existing-rust-correspondence	cpp:renderer/include/rive/renderer/gpu.hpp:8
1	4ac7b32798da0482e441ef09304dc3b480ed3ee5	renderer/include/rive/renderer/gpu.hpp	include/rive/math/bitwise.hpp	upstream-global-source	1	9	rive/math/bitwise.hpp	generic-gpu-contract	existing-rust:crates/nuxie-renderer/src/gpu.rs	crates/nuxie-renderer/src/gpu.rs	rust:crates/nuxie-renderer/src/gpu.rs:1-1072	existing-rust-correspondence	-	verified	reuse-exact-existing-rust-correspondence	cpp:renderer/include/rive/renderer/gpu.hpp:9
1	4ac7b32798da0482e441ef09304dc3b480ed3ee5	renderer/include/rive/renderer/gpu.hpp	include/rive/math/mat2d.hpp	upstream-global-source	1	10	rive/math/mat2d.hpp	generic-gpu-contract	existing-rust:crates/nuxie-render-api/src/lib.rs	crates/nuxie-render-api/src/lib.rs	rust:crates/nuxie-render-api/src/lib.rs:1-4934	existing-rust-correspondence	-	verified	reuse-exact-existing-rust-correspondence	cpp:renderer/include/rive/renderer/gpu.hpp:10
1	4ac7b32798da0482e441ef09304dc3b480ed3ee5	renderer/include/rive/renderer/gpu.hpp	include/rive/math/simd.hpp	upstream-global-source	1	12	rive/math/simd.hpp	generic-gpu-contract	existing-rust:crates/nuxie-renderer/src/gpu.rs	crates/nuxie-renderer/src/gpu.rs	rust:crates/nuxie-renderer/src/gpu.rs:1-1072	existing-rust-correspondence	-	verified	reuse-exact-existing-rust-correspondence	cpp:renderer/include/rive/renderer/gpu.hpp:12
1	4ac7b32798da0482e441ef09304dc3b480ed3ee5	renderer/include/rive/renderer/gpu.hpp	include/rive/math/vec2d.hpp	upstream-global-source	1	11	rive/math/vec2d.hpp	generic-gpu-contract	existing-rust:crates/nuxie-render-api/src/lib.rs	crates/nuxie-render-api/src/lib.rs	rust:crates/nuxie-render-api/src/lib.rs:1-4934	existing-rust-correspondence	-	verified	reuse-exact-existing-rust-correspondence	cpp:renderer/include/rive/renderer/gpu.hpp:11
1	4ac7b32798da0482e441ef09304dc3b480ed3ee5	renderer/include/rive/renderer/gpu.hpp	include/rive/shapes/paint/blend_mode.hpp	upstream-global-source	1	13	rive/shapes/paint/blend_mode.hpp	generic-gpu-contract	existing-rust:crates/nuxie-render-api/src/lib.rs	crates/nuxie-render-api/src/lib.rs	rust:crates/nuxie-render-api/src/lib.rs:1-4934	existing-rust-correspondence	-	verified	reuse-exact-existing-rust-correspondence	cpp:renderer/include/rive/renderer/gpu.hpp:13
1	4ac7b32798da0482e441ef09304dc3b480ed3ee5	renderer/include/rive/renderer/gpu.hpp	include/rive/shapes/paint/color.hpp	upstream-global-source	1	14	rive/shapes/paint/color.hpp	generic-gpu-contract	existing-rust:crates/nuxie-render-api/src/lib.rs	crates/nuxie-render-api/src/lib.rs	rust:crates/nuxie-render-api/src/lib.rs:1-4934	existing-rust-correspondence	-	verified	reuse-exact-existing-rust-correspondence	cpp:renderer/include/rive/renderer/gpu.hpp:14
1	4ac7b32798da0482e441ef09304dc3b480ed3ee5	renderer/include/rive/renderer/gpu.hpp	include/rive/shapes/paint/image_sampler.hpp	campaign-source	1	16	rive/shapes/paint/image_sampler.hpp	generic-gpu-contract	generic-image-sampler	-	-	also-dispatch-prerequisite	-	verified	preserve-source-dependency	cpp:renderer/include/rive/renderer/gpu.hpp:16
1	4ac7b32798da0482e441ef09304dc3b480ed3ee5	renderer/include/rive/renderer/gpu.hpp	renderer/include/rive/renderer/trivial_block_allocator.hpp	upstream-global-source	1	15	rive/renderer/trivial_block_allocator.hpp	generic-gpu-contract	existing-rust:crates/nuxie-renderer/src/logical_frame.rs	crates/nuxie-renderer/src/logical_frame.rs	rust:crates/nuxie-renderer/src/logical_frame.rs:1-4904	existing-rust-correspondence	-	verified	reuse-exact-existing-rust-correspondence	cpp:renderer/include/rive/renderer/gpu.hpp:15
1	4ac7b32798da0482e441ef09304dc3b480ed3ee5	renderer/include/rive/renderer/gpu.hpp	toolchain:functional	toolchain-header	1	18	functional	generic-gpu-contract	external	-	-	toolchain-boundary	-	verified	provided-by-toolchain	cpp:renderer/include/rive/renderer/gpu.hpp:18
1	4ac7b32798da0482e441ef09304dc3b480ed3ee5	renderer/include/rive/renderer/gpu.hpp	toolchain:optional	toolchain-header	1	19	optional	generic-gpu-contract	external	-	-	toolchain-boundary	-	verified	provided-by-toolchain	cpp:renderer/include/rive/renderer/gpu.hpp:19
1	4ac7b32798da0482e441ef09304dc3b480ed3ee5	renderer/include/rive/renderer/gpu_resource.hpp	include/rive/refcnt.hpp	campaign-source	1	7	rive/refcnt.hpp	gpu-resource	generic-refcnt	-	-	also-dispatch-prerequisite	-	verified	preserve-source-dependency	cpp:renderer/include/rive/renderer/gpu_resource.hpp:7
1	4ac7b32798da0482e441ef09304dc3b480ed3ee5	renderer/include/rive/renderer/gpu_resource.hpp	toolchain:deque	toolchain-header	1	9	deque	gpu-resource	external	-	-	toolchain-boundary	-	verified	provided-by-toolchain	cpp:renderer/include/rive/renderer/gpu_resource.hpp:9
1	4ac7b32798da0482e441ef09304dc3b480ed3ee5	renderer/include/rive/renderer/metal/render_context_metal_impl.h	include/rive/rive_types.hpp	campaign-source	1	8	rive/rive_types.hpp	metal-render-context-api	generic-rive-types	-	-	source-only-dependency	-	verified	preserve-source-dependency	cpp:renderer/include/rive/renderer/metal/render_context_metal_impl.h:8
1	4ac7b32798da0482e441ef09304dc3b480ed3ee5	renderer/include/rive/renderer/metal/render_context_metal_impl.h	include/rive/shapes/paint/image_sampler.hpp	campaign-source	1	9	rive/shapes/paint/image_sampler.hpp	metal-render-context-api	generic-image-sampler	-	-	source-only-dependency	-	verified	preserve-source-dependency	cpp:renderer/include/rive/renderer/metal/render_context_metal_impl.h:9
1	4ac7b32798da0482e441ef09304dc3b480ed3ee5	renderer/include/rive/renderer/metal/render_context_metal_impl.h	renderer/include/rive/renderer/render_context_helper_impl.hpp	campaign-source	1	7	rive/renderer/render_context_helper_impl.hpp	metal-render-context-api	generic-render-context-helper	-	-	source-only-dependency	unit-scc-01	verified	preserve-source-dependency	cpp:renderer/include/rive/renderer/metal/render_context_metal_impl.h:7
1	4ac7b32798da0482e441ef09304dc3b480ed3ee5	renderer/include/rive/renderer/metal/render_context_metal_impl.h	toolchain:Metal/Metal.h	toolchain-header	1	14	Metal/Metal.h	metal-render-context-api	external	-	-	toolchain-boundary	-	verified	provided-by-toolchain	cpp:renderer/include/rive/renderer/metal/render_context_metal_impl.h:14
1	4ac7b32798da0482e441ef09304dc3b480ed3ee5	renderer/include/rive/renderer/metal/render_context_metal_impl.h	toolchain:mutex	toolchain-header	1	11	mutex	metal-render-context-api	external	-	-	toolchain-boundary	-	verified	provided-by-toolchain	cpp:renderer/include/rive/renderer/metal/render_context_metal_impl.h:11
1	4ac7b32798da0482e441ef09304dc3b480ed3ee5	renderer/include/rive/renderer/metal/render_context_metal_impl.h	toolchain:unordered_map	toolchain-header	1	10	unordered_map	metal-render-context-api	external	-	-	toolchain-boundary	-	verified	provided-by-toolchain	cpp:renderer/include/rive/renderer/metal/render_context_metal_impl.h:10
1	4ac7b32798da0482e441ef09304dc3b480ed3ee5	renderer/include/rive/renderer/ore/ore_bind_group.hpp	include/utils/lite_rtti.hpp	campaign-source	1	8	utils/lite_rtti.hpp	ore-bind-group	generic-lite-rtti	-	-	source-only-dependency	-	verified	preserve-source-dependency	cpp:renderer/include/rive/renderer/ore/ore_bind_group.hpp:8
1	4ac7b32798da0482e441ef09304dc3b480ed3ee5	renderer/include/rive/renderer/ore/ore_bind_group.hpp	renderer/include/rive/renderer/gpu_resource.hpp	campaign-source	1	7	rive/renderer/gpu_resource.hpp	ore-bind-group	gpu-resource	-	-	also-dispatch-prerequisite	-	verified	preserve-source-dependency	cpp:renderer/include/rive/renderer/ore/ore_bind_group.hpp:7
1	4ac7b32798da0482e441ef09304dc3b480ed3ee5	renderer/include/rive/renderer/ore/ore_bind_group.hpp	renderer/include/rive/renderer/ore/ore_bind_group_layout.hpp	campaign-source	1	13	rive/renderer/ore/ore_bind_group_layout.hpp	ore-bind-group	ore-bind-group-layout	-	-	also-dispatch-prerequisite	-	verified	preserve-source-dependency	cpp:renderer/include/rive/renderer/ore/ore_bind_group.hpp:13
1	4ac7b32798da0482e441ef09304dc3b480ed3ee5	renderer/include/rive/renderer/ore/ore_bind_group.hpp	renderer/include/rive/renderer/ore/ore_buffer.hpp	campaign-source	1	10	rive/renderer/ore/ore_buffer.hpp	ore-bind-group	ore-buffer	-	-	also-dispatch-prerequisite	unit-scc-01	verified	preserve-source-dependency	cpp:renderer/include/rive/renderer/ore/ore_bind_group.hpp:10
1	4ac7b32798da0482e441ef09304dc3b480ed3ee5	renderer/include/rive/renderer/ore/ore_bind_group.hpp	renderer/include/rive/renderer/ore/ore_sampler.hpp	campaign-source	1	12	rive/renderer/ore/ore_sampler.hpp	ore-bind-group	ore-sampler	-	-	also-dispatch-prerequisite	-	verified	preserve-source-dependency	cpp:renderer/include/rive/renderer/ore/ore_bind_group.hpp:12
1	4ac7b32798da0482e441ef09304dc3b480ed3ee5	renderer/include/rive/renderer/ore/ore_bind_group.hpp	renderer/include/rive/renderer/ore/ore_texture.hpp	campaign-source	1	11	rive/renderer/ore/ore_texture.hpp	ore-bind-group	ore-texture	-	-	also-dispatch-prerequisite	-	verified	preserve-source-dependency	cpp:renderer/include/rive/renderer/ore/ore_bind_group.hpp:11
1	4ac7b32798da0482e441ef09304dc3b480ed3ee5	renderer/include/rive/renderer/ore/ore_bind_group.hpp	renderer/include/rive/renderer/ore/ore_types.hpp	campaign-source	1	9	rive/renderer/ore/ore_types.hpp	ore-bind-group	ore-types	-	-	also-dispatch-prerequisite	-	verified	preserve-source-dependency	cpp:renderer/include/rive/renderer/ore/ore_bind_group.hpp:9
1	4ac7b32798da0482e441ef09304dc3b480ed3ee5	renderer/include/rive/renderer/ore/ore_bind_group.hpp	toolchain:vector	toolchain-header	1	15	vector	ore-bind-group	external	-	-	toolchain-boundary	-	verified	provided-by-toolchain	cpp:renderer/include/rive/renderer/ore/ore_bind_group.hpp:15
1	4ac7b32798da0482e441ef09304dc3b480ed3ee5	renderer/include/rive/renderer/ore/ore_bind_group_layout.hpp	include/utils/lite_rtti.hpp	campaign-source	1	8	utils/lite_rtti.hpp	ore-bind-group-layout	generic-lite-rtti	-	-	source-only-dependency	-	verified	preserve-source-dependency	cpp:renderer/include/rive/renderer/ore/ore_bind_group_layout.hpp:8
1	4ac7b32798da0482e441ef09304dc3b480ed3ee5	renderer/include/rive/renderer/ore/ore_bind_group_layout.hpp	renderer/include/rive/renderer/gpu_resource.hpp	campaign-source	1	7	rive/renderer/gpu_resource.hpp	ore-bind-group-layout	gpu-resource	-	-	also-dispatch-prerequisite	-	verified	preserve-source-dependency	cpp:renderer/include/rive/renderer/ore/ore_bind_group_layout.hpp:7
1	4ac7b32798da0482e441ef09304dc3b480ed3ee5	renderer/include/rive/renderer/ore/ore_bind_group_layout.hpp	renderer/include/rive/renderer/ore/ore_binding_map.hpp	campaign-source	1	10	rive/renderer/ore/ore_binding_map.hpp	ore-bind-group-layout	ore-binding-map	-	-	also-dispatch-prerequisite	-	verified	preserve-source-dependency	cpp:renderer/include/rive/renderer/ore/ore_bind_group_layout.hpp:10
1	4ac7b32798da0482e441ef09304dc3b480ed3ee5	renderer/include/rive/renderer/ore/ore_bind_group_layout.hpp	renderer/include/rive/renderer/ore/ore_types.hpp	campaign-source	1	9	rive/renderer/ore/ore_types.hpp	ore-bind-group-layout	ore-types	-	-	also-dispatch-prerequisite	-	verified	preserve-source-dependency	cpp:renderer/include/rive/renderer/ore/ore_bind_group_layout.hpp:9
1	4ac7b32798da0482e441ef09304dc3b480ed3ee5	renderer/include/rive/renderer/ore/ore_bind_group_layout.hpp	toolchain:string	toolchain-header	1	12	string	ore-bind-group-layout	external	-	-	toolchain-boundary	-	verified	provided-by-toolchain	cpp:renderer/include/rive/renderer/ore/ore_bind_group_layout.hpp:12
1	4ac7b32798da0482e441ef09304dc3b480ed3ee5	renderer/include/rive/renderer/ore/ore_bind_group_layout.hpp	toolchain:vector	toolchain-header	1	13	vector	ore-bind-group-layout	external	-	-	toolchain-boundary	-	verified	provided-by-toolchain	cpp:renderer/include/rive/renderer/ore/ore_bind_group_layout.hpp:13
1	4ac7b32798da0482e441ef09304dc3b480ed3ee5	renderer/include/rive/renderer/ore/ore_binding_map.hpp	toolchain:algorithm	toolchain-header	1	23	algorithm	ore-binding-map	external	-	-	toolchain-boundary	-	verified	provided-by-toolchain	cpp:renderer/include/rive/renderer/ore/ore_binding_map.hpp:23
1	4ac7b32798da0482e441ef09304dc3b480ed3ee5	renderer/include/rive/renderer/ore/ore_binding_map.hpp	toolchain:cassert	toolchain-header	1	24	cassert	ore-binding-map	external	-	-	toolchain-boundary	-	verified	provided-by-toolchain	cpp:renderer/include/rive/renderer/ore/ore_binding_map.hpp:24
1	4ac7b32798da0482e441ef09304dc3b480ed3ee5	renderer/include/rive/renderer/ore/ore_binding_map.hpp	toolchain:cstdint	toolchain-header	1	25	cstdint	ore-binding-map	external	-	-	toolchain-boundary	-	verified	provided-by-toolchain	cpp:renderer/include/rive/renderer/ore/ore_binding_map.hpp:25
1	4ac7b32798da0482e441ef09304dc3b480ed3ee5	renderer/include/rive/renderer/ore/ore_binding_map.hpp	toolchain:cstring	toolchain-header	1	26	cstring	ore-binding-map	external	-	-	toolchain-boundary	-	verified	provided-by-toolchain	cpp:renderer/include/rive/renderer/ore/ore_binding_map.hpp:26
1	4ac7b32798da0482e441ef09304dc3b480ed3ee5	renderer/include/rive/renderer/ore/ore_binding_map.hpp	toolchain:vector	toolchain-header	1	27	vector	ore-binding-map	external	-	-	toolchain-boundary	-	verified	provided-by-toolchain	cpp:renderer/include/rive/renderer/ore/ore_binding_map.hpp:27
1	4ac7b32798da0482e441ef09304dc3b480ed3ee5	renderer/include/rive/renderer/ore/ore_buffer.hpp	include/utils/lite_rtti.hpp	campaign-source	1	8	utils/lite_rtti.hpp	ore-buffer	generic-lite-rtti	-	-	source-only-dependency	-	verified	preserve-source-dependency	cpp:renderer/include/rive/renderer/ore/ore_buffer.hpp:8
1	4ac7b32798da0482e441ef09304dc3b480ed3ee5	renderer/include/rive/renderer/ore/ore_buffer.hpp	renderer/include/rive/renderer/gpu_resource.hpp	campaign-source	1	7	rive/renderer/gpu_resource.hpp	ore-buffer	gpu-resource	-	-	also-dispatch-prerequisite	-	verified	preserve-source-dependency	cpp:renderer/include/rive/renderer/ore/ore_buffer.hpp:7
1	4ac7b32798da0482e441ef09304dc3b480ed3ee5	renderer/include/rive/renderer/ore/ore_buffer.hpp	renderer/include/rive/renderer/ore/ore_types.hpp	campaign-source	1	9	rive/renderer/ore/ore_types.hpp	ore-buffer	ore-types	-	-	also-dispatch-prerequisite	-	verified	preserve-source-dependency	cpp:renderer/include/rive/renderer/ore/ore_buffer.hpp:9
1	4ac7b32798da0482e441ef09304dc3b480ed3ee5	renderer/include/rive/renderer/ore/ore_context.hpp	include/rive/refcnt.hpp	campaign-source	1	12	rive/refcnt.hpp	ore-context-render-pass	generic-refcnt	-	-	source-only-dependency	-	verified	preserve-source-dependency	cpp:renderer/include/rive/renderer/ore/ore_context.hpp:12
1	4ac7b32798da0482e441ef09304dc3b480ed3ee5	renderer/include/rive/renderer/ore/ore_context.hpp	renderer/include/rive/renderer/ore/ore_bind_group.hpp	campaign-source	1	19	rive/renderer/ore/ore_bind_group.hpp	ore-context-render-pass	ore-bind-group	-	-	also-dispatch-prerequisite	unit-scc-01	verified	preserve-source-dependency	cpp:renderer/include/rive/renderer/ore/ore_context.hpp:19
1	4ac7b32798da0482e441ef09304dc3b480ed3ee5	renderer/include/rive/renderer/ore/ore_context.hpp	renderer/include/rive/renderer/ore/ore_buffer.hpp	campaign-source	1	14	rive/renderer/ore/ore_buffer.hpp	ore-context-render-pass	ore-buffer	-	-	also-dispatch-prerequisite	unit-scc-01	verified	preserve-source-dependency	cpp:renderer/include/rive/renderer/ore/ore_context.hpp:14
1	4ac7b32798da0482e441ef09304dc3b480ed3ee5	renderer/include/rive/renderer/ore/ore_context.hpp	renderer/include/rive/renderer/ore/ore_pipeline.hpp	campaign-source	1	18	rive/renderer/ore/ore_pipeline.hpp	ore-context-render-pass	ore-pipeline	-	-	also-dispatch-prerequisite	-	verified	preserve-source-dependency	cpp:renderer/include/rive/renderer/ore/ore_context.hpp:18
1	4ac7b32798da0482e441ef09304dc3b480ed3ee5	renderer/include/rive/renderer/ore/ore_context.hpp	renderer/include/rive/renderer/ore/ore_render_pass.hpp	campaign-source	1	20	rive/renderer/ore/ore_render_pass.hpp	ore-context-render-pass	ore-context-render-pass	-	-	same-unit-source-dependency	unit-scc-01	verified	preserve-source-dependency	cpp:renderer/include/rive/renderer/ore/ore_context.hpp:20
1	4ac7b32798da0482e441ef09304dc3b480ed3ee5	renderer/include/rive/renderer/ore/ore_context.hpp	renderer/include/rive/renderer/ore/ore_sampler.hpp	campaign-source	1	16	rive/renderer/ore/ore_sampler.hpp	ore-context-render-pass	ore-sampler	-	-	also-dispatch-prerequisite	-	verified	preserve-source-dependency	cpp:renderer/include/rive/renderer/ore/ore_context.hpp:16
1	4ac7b32798da0482e441ef09304dc3b480ed3ee5	renderer/include/rive/renderer/ore/ore_context.hpp	renderer/include/rive/renderer/ore/ore_shader_module.hpp	campaign-source	1	17	rive/renderer/ore/ore_shader_module.hpp	ore-context-render-pass	ore-shader-module	-	-	also-dispatch-prerequisite	-	verified	preserve-source-dependency	cpp:renderer/include/rive/renderer/ore/ore_context.hpp:17
1	4ac7b32798da0482e441ef09304dc3b480ed3ee5	renderer/include/rive/renderer/ore/ore_context.hpp	renderer/include/rive/renderer/ore/ore_texture.hpp	campaign-source	1	15	rive/renderer/ore/ore_texture.hpp	ore-context-render-pass	ore-texture	-	-	also-dispatch-prerequisite	-	verified	preserve-source-dependency	cpp:renderer/include/rive/renderer/ore/ore_context.hpp:15
1	4ac7b32798da0482e441ef09304dc3b480ed3ee5	renderer/include/rive/renderer/ore/ore_context.hpp	renderer/include/rive/renderer/ore/ore_types.hpp	campaign-source	1	13	rive/renderer/ore/ore_types.hpp	ore-context-render-pass	ore-types	-	-	also-dispatch-prerequisite	-	verified	preserve-source-dependency	cpp:renderer/include/rive/renderer/ore/ore_context.hpp:13
1	4ac7b32798da0482e441ef09304dc3b480ed3ee5	renderer/include/rive/renderer/ore/ore_context.hpp	toolchain:cstdarg	toolchain-header	1	7	cstdarg	ore-context-render-pass	external	-	-	toolchain-boundary	-	verified	provided-by-toolchain	cpp:renderer/include/rive/renderer/ore/ore_context.hpp:7
1	4ac7b32798da0482e441ef09304dc3b480ed3ee5	renderer/include/rive/renderer/ore/ore_context.hpp	toolchain:cstdio	toolchain-header	1	8	cstdio	ore-context-render-pass	external	-	-	toolchain-boundary	-	verified	provided-by-toolchain	cpp:renderer/include/rive/renderer/ore/ore_context.hpp:8
1	4ac7b32798da0482e441ef09304dc3b480ed3ee5	renderer/include/rive/renderer/ore/ore_context.hpp	toolchain:memory	toolchain-header	1	9	memory	ore-context-render-pass	external	-	-	toolchain-boundary	-	verified	provided-by-toolchain	cpp:renderer/include/rive/renderer/ore/ore_context.hpp:9
1	4ac7b32798da0482e441ef09304dc3b480ed3ee5	renderer/include/rive/renderer/ore/ore_context.hpp	toolchain:string	toolchain-header	1	10	string	ore-context-render-pass	external	-	-	toolchain-boundary	-	verified	provided-by-toolchain	cpp:renderer/include/rive/renderer/ore/ore_context.hpp:10
1	4ac7b32798da0482e441ef09304dc3b480ed3ee5	renderer/include/rive/renderer/ore/ore_context.hpp	toolchain:vector	toolchain-header	1	11	vector	ore-context-render-pass	external	-	-	toolchain-boundary	-	verified	provided-by-toolchain	cpp:renderer/include/rive/renderer/ore/ore_context.hpp:11
1	4ac7b32798da0482e441ef09304dc3b480ed3ee5	renderer/include/rive/renderer/ore/ore_context_metal.hpp	renderer/include/rive/renderer/ore/ore_context.hpp	campaign-source	1	7	rive/renderer/ore/ore_context.hpp	ore-context-render-pass	ore-context-render-pass	-	-	same-unit-source-dependency	unit-scc-01	verified	preserve-source-dependency	cpp:renderer/include/rive/renderer/ore/ore_context_metal.hpp:7
1	4ac7b32798da0482e441ef09304dc3b480ed3ee5	renderer/include/rive/renderer/ore/ore_context_metal.hpp	toolchain:Metal/Metal.h	toolchain-header	1	9	Metal/Metal.h	ore-context-render-pass	external	-	-	toolchain-boundary	-	verified	provided-by-toolchain	cpp:renderer/include/rive/renderer/ore/ore_context_metal.hpp:9
1	4ac7b32798da0482e441ef09304dc3b480ed3ee5	renderer/include/rive/renderer/ore/ore_context_metal.hpp	toolchain:atomic	toolchain-header	1	11	atomic	ore-context-render-pass	external	-	-	toolchain-boundary	-	verified	provided-by-toolchain	cpp:renderer/include/rive/renderer/ore/ore_context_metal.hpp:11
1	4ac7b32798da0482e441ef09304dc3b480ed3ee5	renderer/include/rive/renderer/ore/ore_context_metal.hpp	toolchain:memory	toolchain-header	1	12	memory	ore-context-render-pass	external	-	-	toolchain-boundary	-	verified	provided-by-toolchain	cpp:renderer/include/rive/renderer/ore/ore_context_metal.hpp:12
1	4ac7b32798da0482e441ef09304dc3b480ed3ee5	renderer/include/rive/renderer/ore/ore_pipeline.hpp	include/utils/lite_rtti.hpp	campaign-source	1	8	utils/lite_rtti.hpp	ore-pipeline	generic-lite-rtti	-	-	source-only-dependency	-	verified	preserve-source-dependency	cpp:renderer/include/rive/renderer/ore/ore_pipeline.hpp:8
1	4ac7b32798da0482e441ef09304dc3b480ed3ee5	renderer/include/rive/renderer/ore/ore_pipeline.hpp	renderer/include/rive/renderer/gpu_resource.hpp	campaign-source	1	7	rive/renderer/gpu_resource.hpp	ore-pipeline	gpu-resource	-	-	also-dispatch-prerequisite	-	verified	preserve-source-dependency	cpp:renderer/include/rive/renderer/ore/ore_pipeline.hpp:7
1	4ac7b32798da0482e441ef09304dc3b480ed3ee5	renderer/include/rive/renderer/ore/ore_pipeline.hpp	renderer/include/rive/renderer/ore/ore_bind_group_layout.hpp	campaign-source	1	10	rive/renderer/ore/ore_bind_group_layout.hpp	ore-pipeline	ore-bind-group-layout	-	-	also-dispatch-prerequisite	-	verified	preserve-source-dependency	cpp:renderer/include/rive/renderer/ore/ore_pipeline.hpp:10
1	4ac7b32798da0482e441ef09304dc3b480ed3ee5	renderer/include/rive/renderer/ore/ore_pipeline.hpp	renderer/include/rive/renderer/ore/ore_shader_module.hpp	campaign-source	1	11	rive/renderer/ore/ore_shader_module.hpp	ore-pipeline	ore-shader-module	-	-	also-dispatch-prerequisite	-	verified	preserve-source-dependency	cpp:renderer/include/rive/renderer/ore/ore_pipeline.hpp:11
1	4ac7b32798da0482e441ef09304dc3b480ed3ee5	renderer/include/rive/renderer/ore/ore_pipeline.hpp	renderer/include/rive/renderer/ore/ore_types.hpp	campaign-source	1	9	rive/renderer/ore/ore_types.hpp	ore-pipeline	ore-types	-	-	also-dispatch-prerequisite	-	verified	preserve-source-dependency	cpp:renderer/include/rive/renderer/ore/ore_pipeline.hpp:9
1	4ac7b32798da0482e441ef09304dc3b480ed3ee5	renderer/include/rive/renderer/ore/ore_pipeline.hpp	toolchain:vector	toolchain-header	1	13	vector	ore-pipeline	external	-	-	toolchain-boundary	-	verified	provided-by-toolchain	cpp:renderer/include/rive/renderer/ore/ore_pipeline.hpp:13
1	4ac7b32798da0482e441ef09304dc3b480ed3ee5	renderer/include/rive/renderer/ore/ore_render_pass.hpp	include/rive/refcnt.hpp	campaign-source	1	7	rive/refcnt.hpp	ore-context-render-pass	generic-refcnt	-	-	source-only-dependency	-	verified	preserve-source-dependency	cpp:renderer/include/rive/renderer/ore/ore_render_pass.hpp:7
1	4ac7b32798da0482e441ef09304dc3b480ed3ee5	renderer/include/rive/renderer/ore/ore_render_pass.hpp	renderer/include/rive/renderer/ore/ore_types.hpp	campaign-source	1	8	rive/renderer/ore/ore_types.hpp	ore-context-render-pass	ore-types	-	-	also-dispatch-prerequisite	-	verified	preserve-source-dependency	cpp:renderer/include/rive/renderer/ore/ore_render_pass.hpp:8
1	4ac7b32798da0482e441ef09304dc3b480ed3ee5	renderer/include/rive/renderer/ore/ore_rstb_entry_container.hpp	toolchain:cstdint	toolchain-header	1	3	cstdint	ore-rstb-container	external	-	-	toolchain-boundary	-	verified	provided-by-toolchain	cpp:renderer/include/rive/renderer/ore/ore_rstb_entry_container.hpp:3
1	4ac7b32798da0482e441ef09304dc3b480ed3ee5	renderer/include/rive/renderer/ore/ore_rstb_entry_container.hpp	toolchain:string	toolchain-header	1	4	string	ore-rstb-container	external	-	-	toolchain-boundary	-	verified	provided-by-toolchain	cpp:renderer/include/rive/renderer/ore/ore_rstb_entry_container.hpp:4
1	4ac7b32798da0482e441ef09304dc3b480ed3ee5	renderer/include/rive/renderer/ore/ore_rstb_entry_container.hpp	toolchain:vector	toolchain-header	1	5	vector	ore-rstb-container	external	-	-	toolchain-boundary	-	verified	provided-by-toolchain	cpp:renderer/include/rive/renderer/ore/ore_rstb_entry_container.hpp:5
1	4ac7b32798da0482e441ef09304dc3b480ed3ee5	renderer/include/rive/renderer/ore/ore_sampler.hpp	include/utils/lite_rtti.hpp	campaign-source	1	8	utils/lite_rtti.hpp	ore-sampler	generic-lite-rtti	-	-	source-only-dependency	-	verified	preserve-source-dependency	cpp:renderer/include/rive/renderer/ore/ore_sampler.hpp:8
1	4ac7b32798da0482e441ef09304dc3b480ed3ee5	renderer/include/rive/renderer/ore/ore_sampler.hpp	renderer/include/rive/renderer/gpu_resource.hpp	campaign-source	1	7	rive/renderer/gpu_resource.hpp	ore-sampler	gpu-resource	-	-	also-dispatch-prerequisite	-	verified	preserve-source-dependency	cpp:renderer/include/rive/renderer/ore/ore_sampler.hpp:7
1	4ac7b32798da0482e441ef09304dc3b480ed3ee5	renderer/include/rive/renderer/ore/ore_sampler.hpp	renderer/include/rive/renderer/ore/ore_types.hpp	campaign-source	1	9	rive/renderer/ore/ore_types.hpp	ore-sampler	ore-types	-	-	also-dispatch-prerequisite	-	verified	preserve-source-dependency	cpp:renderer/include/rive/renderer/ore/ore_sampler.hpp:9
1	4ac7b32798da0482e441ef09304dc3b480ed3ee5	renderer/include/rive/renderer/ore/ore_shader_module.hpp	include/utils/lite_rtti.hpp	campaign-source	1	8	utils/lite_rtti.hpp	ore-shader-module	generic-lite-rtti	-	-	source-only-dependency	-	verified	preserve-source-dependency	cpp:renderer/include/rive/renderer/ore/ore_shader_module.hpp:8
1	4ac7b32798da0482e441ef09304dc3b480ed3ee5	renderer/include/rive/renderer/ore/ore_shader_module.hpp	renderer/include/rive/renderer/gpu_resource.hpp	campaign-source	1	7	rive/renderer/gpu_resource.hpp	ore-shader-module	gpu-resource	-	-	also-dispatch-prerequisite	-	verified	preserve-source-dependency	cpp:renderer/include/rive/renderer/ore/ore_shader_module.hpp:7
1	4ac7b32798da0482e441ef09304dc3b480ed3ee5	renderer/include/rive/renderer/ore/ore_shader_module.hpp	renderer/include/rive/renderer/ore/ore_binding_map.hpp	campaign-source	1	9	rive/renderer/ore/ore_binding_map.hpp	ore-shader-module	ore-binding-map	-	-	also-dispatch-prerequisite	-	verified	preserve-source-dependency	cpp:renderer/include/rive/renderer/ore/ore_shader_module.hpp:9
1	4ac7b32798da0482e441ef09304dc3b480ed3ee5	renderer/include/rive/renderer/ore/ore_shader_module.hpp	renderer/include/rive/renderer/ore/ore_types.hpp	campaign-source	1	10	rive/renderer/ore/ore_types.hpp	ore-shader-module	ore-types	-	-	also-dispatch-prerequisite	-	verified	preserve-source-dependency	cpp:renderer/include/rive/renderer/ore/ore_shader_module.hpp:10
1	4ac7b32798da0482e441ef09304dc3b480ed3ee5	renderer/include/rive/renderer/ore/ore_shader_module.hpp	toolchain:cassert	toolchain-header	1	12	cassert	ore-shader-module	external	-	-	toolchain-boundary	-	verified	provided-by-toolchain	cpp:renderer/include/rive/renderer/ore/ore_shader_module.hpp:12
1	4ac7b32798da0482e441ef09304dc3b480ed3ee5	renderer/include/rive/renderer/ore/ore_shader_module.hpp	toolchain:cstdint	toolchain-header	1	13	cstdint	ore-shader-module	external	-	-	toolchain-boundary	-	verified	provided-by-toolchain	cpp:renderer/include/rive/renderer/ore/ore_shader_module.hpp:13
1	4ac7b32798da0482e441ef09304dc3b480ed3ee5	renderer/include/rive/renderer/ore/ore_shader_module.hpp	toolchain:string	toolchain-header	1	14	string	ore-shader-module	external	-	-	toolchain-boundary	-	verified	provided-by-toolchain	cpp:renderer/include/rive/renderer/ore/ore_shader_module.hpp:14
1	4ac7b32798da0482e441ef09304dc3b480ed3ee5	renderer/include/rive/renderer/ore/ore_shader_module.hpp	toolchain:vector	toolchain-header	1	15	vector	ore-shader-module	external	-	-	toolchain-boundary	-	verified	provided-by-toolchain	cpp:renderer/include/rive/renderer/ore/ore_shader_module.hpp:15
1	4ac7b32798da0482e441ef09304dc3b480ed3ee5	renderer/include/rive/renderer/ore/ore_texture.hpp	include/utils/lite_rtti.hpp	campaign-source	1	8	utils/lite_rtti.hpp	ore-texture	generic-lite-rtti	-	-	source-only-dependency	-	verified	preserve-source-dependency	cpp:renderer/include/rive/renderer/ore/ore_texture.hpp:8
1	4ac7b32798da0482e441ef09304dc3b480ed3ee5	renderer/include/rive/renderer/ore/ore_texture.hpp	renderer/include/rive/renderer/gpu_resource.hpp	campaign-source	1	7	rive/renderer/gpu_resource.hpp	ore-texture	gpu-resource	-	-	also-dispatch-prerequisite	-	verified	preserve-source-dependency	cpp:renderer/include/rive/renderer/ore/ore_texture.hpp:7
1	4ac7b32798da0482e441ef09304dc3b480ed3ee5	renderer/include/rive/renderer/ore/ore_texture.hpp	renderer/include/rive/renderer/ore/ore_types.hpp	campaign-source	1	9	rive/renderer/ore/ore_types.hpp	ore-texture	ore-types	-	-	also-dispatch-prerequisite	-	verified	preserve-source-dependency	cpp:renderer/include/rive/renderer/ore/ore_texture.hpp:9
1	4ac7b32798da0482e441ef09304dc3b480ed3ee5	renderer/include/rive/renderer/ore/ore_types.hpp	toolchain:cstdint	toolchain-header	1	7	cstdint	ore-types	external	-	-	toolchain-boundary	-	verified	provided-by-toolchain	cpp:renderer/include/rive/renderer/ore/ore_types.hpp:7
1	4ac7b32798da0482e441ef09304dc3b480ed3ee5	renderer/include/rive/renderer/render_canvas.hpp	include/rive/refcnt.hpp	campaign-source	1	7	rive/refcnt.hpp	generic-render-canvas	generic-refcnt	-	-	also-dispatch-prerequisite	-	verified	preserve-source-dependency	cpp:renderer/include/rive/renderer/render_canvas.hpp:7
1	4ac7b32798da0482e441ef09304dc3b480ed3ee5	renderer/include/rive/renderer/render_canvas.hpp	renderer/include/rive/renderer/render_target.hpp	campaign-source	1	8	rive/renderer/render_target.hpp	generic-render-canvas	generic-render-target	-	-	also-dispatch-prerequisite	-	verified	preserve-source-dependency	cpp:renderer/include/rive/renderer/render_canvas.hpp:8
1	4ac7b32798da0482e441ef09304dc3b480ed3ee5	renderer/include/rive/renderer/render_canvas.hpp	renderer/include/rive/renderer/rive_render_image.hpp	campaign-source	1	9	rive/renderer/rive_render_image.hpp	generic-render-canvas	generic-texture-image	-	-	also-dispatch-prerequisite	-	verified	preserve-source-dependency	cpp:renderer/include/rive/renderer/render_canvas.hpp:9
1	4ac7b32798da0482e441ef09304dc3b480ed3ee5	renderer/include/rive/renderer/render_context.hpp	include/rive/math/vec2d.hpp	upstream-global-source	1	7	rive/math/vec2d.hpp	generic-render-context-contract	existing-rust:crates/nuxie-render-api/src/lib.rs	crates/nuxie-render-api/src/lib.rs	rust:crates/nuxie-render-api/src/lib.rs:1-4934	existing-rust-correspondence	-	verified	reuse-exact-existing-rust-correspondence	cpp:renderer/include/rive/renderer/render_context.hpp:7
1	4ac7b32798da0482e441ef09304dc3b480ed3ee5	renderer/include/rive/renderer/render_context.hpp	include/rive/shapes/paint/color.hpp	upstream-global-source	1	18	rive/shapes/paint/color.hpp	generic-render-context-contract	existing-rust:crates/nuxie-render-api/src/lib.rs	crates/nuxie-render-api/src/lib.rs	rust:crates/nuxie-render-api/src/lib.rs:1-4934	existing-rust-correspondence	-	verified	reuse-exact-existing-rust-correspondence	cpp:renderer/include/rive/renderer/render_context.hpp:18
1	4ac7b32798da0482e441ef09304dc3b480ed3ee5	renderer/include/rive/renderer/render_context.hpp	renderer/include/rive/renderer/gpu.hpp	campaign-source	1	8	rive/renderer/gpu.hpp	generic-render-context-contract	generic-gpu-contract	-	-	also-dispatch-prerequisite	-	verified	preserve-source-dependency	cpp:renderer/include/rive/renderer/render_context.hpp:8
1	4ac7b32798da0482e441ef09304dc3b480ed3ee5	renderer/include/rive/renderer/render_context.hpp	renderer/include/rive/renderer/ore/ore_context.hpp	campaign-source	1	12	rive/renderer/ore/ore_context.hpp	generic-render-context-contract	ore-context-render-pass	-	-	also-dispatch-prerequisite	unit-scc-01	verified	preserve-source-dependency	cpp:renderer/include/rive/renderer/render_context.hpp:12
1	4ac7b32798da0482e441ef09304dc3b480ed3ee5	renderer/include/rive/renderer/render_context.hpp	renderer/include/rive/renderer/render_canvas.hpp	campaign-source	1	11	rive/renderer/render_canvas.hpp	generic-render-context-contract	generic-render-canvas	-	-	also-dispatch-prerequisite	-	verified	preserve-source-dependency	cpp:renderer/include/rive/renderer/render_context.hpp:11
1	4ac7b32798da0482e441ef09304dc3b480ed3ee5	renderer/include/rive/renderer/render_context.hpp	renderer/include/rive/renderer/render_target.hpp	campaign-source	1	14	rive/renderer/render_target.hpp	generic-render-context-contract	generic-render-target	-	-	also-dispatch-prerequisite	-	verified	preserve-source-dependency	cpp:renderer/include/rive/renderer/render_context.hpp:14
1	4ac7b32798da0482e441ef09304dc3b480ed3ee5	renderer/include/rive/renderer/render_context.hpp	renderer/include/rive/renderer/rive_render_factory.hpp	campaign-source	1	9	rive/renderer/rive_render_factory.hpp	generic-render-context-contract	generic-rive-render-factory	-	-	source-only-dependency	unit-scc-01	verified	preserve-source-dependency	cpp:renderer/include/rive/renderer/render_context.hpp:9
1	4ac7b32798da0482e441ef09304dc3b480ed3ee5	renderer/include/rive/renderer/render_context.hpp	renderer/include/rive/renderer/shader_compilation_mode.hpp	upstream-global-source	1	15	rive/renderer/shader_compilation_mode.hpp	generic-render-context-contract	existing-rust:crates/nuxie-renderer/src/native_metal/pipeline_cache.rs	crates/nuxie-renderer/src/native_metal/pipeline_cache.rs	rust:crates/nuxie-renderer/src/native_metal/pipeline_cache.rs:1-1367	existing-rust-correspondence	-	verified	reuse-exact-existing-rust-correspondence	cpp:renderer/include/rive/renderer/render_context.hpp:15
1	4ac7b32798da0482e441ef09304dc3b480ed3ee5	renderer/include/rive/renderer/render_context.hpp	renderer/include/rive/renderer/sk_rectanizer_skyline.hpp	upstream-global-source	1	16	rive/renderer/sk_rectanizer_skyline.hpp	generic-render-context-contract	existing-rust:crates/nuxie-renderer/src/skyline.rs	crates/nuxie-renderer/src/skyline.rs	rust:crates/nuxie-renderer/src/skyline.rs:1-431	existing-rust-correspondence	-	verified	reuse-exact-existing-rust-correspondence	cpp:renderer/include/rive/renderer/render_context.hpp:16
1	4ac7b32798da0482e441ef09304dc3b480ed3ee5	renderer/include/rive/renderer/render_context.hpp	renderer/include/rive/renderer/trivial_block_allocator.hpp	upstream-global-source	1	17	rive/renderer/trivial_block_allocator.hpp	generic-render-context-contract	existing-rust:crates/nuxie-renderer/src/logical_frame.rs	crates/nuxie-renderer/src/logical_frame.rs	rust:crates/nuxie-renderer/src/logical_frame.rs:1-4904	existing-rust-correspondence	-	verified	reuse-exact-existing-rust-correspondence	cpp:renderer/include/rive/renderer/render_context.hpp:17
1	4ac7b32798da0482e441ef09304dc3b480ed3ee5	renderer/include/rive/renderer/render_context.hpp	toolchain:array	toolchain-header	1	19	array	generic-render-context-contract	external	-	-	toolchain-boundary	-	verified	provided-by-toolchain	cpp:renderer/include/rive/renderer/render_context.hpp:19
1	4ac7b32798da0482e441ef09304dc3b480ed3ee5	renderer/include/rive/renderer/render_context.hpp	toolchain:unordered_map	toolchain-header	1	20	unordered_map	generic-render-context-contract	external	-	-	toolchain-boundary	-	verified	provided-by-toolchain	cpp:renderer/include/rive/renderer/render_context.hpp:20
1	4ac7b32798da0482e441ef09304dc3b480ed3ee5	renderer/include/rive/renderer/render_context_helper_impl.hpp	renderer/include/rive/renderer/buffer_ring.hpp	campaign-source	1	8	rive/renderer/buffer_ring.hpp	generic-render-context-helper	generic-buffer-ring	-	-	also-dispatch-prerequisite	-	verified	preserve-source-dependency	cpp:renderer/include/rive/renderer/render_context_helper_impl.hpp:8
1	4ac7b32798da0482e441ef09304dc3b480ed3ee5	renderer/include/rive/renderer/render_context_helper_impl.hpp	renderer/include/rive/renderer/render_context_impl.hpp	campaign-source	1	7	rive/renderer/render_context_impl.hpp	generic-render-context-helper	generic-render-context-impl-contract	-	-	also-dispatch-prerequisite	unit-scc-01	verified	preserve-source-dependency	cpp:renderer/include/rive/renderer/render_context_helper_impl.hpp:7
1	4ac7b32798da0482e441ef09304dc3b480ed3ee5	renderer/include/rive/renderer/render_context_helper_impl.hpp	toolchain:chrono	toolchain-header	1	9	chrono	generic-render-context-helper	external	-	-	toolchain-boundary	-	verified	provided-by-toolchain	cpp:renderer/include/rive/renderer/render_context_helper_impl.hpp:9
1	4ac7b32798da0482e441ef09304dc3b480ed3ee5	renderer/include/rive/renderer/render_context_impl.hpp	include/rive/gpu_texture_format.hpp	campaign-source	1	8	rive/gpu_texture_format.hpp	generic-render-context-impl-contract	generic-gpu-texture-format	-	-	also-dispatch-prerequisite	-	verified	preserve-source-dependency	cpp:renderer/include/rive/renderer/render_context_impl.hpp:8
1	4ac7b32798da0482e441ef09304dc3b480ed3ee5	renderer/include/rive/renderer/render_context_impl.hpp	renderer/include/rive/renderer/render_context.hpp	campaign-source	1	7	rive/renderer/render_context.hpp	generic-render-context-impl-contract	generic-render-context-contract	-	-	also-dispatch-prerequisite	unit-scc-01	verified	preserve-source-dependency	cpp:renderer/include/rive/renderer/render_context_impl.hpp:7
1	4ac7b32798da0482e441ef09304dc3b480ed3ee5	renderer/include/rive/renderer/render_context_impl.hpp	toolchain:memory	toolchain-header	1	11	memory	generic-render-context-impl-contract	external	-	-	toolchain-boundary	-	verified	provided-by-toolchain	cpp:renderer/include/rive/renderer/render_context_impl.hpp:11
1	4ac7b32798da0482e441ef09304dc3b480ed3ee5	renderer/include/rive/renderer/render_target.hpp	include/rive/math/aabb.hpp	upstream-global-source	1	9	rive/math/aabb.hpp	generic-render-target	existing-rust:crates/nuxie-render-api/src/lib.rs	crates/nuxie-render-api/src/lib.rs	rust:crates/nuxie-render-api/src/lib.rs:1-4934	existing-rust-correspondence	-	verified	reuse-exact-existing-rust-correspondence	cpp:renderer/include/rive/renderer/render_target.hpp:9
1	4ac7b32798da0482e441ef09304dc3b480ed3ee5	renderer/include/rive/renderer/render_target.hpp	include/rive/math/simd.hpp	upstream-global-source	1	10	rive/math/simd.hpp	generic-render-target	existing-rust:crates/nuxie-renderer/src/gpu.rs	crates/nuxie-renderer/src/gpu.rs	rust:crates/nuxie-renderer/src/gpu.rs:1-1072	existing-rust-correspondence	-	verified	reuse-exact-existing-rust-correspondence	cpp:renderer/include/rive/renderer/render_target.hpp:10
1	4ac7b32798da0482e441ef09304dc3b480ed3ee5	renderer/include/rive/renderer/render_target.hpp	include/rive/refcnt.hpp	campaign-source	1	7	rive/refcnt.hpp	generic-render-target	generic-refcnt	-	-	also-dispatch-prerequisite	-	verified	preserve-source-dependency	cpp:renderer/include/rive/renderer/render_target.hpp:7
1	4ac7b32798da0482e441ef09304dc3b480ed3ee5	renderer/include/rive/renderer/rive_render_buffer.hpp	include/rive/renderer.hpp	campaign-source	1	7	rive/renderer.hpp	generic-rive-render-buffer	generic-renderer-contract	-	-	also-dispatch-prerequisite	-	verified	preserve-source-dependency	cpp:renderer/include/rive/renderer/rive_render_buffer.hpp:7
1	4ac7b32798da0482e441ef09304dc3b480ed3ee5	renderer/include/rive/renderer/rive_render_buffer.hpp	renderer/include/rive/renderer/gpu.hpp	campaign-source	1	8	rive/renderer/gpu.hpp	generic-rive-render-buffer	generic-gpu-contract	-	-	also-dispatch-prerequisite	-	verified	preserve-source-dependency	cpp:renderer/include/rive/renderer/rive_render_buffer.hpp:8
1	4ac7b32798da0482e441ef09304dc3b480ed3ee5	renderer/include/rive/renderer/rive_render_factory.hpp	include/rive/factory.hpp	campaign-source	1	7	rive/factory.hpp	generic-rive-render-factory	generic-factory-contract	-	-	also-dispatch-prerequisite	-	verified	preserve-source-dependency	cpp:renderer/include/rive/renderer/rive_render_factory.hpp:7
1	4ac7b32798da0482e441ef09304dc3b480ed3ee5	renderer/include/rive/renderer/rive_render_image.hpp	include/rive/renderer.hpp	campaign-source	1	7	rive/renderer.hpp	generic-texture-image	generic-renderer-contract	-	-	also-dispatch-prerequisite	-	verified	preserve-source-dependency	cpp:renderer/include/rive/renderer/rive_render_image.hpp:7
1	4ac7b32798da0482e441ef09304dc3b480ed3ee5	renderer/include/rive/renderer/rive_render_image.hpp	renderer/include/rive/renderer/texture.hpp	campaign-source	1	8	rive/renderer/texture.hpp	generic-texture-image	generic-texture-image	-	-	same-unit-source-dependency	-	verified	preserve-source-dependency	cpp:renderer/include/rive/renderer/rive_render_image.hpp:8
1	4ac7b32798da0482e441ef09304dc3b480ed3ee5	renderer/include/rive/renderer/rive_render_image.hpp	toolchain:emscripten.h	toolchain-header	1	10	emscripten.h	generic-texture-image	external	-	-	toolchain-boundary	-	verified	provided-by-toolchain	cpp:renderer/include/rive/renderer/rive_render_image.hpp:10
1	4ac7b32798da0482e441ef09304dc3b480ed3ee5	renderer/include/rive/renderer/rive_renderer.hpp	include/rive/math/raw_path.hpp	upstream-global-source	1	7	rive/math/raw_path.hpp	generic-rive-renderer	existing-rust:crates/nuxie-render-api/src/lib.rs	crates/nuxie-render-api/src/lib.rs	rust:crates/nuxie-render-api/src/lib.rs:1-4934	existing-rust-correspondence	-	verified	reuse-exact-existing-rust-correspondence	cpp:renderer/include/rive/renderer/rive_renderer.hpp:7
1	4ac7b32798da0482e441ef09304dc3b480ed3ee5	renderer/include/rive/renderer/rive_renderer.hpp	include/rive/renderer.hpp	campaign-source	1	8	rive/renderer.hpp	generic-rive-renderer	generic-renderer-contract	-	-	also-dispatch-prerequisite	-	verified	preserve-source-dependency	cpp:renderer/include/rive/renderer/rive_renderer.hpp:8
1	4ac7b32798da0482e441ef09304dc3b480ed3ee5	renderer/include/rive/renderer/rive_renderer.hpp	renderer/include/rive/renderer/draw.hpp	campaign-source	1	10	rive/renderer/draw.hpp	generic-rive-renderer	generic-render-context-implementation	-	-	also-dispatch-prerequisite	unit-scc-01	verified	preserve-source-dependency	cpp:renderer/include/rive/renderer/rive_renderer.hpp:10
1	4ac7b32798da0482e441ef09304dc3b480ed3ee5	renderer/include/rive/renderer/rive_renderer.hpp	renderer/include/rive/renderer/gpu.hpp	campaign-source	1	9	rive/renderer/gpu.hpp	generic-rive-renderer	generic-gpu-contract	-	-	also-dispatch-prerequisite	-	verified	preserve-source-dependency	cpp:renderer/include/rive/renderer/rive_renderer.hpp:9
1	4ac7b32798da0482e441ef09304dc3b480ed3ee5	renderer/include/rive/renderer/rive_renderer.hpp	renderer/include/rive/renderer/render_context.hpp	campaign-source	1	11	rive/renderer/render_context.hpp	generic-rive-renderer	generic-render-context-contract	-	-	also-dispatch-prerequisite	unit-scc-01	verified	preserve-source-dependency	cpp:renderer/include/rive/renderer/rive_renderer.hpp:11
1	4ac7b32798da0482e441ef09304dc3b480ed3ee5	renderer/include/rive/renderer/rive_renderer.hpp	toolchain:vector	toolchain-header	1	12	vector	generic-rive-renderer	external	-	-	toolchain-boundary	-	verified	provided-by-toolchain	cpp:renderer/include/rive/renderer/rive_renderer.hpp:12
1	4ac7b32798da0482e441ef09304dc3b480ed3ee5	renderer/include/rive/renderer/texture.hpp	include/rive/refcnt.hpp	campaign-source	1	7	rive/refcnt.hpp	generic-texture-image	generic-refcnt	-	-	also-dispatch-prerequisite	-	verified	preserve-source-dependency	cpp:renderer/include/rive/renderer/texture.hpp:7
1	4ac7b32798da0482e441ef09304dc3b480ed3ee5	renderer/src/draw.cpp	include/rive/math/bezier_utils.hpp	upstream-global-source	1	10	rive/math/bezier_utils.hpp	generic-render-context-implementation	existing-rust:crates/nuxie-renderer/src/draw.rs	crates/nuxie-renderer/src/draw.rs	rust:crates/nuxie-renderer/src/draw.rs:1-4182	existing-rust-correspondence	-	verified	reuse-exact-existing-rust-correspondence	cpp:renderer/src/draw.cpp:10
1	4ac7b32798da0482e441ef09304dc3b480ed3ee5	renderer/src/draw.cpp	include/rive/math/wangs_formula.hpp	upstream-global-source	1	11	rive/math/wangs_formula.hpp	generic-render-context-implementation	existing-rust:crates/nuxie-renderer/src/draw.rs	crates/nuxie-renderer/src/draw.rs	rust:crates/nuxie-renderer/src/draw.rs:1-4182	existing-rust-correspondence	-	verified	reuse-exact-existing-rust-correspondence	cpp:renderer/src/draw.cpp:11
1	4ac7b32798da0482e441ef09304dc3b480ed3ee5	renderer/src/draw.cpp	include/rive/profiler/profiler_macros.h	upstream-global-source	1	15	rive/profiler/profiler_macros.h	generic-render-context-implementation	existing-rust:crates/nuxie-renderer/src/lib.rs	crates/nuxie-renderer/src/lib.rs	rust:crates/nuxie-renderer/src/lib.rs:1-26858	existing-rust-correspondence	-	verified	reuse-exact-existing-rust-correspondence	cpp:renderer/src/draw.cpp:15
1	4ac7b32798da0482e441ef09304dc3b480ed3ee5	renderer/src/draw.cpp	renderer/include/rive/renderer/draw.hpp	campaign-source	1	5	rive/renderer/draw.hpp	generic-render-context-implementation	generic-render-context-implementation	-	-	same-unit-source-dependency	unit-scc-01	verified	preserve-source-dependency	cpp:renderer/src/draw.cpp:5
1	4ac7b32798da0482e441ef09304dc3b480ed3ee5	renderer/src/draw.cpp	renderer/include/rive/renderer/texture.hpp	campaign-source	1	12	rive/renderer/texture.hpp	generic-render-context-implementation	generic-texture-image	-	-	also-dispatch-prerequisite	-	verified	preserve-source-dependency	cpp:renderer/src/draw.cpp:12
1	4ac7b32798da0482e441ef09304dc3b480ed3ee5	renderer/src/draw.cpp	renderer/src/gr_inner_fan_triangulator.hpp	upstream-global-source	1	7	gr_inner_fan_triangulator.hpp	generic-render-context-implementation	existing-rust:crates/nuxie-renderer/src/gr_triangulator.rs	crates/nuxie-renderer/src/gr_triangulator.rs	rust:crates/nuxie-renderer/src/gr_triangulator.rs:1-2591	existing-rust-correspondence	-	verified	reuse-exact-existing-rust-correspondence	cpp:renderer/src/draw.cpp:7
1	4ac7b32798da0482e441ef09304dc3b480ed3ee5	renderer/src/draw.cpp	renderer/src/gradient.hpp	campaign-source	1	13	gradient.hpp	generic-render-context-implementation	generic-gradient	-	-	source-only-dependency	-	verified	preserve-source-dependency	cpp:renderer/src/draw.cpp:13
1	4ac7b32798da0482e441ef09304dc3b480ed3ee5	renderer/src/draw.cpp	renderer/src/rive_render_paint.hpp	campaign-source	1	9	rive_render_paint.hpp	generic-render-context-implementation	generic-rive-render-paint	-	-	source-only-dependency	-	verified	preserve-source-dependency	cpp:renderer/src/draw.cpp:9
1	4ac7b32798da0482e441ef09304dc3b480ed3ee5	renderer/src/draw.cpp	renderer/src/rive_render_path.hpp	campaign-source	1	8	rive_render_path.hpp	generic-render-context-implementation	generic-rive-render-path	-	-	source-only-dependency	-	verified	preserve-source-dependency	cpp:renderer/src/draw.cpp:8
1	4ac7b32798da0482e441ef09304dc3b480ed3ee5	renderer/src/draw.cpp	renderer/src/shaders/constants.glsl	campaign-source	1	14	shaders/constants.glsl	generic-render-context-implementation	metal-shader-source-batch	-	-	source-only-dependency	-	verified	preserve-source-dependency	cpp:renderer/src/draw.cpp:14
1	4ac7b32798da0482e441ef09304dc3b480ed3ee5	renderer/src/gpu.cpp	include/rive/math/bitwise.hpp	upstream-global-source	1	6	rive/math/bitwise.hpp	generic-gpu-implementation	existing-rust:crates/nuxie-renderer/src/gpu.rs	crates/nuxie-renderer/src/gpu.rs	rust:crates/nuxie-renderer/src/gpu.rs:1-1072	existing-rust-correspondence	-	verified	reuse-exact-existing-rust-correspondence	cpp:renderer/src/gpu.cpp:6
1	4ac7b32798da0482e441ef09304dc3b480ed3ee5	renderer/src/gpu.cpp	renderer/include/rive/renderer/gpu.hpp	campaign-source	1	7	rive/renderer/gpu.hpp	generic-gpu-implementation	generic-gpu-contract	-	-	also-dispatch-prerequisite	-	verified	preserve-source-dependency	cpp:renderer/src/gpu.cpp:7
1	4ac7b32798da0482e441ef09304dc3b480ed3ee5	renderer/src/gpu.cpp	renderer/include/rive/renderer/render_context.hpp	campaign-source	1	8	rive/renderer/render_context.hpp	generic-gpu-implementation	generic-render-context-contract	-	-	also-dispatch-prerequisite	-	verified	preserve-source-dependency	cpp:renderer/src/gpu.cpp:8
1	4ac7b32798da0482e441ef09304dc3b480ed3ee5	renderer/src/gpu.cpp	renderer/include/rive/renderer/render_target.hpp	campaign-source	1	9	rive/renderer/render_target.hpp	generic-gpu-implementation	generic-render-target	-	-	also-dispatch-prerequisite	-	verified	preserve-source-dependency	cpp:renderer/src/gpu.cpp:9
1	4ac7b32798da0482e441ef09304dc3b480ed3ee5	renderer/src/gpu.cpp	renderer/include/rive/renderer/texture.hpp	campaign-source	1	10	rive/renderer/texture.hpp	generic-gpu-implementation	generic-texture-image	-	-	also-dispatch-prerequisite	-	verified	preserve-source-dependency	cpp:renderer/src/gpu.cpp:10
1	4ac7b32798da0482e441ef09304dc3b480ed3ee5	renderer/src/gpu.cpp	renderer/src/gradient.hpp	campaign-source	1	11	gradient.hpp	generic-gpu-implementation	generic-gradient	-	-	source-only-dependency	-	verified	preserve-source-dependency	cpp:renderer/src/gpu.cpp:11
1	4ac7b32798da0482e441ef09304dc3b480ed3ee5	renderer/src/gpu.cpp	renderer/src/rive_render_paint.hpp	campaign-source	1	12	rive_render_paint.hpp	generic-gpu-implementation	generic-rive-render-paint	-	-	source-only-dependency	-	verified	preserve-source-dependency	cpp:renderer/src/gpu.cpp:12
1	4ac7b32798da0482e441ef09304dc3b480ed3ee5	renderer/src/gpu.cpp	renderer/src/shaders/constants.glsl	campaign-source	1	5	shaders/constants.glsl	generic-gpu-implementation	metal-shader-source-batch	-	-	source-only-dependency	-	verified	preserve-source-dependency	cpp:renderer/src/gpu.cpp:5
1	4ac7b32798da0482e441ef09304dc3b480ed3ee5	renderer/src/gpu.cpp	renderer/src/shaders/draw_path.vert	generated-shader-source	1	14	generated/shaders/draw_path.vert.exports.h	generic-gpu-implementation	metal-shader-source-batch	-	-	source-only-dependency	-	verified	preserve-source-dependency	cpp:renderer/src/gpu.cpp:14
1	4ac7b32798da0482e441ef09304dc3b480ed3ee5	renderer/src/gpu_resource.cpp	renderer/include/rive/renderer/gpu_resource.hpp	campaign-source	1	5	rive/renderer/gpu_resource.hpp	gpu-resource	gpu-resource	-	-	same-unit-source-dependency	-	verified	preserve-source-dependency	cpp:renderer/src/gpu_resource.cpp:5
1	4ac7b32798da0482e441ef09304dc3b480ed3ee5	renderer/src/gradient.cpp	renderer/src/gradient.hpp	campaign-source	1	5	gradient.hpp	generic-gradient	generic-gradient	-	-	same-unit-source-dependency	-	verified	preserve-source-dependency	cpp:renderer/src/gradient.cpp:5
1	4ac7b32798da0482e441ef09304dc3b480ed3ee5	renderer/src/gradient.hpp	include/rive/renderer.hpp	campaign-source	1	8	rive/renderer.hpp	generic-gradient	generic-renderer-contract	-	-	also-dispatch-prerequisite	-	verified	preserve-source-dependency	cpp:renderer/src/gradient.hpp:8
1	4ac7b32798da0482e441ef09304dc3b480ed3ee5	renderer/src/gradient.hpp	renderer/include/rive/renderer/gpu.hpp	campaign-source	1	7	rive/renderer/gpu.hpp	generic-gradient	generic-gpu-contract	-	-	also-dispatch-prerequisite	-	verified	preserve-source-dependency	cpp:renderer/src/gradient.hpp:7
1	4ac7b32798da0482e441ef09304dc3b480ed3ee5	renderer/src/gradient.hpp	toolchain:array	toolchain-header	1	9	array	generic-gradient	external	-	-	toolchain-boundary	-	verified	provided-by-toolchain	cpp:renderer/src/gradient.hpp:9
1	4ac7b32798da0482e441ef09304dc3b480ed3ee5	renderer/src/metal/background_shader_compiler.h	renderer/include/rive/renderer/gpu.hpp	campaign-source	1	7	rive/renderer/gpu.hpp	metal-background-shader-compiler	generic-gpu-contract	-	-	source-only-dependency	-	verified	preserve-source-dependency	cpp:renderer/src/metal/background_shader_compiler.h:7
1	4ac7b32798da0482e441ef09304dc3b480ed3ee5	renderer/src/metal/background_shader_compiler.h	renderer/include/rive/renderer/metal/render_context_metal_impl.h	campaign-source	1	8	rive/renderer/metal/render_context_metal_impl.h	metal-background-shader-compiler	metal-render-context-api	-	-	also-dispatch-prerequisite	-	verified	preserve-source-dependency	cpp:renderer/src/metal/background_shader_compiler.h:8
1	4ac7b32798da0482e441ef09304dc3b480ed3ee5	renderer/src/metal/background_shader_compiler.h	toolchain:Metal/Metal.h	toolchain-header	1	13	Metal/Metal.h	metal-background-shader-compiler	external	-	-	toolchain-boundary	-	verified	provided-by-toolchain	cpp:renderer/src/metal/background_shader_compiler.h:13
1	4ac7b32798da0482e441ef09304dc3b480ed3ee5	renderer/src/metal/background_shader_compiler.h	toolchain:queue	toolchain-header	1	10	queue	metal-background-shader-compiler	external	-	-	toolchain-boundary	-	verified	provided-by-toolchain	cpp:renderer/src/metal/background_shader_compiler.h:10
1	4ac7b32798da0482e441ef09304dc3b480ed3ee5	renderer/src/metal/background_shader_compiler.h	toolchain:thread	toolchain-header	1	11	thread	metal-background-shader-compiler	external	-	-	toolchain-boundary	-	verified	provided-by-toolchain	cpp:renderer/src/metal/background_shader_compiler.h:11
1	4ac7b32798da0482e441ef09304dc3b480ed3ee5	renderer/src/metal/background_shader_compiler.mm	renderer/src/metal/background_shader_compiler.h	campaign-source	1	5	background_shader_compiler.h	metal-background-shader-compiler	metal-background-shader-compiler	-	-	same-unit-source-dependency	-	verified	preserve-source-dependency	cpp:renderer/src/metal/background_shader_compiler.mm:5
1	4ac7b32798da0482e441ef09304dc3b480ed3ee5	renderer/src/metal/background_shader_compiler.mm	renderer/src/shaders/advanced_blend.glsl	generated-shader-source	1	11	generated/shaders/advanced_blend.glsl.hpp	metal-background-shader-compiler	metal-shader-source-batch	-	-	also-dispatch-prerequisite	-	verified	preserve-source-dependency	cpp:renderer/src/metal/background_shader_compiler.mm:11
1	4ac7b32798da0482e441ef09304dc3b480ed3ee5	renderer/src/metal/background_shader_compiler.mm	renderer/src/shaders/atomic_draw.glsl	generated-shader-source	1	21	generated/shaders/atomic_draw.glsl.hpp	metal-background-shader-compiler	metal-shader-source-batch	-	-	also-dispatch-prerequisite	-	verified	preserve-source-dependency	cpp:renderer/src/metal/background_shader_compiler.mm:21
1	4ac7b32798da0482e441ef09304dc3b480ed3ee5	renderer/src/metal/background_shader_compiler.mm	renderer/src/shaders/common.glsl	generated-shader-source	1	10	generated/shaders/common.glsl.hpp	metal-background-shader-compiler	metal-shader-source-batch	-	-	also-dispatch-prerequisite	-	verified	preserve-source-dependency	cpp:renderer/src/metal/background_shader_compiler.mm:10
1	4ac7b32798da0482e441ef09304dc3b480ed3ee5	renderer/src/metal/background_shader_compiler.mm	renderer/src/shaders/constants.glsl	generated-shader-source	1	8	generated/shaders/constants.glsl.hpp	metal-background-shader-compiler	metal-shader-source-batch	-	-	also-dispatch-prerequisite	-	verified	preserve-source-dependency	cpp:renderer/src/metal/background_shader_compiler.mm:8
1	4ac7b32798da0482e441ef09304dc3b480ed3ee5	renderer/src/metal/background_shader_compiler.mm	renderer/src/shaders/draw_image_mesh.vert	generated-shader-source	1	15	generated/shaders/draw_image_mesh.vert.hpp	metal-background-shader-compiler	metal-shader-source-batch	-	-	also-dispatch-prerequisite	-	verified	preserve-source-dependency	cpp:renderer/src/metal/background_shader_compiler.mm:15
1	4ac7b32798da0482e441ef09304dc3b480ed3ee5	renderer/src/metal/background_shader_compiler.mm	renderer/src/shaders/draw_mesh.frag	generated-shader-source	1	16	generated/shaders/draw_mesh.frag.hpp	metal-background-shader-compiler	metal-shader-source-batch	-	-	also-dispatch-prerequisite	-	verified	preserve-source-dependency	cpp:renderer/src/metal/background_shader_compiler.mm:16
1	4ac7b32798da0482e441ef09304dc3b480ed3ee5	renderer/src/metal/background_shader_compiler.mm	renderer/src/shaders/draw_path.vert	generated-shader-source	1	13	generated/shaders/draw_path.vert.hpp	metal-background-shader-compiler	metal-shader-source-batch	-	-	also-dispatch-prerequisite	-	verified	preserve-source-dependency	cpp:renderer/src/metal/background_shader_compiler.mm:13
1	4ac7b32798da0482e441ef09304dc3b480ed3ee5	renderer/src/metal/background_shader_compiler.mm	renderer/src/shaders/draw_path_common.glsl	generated-shader-source	1	12	generated/shaders/draw_path_common.glsl.hpp	metal-background-shader-compiler	metal-shader-source-batch	-	-	also-dispatch-prerequisite	-	verified	preserve-source-dependency	cpp:renderer/src/metal/background_shader_compiler.mm:12
1	4ac7b32798da0482e441ef09304dc3b480ed3ee5	renderer/src/metal/background_shader_compiler.mm	renderer/src/shaders/draw_raster_order_path.frag	generated-shader-source	1	14	generated/shaders/draw_raster_order_path.frag.hpp	metal-background-shader-compiler	metal-shader-source-batch	-	-	also-dispatch-prerequisite	-	verified	preserve-source-dependency	cpp:renderer/src/metal/background_shader_compiler.mm:14
1	4ac7b32798da0482e441ef09304dc3b480ed3ee5	renderer/src/metal/background_shader_compiler.mm	renderer/src/shaders/flush_uniforms.glsl	generated-shader-source	1	9	generated/shaders/flush_uniforms.glsl.hpp	metal-background-shader-compiler	metal-shader-source-batch	-	-	also-dispatch-prerequisite	-	verified	preserve-source-dependency	cpp:renderer/src/metal/background_shader_compiler.mm:9
1	4ac7b32798da0482e441ef09304dc3b480ed3ee5	renderer/src/metal/background_shader_compiler.mm	renderer/src/shaders/metal.glsl	generated-shader-source	1	7	generated/shaders/metal.glsl.hpp	metal-background-shader-compiler	metal-shader-source-batch	-	-	also-dispatch-prerequisite	-	verified	preserve-source-dependency	cpp:renderer/src/metal/background_shader_compiler.mm:7
1	4ac7b32798da0482e441ef09304dc3b480ed3ee5	renderer/src/metal/background_shader_compiler.mm	toolchain:sstream	toolchain-header	1	24	sstream	metal-background-shader-compiler	external	-	-	toolchain-boundary	-	verified	provided-by-toolchain	cpp:renderer/src/metal/background_shader_compiler.mm:24
1	4ac7b32798da0482e441ef09304dc3b480ed3ee5	renderer/src/metal/render_context_metal_impl.mm	decoders/include/rive/decoders/astc_footprints.hpp	campaign-source	1	7	rive/decoders/astc_footprints.hpp	metal-render-context-implementation	generic-astc-footprints	-	-	source-only-dependency	-	verified	preserve-source-dependency	cpp:renderer/src/metal/render_context_metal_impl.mm:7
1	4ac7b32798da0482e441ef09304dc3b480ed3ee5	renderer/src/metal/render_context_metal_impl.mm	renderer/include/rive/renderer/buffer_ring.hpp	campaign-source	1	10	rive/renderer/buffer_ring.hpp	metal-render-context-implementation	generic-buffer-ring	-	-	also-dispatch-prerequisite	-	verified	preserve-source-dependency	cpp:renderer/src/metal/render_context_metal_impl.mm:10
1	4ac7b32798da0482e441ef09304dc3b480ed3ee5	renderer/src/metal/render_context_metal_impl.mm	renderer/include/rive/renderer/metal/render_context_metal_impl.h	campaign-source	1	5	rive/renderer/metal/render_context_metal_impl.h	metal-render-context-implementation	metal-render-context-api	-	-	also-dispatch-prerequisite	-	verified	preserve-source-dependency	cpp:renderer/src/metal/render_context_metal_impl.mm:5
1	4ac7b32798da0482e441ef09304dc3b480ed3ee5	renderer/src/metal/render_context_metal_impl.mm	renderer/include/rive/renderer/ore/ore_context_metal.hpp	campaign-source	1	13	rive/renderer/ore/ore_context_metal.hpp	metal-render-context-implementation	ore-context-render-pass	-	-	also-dispatch-prerequisite	-	verified	preserve-source-dependency	cpp:renderer/src/metal/render_context_metal_impl.mm:13
1	4ac7b32798da0482e441ef09304dc3b480ed3ee5	renderer/src/metal/render_context_metal_impl.mm	renderer/include/rive/renderer/render_canvas.hpp	campaign-source	1	12	rive/renderer/render_canvas.hpp	metal-render-context-implementation	generic-render-canvas	-	-	also-dispatch-prerequisite	-	verified	preserve-source-dependency	cpp:renderer/src/metal/render_context_metal_impl.mm:12
1	4ac7b32798da0482e441ef09304dc3b480ed3ee5	renderer/src/metal/render_context_metal_impl.mm	renderer/include/rive/renderer/rive_render_buffer.hpp	campaign-source	1	16	rive/renderer/rive_render_buffer.hpp	metal-render-context-implementation	generic-rive-render-buffer	-	-	also-dispatch-prerequisite	-	verified	preserve-source-dependency	cpp:renderer/src/metal/render_context_metal_impl.mm:16
1	4ac7b32798da0482e441ef09304dc3b480ed3ee5	renderer/src/metal/render_context_metal_impl.mm	renderer/include/rive/renderer/texture.hpp	campaign-source	1	15	rive/renderer/texture.hpp	metal-render-context-implementation	generic-texture-image	-	-	also-dispatch-prerequisite	-	verified	preserve-source-dependency	cpp:renderer/src/metal/render_context_metal_impl.mm:15
1	4ac7b32798da0482e441ef09304dc3b480ed3ee5	renderer/src/metal/render_context_metal_impl.mm	renderer/src/metal/background_shader_compiler.h	campaign-source	1	9	background_shader_compiler.h	metal-render-context-implementation	metal-background-shader-compiler	-	-	also-dispatch-prerequisite	-	verified	preserve-source-dependency	cpp:renderer/src/metal/render_context_metal_impl.mm:9
1	4ac7b32798da0482e441ef09304dc3b480ed3ee5	renderer/src/metal/render_context_metal_impl.mm	renderer/src/shaders/Makefile	generated-shader-artifact	7	30,32,34,36,38,40,42	generated/shaders/rive_pls_ios.metallib.c;generated/shaders/rive_pls_ios_simulator.metallib.c;generated/shaders/rive_pls_macosx.metallib.c;generated/shaders/rive_renderer_appletvos.metallib.c;generated/shaders/rive_renderer_appletvsimulator.metallib.c;generated/shaders/rive_renderer_xros.metallib.c;generated/shaders/rive_renderer_xros_simulator.metallib.c	metal-render-context-implementation	metal-shader-source-batch	-	-	also-dispatch-prerequisite	-	verified	preserve-source-dependency	cpp:renderer/src/metal/render_context_metal_impl.mm:30;cpp:renderer/src/metal/render_context_metal_impl.mm:32;cpp:renderer/src/metal/render_context_metal_impl.mm:34;cpp:renderer/src/metal/render_context_metal_impl.mm:36;cpp:renderer/src/metal/render_context_metal_impl.mm:38;cpp:renderer/src/metal/render_context_metal_impl.mm:40;cpp:renderer/src/metal/render_context_metal_impl.mm:42
1	4ac7b32798da0482e441ef09304dc3b480ed3ee5	renderer/src/metal/render_context_metal_impl.mm	renderer/src/shaders/color_ramp.glsl	generated-shader-source	1	20	generated/shaders/color_ramp.glsl.exports.h	metal-render-context-implementation	metal-shader-source-batch	-	-	also-dispatch-prerequisite	-	verified	preserve-source-dependency	cpp:renderer/src/metal/render_context_metal_impl.mm:20
1	4ac7b32798da0482e441ef09304dc3b480ed3ee5	renderer/src/metal/render_context_metal_impl.mm	renderer/src/shaders/constants.glsl	campaign-source	1	17	shaders/constants.glsl	metal-render-context-implementation	metal-shader-source-batch	-	-	also-dispatch-prerequisite	-	verified	preserve-source-dependency	cpp:renderer/src/metal/render_context_metal_impl.mm:17
1	4ac7b32798da0482e441ef09304dc3b480ed3ee5	renderer/src/metal/render_context_metal_impl.mm	renderer/src/shaders/tessellate.glsl	generated-shader-source	1	21	generated/shaders/tessellate.glsl.exports.h	metal-render-context-implementation	metal-shader-source-batch	-	-	also-dispatch-prerequisite	-	verified	preserve-source-dependency	cpp:renderer/src/metal/render_context_metal_impl.mm:21
1	4ac7b32798da0482e441ef09304dc3b480ed3ee5	renderer/src/metal/render_context_metal_impl.mm	toolchain:mach-o/arch.h	toolchain-header	1	24	mach-o/arch.h	metal-render-context-implementation	external	-	-	toolchain-boundary	-	verified	provided-by-toolchain	cpp:renderer/src/metal/render_context_metal_impl.mm:24
1	4ac7b32798da0482e441ef09304dc3b480ed3ee5	renderer/src/metal/render_context_metal_impl.mm	toolchain:sstream	toolchain-header	1	18	sstream	metal-render-context-implementation	external	-	-	toolchain-boundary	-	verified	provided-by-toolchain	cpp:renderer/src/metal/render_context_metal_impl.mm:18
1	4ac7b32798da0482e441ef09304dc3b480ed3ee5	renderer/src/ore/metal/ore_bind_group_metal.hpp	renderer/include/rive/renderer/ore/ore_bind_group.hpp	campaign-source	1	2	rive/renderer/ore/ore_bind_group.hpp	ore-bind-group	ore-bind-group	-	-	same-unit-source-dependency	unit-scc-01	verified	preserve-source-dependency	cpp:renderer/src/ore/metal/ore_bind_group_metal.hpp:2
1	4ac7b32798da0482e441ef09304dc3b480ed3ee5	renderer/src/ore/metal/ore_bind_group_metal.hpp	renderer/include/rive/renderer/ore/ore_binding_map.hpp	campaign-source	1	3	rive/renderer/ore/ore_binding_map.hpp	ore-bind-group	ore-binding-map	-	-	also-dispatch-prerequisite	-	verified	preserve-source-dependency	cpp:renderer/src/ore/metal/ore_bind_group_metal.hpp:3
1	4ac7b32798da0482e441ef09304dc3b480ed3ee5	renderer/src/ore/metal/ore_bind_group_metal.hpp	toolchain:Metal/Metal.h	toolchain-header	1	4	Metal/Metal.h	ore-bind-group	external	-	-	toolchain-boundary	-	verified	provided-by-toolchain	cpp:renderer/src/ore/metal/ore_bind_group_metal.hpp:4
1	4ac7b32798da0482e441ef09304dc3b480ed3ee5	renderer/src/ore/metal/ore_bind_group_metal.hpp	toolchain:vector	toolchain-header	1	5	vector	ore-bind-group	external	-	-	toolchain-boundary	-	verified	provided-by-toolchain	cpp:renderer/src/ore/metal/ore_bind_group_metal.hpp:5
1	4ac7b32798da0482e441ef09304dc3b480ed3ee5	renderer/src/ore/metal/ore_bind_group_metal.mm	renderer/src/ore/metal/ore_bind_group_metal.hpp	campaign-source	1	5	ore_bind_group_metal.hpp	ore-bind-group	ore-bind-group	-	-	same-unit-source-dependency	unit-scc-01	verified	preserve-source-dependency	cpp:renderer/src/ore/metal/ore_bind_group_metal.mm:5
1	4ac7b32798da0482e441ef09304dc3b480ed3ee5	renderer/src/ore/metal/ore_buffer_metal.hpp	renderer/include/rive/renderer/ore/ore_buffer.hpp	campaign-source	1	2	rive/renderer/ore/ore_buffer.hpp	ore-buffer	ore-buffer	-	-	same-unit-source-dependency	unit-scc-01	verified	preserve-source-dependency	cpp:renderer/src/ore/metal/ore_buffer_metal.hpp:2
1	4ac7b32798da0482e441ef09304dc3b480ed3ee5	renderer/src/ore/metal/ore_buffer_metal.hpp	toolchain:Metal/Metal.h	toolchain-header	1	3	Metal/Metal.h	ore-buffer	external	-	-	toolchain-boundary	-	verified	provided-by-toolchain	cpp:renderer/src/ore/metal/ore_buffer_metal.hpp:3
1	4ac7b32798da0482e441ef09304dc3b480ed3ee5	renderer/src/ore/metal/ore_buffer_metal.hpp	toolchain:string	toolchain-header	1	4	string	ore-buffer	external	-	-	toolchain-boundary	-	verified	provided-by-toolchain	cpp:renderer/src/ore/metal/ore_buffer_metal.hpp:4
1	4ac7b32798da0482e441ef09304dc3b480ed3ee5	renderer/src/ore/metal/ore_buffer_metal.hpp	toolchain:vector	toolchain-header	1	5	vector	ore-buffer	external	-	-	toolchain-boundary	-	verified	provided-by-toolchain	cpp:renderer/src/ore/metal/ore_buffer_metal.hpp:5
1	4ac7b32798da0482e441ef09304dc3b480ed3ee5	renderer/src/ore/metal/ore_buffer_metal.mm	include/rive/rive_types.hpp	campaign-source	1	7	rive/rive_types.hpp	ore-buffer	generic-rive-types	-	-	source-only-dependency	-	verified	preserve-source-dependency	cpp:renderer/src/ore/metal/ore_buffer_metal.mm:7
1	4ac7b32798da0482e441ef09304dc3b480ed3ee5	renderer/src/ore/metal/ore_buffer_metal.mm	renderer/include/rive/renderer/ore/ore_context_metal.hpp	campaign-source	1	6	rive/renderer/ore/ore_context_metal.hpp	ore-buffer	ore-context-render-pass	-	-	source-only-dependency	unit-scc-01	verified	preserve-source-dependency	cpp:renderer/src/ore/metal/ore_buffer_metal.mm:6
1	4ac7b32798da0482e441ef09304dc3b480ed3ee5	renderer/src/ore/metal/ore_buffer_metal.mm	renderer/src/ore/metal/ore_buffer_metal.hpp	campaign-source	1	5	ore_buffer_metal.hpp	ore-buffer	ore-buffer	-	-	same-unit-source-dependency	unit-scc-01	verified	preserve-source-dependency	cpp:renderer/src/ore/metal/ore_buffer_metal.mm:5
1	4ac7b32798da0482e441ef09304dc3b480ed3ee5	renderer/src/ore/metal/ore_buffer_metal.mm	toolchain:Metal/Metal.h	toolchain-header	1	9	Metal/Metal.h	ore-buffer	external	-	-	toolchain-boundary	-	verified	provided-by-toolchain	cpp:renderer/src/ore/metal/ore_buffer_metal.mm:9
1	4ac7b32798da0482e441ef09304dc3b480ed3ee5	renderer/src/ore/metal/ore_context_metal.mm	include/rive/rive_types.hpp	campaign-source	1	15	rive/rive_types.hpp	ore-context-render-pass	generic-rive-types	-	-	source-only-dependency	-	verified	preserve-source-dependency	cpp:renderer/src/ore/metal/ore_context_metal.mm:15
1	4ac7b32798da0482e441ef09304dc3b480ed3ee5	renderer/src/ore/metal/ore_context_metal.mm	renderer/include/rive/renderer/metal/render_context_metal_impl.h	campaign-source	1	14	rive/renderer/metal/render_context_metal_impl.h	ore-context-render-pass	metal-render-context-api	-	-	source-only-dependency	unit-scc-01	verified	preserve-source-dependency	cpp:renderer/src/ore/metal/ore_context_metal.mm:14
1	4ac7b32798da0482e441ef09304dc3b480ed3ee5	renderer/src/ore/metal/ore_context_metal.mm	renderer/include/rive/renderer/ore/ore_context_metal.hpp	campaign-source	1	5	rive/renderer/ore/ore_context_metal.hpp	ore-context-render-pass	ore-context-render-pass	-	-	same-unit-source-dependency	unit-scc-01	verified	preserve-source-dependency	cpp:renderer/src/ore/metal/ore_context_metal.mm:5
1	4ac7b32798da0482e441ef09304dc3b480ed3ee5	renderer/src/ore/metal/ore_context_metal.mm	renderer/include/rive/renderer/render_canvas.hpp	campaign-source	1	13	rive/renderer/render_canvas.hpp	ore-context-render-pass	generic-render-canvas	-	-	source-only-dependency	-	verified	preserve-source-dependency	cpp:renderer/src/ore/metal/ore_context_metal.mm:13
1	4ac7b32798da0482e441ef09304dc3b480ed3ee5	renderer/src/ore/metal/ore_context_metal.mm	renderer/src/ore/metal/ore_bind_group_metal.hpp	campaign-source	1	6	ore_bind_group_metal.hpp	ore-context-render-pass	ore-bind-group	-	-	also-dispatch-prerequisite	unit-scc-01	verified	preserve-source-dependency	cpp:renderer/src/ore/metal/ore_context_metal.mm:6
1	4ac7b32798da0482e441ef09304dc3b480ed3ee5	renderer/src/ore/metal/ore_context_metal.mm	renderer/src/ore/metal/ore_buffer_metal.hpp	campaign-source	1	7	ore_buffer_metal.hpp	ore-context-render-pass	ore-buffer	-	-	also-dispatch-prerequisite	unit-scc-01	verified	preserve-source-dependency	cpp:renderer/src/ore/metal/ore_context_metal.mm:7
1	4ac7b32798da0482e441ef09304dc3b480ed3ee5	renderer/src/ore/metal/ore_context_metal.mm	renderer/src/ore/metal/ore_pipeline_metal.hpp	campaign-source	1	8	ore_pipeline_metal.hpp	ore-context-render-pass	ore-pipeline	-	-	also-dispatch-prerequisite	-	verified	preserve-source-dependency	cpp:renderer/src/ore/metal/ore_context_metal.mm:8
1	4ac7b32798da0482e441ef09304dc3b480ed3ee5	renderer/src/ore/metal/ore_context_metal.mm	renderer/src/ore/metal/ore_render_pass_metal.hpp	campaign-source	1	9	ore_render_pass_metal.hpp	ore-context-render-pass	ore-context-render-pass	-	-	same-unit-source-dependency	unit-scc-01	verified	preserve-source-dependency	cpp:renderer/src/ore/metal/ore_context_metal.mm:9
1	4ac7b32798da0482e441ef09304dc3b480ed3ee5	renderer/src/ore/metal/ore_context_metal.mm	renderer/src/ore/metal/ore_sampler_metal.hpp	campaign-source	1	10	ore_sampler_metal.hpp	ore-context-render-pass	ore-sampler	-	-	also-dispatch-prerequisite	-	verified	preserve-source-dependency	cpp:renderer/src/ore/metal/ore_context_metal.mm:10
1	4ac7b32798da0482e441ef09304dc3b480ed3ee5	renderer/src/ore/metal/ore_context_metal.mm	renderer/src/ore/metal/ore_shader_module_metal.hpp	campaign-source	1	11	ore_shader_module_metal.hpp	ore-context-render-pass	ore-shader-module	-	-	also-dispatch-prerequisite	-	verified	preserve-source-dependency	cpp:renderer/src/ore/metal/ore_context_metal.mm:11
1	4ac7b32798da0482e441ef09304dc3b480ed3ee5	renderer/src/ore/metal/ore_context_metal.mm	renderer/src/ore/metal/ore_texture_metal.hpp	campaign-source	1	12	ore_texture_metal.hpp	ore-context-render-pass	ore-texture	-	-	also-dispatch-prerequisite	-	verified	preserve-source-dependency	cpp:renderer/src/ore/metal/ore_context_metal.mm:12
1	4ac7b32798da0482e441ef09304dc3b480ed3ee5	renderer/src/ore/metal/ore_context_metal.mm	toolchain:Metal/Metal.h	toolchain-header	1	19	Metal/Metal.h	ore-context-render-pass	external	-	-	toolchain-boundary	-	verified	provided-by-toolchain	cpp:renderer/src/ore/metal/ore_context_metal.mm:19
1	4ac7b32798da0482e441ef09304dc3b480ed3ee5	renderer/src/ore/metal/ore_context_metal.mm	toolchain:string	toolchain-header	1	17	string	ore-context-render-pass	external	-	-	toolchain-boundary	-	verified	provided-by-toolchain	cpp:renderer/src/ore/metal/ore_context_metal.mm:17
1	4ac7b32798da0482e441ef09304dc3b480ed3ee5	renderer/src/ore/metal/ore_pipeline_metal.hpp	renderer/include/rive/renderer/ore/ore_pipeline.hpp	campaign-source	1	2	rive/renderer/ore/ore_pipeline.hpp	ore-pipeline	ore-pipeline	-	-	same-unit-source-dependency	-	verified	preserve-source-dependency	cpp:renderer/src/ore/metal/ore_pipeline_metal.hpp:2
1	4ac7b32798da0482e441ef09304dc3b480ed3ee5	renderer/src/ore/metal/ore_pipeline_metal.hpp	toolchain:Metal/Metal.h	toolchain-header	1	3	Metal/Metal.h	ore-pipeline	external	-	-	toolchain-boundary	-	verified	provided-by-toolchain	cpp:renderer/src/ore/metal/ore_pipeline_metal.hpp:3
1	4ac7b32798da0482e441ef09304dc3b480ed3ee5	renderer/src/ore/metal/ore_pipeline_metal.mm	renderer/src/ore/metal/ore_pipeline_metal.hpp	campaign-source	1	5	ore_pipeline_metal.hpp	ore-pipeline	ore-pipeline	-	-	same-unit-source-dependency	-	verified	preserve-source-dependency	cpp:renderer/src/ore/metal/ore_pipeline_metal.mm:5
1	4ac7b32798da0482e441ef09304dc3b480ed3ee5	renderer/src/ore/metal/ore_render_pass_metal.hpp	include/rive/refcnt.hpp	campaign-source	1	4	rive/refcnt.hpp	ore-context-render-pass	generic-refcnt	-	-	source-only-dependency	-	verified	preserve-source-dependency	cpp:renderer/src/ore/metal/ore_render_pass_metal.hpp:4
1	4ac7b32798da0482e441ef09304dc3b480ed3ee5	renderer/src/ore/metal/ore_render_pass_metal.hpp	renderer/include/rive/renderer/ore/ore_pipeline.hpp	campaign-source	1	3	rive/renderer/ore/ore_pipeline.hpp	ore-context-render-pass	ore-pipeline	-	-	also-dispatch-prerequisite	-	verified	preserve-source-dependency	cpp:renderer/src/ore/metal/ore_render_pass_metal.hpp:3
1	4ac7b32798da0482e441ef09304dc3b480ed3ee5	renderer/src/ore/metal/ore_render_pass_metal.hpp	renderer/include/rive/renderer/ore/ore_render_pass.hpp	campaign-source	1	2	rive/renderer/ore/ore_render_pass.hpp	ore-context-render-pass	ore-context-render-pass	-	-	same-unit-source-dependency	unit-scc-01	verified	preserve-source-dependency	cpp:renderer/src/ore/metal/ore_render_pass_metal.hpp:2
1	4ac7b32798da0482e441ef09304dc3b480ed3ee5	renderer/src/ore/metal/ore_render_pass_metal.hpp	toolchain:Metal/Metal.h	toolchain-header	1	6	Metal/Metal.h	ore-context-render-pass	external	-	-	toolchain-boundary	-	verified	provided-by-toolchain	cpp:renderer/src/ore/metal/ore_render_pass_metal.hpp:6
1	4ac7b32798da0482e441ef09304dc3b480ed3ee5	renderer/src/ore/metal/ore_render_pass_metal.mm	include/rive/rive_types.hpp	campaign-source	1	10	rive/rive_types.hpp	ore-context-render-pass	generic-rive-types	-	-	source-only-dependency	-	verified	preserve-source-dependency	cpp:renderer/src/ore/metal/ore_render_pass_metal.mm:10
1	4ac7b32798da0482e441ef09304dc3b480ed3ee5	renderer/src/ore/metal/ore_render_pass_metal.mm	renderer/include/rive/renderer/ore/ore_context_metal.hpp	campaign-source	1	9	rive/renderer/ore/ore_context_metal.hpp	ore-context-render-pass	ore-context-render-pass	-	-	same-unit-source-dependency	unit-scc-01	verified	preserve-source-dependency	cpp:renderer/src/ore/metal/ore_render_pass_metal.mm:9
1	4ac7b32798da0482e441ef09304dc3b480ed3ee5	renderer/src/ore/metal/ore_render_pass_metal.mm	renderer/src/ore/metal/ore_bind_group_metal.hpp	campaign-source	1	8	ore_bind_group_metal.hpp	ore-context-render-pass	ore-bind-group	-	-	also-dispatch-prerequisite	unit-scc-01	verified	preserve-source-dependency	cpp:renderer/src/ore/metal/ore_render_pass_metal.mm:8
1	4ac7b32798da0482e441ef09304dc3b480ed3ee5	renderer/src/ore/metal/ore_render_pass_metal.mm	renderer/src/ore/metal/ore_buffer_metal.hpp	campaign-source	1	6	ore_buffer_metal.hpp	ore-context-render-pass	ore-buffer	-	-	also-dispatch-prerequisite	unit-scc-01	verified	preserve-source-dependency	cpp:renderer/src/ore/metal/ore_render_pass_metal.mm:6
1	4ac7b32798da0482e441ef09304dc3b480ed3ee5	renderer/src/ore/metal/ore_render_pass_metal.mm	renderer/src/ore/metal/ore_pipeline_metal.hpp	campaign-source	1	7	ore_pipeline_metal.hpp	ore-context-render-pass	ore-pipeline	-	-	also-dispatch-prerequisite	-	verified	preserve-source-dependency	cpp:renderer/src/ore/metal/ore_render_pass_metal.mm:7
1	4ac7b32798da0482e441ef09304dc3b480ed3ee5	renderer/src/ore/metal/ore_render_pass_metal.mm	renderer/src/ore/metal/ore_render_pass_metal.hpp	campaign-source	1	5	ore_render_pass_metal.hpp	ore-context-render-pass	ore-context-render-pass	-	-	same-unit-source-dependency	unit-scc-01	verified	preserve-source-dependency	cpp:renderer/src/ore/metal/ore_render_pass_metal.mm:5
1	4ac7b32798da0482e441ef09304dc3b480ed3ee5	renderer/src/ore/metal/ore_render_pass_metal.mm	toolchain:Metal/Metal.h	toolchain-header	1	12	Metal/Metal.h	ore-context-render-pass	external	-	-	toolchain-boundary	-	verified	provided-by-toolchain	cpp:renderer/src/ore/metal/ore_render_pass_metal.mm:12
1	4ac7b32798da0482e441ef09304dc3b480ed3ee5	renderer/src/ore/metal/ore_sampler_metal.hpp	renderer/include/rive/renderer/ore/ore_sampler.hpp	campaign-source	1	2	rive/renderer/ore/ore_sampler.hpp	ore-sampler	ore-sampler	-	-	same-unit-source-dependency	-	verified	preserve-source-dependency	cpp:renderer/src/ore/metal/ore_sampler_metal.hpp:2
1	4ac7b32798da0482e441ef09304dc3b480ed3ee5	renderer/src/ore/metal/ore_sampler_metal.hpp	toolchain:Metal/Metal.h	toolchain-header	1	3	Metal/Metal.h	ore-sampler	external	-	-	toolchain-boundary	-	verified	provided-by-toolchain	cpp:renderer/src/ore/metal/ore_sampler_metal.hpp:3
1	4ac7b32798da0482e441ef09304dc3b480ed3ee5	renderer/src/ore/metal/ore_sampler_metal.mm	renderer/src/ore/metal/ore_sampler_metal.hpp	campaign-source	1	5	ore_sampler_metal.hpp	ore-sampler	ore-sampler	-	-	same-unit-source-dependency	-	verified	preserve-source-dependency	cpp:renderer/src/ore/metal/ore_sampler_metal.mm:5
1	4ac7b32798da0482e441ef09304dc3b480ed3ee5	renderer/src/ore/metal/ore_shader_module_metal.hpp	renderer/include/rive/renderer/ore/ore_shader_module.hpp	campaign-source	1	2	rive/renderer/ore/ore_shader_module.hpp	ore-shader-module	ore-shader-module	-	-	same-unit-source-dependency	-	verified	preserve-source-dependency	cpp:renderer/src/ore/metal/ore_shader_module_metal.hpp:2
1	4ac7b32798da0482e441ef09304dc3b480ed3ee5	renderer/src/ore/metal/ore_shader_module_metal.hpp	toolchain:Metal/Metal.h	toolchain-header	1	3	Metal/Metal.h	ore-shader-module	external	-	-	toolchain-boundary	-	verified	provided-by-toolchain	cpp:renderer/src/ore/metal/ore_shader_module_metal.hpp:3
1	4ac7b32798da0482e441ef09304dc3b480ed3ee5	renderer/src/ore/metal/ore_shader_module_metal.mm	renderer/src/ore/metal/ore_shader_module_metal.hpp	campaign-source	1	5	ore_shader_module_metal.hpp	ore-shader-module	ore-shader-module	-	-	same-unit-source-dependency	-	verified	preserve-source-dependency	cpp:renderer/src/ore/metal/ore_shader_module_metal.mm:5
1	4ac7b32798da0482e441ef09304dc3b480ed3ee5	renderer/src/ore/metal/ore_texture_metal.hpp	renderer/include/rive/renderer/ore/ore_texture.hpp	campaign-source	1	2	rive/renderer/ore/ore_texture.hpp	ore-texture	ore-texture	-	-	same-unit-source-dependency	-	verified	preserve-source-dependency	cpp:renderer/src/ore/metal/ore_texture_metal.hpp:2
1	4ac7b32798da0482e441ef09304dc3b480ed3ee5	renderer/src/ore/metal/ore_texture_metal.hpp	toolchain:Metal/Metal.h	toolchain-header	1	3	Metal/Metal.h	ore-texture	external	-	-	toolchain-boundary	-	verified	provided-by-toolchain	cpp:renderer/src/ore/metal/ore_texture_metal.hpp:3
1	4ac7b32798da0482e441ef09304dc3b480ed3ee5	renderer/src/ore/metal/ore_texture_metal.mm	include/rive/rive_types.hpp	campaign-source	1	6	rive/rive_types.hpp	ore-texture	generic-rive-types	-	-	source-only-dependency	-	verified	preserve-source-dependency	cpp:renderer/src/ore/metal/ore_texture_metal.mm:6
1	4ac7b32798da0482e441ef09304dc3b480ed3ee5	renderer/src/ore/metal/ore_texture_metal.mm	renderer/src/ore/metal/ore_texture_metal.hpp	campaign-source	1	5	ore_texture_metal.hpp	ore-texture	ore-texture	-	-	same-unit-source-dependency	-	verified	preserve-source-dependency	cpp:renderer/src/ore/metal/ore_texture_metal.mm:5
1	4ac7b32798da0482e441ef09304dc3b480ed3ee5	renderer/src/ore/metal/ore_texture_metal.mm	toolchain:Metal/Metal.h	toolchain-header	1	8	Metal/Metal.h	ore-texture	external	-	-	toolchain-boundary	-	verified	provided-by-toolchain	cpp:renderer/src/ore/metal/ore_texture_metal.mm:8
1	4ac7b32798da0482e441ef09304dc3b480ed3ee5	renderer/src/ore/ore_bind_group_layout.cpp	renderer/include/rive/renderer/ore/ore_bind_group_layout.hpp	campaign-source	1	5	rive/renderer/ore/ore_bind_group_layout.hpp	ore-bind-group-layout	ore-bind-group-layout	-	-	same-unit-source-dependency	-	verified	preserve-source-dependency	cpp:renderer/src/ore/ore_bind_group_layout.cpp:5
1	4ac7b32798da0482e441ef09304dc3b480ed3ee5	renderer/src/ore/ore_bind_group_layout.cpp	renderer/include/rive/renderer/ore/ore_binding_map.hpp	campaign-source	1	6	rive/renderer/ore/ore_binding_map.hpp	ore-bind-group-layout	ore-binding-map	-	-	also-dispatch-prerequisite	-	verified	preserve-source-dependency	cpp:renderer/src/ore/ore_bind_group_layout.cpp:6
1	4ac7b32798da0482e441ef09304dc3b480ed3ee5	renderer/src/ore/ore_bind_group_layout.cpp	toolchain:sstream	toolchain-header	1	8	sstream	ore-bind-group-layout	external	-	-	toolchain-boundary	-	verified	provided-by-toolchain	cpp:renderer/src/ore/ore_bind_group_layout.cpp:8
1	4ac7b32798da0482e441ef09304dc3b480ed3ee5	renderer/src/ore/ore_binding_map.cpp	renderer/include/rive/renderer/ore/ore_binding_map.hpp	campaign-source	1	5	rive/renderer/ore/ore_binding_map.hpp	ore-binding-map	ore-binding-map	-	-	same-unit-source-dependency	-	verified	preserve-source-dependency	cpp:renderer/src/ore/ore_binding_map.cpp:5
1	4ac7b32798da0482e441ef09304dc3b480ed3ee5	renderer/src/ore/ore_binding_map.cpp	toolchain:algorithm	toolchain-header	1	7	algorithm	ore-binding-map	external	-	-	toolchain-boundary	-	verified	provided-by-toolchain	cpp:renderer/src/ore/ore_binding_map.cpp:7
1	4ac7b32798da0482e441ef09304dc3b480ed3ee5	renderer/src/ore/ore_binding_map.cpp	toolchain:cstring	toolchain-header	1	8	cstring	ore-binding-map	external	-	-	toolchain-boundary	-	verified	provided-by-toolchain	cpp:renderer/src/ore/ore_binding_map.cpp:8
1	4ac7b32798da0482e441ef09304dc3b480ed3ee5	renderer/src/render_context.cpp	decoders/include/rive/decoders/bitmap_decoder.hpp	upstream-global-source	1	26	rive/decoders/bitmap_decoder.hpp	generic-render-context-implementation	existing-rust:crates/nuxie-image-codec/src/lib.rs	crates/nuxie-image-codec/src/lib.rs	rust:crates/nuxie-image-codec/src/lib.rs:1-1001	existing-rust-correspondence	-	verified	reuse-exact-existing-rust-correspondence	cpp:renderer/src/render_context.cpp:26
1	4ac7b32798da0482e441ef09304dc3b480ed3ee5	renderer/src/render_context.cpp	include/rive/decoders/decode_ktx2.hpp	upstream-global-source	1	30	rive/decoders/decode_ktx2.hpp	generic-render-context-implementation	existing-rust:crates/nuxie-image-codec/src/lib.rs	crates/nuxie-image-codec/src/lib.rs	rust:crates/nuxie-image-codec/src/lib.rs:1-1001	existing-rust-correspondence	-	verified	reuse-exact-existing-rust-correspondence	cpp:renderer/src/render_context.cpp:30
1	4ac7b32798da0482e441ef09304dc3b480ed3ee5	renderer/src/render_context.cpp	include/rive/gpu_texture_format.hpp	campaign-source	1	17	rive/gpu_texture_format.hpp	generic-render-context-implementation	generic-gpu-texture-format	-	-	also-dispatch-prerequisite	-	verified	preserve-source-dependency	cpp:renderer/src/render_context.cpp:17
1	4ac7b32798da0482e441ef09304dc3b480ed3ee5	renderer/src/render_context.cpp	include/rive/profiler/profiler_macros.h	upstream-global-source	1	19	rive/profiler/profiler_macros.h	generic-render-context-implementation	existing-rust:crates/nuxie-renderer/src/lib.rs	crates/nuxie-renderer/src/lib.rs	rust:crates/nuxie-renderer/src/lib.rs:1-26858	existing-rust-correspondence	-	verified	reuse-exact-existing-rust-correspondence	cpp:renderer/src/render_context.cpp:19
1	4ac7b32798da0482e441ef09304dc3b480ed3ee5	renderer/src/render_context.cpp	renderer/include/rive/renderer/draw.hpp	campaign-source	1	11	rive/renderer/draw.hpp	generic-render-context-implementation	generic-render-context-implementation	-	-	same-unit-source-dependency	unit-scc-01	verified	preserve-source-dependency	cpp:renderer/src/render_context.cpp:11
1	4ac7b32798da0482e441ef09304dc3b480ed3ee5	renderer/src/render_context.cpp	renderer/include/rive/renderer/render_canvas.hpp	campaign-source	1	13	rive/renderer/render_canvas.hpp	generic-render-context-implementation	generic-render-canvas	-	-	also-dispatch-prerequisite	-	verified	preserve-source-dependency	cpp:renderer/src/render_context.cpp:13
1	4ac7b32798da0482e441ef09304dc3b480ed3ee5	renderer/src/render_context.cpp	renderer/include/rive/renderer/render_context.hpp	campaign-source	1	5	rive/renderer/render_context.hpp	generic-render-context-implementation	generic-render-context-contract	-	-	also-dispatch-prerequisite	unit-scc-01	verified	preserve-source-dependency	cpp:renderer/src/render_context.cpp:5
1	4ac7b32798da0482e441ef09304dc3b480ed3ee5	renderer/src/render_context.cpp	renderer/include/rive/renderer/render_context_impl.hpp	campaign-source	1	16	rive/renderer/render_context_impl.hpp	generic-render-context-implementation	generic-render-context-impl-contract	-	-	also-dispatch-prerequisite	unit-scc-01	verified	preserve-source-dependency	cpp:renderer/src/render_context.cpp:16
1	4ac7b32798da0482e441ef09304dc3b480ed3ee5	renderer/src/render_context.cpp	renderer/include/rive/renderer/rive_render_image.hpp	campaign-source	1	15	rive/renderer/rive_render_image.hpp	generic-render-context-implementation	generic-texture-image	-	-	also-dispatch-prerequisite	-	verified	preserve-source-dependency	cpp:renderer/src/render_context.cpp:15
1	4ac7b32798da0482e441ef09304dc3b480ed3ee5	renderer/src/render_context.cpp	renderer/include/rive/renderer/stack_vector.hpp	upstream-global-source	1	18	rive/renderer/stack_vector.hpp	generic-render-context-implementation	existing-rust:crates/nuxie-renderer/src/logical_frame.rs	crates/nuxie-renderer/src/logical_frame.rs	rust:crates/nuxie-renderer/src/logical_frame.rs:1-4904	existing-rust-correspondence	-	verified	reuse-exact-existing-rust-correspondence	cpp:renderer/src/render_context.cpp:18
1	4ac7b32798da0482e441ef09304dc3b480ed3ee5	renderer/src/render_context.cpp	renderer/src/gr_inner_fan_triangulator.hpp	upstream-global-source	1	7	gr_inner_fan_triangulator.hpp	generic-render-context-implementation	existing-rust:crates/nuxie-renderer/src/gr_triangulator.rs	crates/nuxie-renderer/src/gr_triangulator.rs	rust:crates/nuxie-renderer/src/gr_triangulator.rs:1-2591	existing-rust-correspondence	-	verified	reuse-exact-existing-rust-correspondence	cpp:renderer/src/render_context.cpp:7
1	4ac7b32798da0482e441ef09304dc3b480ed3ee5	renderer/src/render_context.cpp	renderer/src/gradient.hpp	campaign-source	1	9	gradient.hpp	generic-render-context-implementation	generic-gradient	-	-	source-only-dependency	-	verified	preserve-source-dependency	cpp:renderer/src/render_context.cpp:9
1	4ac7b32798da0482e441ef09304dc3b480ed3ee5	renderer/src/render_context.cpp	renderer/src/intersection_board.hpp	upstream-global-source	1	8	intersection_board.hpp	generic-render-context-implementation	existing-rust:crates/nuxie-renderer/src/intersection_board.rs	crates/nuxie-renderer/src/intersection_board.rs	rust:crates/nuxie-renderer/src/intersection_board.rs:1-1216	existing-rust-correspondence	-	verified	reuse-exact-existing-rust-correspondence	cpp:renderer/src/render_context.cpp:8
1	4ac7b32798da0482e441ef09304dc3b480ed3ee5	renderer/src/render_context.cpp	renderer/src/rive_render_paint.hpp	campaign-source	1	10	rive_render_paint.hpp	generic-render-context-implementation	generic-rive-render-paint	-	-	source-only-dependency	-	verified	preserve-source-dependency	cpp:renderer/src/render_context.cpp:10
1	4ac7b32798da0482e441ef09304dc3b480ed3ee5	renderer/src/render_context.cpp	renderer/src/shaders/constants.glsl	campaign-source	1	21	shaders/constants.glsl	generic-render-context-implementation	metal-shader-source-batch	-	-	source-only-dependency	-	verified	preserve-source-dependency	cpp:renderer/src/render_context.cpp:21
1	4ac7b32798da0482e441ef09304dc3b480ed3ee5	renderer/src/render_context.cpp	renderer/src/sort_key_builder.hpp	upstream-global-source	1	33	sort_key_builder.hpp	generic-render-context-implementation	existing-rust:crates/nuxie-renderer/src/logical_frame.rs	crates/nuxie-renderer/src/logical_frame.rs	rust:crates/nuxie-renderer/src/logical_frame.rs:1-4904	existing-rust-correspondence	-	verified	reuse-exact-existing-rust-correspondence	cpp:renderer/src/render_context.cpp:33
1	4ac7b32798da0482e441ef09304dc3b480ed3ee5	renderer/src/render_context.cpp	toolchain:string_view	toolchain-header	1	23	string_view	generic-render-context-implementation	external	-	-	toolchain-boundary	-	verified	provided-by-toolchain	cpp:renderer/src/render_context.cpp:23
1	4ac7b32798da0482e441ef09304dc3b480ed3ee5	renderer/src/render_context_helper_impl.cpp	decoders/include/rive/decoders/bitmap_decoder.hpp	upstream-global-source	1	11	rive/decoders/bitmap_decoder.hpp	generic-render-context-helper	existing-rust:crates/nuxie-image-codec/src/lib.rs	crates/nuxie-image-codec/src/lib.rs	rust:crates/nuxie-image-codec/src/lib.rs:1-1001	existing-rust-correspondence	-	verified	reuse-exact-existing-rust-correspondence	cpp:renderer/src/render_context_helper_impl.cpp:11
1	4ac7b32798da0482e441ef09304dc3b480ed3ee5	renderer/src/render_context_helper_impl.cpp	renderer/include/rive/renderer/render_context_helper_impl.hpp	campaign-source	1	5	rive/renderer/render_context_helper_impl.hpp	generic-render-context-helper	generic-render-context-helper	-	-	same-unit-source-dependency	unit-scc-01	verified	preserve-source-dependency	cpp:renderer/src/render_context_helper_impl.cpp:5
1	4ac7b32798da0482e441ef09304dc3b480ed3ee5	renderer/src/render_context_helper_impl.cpp	renderer/include/rive/renderer/rive_render_image.hpp	campaign-source	1	7	rive/renderer/rive_render_image.hpp	generic-render-context-helper	generic-texture-image	-	-	also-dispatch-prerequisite	-	verified	preserve-source-dependency	cpp:renderer/src/render_context_helper_impl.cpp:7
1	4ac7b32798da0482e441ef09304dc3b480ed3ee5	renderer/src/render_context_helper_impl.cpp	renderer/src/shaders/constants.glsl	campaign-source	1	8	shaders/constants.glsl	generic-render-context-helper	metal-shader-source-batch	-	-	source-only-dependency	-	verified	preserve-source-dependency	cpp:renderer/src/render_context_helper_impl.cpp:8
1	4ac7b32798da0482e441ef09304dc3b480ed3ee5	renderer/src/rive_render_factory.cpp	renderer/include/rive/renderer/rive_render_factory.hpp	campaign-source	1	5	rive/renderer/rive_render_factory.hpp	generic-rive-render-factory	generic-rive-render-factory	-	-	same-unit-source-dependency	unit-scc-01	verified	preserve-source-dependency	cpp:renderer/src/rive_render_factory.cpp:5
1	4ac7b32798da0482e441ef09304dc3b480ed3ee5	renderer/src/rive_render_factory.cpp	renderer/include/rive/renderer/rive_renderer.hpp	campaign-source	1	9	rive/renderer/rive_renderer.hpp	generic-rive-render-factory	generic-rive-renderer	-	-	also-dispatch-prerequisite	unit-scc-01	verified	preserve-source-dependency	cpp:renderer/src/rive_render_factory.cpp:9
1	4ac7b32798da0482e441ef09304dc3b480ed3ee5	renderer/src/rive_render_factory.cpp	renderer/src/gradient.hpp	campaign-source	1	6	gradient.hpp	generic-rive-render-factory	generic-gradient	-	-	also-dispatch-prerequisite	-	verified	preserve-source-dependency	cpp:renderer/src/rive_render_factory.cpp:6
1	4ac7b32798da0482e441ef09304dc3b480ed3ee5	renderer/src/rive_render_factory.cpp	renderer/src/rive_render_paint.hpp	campaign-source	1	7	rive_render_paint.hpp	generic-rive-render-factory	generic-rive-render-paint	-	-	also-dispatch-prerequisite	-	verified	preserve-source-dependency	cpp:renderer/src/rive_render_factory.cpp:7
1	4ac7b32798da0482e441ef09304dc3b480ed3ee5	renderer/src/rive_render_factory.cpp	renderer/src/rive_render_path.hpp	campaign-source	1	8	rive_render_path.hpp	generic-rive-render-factory	generic-rive-render-path	-	-	also-dispatch-prerequisite	-	verified	preserve-source-dependency	cpp:renderer/src/rive_render_factory.cpp:8
1	4ac7b32798da0482e441ef09304dc3b480ed3ee5	renderer/src/rive_render_image.cpp	renderer/include/rive/renderer/rive_render_image.hpp	campaign-source	1	5	rive/renderer/rive_render_image.hpp	generic-texture-image	generic-texture-image	-	-	same-unit-source-dependency	-	verified	preserve-source-dependency	cpp:renderer/src/rive_render_image.cpp:5
1	4ac7b32798da0482e441ef09304dc3b480ed3ee5	renderer/src/rive_render_paint.cpp	renderer/src/gradient.hpp	campaign-source	1	6	gradient.hpp	generic-rive-render-paint	generic-gradient	-	-	source-only-dependency	-	verified	preserve-source-dependency	cpp:renderer/src/rive_render_paint.cpp:6
1	4ac7b32798da0482e441ef09304dc3b480ed3ee5	renderer/src/rive_render_paint.cpp	renderer/src/rive_render_paint.hpp	campaign-source	1	5	rive_render_paint.hpp	generic-rive-render-paint	generic-rive-render-paint	-	-	same-unit-source-dependency	-	verified	preserve-source-dependency	cpp:renderer/src/rive_render_paint.cpp:5
1	4ac7b32798da0482e441ef09304dc3b480ed3ee5	renderer/src/rive_render_paint.hpp	include/rive/renderer.hpp	campaign-source	1	7	rive/renderer.hpp	generic-rive-render-paint	generic-renderer-contract	-	-	also-dispatch-prerequisite	-	verified	preserve-source-dependency	cpp:renderer/src/rive_render_paint.hpp:7
1	4ac7b32798da0482e441ef09304dc3b480ed3ee5	renderer/src/rive_render_paint.hpp	renderer/include/rive/renderer/gpu.hpp	campaign-source	1	8	rive/renderer/gpu.hpp	generic-rive-render-paint	generic-gpu-contract	-	-	also-dispatch-prerequisite	-	verified	preserve-source-dependency	cpp:renderer/src/rive_render_paint.hpp:8
1	4ac7b32798da0482e441ef09304dc3b480ed3ee5	renderer/src/rive_render_paint.hpp	renderer/include/rive/renderer/texture.hpp	campaign-source	1	9	rive/renderer/texture.hpp	generic-rive-render-paint	generic-texture-image	-	-	also-dispatch-prerequisite	-	verified	preserve-source-dependency	cpp:renderer/src/rive_render_paint.hpp:9
1	4ac7b32798da0482e441ef09304dc3b480ed3ee5	renderer/src/rive_render_path.cpp	include/rive/math/bezier_utils.hpp	upstream-global-source	1	7	rive/math/bezier_utils.hpp	generic-rive-render-path	existing-rust:crates/nuxie-renderer/src/draw.rs	crates/nuxie-renderer/src/draw.rs	rust:crates/nuxie-renderer/src/draw.rs:1-4182	existing-rust-correspondence	-	verified	reuse-exact-existing-rust-correspondence	cpp:renderer/src/rive_render_path.cpp:7
1	4ac7b32798da0482e441ef09304dc3b480ed3ee5	renderer/src/rive_render_path.cpp	include/rive/math/simd.hpp	upstream-global-source	1	8	rive/math/simd.hpp	generic-rive-render-path	existing-rust:crates/nuxie-renderer/src/gpu.rs	crates/nuxie-renderer/src/gpu.rs	rust:crates/nuxie-renderer/src/gpu.rs:1-1072	existing-rust-correspondence	-	verified	reuse-exact-existing-rust-correspondence	cpp:renderer/src/rive_render_path.cpp:8
1	4ac7b32798da0482e441ef09304dc3b480ed3ee5	renderer/src/rive_render_path.cpp	include/rive/profiler/profiler_macros.h	upstream-global-source	1	10	rive/profiler/profiler_macros.h	generic-rive-render-path	existing-rust:crates/nuxie-renderer/src/lib.rs	crates/nuxie-renderer/src/lib.rs	rust:crates/nuxie-renderer/src/lib.rs:1-26858	existing-rust-correspondence	-	verified	reuse-exact-existing-rust-correspondence	cpp:renderer/src/rive_render_path.cpp:10
1	4ac7b32798da0482e441ef09304dc3b480ed3ee5	renderer/src/rive_render_path.cpp	renderer/include/rive/renderer/gpu.hpp	campaign-source	1	9	rive/renderer/gpu.hpp	generic-rive-render-path	generic-gpu-contract	-	-	also-dispatch-prerequisite	-	verified	preserve-source-dependency	cpp:renderer/src/rive_render_path.cpp:9
1	4ac7b32798da0482e441ef09304dc3b480ed3ee5	renderer/src/rive_render_path.cpp	renderer/src/rive_render_path.hpp	campaign-source	1	5	rive_render_path.hpp	generic-rive-render-path	generic-rive-render-path	-	-	same-unit-source-dependency	-	verified	preserve-source-dependency	cpp:renderer/src/rive_render_path.cpp:5
1	4ac7b32798da0482e441ef09304dc3b480ed3ee5	renderer/src/rive_render_path.cpp	renderer/src/shaders/constants.glsl	campaign-source	1	11	shaders/constants.glsl	generic-rive-render-path	metal-shader-source-batch	-	-	also-dispatch-prerequisite	-	verified	preserve-source-dependency	cpp:renderer/src/rive_render_path.cpp:11
1	4ac7b32798da0482e441ef09304dc3b480ed3ee5	renderer/src/rive_render_path.hpp	include/rive/math/raw_path.hpp	upstream-global-source	1	7	rive/math/raw_path.hpp	generic-rive-render-path	existing-rust:crates/nuxie-render-api/src/lib.rs	crates/nuxie-render-api/src/lib.rs	rust:crates/nuxie-render-api/src/lib.rs:1-4934	existing-rust-correspondence	-	verified	reuse-exact-existing-rust-correspondence	cpp:renderer/src/rive_render_path.hpp:7
1	4ac7b32798da0482e441ef09304dc3b480ed3ee5	renderer/src/rive_render_path.hpp	include/rive/renderer.hpp	campaign-source	1	8	rive/renderer.hpp	generic-rive-render-path	generic-renderer-contract	-	-	also-dispatch-prerequisite	-	verified	preserve-source-dependency	cpp:renderer/src/rive_render_path.hpp:8
1	4ac7b32798da0482e441ef09304dc3b480ed3ee5	renderer/src/rive_renderer.cpp	include/rive/math/math_types.hpp	upstream-global-source	1	9	rive/math/math_types.hpp	generic-rive-renderer	existing-rust:crates/nuxie-render-api/src/lib.rs	crates/nuxie-render-api/src/lib.rs	rust:crates/nuxie-render-api/src/lib.rs:1-4934	existing-rust-correspondence	-	verified	reuse-exact-existing-rust-correspondence	cpp:renderer/src/rive_renderer.cpp:9
1	4ac7b32798da0482e441ef09304dc3b480ed3ee5	renderer/src/rive_renderer.cpp	include/rive/math/simd.hpp	upstream-global-source	1	10	rive/math/simd.hpp	generic-rive-renderer	existing-rust:crates/nuxie-renderer/src/gpu.rs	crates/nuxie-renderer/src/gpu.rs	rust:crates/nuxie-renderer/src/gpu.rs:1-1072	existing-rust-correspondence	-	verified	reuse-exact-existing-rust-correspondence	cpp:renderer/src/rive_renderer.cpp:10
1	4ac7b32798da0482e441ef09304dc3b480ed3ee5	renderer/src/rive_renderer.cpp	include/rive/profiler/profiler_macros.h	upstream-global-source	1	12	rive/profiler/profiler_macros.h	generic-rive-renderer	existing-rust:crates/nuxie-renderer/src/lib.rs	crates/nuxie-renderer/src/lib.rs	rust:crates/nuxie-renderer/src/lib.rs:1-26858	existing-rust-correspondence	-	verified	reuse-exact-existing-rust-correspondence	cpp:renderer/src/rive_renderer.cpp:12
1	4ac7b32798da0482e441ef09304dc3b480ed3ee5	renderer/src/rive_renderer.cpp	renderer/include/rive/renderer/rive_render_image.hpp	campaign-source	1	11	rive/renderer/rive_render_image.hpp	generic-rive-renderer	generic-texture-image	-	-	also-dispatch-prerequisite	-	verified	preserve-source-dependency	cpp:renderer/src/rive_renderer.cpp:11
1	4ac7b32798da0482e441ef09304dc3b480ed3ee5	renderer/src/rive_renderer.cpp	renderer/include/rive/renderer/rive_renderer.hpp	campaign-source	1	5	rive/renderer/rive_renderer.hpp	generic-rive-renderer	generic-rive-renderer	-	-	same-unit-source-dependency	unit-scc-01	verified	preserve-source-dependency	cpp:renderer/src/rive_renderer.cpp:5
1	4ac7b32798da0482e441ef09304dc3b480ed3ee5	renderer/src/rive_renderer.cpp	renderer/src/rive_render_paint.hpp	campaign-source	1	7	rive_render_paint.hpp	generic-rive-renderer	generic-rive-render-paint	-	-	also-dispatch-prerequisite	-	verified	preserve-source-dependency	cpp:renderer/src/rive_renderer.cpp:7
1	4ac7b32798da0482e441ef09304dc3b480ed3ee5	renderer/src/rive_renderer.cpp	renderer/src/rive_render_path.hpp	campaign-source	1	8	rive_render_path.hpp	generic-rive-renderer	generic-rive-render-path	-	-	also-dispatch-prerequisite	-	verified	preserve-source-dependency	cpp:renderer/src/rive_renderer.cpp:8
1	4ac7b32798da0482e441ef09304dc3b480ed3ee5	renderer/src/shaders/metal/color_ramp.metal	renderer/src/shaders/color_ramp.glsl	generated-shader-source	1	11	color_ramp.minified.glsl	metal-shader-source-batch	metal-shader-source-batch	-	-	same-unit-source-dependency	-	verified	preserve-source-dependency	cpp:renderer/src/shaders/metal/color_ramp.metal:11
1	4ac7b32798da0482e441ef09304dc3b480ed3ee5	renderer/src/shaders/metal/color_ramp.metal	renderer/src/shaders/common.glsl	generated-shader-source	1	10	common.minified.glsl	metal-shader-source-batch	metal-shader-source-batch	-	-	same-unit-source-dependency	-	verified	preserve-source-dependency	cpp:renderer/src/shaders/metal/color_ramp.metal:10
1	4ac7b32798da0482e441ef09304dc3b480ed3ee5	renderer/src/shaders/metal/color_ramp.metal	renderer/src/shaders/constants.glsl	generated-shader-source	1	7	constants.minified.glsl	metal-shader-source-batch	metal-shader-source-batch	-	-	same-unit-source-dependency	-	verified	preserve-source-dependency	cpp:renderer/src/shaders/metal/color_ramp.metal:7
1	4ac7b32798da0482e441ef09304dc3b480ed3ee5	renderer/src/shaders/metal/color_ramp.metal	renderer/src/shaders/flush_uniforms.glsl	generated-shader-source	1	9	flush_uniforms.minified.glsl	metal-shader-source-batch	metal-shader-source-batch	-	-	same-unit-source-dependency	-	verified	preserve-source-dependency	cpp:renderer/src/shaders/metal/color_ramp.metal:9
1	4ac7b32798da0482e441ef09304dc3b480ed3ee5	renderer/src/shaders/metal/color_ramp.metal	renderer/src/shaders/metal.glsl	generated-shader-source	1	6	metal.minified.glsl	metal-shader-source-batch	metal-shader-source-batch	-	-	same-unit-source-dependency	-	verified	preserve-source-dependency	cpp:renderer/src/shaders/metal/color_ramp.metal:6
1	4ac7b32798da0482e441ef09304dc3b480ed3ee5	renderer/src/shaders/metal/color_ramp.metal	toolchain:metal_stdlib	toolchain-header	1	1	metal_stdlib	metal-shader-source-batch	external	-	-	toolchain-boundary	-	verified	provided-by-toolchain	cpp:renderer/src/shaders/metal/color_ramp.metal:1
1	4ac7b32798da0482e441ef09304dc3b480ed3ee5	renderer/src/shaders/metal/draw.metal	renderer/src/shaders/advanced_blend.glsl	generated-shader-source	1	36	advanced_blend.minified.glsl	metal-shader-source-batch	metal-shader-source-batch	-	-	same-unit-source-dependency	-	verified	preserve-source-dependency	cpp:renderer/src/shaders/metal/draw.metal:36
1	4ac7b32798da0482e441ef09304dc3b480ed3ee5	renderer/src/shaders/metal/draw.metal	renderer/src/shaders/common.glsl	generated-shader-source	1	14	common.minified.glsl	metal-shader-source-batch	metal-shader-source-batch	-	-	same-unit-source-dependency	-	verified	preserve-source-dependency	cpp:renderer/src/shaders/metal/draw.metal:14
1	4ac7b32798da0482e441ef09304dc3b480ed3ee5	renderer/src/shaders/metal/draw.metal	renderer/src/shaders/constants.glsl	generated-shader-source	1	10	constants.minified.glsl	metal-shader-source-batch	metal-shader-source-batch	-	-	same-unit-source-dependency	-	verified	preserve-source-dependency	cpp:renderer/src/shaders/metal/draw.metal:10
1	4ac7b32798da0482e441ef09304dc3b480ed3ee5	renderer/src/shaders/metal/draw.metal	renderer/src/shaders/draw_path_common.glsl	generated-shader-source	1	20	draw_path_common.minified.glsl	metal-shader-source-batch	metal-shader-source-batch	-	-	same-unit-source-dependency	-	verified	preserve-source-dependency	cpp:renderer/src/shaders/metal/draw.metal:20
1	4ac7b32798da0482e441ef09304dc3b480ed3ee5	renderer/src/shaders/metal/draw.metal	renderer/src/shaders/flush_uniforms.glsl	generated-shader-source	1	13	flush_uniforms.minified.glsl	metal-shader-source-batch	metal-shader-source-batch	-	-	same-unit-source-dependency	-	verified	preserve-source-dependency	cpp:renderer/src/shaders/metal/draw.metal:13
1	4ac7b32798da0482e441ef09304dc3b480ed3ee5	renderer/src/shaders/metal/draw.metal	renderer/src/shaders/metal.glsl	generated-shader-source	1	9	metal.minified.glsl	metal-shader-source-batch	metal-shader-source-batch	-	-	same-unit-source-dependency	-	verified	preserve-source-dependency	cpp:renderer/src/shaders/metal/draw.metal:9
1	4ac7b32798da0482e441ef09304dc3b480ed3ee5	renderer/src/shaders/metal/draw.metal	renderer/src/shaders/metal/generate_draw_combinations.py	generated-shader-source	1	42	draw_combinations.metal	metal-shader-source-batch	metal-shader-source-batch	-	-	same-unit-source-dependency	-	verified	preserve-source-dependency	cpp:renderer/src/shaders/metal/draw.metal:42
1	4ac7b32798da0482e441ef09304dc3b480ed3ee5	renderer/src/shaders/metal/draw.metal	renderer/src/shaders/render_atlas.glsl	generated-shader-source	1	24	render_atlas.minified.glsl	metal-shader-source-batch	metal-shader-source-batch	-	-	same-unit-source-dependency	-	verified	preserve-source-dependency	cpp:renderer/src/shaders/metal/draw.metal:24
1	4ac7b32798da0482e441ef09304dc3b480ed3ee5	renderer/src/shaders/metal/draw.metal	toolchain:metal_stdlib	toolchain-header	1	1	metal_stdlib	metal-shader-source-batch	external	-	-	toolchain-boundary	-	verified	provided-by-toolchain	cpp:renderer/src/shaders/metal/draw.metal:1
1	4ac7b32798da0482e441ef09304dc3b480ed3ee5	renderer/src/shaders/metal/tessellate.metal	renderer/src/shaders/bezier_utils.glsl	generated-shader-source	1	11	bezier_utils.minified.glsl	metal-shader-source-batch	metal-shader-source-batch	-	-	same-unit-source-dependency	-	verified	preserve-source-dependency	cpp:renderer/src/shaders/metal/tessellate.metal:11
1	4ac7b32798da0482e441ef09304dc3b480ed3ee5	renderer/src/shaders/metal/tessellate.metal	renderer/src/shaders/common.glsl	generated-shader-source	1	10	common.minified.glsl	metal-shader-source-batch	metal-shader-source-batch	-	-	same-unit-source-dependency	-	verified	preserve-source-dependency	cpp:renderer/src/shaders/metal/tessellate.metal:10
1	4ac7b32798da0482e441ef09304dc3b480ed3ee5	renderer/src/shaders/metal/tessellate.metal	renderer/src/shaders/constants.glsl	generated-shader-source	1	7	constants.minified.glsl	metal-shader-source-batch	metal-shader-source-batch	-	-	same-unit-source-dependency	-	verified	preserve-source-dependency	cpp:renderer/src/shaders/metal/tessellate.metal:7
1	4ac7b32798da0482e441ef09304dc3b480ed3ee5	renderer/src/shaders/metal/tessellate.metal	renderer/src/shaders/flush_uniforms.glsl	generated-shader-source	1	9	flush_uniforms.minified.glsl	metal-shader-source-batch	metal-shader-source-batch	-	-	same-unit-source-dependency	-	verified	preserve-source-dependency	cpp:renderer/src/shaders/metal/tessellate.metal:9
1	4ac7b32798da0482e441ef09304dc3b480ed3ee5	renderer/src/shaders/metal/tessellate.metal	renderer/src/shaders/metal.glsl	generated-shader-source	1	6	metal.minified.glsl	metal-shader-source-batch	metal-shader-source-batch	-	-	same-unit-source-dependency	-	verified	preserve-source-dependency	cpp:renderer/src/shaders/metal/tessellate.metal:6
1	4ac7b32798da0482e441ef09304dc3b480ed3ee5	renderer/src/shaders/metal/tessellate.metal	renderer/src/shaders/tessellate.glsl	generated-shader-source	1	12	tessellate.minified.glsl	metal-shader-source-batch	metal-shader-source-batch	-	-	same-unit-source-dependency	-	verified	preserve-source-dependency	cpp:renderer/src/shaders/metal/tessellate.metal:12
1	4ac7b32798da0482e441ef09304dc3b480ed3ee5	renderer/src/shaders/metal/tessellate.metal	toolchain:metal_stdlib	toolchain-header	1	1	metal_stdlib	metal-shader-source-batch	external	-	-	toolchain-boundary	-	verified	provided-by-toolchain	cpp:renderer/src/shaders/metal/tessellate.metal:1
1	4ac7b32798da0482e441ef09304dc3b480ed3ee5	src/renderer.cpp	include/rive/math/mat2d.hpp	upstream-global-source	1	1	rive/math/mat2d.hpp	generic-renderer-implementation	existing-rust:crates/nuxie-render-api/src/lib.rs	crates/nuxie-render-api/src/lib.rs	rust:crates/nuxie-render-api/src/lib.rs:1-4934	existing-rust-correspondence	-	verified	reuse-exact-existing-rust-correspondence	cpp:src/renderer.cpp:1
1	4ac7b32798da0482e441ef09304dc3b480ed3ee5	src/renderer.cpp	include/rive/renderer.hpp	campaign-source	1	2	rive/renderer.hpp	generic-renderer-implementation	generic-renderer-contract	-	-	also-dispatch-prerequisite	-	verified	preserve-source-dependency	cpp:src/renderer.cpp:2
1	4ac7b32798da0482e441ef09304dc3b480ed3ee5	src/renderer.cpp	include/rive/text_engine.hpp	upstream-global-source	1	3	rive/text_engine.hpp	generic-renderer-implementation	existing-rust:crates/nuxie-runtime/src/text.rs	crates/nuxie-runtime/src/text.rs	rust:crates/nuxie-runtime/src/text.rs:1-6377	existing-rust-correspondence	-	verified	reuse-exact-existing-rust-correspondence	cpp:src/renderer.cpp:3
